{
 "type": "FeatureCollection",
 "metadata": {
  "title": "東京都内(15区)の区立小中学校一覧",
  "source": "各区(自治体標準データセット等)、東京都オープンデータカタログサイト経由",
  "license": "CC BY 4.0",
  "license_url": "https://creativecommons.org/licenses/by/4.0/deed.ja",
  "ward_counts": {
   "千代田区": 10,
   "中央区": 20,
   "新宿区": 39,
   "台東区": 26,
   "墨田区": 39,
   "江東区": 68,
   "品川区": 40,
   "世田谷区": 91,
   "練馬区": 98,
   "板橋区": 73,
   "荒川区": 34,
   "葛飾区": 72,
   "中野区": 29,
   "北区": 47,
   "大田区": 87
  },
  "total": 773
 },
 "features": [
  {
   "type": "Feature",
   "geometry": {
    "type": "Point",
    "coordinates": [
     139.739761,
     35.685356
    ]
   },
   "properties": {
    "name": "麹町小学校",
    "type": "小学校",
    "ward": "千代田区",
    "address": "麹町2丁目8番地",
    "postal_code": "1020083"
   }
  },
  {
   "type": "Feature",
   "geometry": {
    "type": "Point",
    "coordinates": [
     139.740402,
     35.690456
    ]
   },
   "properties": {
    "name": "九段小学校",
    "type": "小学校",
    "ward": "千代田区",
    "address": "三番町16番地",
    "postal_code": "1020075"
   }
  },
  {
   "type": "Feature",
   "geometry": {
    "type": "Point",
    "coordinates": [
     139.732788,
     35.687614
    ]
   },
   "properties": {
    "name": "番町小学校",
    "type": "小学校",
    "ward": "千代田区",
    "address": "六番町8番地",
    "postal_code": "1020085"
   }
  },
  {
   "type": "Feature",
   "geometry": {
    "type": "Point",
    "coordinates": [
     139.746658,
     35.697475
    ]
   },
   "properties": {
    "name": "富士見小学校",
    "type": "小学校",
    "ward": "千代田区",
    "address": "富士見1丁目10番3号",
    "postal_code": "1020071"
   }
  },
  {
   "type": "Feature",
   "geometry": {
    "type": "Point",
    "coordinates": [
     139.760391,
     35.697388
    ]
   },
   "properties": {
    "name": "お茶の水小学校",
    "type": "小学校",
    "ward": "千代田区",
    "address": "神田猿楽町1丁目1番1号",
    "postal_code": "1010064"
   }
  },
  {
   "type": "Feature",
   "geometry": {
    "type": "Point",
    "coordinates": [
     139.768494,
     35.693047
    ]
   },
   "properties": {
    "name": "千代田小学校",
    "type": "小学校",
    "ward": "千代田区",
    "address": "神田司町2丁目16番地",
    "postal_code": "1010048"
   }
  },
  {
   "type": "Feature",
   "geometry": {
    "type": "Point",
    "coordinates": [
     139.769836,
     35.701454
    ]
   },
   "properties": {
    "name": "昌平小学校",
    "type": "小学校",
    "ward": "千代田区",
    "address": "外神田3丁目4番7号",
    "postal_code": "1010021"
   }
  },
  {
   "type": "Feature",
   "geometry": {
    "type": "Point",
    "coordinates": [
     139.77597,
     35.699192
    ]
   },
   "properties": {
    "name": "和泉小学校",
    "type": "小学校",
    "ward": "千代田区",
    "address": "神田和泉町1番地",
    "postal_code": "1010024"
   }
  },
  {
   "type": "Feature",
   "geometry": {
    "type": "Point",
    "coordinates": [
     139.739044,
     35.680115
    ]
   },
   "properties": {
    "name": "麹町中学校",
    "type": "中学校",
    "ward": "千代田区",
    "address": "平河町2丁目5番1号",
    "postal_code": "1020093"
   }
  },
  {
   "type": "Feature",
   "geometry": {
    "type": "Point",
    "coordinates": [
     139.756546,
     35.694248
    ]
   },
   "properties": {
    "name": "神田一橋中学校",
    "type": "中学校",
    "ward": "千代田区",
    "address": "一ツ橋2丁目6番14号",
    "postal_code": "1010003"
   }
  },
  {
   "type": "Feature",
   "geometry": {
    "type": "Point",
    "coordinates": [
     139.769114,
     35.679059
    ]
   },
   "properties": {
    "name": "城東",
    "type": "小学校",
    "ward": "中央区",
    "address": "八重洲2丁目2番1号",
    "postal_code": "1040028"
   }
  },
  {
   "type": "Feature",
   "geometry": {
    "type": "Point",
    "coordinates": [
     139.761495,
     35.672383
    ]
   },
   "properties": {
    "name": "泰明",
    "type": "小学校",
    "ward": "中央区",
    "address": "銀座5丁目1番13号",
    "postal_code": "1040061"
   }
  },
  {
   "type": "Feature",
   "geometry": {
    "type": "Point",
    "coordinates": [
     139.77876,
     35.672171
    ]
   },
   "properties": {
    "name": "中央",
    "type": "小学校",
    "ward": "中央区",
    "address": "湊1丁目4番1号",
    "postal_code": "1040043"
   }
  },
  {
   "type": "Feature",
   "geometry": {
    "type": "Point",
    "coordinates": [
     139.776472,
     35.668734
    ]
   },
   "properties": {
    "name": "明石",
    "type": "小学校",
    "ward": "中央区",
    "address": "明石町1番15号",
    "postal_code": "1040044"
   }
  },
  {
   "type": "Feature",
   "geometry": {
    "type": "Point",
    "coordinates": [
     139.771173,
     35.667975
    ]
   },
   "properties": {
    "name": "京橋築地",
    "type": "小学校",
    "ward": "中央区",
    "address": "築地2丁目1番13号",
    "postal_code": "1040045"
   }
  },
  {
   "type": "Feature",
   "geometry": {
    "type": "Point",
    "coordinates": [
     139.781852,
     35.676011
    ]
   },
   "properties": {
    "name": "明正",
    "type": "小学校",
    "ward": "中央区",
    "address": "新川2丁目4番13号",
    "postal_code": "1040033"
   }
  },
  {
   "type": "Feature",
   "geometry": {
    "type": "Point",
    "coordinates": [
     139.770509,
     35.688038
    ]
   },
   "properties": {
    "name": "常盤",
    "type": "小学校",
    "ward": "中央区",
    "address": "日本橋本石町4丁目4番26号",
    "postal_code": "1030021"
   }
  },
  {
   "type": "Feature",
   "geometry": {
    "type": "Point",
    "coordinates": [
     139.78123,
     35.684273
    ]
   },
   "properties": {
    "name": "日本橋",
    "type": "小学校",
    "ward": "中央区",
    "address": "日本橋人形町1丁目1番17号",
    "postal_code": "1030013"
   }
  },
  {
   "type": "Feature",
   "geometry": {
    "type": "Point",
    "coordinates": [
     139.787989,
     35.683219
    ]
   },
   "properties": {
    "name": "有馬",
    "type": "小学校",
    "ward": "中央区",
    "address": "日本橋蛎殻町2丁目10番23号",
    "postal_code": "1030014"
   }
  },
  {
   "type": "Feature",
   "geometry": {
    "type": "Point",
    "coordinates": [
     139.784355,
     35.689056
    ]
   },
   "properties": {
    "name": "久松",
    "type": "小学校",
    "ward": "中央区",
    "address": "日本橋久松町7番2号",
    "postal_code": "1030005"
   }
  },
  {
   "type": "Feature",
   "geometry": {
    "type": "Point",
    "coordinates": [
     139.776687,
     35.679538
    ]
   },
   "properties": {
    "name": "阪本",
    "type": "小学校",
    "ward": "中央区",
    "address": "日本橋兜町15番18号",
    "postal_code": "1030026"
   }
  },
  {
   "type": "Feature",
   "geometry": {
    "type": "Point",
    "coordinates": [
     139.784518,
     35.668599
    ]
   },
   "properties": {
    "name": "佃島",
    "type": "小学校",
    "ward": "中央区",
    "address": "佃2丁目3番1号",
    "postal_code": "1040051"
   }
  },
  {
   "type": "Feature",
   "geometry": {
    "type": "Point",
    "coordinates": [
     139.780093,
     35.660674
    ]
   },
   "properties": {
    "name": "月島第一",
    "type": "小学校",
    "ward": "中央区",
    "address": "月島4丁目1番15号",
    "postal_code": "1040052"
   }
  },
  {
   "type": "Feature",
   "geometry": {
    "type": "Point",
    "coordinates": [
     139.775931,
     35.66017
    ]
   },
   "properties": {
    "name": "月島第二",
    "type": "小学校",
    "ward": "中央区",
    "address": "勝どき1丁目12番2号",
    "postal_code": "1040054"
   }
  },
  {
   "type": "Feature",
   "geometry": {
    "type": "Point",
    "coordinates": [
     139.785703,
     35.658848
    ]
   },
   "properties": {
    "name": "月島第三",
    "type": "小学校",
    "ward": "中央区",
    "address": "晴海1丁目4番1号",
    "postal_code": "1040053"
   }
  },
  {
   "type": "Feature",
   "geometry": {
    "type": "Point",
    "coordinates": [
     139.771548,
     35.653413
    ]
   },
   "properties": {
    "name": "豊海",
    "type": "小学校",
    "ward": "中央区",
    "address": "豊海町3番1号",
    "postal_code": "1040055"
   }
  },
  {
   "type": "Feature",
   "geometry": {
    "type": "Point",
    "coordinates": [
     139.764854,
     35.665512
    ]
   },
   "properties": {
    "name": "銀座",
    "type": "中学校",
    "ward": "中央区",
    "address": "銀座8丁目19番15号",
    "postal_code": "1040061"
   }
  },
  {
   "type": "Feature",
   "geometry": {
    "type": "Point",
    "coordinates": [
     139.785025,
     35.667941
    ]
   },
   "properties": {
    "name": "佃",
    "type": "中学校",
    "ward": "中央区",
    "address": "佃2丁目3番2号",
    "postal_code": "1040051"
   }
  },
  {
   "type": "Feature",
   "geometry": {
    "type": "Point",
    "coordinates": [
     139.784908,
     35.659743
    ]
   },
   "properties": {
    "name": "晴海",
    "type": "中学校",
    "ward": "中央区",
    "address": "晴海1丁目5番3号",
    "postal_code": "1040053"
   }
  },
  {
   "type": "Feature",
   "geometry": {
    "type": "Point",
    "coordinates": [
     139.786993,
     35.691933
    ]
   },
   "properties": {
    "name": "日本橋",
    "type": "中学校",
    "ward": "中央区",
    "address": "東日本橋1丁目10番1号",
    "postal_code": "1030004"
   }
  },
  {
   "type": "Feature",
   "geometry": {
    "type": "Point",
    "coordinates": [
     139.741997,
     35.702667
    ]
   },
   "properties": {
    "name": "津久戸小学校",
    "type": "小学校",
    "ward": "新宿区",
    "address": "津久戸町2-2",
    "postal_code": "1620821"
   }
  },
  {
   "type": "Feature",
   "geometry": {
    "type": "Point",
    "coordinates": [
     139.736384,
     35.707157
    ]
   },
   "properties": {
    "name": "江戸川小学校",
    "type": "小学校",
    "ward": "新宿区",
    "address": "水道町1-28",
    "postal_code": "1620811"
   }
  },
  {
   "type": "Feature",
   "geometry": {
    "type": "Point",
    "coordinates": [
     139.728934,
     35.699497
    ]
   },
   "properties": {
    "name": "市谷小学校",
    "type": "小学校",
    "ward": "新宿区",
    "address": "市谷山伏町1-3",
    "postal_code": "1620857"
   }
  },
  {
   "type": "Feature",
   "geometry": {
    "type": "Point",
    "coordinates": [
     139.734061,
     35.699668
    ]
   },
   "properties": {
    "name": "愛日小学校",
    "type": "小学校",
    "ward": "新宿区",
    "address": "北町26",
    "postal_code": "1620834"
   }
  },
  {
   "type": "Feature",
   "geometry": {
    "type": "Point",
    "coordinates": [
     139.72343,
     35.703516
    ]
   },
   "properties": {
    "name": "早稲田小学校",
    "type": "小学校",
    "ward": "新宿区",
    "address": "早稲田南町25",
    "postal_code": "1620043"
   }
  },
  {
   "type": "Feature",
   "geometry": {
    "type": "Point",
    "coordinates": [
     139.725072,
     35.707895
    ]
   },
   "properties": {
    "name": "鶴巻小学校",
    "type": "小学校",
    "ward": "新宿区",
    "address": "早稲田鶴巻町140",
    "postal_code": "1620041"
   }
  },
  {
   "type": "Feature",
   "geometry": {
    "type": "Point",
    "coordinates": [
     139.723685,
     35.695792
    ]
   },
   "properties": {
    "name": "牛込仲之小学校",
    "type": "小学校",
    "ward": "新宿区",
    "address": "市谷仲之町4-33",
    "postal_code": "1620064"
   }
  },
  {
   "type": "Feature",
   "geometry": {
    "type": "Point",
    "coordinates": [
     139.716224,
     35.692485
    ]
   },
   "properties": {
    "name": "富久小学校",
    "type": "小学校",
    "ward": "新宿区",
    "address": "富久町7-24",
    "postal_code": "1620067"
   }
  },
  {
   "type": "Feature",
   "geometry": {
    "type": "Point",
    "coordinates": [
     139.715872,
     35.69938
    ]
   },
   "properties": {
    "name": "余丁町小学校",
    "type": "小学校",
    "ward": "新宿区",
    "address": "若松町13-1",
    "postal_code": "1620056"
   }
  },
  {
   "type": "Feature",
   "geometry": {
    "type": "Point",
    "coordinates": [
     139.711546,
     35.702136
    ]
   },
   "properties": {
    "name": "東戸山小学校",
    "type": "小学校",
    "ward": "新宿区",
    "address": "戸山2丁目34-2",
    "postal_code": "1620052"
   }
  },
  {
   "type": "Feature",
   "geometry": {
    "type": "Point",
    "coordinates": [
     139.724851,
     35.686675
    ]
   },
   "properties": {
    "name": "四谷小学校",
    "type": "小学校",
    "ward": "新宿区",
    "address": "四谷2丁目6",
    "postal_code": "1600004"
   }
  },
  {
   "type": "Feature",
   "geometry": {
    "type": "Point",
    "coordinates": [
     139.715384,
     35.681324
    ]
   },
   "properties": {
    "name": "四谷第六小学校",
    "type": "小学校",
    "ward": "新宿区",
    "address": "大京町30",
    "postal_code": "1600015"
   }
  },
  {
   "type": "Feature",
   "geometry": {
    "type": "Point",
    "coordinates": [
     139.713518,
     35.689536
    ]
   },
   "properties": {
    "name": "花園小学校",
    "type": "小学校",
    "ward": "新宿区",
    "address": "新宿1丁目22-1",
    "postal_code": "1600022"
   }
  },
  {
   "type": "Feature",
   "geometry": {
    "type": "Point",
    "coordinates": [
     139.705814,
     35.699689
    ]
   },
   "properties": {
    "name": "大久保小学校",
    "type": "小学校",
    "ward": "新宿区",
    "address": "大久保1丁目1-21",
    "postal_code": "1690072"
   }
  },
  {
   "type": "Feature",
   "geometry": {
    "type": "Point",
    "coordinates": [
     139.709655,
     35.694951
    ]
   },
   "properties": {
    "name": "天神小学校",
    "type": "小学校",
    "ward": "新宿区",
    "address": "新宿6丁目14-2",
    "postal_code": "1600022"
   }
  },
  {
   "type": "Feature",
   "geometry": {
    "type": "Point",
    "coordinates": [
     139.701946,
     35.70399
    ]
   },
   "properties": {
    "name": "戸山小学校",
    "type": "小学校",
    "ward": "新宿区",
    "address": "百人町2丁目1-38",
    "postal_code": "1690073"
   }
  },
  {
   "type": "Feature",
   "geometry": {
    "type": "Point",
    "coordinates": [
     139.714567,
     35.710817
    ]
   },
   "properties": {
    "name": "戸塚第一小学校",
    "type": "小学校",
    "ward": "新宿区",
    "address": "西早稲田3丁目10-12",
    "postal_code": "1690051"
   }
  },
  {
   "type": "Feature",
   "geometry": {
    "type": "Point",
    "coordinates": [
     139.70552,
     35.712172
    ]
   },
   "properties": {
    "name": "戸塚第二小学校",
    "type": "小学校",
    "ward": "新宿区",
    "address": "高田馬場1丁目25-21",
    "postal_code": "1690075"
   }
  },
  {
   "type": "Feature",
   "geometry": {
    "type": "Point",
    "coordinates": [
     139.697749,
     35.714214
    ]
   },
   "properties": {
    "name": "戸塚第三小学校",
    "type": "小学校",
    "ward": "新宿区",
    "address": "高田馬場3丁目18-21",
    "postal_code": "1690075"
   }
  },
  {
   "type": "Feature",
   "geometry": {
    "type": "Point",
    "coordinates": [
     139.691418,
     35.719621
    ]
   },
   "properties": {
    "name": "落合第一小学校",
    "type": "小学校",
    "ward": "新宿区",
    "address": "中落合2丁目13-27",
    "postal_code": "1610032"
   }
  },
  {
   "type": "Feature",
   "geometry": {
    "type": "Point",
    "coordinates": [
     139.689091,
     35.712517
    ]
   },
   "properties": {
    "name": "落合第二小学校",
    "type": "小学校",
    "ward": "新宿区",
    "address": "上落合2丁目10-23",
    "postal_code": "1610034"
   }
  },
  {
   "type": "Feature",
   "geometry": {
    "type": "Point",
    "coordinates": [
     139.683016,
     35.720288
    ]
   },
   "properties": {
    "name": "落合第三小学校",
    "type": "小学校",
    "ward": "新宿区",
    "address": "西落合1丁目12-20",
    "postal_code": "1610031"
   }
  },
  {
   "type": "Feature",
   "geometry": {
    "type": "Point",
    "coordinates": [
     139.700503,
     35.717366
    ]
   },
   "properties": {
    "name": "落合第四小学校",
    "type": "小学校",
    "ward": "新宿区",
    "address": "下落合2丁目9-34",
    "postal_code": "1610033"
   }
  },
  {
   "type": "Feature",
   "geometry": {
    "type": "Point",
    "coordinates": [
     139.685349,
     35.714215
    ]
   },
   "properties": {
    "name": "落合第五小学校",
    "type": "小学校",
    "ward": "新宿区",
    "address": "上落合3丁目1-6",
    "postal_code": "1610034"
   }
  },
  {
   "type": "Feature",
   "geometry": {
    "type": "Point",
    "coordinates": [
     139.678843,
     35.727005
    ]
   },
   "properties": {
    "name": "落合第六小学校",
    "type": "小学校",
    "ward": "新宿区",
    "address": "西落合4丁目11-21",
    "postal_code": "1610031"
   }
  },
  {
   "type": "Feature",
   "geometry": {
    "type": "Point",
    "coordinates": [
     139.691113,
     35.704167
    ]
   },
   "properties": {
    "name": "淀橋第四小学校",
    "type": "小学校",
    "ward": "新宿区",
    "address": "北新宿3丁目17-1",
    "postal_code": "1690074"
   }
  },
  {
   "type": "Feature",
   "geometry": {
    "type": "Point",
    "coordinates": [
     139.689152,
     35.70004
    ]
   },
   "properties": {
    "name": "柏木小学校",
    "type": "小学校",
    "ward": "新宿区",
    "address": "北新宿2丁目11-1",
    "postal_code": "1690074"
   }
  },
  {
   "type": "Feature",
   "geometry": {
    "type": "Point",
    "coordinates": [
     139.687919,
     35.685664
    ]
   },
   "properties": {
    "name": "西新宿小学校",
    "type": "小学校",
    "ward": "新宿区",
    "address": "西新宿4丁目35-5",
    "postal_code": "1600023"
   }
  },
  {
   "type": "Feature",
   "geometry": {
    "type": "Point",
    "coordinates": [
     139.699345,
     35.707897
    ]
   },
   "properties": {
    "name": "西戸山小学校",
    "type": "小学校",
    "ward": "新宿区",
    "address": "百人町4丁目2-1",
    "postal_code": "1690073"
   }
  },
  {
   "type": "Feature",
   "geometry": {
    "type": "Point",
    "coordinates": [
     139.730473,
     35.70046
    ]
   },
   "properties": {
    "name": "牛込第一中学校",
    "type": "中学校",
    "ward": "新宿区",
    "address": "北山伏町4-1",
    "postal_code": "1620853"
   }
  },
  {
   "type": "Feature",
   "geometry": {
    "type": "Point",
    "coordinates": [
     139.722263,
     35.703148
    ]
   },
   "properties": {
    "name": "牛込第二中学校",
    "type": "中学校",
    "ward": "新宿区",
    "address": "喜久井町20",
    "postal_code": "1620044"
   }
  },
  {
   "type": "Feature",
   "geometry": {
    "type": "Point",
    "coordinates": [
     139.731468,
     35.697713
    ]
   },
   "properties": {
    "name": "牛込第三中学校",
    "type": "中学校",
    "ward": "新宿区",
    "address": "市谷加賀町1丁目3-1",
    "postal_code": "1620062"
   }
  },
  {
   "type": "Feature",
   "geometry": {
    "type": "Point",
    "coordinates": [
     139.728616,
     35.683996
    ]
   },
   "properties": {
    "name": "四谷中学校",
    "type": "中学校",
    "ward": "新宿区",
    "address": "四谷1丁目12",
    "postal_code": "1600004"
   }
  },
  {
   "type": "Feature",
   "geometry": {
    "type": "Point",
    "coordinates": [
     139.710131,
     35.70799
    ]
   },
   "properties": {
    "name": "西早稲田中学校",
    "type": "中学校",
    "ward": "新宿区",
    "address": "戸山3丁目20-2",
    "postal_code": "1620052"
   }
  },
  {
   "type": "Feature",
   "geometry": {
    "type": "Point",
    "coordinates": [
     139.700257,
     35.718583
    ]
   },
   "properties": {
    "name": "落合中学校",
    "type": "中学校",
    "ward": "新宿区",
    "address": "下落合2丁目24-6",
    "postal_code": "1610033"
   }
  },
  {
   "type": "Feature",
   "geometry": {
    "type": "Point",
    "coordinates": [
     139.684375,
     35.721456
    ]
   },
   "properties": {
    "name": "落合第二中学校",
    "type": "中学校",
    "ward": "新宿区",
    "address": "西落合1丁目6-5",
    "postal_code": "1610031"
   }
  },
  {
   "type": "Feature",
   "geometry": {
    "type": "Point",
    "coordinates": [
     139.69485,
     35.69597
    ]
   },
   "properties": {
    "name": "西新宿中学校",
    "type": "中学校",
    "ward": "新宿区",
    "address": "西新宿8丁目2-44",
    "postal_code": "1600023"
   }
  },
  {
   "type": "Feature",
   "geometry": {
    "type": "Point",
    "coordinates": [
     139.710742,
     35.695745
    ]
   },
   "properties": {
    "name": "新宿中学校",
    "type": "中学校",
    "ward": "新宿区",
    "address": "新宿6丁目15-22",
    "postal_code": "1600022"
   }
  },
  {
   "type": "Feature",
   "geometry": {
    "type": "Point",
    "coordinates": [
     139.700956,
     35.708405
    ]
   },
   "properties": {
    "name": "新宿西戸山中学校",
    "type": "中学校",
    "ward": "新宿区",
    "address": "百人町4丁目3-1",
    "postal_code": "1690073"
   }
  },
  {
   "type": "Feature",
   "geometry": {
    "type": "Point",
    "coordinates": [
     139.783577,
     35.713528
    ]
   },
   "properties": {
    "name": "上野小学校",
    "type": "小学校",
    "ward": "台東区",
    "address": "東上野6丁目8-16",
    "postal_code": "1100015"
   }
  },
  {
   "type": "Feature",
   "geometry": {
    "type": "Point",
    "coordinates": [
     139.780333,
     35.706068
    ]
   },
   "properties": {
    "name": "平成小学校",
    "type": "小学校",
    "ward": "台東区",
    "address": "台東4丁目21-15",
    "postal_code": "1100016"
   }
  },
  {
   "type": "Feature",
   "geometry": {
    "type": "Point",
    "coordinates": [
     139.779022,
     35.723633
    ]
   },
   "properties": {
    "name": "根岸小学校",
    "type": "小学校",
    "ward": "台東区",
    "address": "根岸3丁目9-8",
    "postal_code": "1100003"
   }
  },
  {
   "type": "Feature",
   "geometry": {
    "type": "Point",
    "coordinates": [
     139.792204,
     35.728474
    ]
   },
   "properties": {
    "name": "東泉小学校",
    "type": "小学校",
    "ward": "台東区",
    "address": "三ノ輪1丁目9-23",
    "postal_code": "1100011"
   }
  },
  {
   "type": "Feature",
   "geometry": {
    "type": "Point",
    "coordinates": [
     139.766776,
     35.713915
    ]
   },
   "properties": {
    "name": "忍岡小学校",
    "type": "小学校",
    "ward": "台東区",
    "address": "池之端2丁目1-22",
    "postal_code": "1100008"
   }
  },
  {
   "type": "Feature",
   "geometry": {
    "type": "Point",
    "coordinates": [
     139.765267,
     35.72369
    ]
   },
   "properties": {
    "name": "谷中小学校",
    "type": "小学校",
    "ward": "台東区",
    "address": "谷中2丁目9-16",
    "postal_code": "1100001"
   }
  },
  {
   "type": "Feature",
   "geometry": {
    "type": "Point",
    "coordinates": [
     139.785173,
     35.725787
    ]
   },
   "properties": {
    "name": "金曽木小学校",
    "type": "小学校",
    "ward": "台東区",
    "address": "根岸4丁目16-22",
    "postal_code": "1100003"
   }
  },
  {
   "type": "Feature",
   "geometry": {
    "type": "Point",
    "coordinates": [
     139.771045,
     35.70707
    ]
   },
   "properties": {
    "name": "黒門小学校",
    "type": "小学校",
    "ward": "台東区",
    "address": "上野1丁目16-20",
    "postal_code": "1100005"
   }
  },
  {
   "type": "Feature",
   "geometry": {
    "type": "Point",
    "coordinates": [
     139.788127,
     35.720834
    ]
   },
   "properties": {
    "name": "大正小学校",
    "type": "小学校",
    "ward": "台東区",
    "address": "入谷2丁目8-23",
    "postal_code": "1100013"
   }
  },
  {
   "type": "Feature",
   "geometry": {
    "type": "Point",
    "coordinates": [
     139.79919,
     35.713514
    ]
   },
   "properties": {
    "name": "浅草小学校",
    "type": "小学校",
    "ward": "台東区",
    "address": "花川戸1丁目14-15",
    "postal_code": "1110033"
   }
  },
  {
   "type": "Feature",
   "geometry": {
    "type": "Point",
    "coordinates": [
     139.785522,
     35.700176
    ]
   },
   "properties": {
    "name": "台東育英小学校",
    "type": "小学校",
    "ward": "台東区",
    "address": "浅草橋2丁目8-26",
    "postal_code": "1110053"
   }
  },
  {
   "type": "Feature",
   "geometry": {
    "type": "Point",
    "coordinates": [
     139.78936,
     35.704347
    ]
   },
   "properties": {
    "name": "蔵前小学校",
    "type": "小学校",
    "ward": "台東区",
    "address": "蔵前4丁目11-19",
    "postal_code": "1110051"
   }
  },
  {
   "type": "Feature",
   "geometry": {
    "type": "Point",
    "coordinates": [
     139.798323,
     35.724458
    ]
   },
   "properties": {
    "name": "東浅草小学校",
    "type": "小学校",
    "ward": "台東区",
    "address": "東浅草2丁目27-19",
    "postal_code": "1110025"
   }
  },
  {
   "type": "Feature",
   "geometry": {
    "type": "Point",
    "coordinates": [
     139.798577,
     35.718783
    ]
   },
   "properties": {
    "name": "富士小学校",
    "type": "小学校",
    "ward": "台東区",
    "address": "浅草4丁目Sep-48",
    "postal_code": "1110032"
   }
  },
  {
   "type": "Feature",
   "geometry": {
    "type": "Point",
    "coordinates": [
     139.786504,
     35.712233
    ]
   },
   "properties": {
    "name": "松葉小学校",
    "type": "小学校",
    "ward": "台東区",
    "address": "松が谷1丁目13-16",
    "postal_code": "1110036"
   }
  },
  {
   "type": "Feature",
   "geometry": {
    "type": "Point",
    "coordinates": [
     139.793968,
     35.719159
    ]
   },
   "properties": {
    "name": "千束小学校",
    "type": "小学校",
    "ward": "台東区",
    "address": "浅草4丁目11-24",
    "postal_code": "1110032"
   }
  },
  {
   "type": "Feature",
   "geometry": {
    "type": "Point",
    "coordinates": [
     139.803403,
     35.724627
    ]
   },
   "properties": {
    "name": "石浜小学校",
    "type": "小学校",
    "ward": "台東区",
    "address": "清川1丁目14-21",
    "postal_code": "1110022"
   }
  },
  {
   "type": "Feature",
   "geometry": {
    "type": "Point",
    "coordinates": [
     139.792871,
     35.710087
    ]
   },
   "properties": {
    "name": "田原小学校",
    "type": "小学校",
    "ward": "台東区",
    "address": "雷門1丁目5-14",
    "postal_code": "1110034"
   }
  },
  {
   "type": "Feature",
   "geometry": {
    "type": "Point",
    "coordinates": [
     139.790275,
     35.718658
    ]
   },
   "properties": {
    "name": "金竜小学校",
    "type": "小学校",
    "ward": "台東区",
    "address": "千束1丁目9-9",
    "postal_code": "1110031"
   }
  },
  {
   "type": "Feature",
   "geometry": {
    "type": "Point",
    "coordinates": [
     139.777421,
     35.706952
    ]
   },
   "properties": {
    "name": "御徒町台東中学校",
    "type": "中学校",
    "ward": "台東区",
    "address": "台東4丁目13-16",
    "postal_code": "1100016"
   }
  },
  {
   "type": "Feature",
   "geometry": {
    "type": "Point",
    "coordinates": [
     139.785916,
     35.723466
    ]
   },
   "properties": {
    "name": "柏葉中学校",
    "type": "中学校",
    "ward": "台東区",
    "address": "下谷3丁目1-29",
    "postal_code": "1100004"
   }
  },
  {
   "type": "Feature",
   "geometry": {
    "type": "Point",
    "coordinates": [
     139.774829,
     35.72125
    ]
   },
   "properties": {
    "name": "上野中学校",
    "type": "中学校",
    "ward": "台東区",
    "address": "上野桜木1丁目14-55",
    "postal_code": "1100002"
   }
  },
  {
   "type": "Feature",
   "geometry": {
    "type": "Point",
    "coordinates": [
     139.779024,
     35.719405
    ]
   },
   "properties": {
    "name": "忍岡中学校",
    "type": "中学校",
    "ward": "台東区",
    "address": "上野公園18-20",
    "postal_code": "1100007"
   }
  },
  {
   "type": "Feature",
   "geometry": {
    "type": "Point",
    "coordinates": [
     139.789989,
     35.699941
    ]
   },
   "properties": {
    "name": "浅草中学校",
    "type": "中学校",
    "ward": "台東区",
    "address": "蔵前1丁目3-4",
    "postal_code": "1110051"
   }
  },
  {
   "type": "Feature",
   "geometry": {
    "type": "Point",
    "coordinates": [
     139.807077,
     35.720752
    ]
   },
   "properties": {
    "name": "桜橋中学校",
    "type": "中学校",
    "ward": "台東区",
    "address": "今戸2丁目1-8",
    "postal_code": "1110024"
   }
  },
  {
   "type": "Feature",
   "geometry": {
    "type": "Point",
    "coordinates": [
     139.784235,
     35.717427
    ]
   },
   "properties": {
    "name": "駒形中学校",
    "type": "中学校",
    "ward": "台東区",
    "address": "北上野2丁目1-15",
    "postal_code": "1100014"
   }
  },
  {
   "type": "Feature",
   "geometry": {
    "type": "Point",
    "coordinates": [
     139.810058,
     35.694854
    ]
   },
   "properties": {
    "name": "両国高等学校附属",
    "type": "中学校",
    "ward": "墨田区",
    "address": "江東橋17-14",
    "postal_code": "1300022"
   }
  },
  {
   "type": "Feature",
   "geometry": {
    "type": "Point",
    "coordinates": [
     139.801337,
     35.694025
    ]
   },
   "properties": {
    "name": "緑小学校",
    "type": "小学校",
    "ward": "墨田区",
    "address": "緑2丁目12-12",
    "postal_code": "1300021"
   }
  },
  {
   "type": "Feature",
   "geometry": {
    "type": "Point",
    "coordinates": [
     139.800598,
     35.702607
    ]
   },
   "properties": {
    "name": "外手小学校",
    "type": "小学校",
    "ward": "墨田区",
    "address": "本所2丁目1-16",
    "postal_code": "1300004"
   }
  },
  {
   "type": "Feature",
   "geometry": {
    "type": "Point",
    "coordinates": [
     139.800185,
     35.699284
    ]
   },
   "properties": {
    "name": "二葉小学校",
    "type": "小学校",
    "ward": "墨田区",
    "address": "石原2丁目1-5",
    "postal_code": "1300011"
   }
  },
  {
   "type": "Feature",
   "geometry": {
    "type": "Point",
    "coordinates": [
     139.811392,
     35.698701
    ]
   },
   "properties": {
    "name": "錦糸小学校",
    "type": "小学校",
    "ward": "墨田区",
    "address": "錦糸1丁目9-12",
    "postal_code": "1300013"
   }
  },
  {
   "type": "Feature",
   "geometry": {
    "type": "Point",
    "coordinates": [
     139.802724,
     35.690154
    ]
   },
   "properties": {
    "name": "中和小学校",
    "type": "小学校",
    "ward": "墨田区",
    "address": "菊川1丁目18-10",
    "postal_code": "1300024"
   }
  },
  {
   "type": "Feature",
   "geometry": {
    "type": "Point",
    "coordinates": [
     139.811376,
     35.71871
    ]
   },
   "properties": {
    "name": "言問小学校",
    "type": "小学校",
    "ward": "墨田区",
    "address": "向島5丁目40-14",
    "postal_code": "1310033"
   }
  },
  {
   "type": "Feature",
   "geometry": {
    "type": "Point",
    "coordinates": [
     139.805935,
     35.714446
    ]
   },
   "properties": {
    "name": "小梅小学校",
    "type": "小学校",
    "ward": "墨田区",
    "address": "向島2丁目4-10",
    "postal_code": "1310033"
   }
  },
  {
   "type": "Feature",
   "geometry": {
    "type": "Point",
    "coordinates": [
     139.817465,
     35.703609
    ]
   },
   "properties": {
    "name": "柳島小学校",
    "type": "小学校",
    "ward": "墨田区",
    "address": "横川5丁目2-30",
    "postal_code": "1300003"
   }
  },
  {
   "type": "Feature",
   "geometry": {
    "type": "Point",
    "coordinates": [
     139.811509,
     35.70641
    ]
   },
   "properties": {
    "name": "業平小学校",
    "type": "小学校",
    "ward": "墨田区",
    "address": "業平2丁目4-8",
    "postal_code": "1300002"
   }
  },
  {
   "type": "Feature",
   "geometry": {
    "type": "Point",
    "coordinates": [
     139.795191,
     35.693745
    ]
   },
   "properties": {
    "name": "両国小学校",
    "type": "小学校",
    "ward": "墨田区",
    "address": "両国4丁目26-6",
    "postal_code": "1300026"
   }
  },
  {
   "type": "Feature",
   "geometry": {
    "type": "Point",
    "coordinates": [
     139.806277,
     35.707194
    ]
   },
   "properties": {
    "name": "横川小学校",
    "type": "小学校",
    "ward": "墨田区",
    "address": "東駒形4丁目18-4",
    "postal_code": "1300005"
   }
  },
  {
   "type": "Feature",
   "geometry": {
    "type": "Point",
    "coordinates": [
     139.807607,
     35.691621
    ]
   },
   "properties": {
    "name": "菊川小学校",
    "type": "小学校",
    "ward": "墨田区",
    "address": "立川4丁目12-15",
    "postal_code": "1300023"
   }
  },
  {
   "type": "Feature",
   "geometry": {
    "type": "Point",
    "coordinates": [
     139.827789,
     35.717152
    ]
   },
   "properties": {
    "name": "第三吾嬬小学校",
    "type": "小学校",
    "ward": "墨田区",
    "address": "八広2丁目36-3",
    "postal_code": "1310041"
   }
  },
  {
   "type": "Feature",
   "geometry": {
    "type": "Point",
    "coordinates": [
     139.825063,
     35.713043
    ]
   },
   "properties": {
    "name": "第四吾嬬小学校",
    "type": "小学校",
    "ward": "墨田区",
    "address": "京島3丁目64-9",
    "postal_code": "1310046"
   }
  },
  {
   "type": "Feature",
   "geometry": {
    "type": "Point",
    "coordinates": [
     139.814452,
     35.721582
    ]
   },
   "properties": {
    "name": "第一寺島小学校",
    "type": "小学校",
    "ward": "墨田区",
    "address": "東向島1丁目16-2",
    "postal_code": "1310032"
   }
  },
  {
   "type": "Feature",
   "geometry": {
    "type": "Point",
    "coordinates": [
     139.818599,
     35.724713
    ]
   },
   "properties": {
    "name": "第二寺島小学校",
    "type": "小学校",
    "ward": "墨田区",
    "address": "東向島4丁目30-2",
    "postal_code": "1310032"
   }
  },
  {
   "type": "Feature",
   "geometry": {
    "type": "Point",
    "coordinates": [
     139.820419,
     35.721427
    ]
   },
   "properties": {
    "name": "第三寺島小学校",
    "type": "小学校",
    "ward": "墨田区",
    "address": "東向島6丁目8-1",
    "postal_code": "1310032"
   }
  },
  {
   "type": "Feature",
   "geometry": {
    "type": "Point",
    "coordinates": [
     139.820836,
     35.716603
    ]
   },
   "properties": {
    "name": "曳舟小学校",
    "type": "小学校",
    "ward": "墨田区",
    "address": "京島1丁目28-2",
    "postal_code": "1310046"
   }
  },
  {
   "type": "Feature",
   "geometry": {
    "type": "Point",
    "coordinates": [
     139.831476,
     35.713561
    ]
   },
   "properties": {
    "name": "中川小学校",
    "type": "小学校",
    "ward": "墨田区",
    "address": "立花5丁目49-4",
    "postal_code": "1310043"
   }
  },
  {
   "type": "Feature",
   "geometry": {
    "type": "Point",
    "coordinates": [
     139.831957,
     35.708518
    ]
   },
   "properties": {
    "name": "東吾嬬小学校",
    "type": "小学校",
    "ward": "墨田区",
    "address": "立花4丁目22-11",
    "postal_code": "1310043"
   }
  },
  {
   "type": "Feature",
   "geometry": {
    "type": "Point",
    "coordinates": [
     139.819369,
     35.712022
    ]
   },
   "properties": {
    "name": "押上小学校",
    "type": "小学校",
    "ward": "墨田区",
    "address": "押上3丁目46-17",
    "postal_code": "1310045"
   }
  },
  {
   "type": "Feature",
   "geometry": {
    "type": "Point",
    "coordinates": [
     139.826297,
     35.727133
    ]
   },
   "properties": {
    "name": "八広小学校",
    "type": "小学校",
    "ward": "墨田区",
    "address": "八広5丁目12-15",
    "postal_code": "1310041"
   }
  },
  {
   "type": "Feature",
   "geometry": {
    "type": "Point",
    "coordinates": [
     139.820914,
     35.736017
    ]
   },
   "properties": {
    "name": "隅田小学校",
    "type": "小学校",
    "ward": "墨田区",
    "address": "墨田4丁目6-5",
    "postal_code": "1310031"
   }
  },
  {
   "type": "Feature",
   "geometry": {
    "type": "Point",
    "coordinates": [
     139.829365,
     35.706662
    ]
   },
   "properties": {
    "name": "立花吾嬬の森小学校",
    "type": "小学校",
    "ward": "墨田区",
    "address": "立花1丁目18-6",
    "postal_code": "1310043"
   }
  },
  {
   "type": "Feature",
   "geometry": {
    "type": "Point",
    "coordinates": [
     139.815545,
     35.730445
    ]
   },
   "properties": {
    "name": "梅若小学校",
    "type": "小学校",
    "ward": "墨田区",
    "address": "墨田2丁目25-1",
    "postal_code": "1310031"
   }
  },
  {
   "type": "Feature",
   "geometry": {
    "type": "Point",
    "coordinates": [
     139.811528,
     35.714953
    ]
   },
   "properties": {
    "name": "墨田中学校",
    "type": "中学校",
    "ward": "墨田区",
    "address": "向島4丁目25-22",
    "postal_code": "1310033"
   }
  },
  {
   "type": "Feature",
   "geometry": {
    "type": "Point",
    "coordinates": [
     139.802817,
     35.705289
    ]
   },
   "properties": {
    "name": "本所中学校",
    "type": "中学校",
    "ward": "墨田区",
    "address": "東駒形3丁目1-10",
    "postal_code": "1300005"
   }
  },
  {
   "type": "Feature",
   "geometry": {
    "type": "Point",
    "coordinates": [
     139.796161,
     35.697477
    ]
   },
   "properties": {
    "name": "両国中学校",
    "type": "中学校",
    "ward": "墨田区",
    "address": "横網1丁目8-1",
    "postal_code": "1300015"
   }
  },
  {
   "type": "Feature",
   "geometry": {
    "type": "Point",
    "coordinates": [
     139.805913,
     35.697029
    ]
   },
   "properties": {
    "name": "竪川中学校",
    "type": "中学校",
    "ward": "墨田区",
    "address": "亀沢4丁目11-15",
    "postal_code": "1300014"
   }
  },
  {
   "type": "Feature",
   "geometry": {
    "type": "Point",
    "coordinates": [
     139.806942,
     35.701414
    ]
   },
   "properties": {
    "name": "錦糸中学校",
    "type": "中学校",
    "ward": "墨田区",
    "address": "石原4丁目33-14",
    "postal_code": "1300011"
   }
  },
  {
   "type": "Feature",
   "geometry": {
    "type": "Point",
    "coordinates": [
     139.82712,
     35.721514
    ]
   },
   "properties": {
    "name": "吾嬬第二中学校",
    "type": "中学校",
    "ward": "墨田区",
    "address": "八広4丁目4-4",
    "postal_code": "1310041"
   }
  },
  {
   "type": "Feature",
   "geometry": {
    "type": "Point",
    "coordinates": [
     139.823186,
     35.720131
    ]
   },
   "properties": {
    "name": "寺島中学校",
    "type": "中学校",
    "ward": "墨田区",
    "address": "八広1丁目17-15",
    "postal_code": "1310041"
   }
  },
  {
   "type": "Feature",
   "geometry": {
    "type": "Point",
    "coordinates": [
     139.822281,
     35.710217
    ]
   },
   "properties": {
    "name": "文花中学校",
    "type": "中学校",
    "ward": "墨田区",
    "address": "文花1丁目22-7",
    "postal_code": "1310044"
   }
  },
  {
   "type": "Feature",
   "geometry": {
    "type": "Point",
    "coordinates": [
     139.811928,
     35.730445
    ]
   },
   "properties": {
    "name": "桜堤中学校",
    "type": "中学校",
    "ward": "墨田区",
    "address": "堤通2丁目19-1",
    "postal_code": "1310034"
   }
  },
  {
   "type": "Feature",
   "geometry": {
    "type": "Point",
    "coordinates": [
     139.831863,
     35.712679
    ]
   },
   "properties": {
    "name": "吾嬬立花中学校",
    "type": "中学校",
    "ward": "墨田区",
    "address": "立花5丁目48-2",
    "postal_code": "1310043"
   }
  },
  {
   "type": "Feature",
   "geometry": {
    "type": "Point",
    "coordinates": [
     139.810161,
     35.694223
    ]
   },
   "properties": {
    "name": "両国高等学校付属中学校",
    "type": "中学校",
    "ward": "墨田区",
    "address": "江東橋1丁目7-14",
    "postal_code": "1300022"
   }
  },
  {
   "type": "Feature",
   "geometry": {
    "type": "Point",
    "coordinates": [
     139.796884,
     35.69743
    ]
   },
   "properties": {
    "name": "日本大学第一中学校",
    "type": "中学校",
    "ward": "墨田区",
    "address": "横網1丁目5-2",
    "postal_code": "1300015"
   }
  },
  {
   "type": "Feature",
   "geometry": {
    "type": "Point",
    "coordinates": [
     139.79584,
     35.699879
    ]
   },
   "properties": {
    "name": "安田学園中学校",
    "type": "中学校",
    "ward": "墨田区",
    "address": "横網2丁目2-25",
    "postal_code": "1308615"
   }
  },
  {
   "type": "Feature",
   "geometry": {
    "type": "Point",
    "coordinates": [
     139.797807,
     35.6762
    ]
   },
   "properties": {
    "name": "明治小学校",
    "type": "小学校",
    "ward": "江東区",
    "address": "深川2丁目17-26",
    "postal_code": "1350033"
   }
  },
  {
   "type": "Feature",
   "geometry": {
    "type": "Point",
    "coordinates": [
     139.799445,
     35.685891
    ]
   },
   "properties": {
    "name": "深川小学校",
    "type": "小学校",
    "ward": "江東区",
    "address": "高橋14-10",
    "postal_code": "1350005"
   }
  },
  {
   "type": "Feature",
   "geometry": {
    "type": "Point",
    "coordinates": [
     139.795398,
     35.68683
    ]
   },
   "properties": {
    "name": "八名川小学校",
    "type": "小学校",
    "ward": "江東区",
    "address": "新大橋3丁目1-15",
    "postal_code": "1350007"
   }
  },
  {
   "type": "Feature",
   "geometry": {
    "type": "Point",
    "coordinates": [
     139.792968,
     35.672453
    ]
   },
   "properties": {
    "name": "臨海小学校",
    "type": "小学校",
    "ward": "江東区",
    "address": "門前仲町1丁目1-6",
    "postal_code": "1350048"
   }
  },
  {
   "type": "Feature",
   "geometry": {
    "type": "Point",
    "coordinates": [
     139.796371,
     35.66605
    ]
   },
   "properties": {
    "name": "越中島小学校",
    "type": "小学校",
    "ward": "江東区",
    "address": "越中島3丁目6-38",
    "postal_code": "1350044"
   }
  },
  {
   "type": "Feature",
   "geometry": {
    "type": "Point",
    "coordinates": [
     139.799779,
     35.672594
    ]
   },
   "properties": {
    "name": "数矢小学校",
    "type": "小学校",
    "ward": "江東区",
    "address": "富岡1丁目18-7",
    "postal_code": "1350047"
   }
  },
  {
   "type": "Feature",
   "geometry": {
    "type": "Point",
    "coordinates": [
     139.8022,
     35.667941
    ]
   },
   "properties": {
    "name": "平久小学校",
    "type": "小学校",
    "ward": "江東区",
    "address": "木場1丁目2-2",
    "postal_code": "1350042"
   }
  },
  {
   "type": "Feature",
   "geometry": {
    "type": "Point",
    "coordinates": [
     139.815246,
     35.670477
    ]
   },
   "properties": {
    "name": "東陽小学校",
    "type": "小学校",
    "ward": "江東区",
    "address": "東陽3丁目27-12",
    "postal_code": "1350016"
   }
  },
  {
   "type": "Feature",
   "geometry": {
    "type": "Point",
    "coordinates": [
     139.813766,
     35.668429
    ]
   },
   "properties": {
    "name": "南陽小学校",
    "type": "小学校",
    "ward": "江東区",
    "address": "東陽2丁目1-20",
    "postal_code": "1350016"
   }
  },
  {
   "type": "Feature",
   "geometry": {
    "type": "Point",
    "coordinates": [
     139.816681,
     35.679825
    ]
   },
   "properties": {
    "name": "川南小学校",
    "type": "小学校",
    "ward": "江東区",
    "address": "千石2丁目9-12",
    "postal_code": "1350015"
   }
  },
  {
   "type": "Feature",
   "geometry": {
    "type": "Point",
    "coordinates": [
     139.811716,
     35.681291
    ]
   },
   "properties": {
    "name": "扇橋小学校",
    "type": "小学校",
    "ward": "江東区",
    "address": "石島18-5",
    "postal_code": "1350014"
   }
  },
  {
   "type": "Feature",
   "geometry": {
    "type": "Point",
    "coordinates": [
     139.807991,
     35.682011
    ]
   },
   "properties": {
    "name": "元加賀小学校",
    "type": "小学校",
    "ward": "江東区",
    "address": "白河4丁目3-19",
    "postal_code": "1350021"
   }
  },
  {
   "type": "Feature",
   "geometry": {
    "type": "Point",
    "coordinates": [
     139.816282,
     35.691365
    ]
   },
   "properties": {
    "name": "毛利小学校",
    "type": "小学校",
    "ward": "江東区",
    "address": "毛利2丁目2-2",
    "postal_code": "1350001"
   }
  },
  {
   "type": "Feature",
   "geometry": {
    "type": "Point",
    "coordinates": [
     139.81231,
     35.68829
    ]
   },
   "properties": {
    "name": "東川小学校",
    "type": "小学校",
    "ward": "江東区",
    "address": "住吉1丁目12-2",
    "postal_code": "1350002"
   }
  },
  {
   "type": "Feature",
   "geometry": {
    "type": "Point",
    "coordinates": [
     139.79799,
     35.65386
    ]
   },
   "properties": {
    "name": "豊洲小学校",
    "type": "小学校",
    "ward": "江東区",
    "address": "豊洲4丁目4-4",
    "postal_code": "1350061"
   }
  },
  {
   "type": "Feature",
   "geometry": {
    "type": "Point",
    "coordinates": [
     139.795468,
     35.651505
    ]
   },
   "properties": {
    "name": "豊洲西小学校",
    "type": "小学校",
    "ward": "江東区",
    "address": "豊洲5丁目1-35",
    "postal_code": "1350061"
   }
  },
  {
   "type": "Feature",
   "geometry": {
    "type": "Point",
    "coordinates": [
     139.7983,
     35.65852
    ]
   },
   "properties": {
    "name": "豊洲北小学校",
    "type": "小学校",
    "ward": "江東区",
    "address": "豊洲3丁目6-1",
    "postal_code": "1350061"
   }
  },
  {
   "type": "Feature",
   "geometry": {
    "type": "Point",
    "coordinates": [
     139.799207,
     35.642604
    ]
   },
   "properties": {
    "name": "東雲小学校",
    "type": "小学校",
    "ward": "江東区",
    "address": "東雲2丁目4-11",
    "postal_code": "1350062"
   }
  },
  {
   "type": "Feature",
   "geometry": {
    "type": "Point",
    "coordinates": [
     139.796146,
     35.640109
    ]
   },
   "properties": {
    "name": "有明小学校",
    "type": "小学校",
    "ward": "江東区",
    "address": "有明2丁目10-1",
    "postal_code": "1350063"
   }
  },
  {
   "type": "Feature",
   "geometry": {
    "type": "Point",
    "coordinates": [
     139.809187,
     35.659637
    ]
   },
   "properties": {
    "name": "枝川小学校",
    "type": "小学校",
    "ward": "江東区",
    "address": "枝川3丁目5-3",
    "postal_code": "1350051"
   }
  },
  {
   "type": "Feature",
   "geometry": {
    "type": "Point",
    "coordinates": [
     139.80999,
     35.646517
    ]
   },
   "properties": {
    "name": "辰巳小学校",
    "type": "小学校",
    "ward": "江東区",
    "address": "辰巳1丁目11-1",
    "postal_code": "1350053"
   }
  },
  {
   "type": "Feature",
   "geometry": {
    "type": "Point",
    "coordinates": [
     139.808412,
     35.648533
    ]
   },
   "properties": {
    "name": "第二辰巳小学校",
    "type": "小学校",
    "ward": "江東区",
    "address": "辰巳1丁目1-22",
    "postal_code": "1350053"
   }
  },
  {
   "type": "Feature",
   "geometry": {
    "type": "Point",
    "coordinates": [
     139.822237,
     35.698833
    ]
   },
   "properties": {
    "name": "第一亀戸小学校",
    "type": "小学校",
    "ward": "江東区",
    "address": "亀戸2丁目5-7",
    "postal_code": "1360071"
   }
  },
  {
   "type": "Feature",
   "geometry": {
    "type": "Point",
    "coordinates": [
     139.830589,
     35.695585
    ]
   },
   "properties": {
    "name": "第二亀戸小学校",
    "type": "小学校",
    "ward": "江東区",
    "address": "亀戸6丁目36-1",
    "postal_code": "1360071"
   }
  },
  {
   "type": "Feature",
   "geometry": {
    "type": "Point",
    "coordinates": [
     139.826098,
     35.703858
    ]
   },
   "properties": {
    "name": "香取小学校",
    "type": "小学校",
    "ward": "江東区",
    "address": "亀戸4丁目26-22",
    "postal_code": "1360071"
   }
  },
  {
   "type": "Feature",
   "geometry": {
    "type": "Point",
    "coordinates": [
     139.841716,
     35.698725
    ]
   },
   "properties": {
    "name": "浅間堅川小学校",
    "type": "小学校",
    "ward": "江東区",
    "address": "亀戸9丁目22-4",
    "postal_code": "1360071"
   }
  },
  {
   "type": "Feature",
   "geometry": {
    "type": "Point",
    "coordinates": [
     139.828505,
     35.700028
    ]
   },
   "properties": {
    "name": "水神小学校",
    "type": "小学校",
    "ward": "江東区",
    "address": "亀戸5丁目22-22",
    "postal_code": "1360071"
   }
  },
  {
   "type": "Feature",
   "geometry": {
    "type": "Point",
    "coordinates": [
     139.825602,
     35.689949
    ]
   },
   "properties": {
    "name": "第一大島小学校",
    "type": "小学校",
    "ward": "江東区",
    "address": "大島2丁目41-4",
    "postal_code": "1360072"
   }
  },
  {
   "type": "Feature",
   "geometry": {
    "type": "Point",
    "coordinates": [
     139.829855,
     35.690184
    ]
   },
   "properties": {
    "name": "第二大島小学校",
    "type": "小学校",
    "ward": "江東区",
    "address": "大島3丁目16-2",
    "postal_code": "1360073"
   }
  },
  {
   "type": "Feature",
   "geometry": {
    "type": "Point",
    "coordinates": [
     139.845101,
     35.692593
    ]
   },
   "properties": {
    "name": "第三大島小学校",
    "type": "小学校",
    "ward": "江東区",
    "address": "大島9丁目5-3",
    "postal_code": "1360072"
   }
  },
  {
   "type": "Feature",
   "geometry": {
    "type": "Point",
    "coordinates": [
     139.834421,
     35.690974
    ]
   },
   "properties": {
    "name": "第四大島小学校",
    "type": "小学校",
    "ward": "江東区",
    "address": "大島6丁目7-8",
    "postal_code": "1360072"
   }
  },
  {
   "type": "Feature",
   "geometry": {
    "type": "Point",
    "coordinates": [
     139.844467,
     35.687817
    ]
   },
   "properties": {
    "name": "第五大島小学校",
    "type": "小学校",
    "ward": "江東区",
    "address": "大島8丁目40-13",
    "postal_code": "1360072"
   }
  },
  {
   "type": "Feature",
   "geometry": {
    "type": "Point",
    "coordinates": [
     139.831683,
     35.687232
    ]
   },
   "properties": {
    "name": "大島南央小学校",
    "type": "小学校",
    "ward": "江東区",
    "address": "大島4丁目18-5",
    "postal_code": "1360072"
   }
  },
  {
   "type": "Feature",
   "geometry": {
    "type": "Point",
    "coordinates": [
     139.829034,
     35.677482
    ]
   },
   "properties": {
    "name": "砂町小学校",
    "type": "小学校",
    "ward": "江東区",
    "address": "北砂4丁目13-23",
    "postal_code": "1360073"
   }
  },
  {
   "type": "Feature",
   "geometry": {
    "type": "Point",
    "coordinates": [
     139.838755,
     35.674932
    ]
   },
   "properties": {
    "name": "第二砂町小学校",
    "type": "小学校",
    "ward": "江東区",
    "address": "東砂7丁目17-30",
    "postal_code": "1360074"
   }
  },
  {
   "type": "Feature",
   "geometry": {
    "type": "Point",
    "coordinates": [
     139.833915,
     35.672756
    ]
   },
   "properties": {
    "name": "第三砂町小学校",
    "type": "小学校",
    "ward": "江東区",
    "address": "南砂6丁目3-13",
    "postal_code": "1360076"
   }
  },
  {
   "type": "Feature",
   "geometry": {
    "type": "Point",
    "coordinates": [
     139.821729,
     35.675144
    ]
   },
   "properties": {
    "name": "第四砂町小学校",
    "type": "小学校",
    "ward": "江東区",
    "address": "南砂2丁目13-18",
    "postal_code": "1360076"
   }
  },
  {
   "type": "Feature",
   "geometry": {
    "type": "Point",
    "coordinates": [
     139.838897,
     35.667052
    ]
   },
   "properties": {
    "name": "第五砂町小学校",
    "type": "小学校",
    "ward": "江東区",
    "address": "東砂8丁目11-5",
    "postal_code": "1360074"
   }
  },
  {
   "type": "Feature",
   "geometry": {
    "type": "Point",
    "coordinates": [
     139.838535,
     35.682111
    ]
   },
   "properties": {
    "name": "第六砂町小学校",
    "type": "小学校",
    "ward": "江東区",
    "address": "北砂6丁目26-6",
    "postal_code": "1360073"
   }
  },
  {
   "type": "Feature",
   "geometry": {
    "type": "Point",
    "coordinates": [
     139.842095,
     35.678924
    ]
   },
   "properties": {
    "name": "第七砂町小学校",
    "type": "小学校",
    "ward": "江東区",
    "address": "東砂3丁目21-5",
    "postal_code": "1360074"
   }
  },
  {
   "type": "Feature",
   "geometry": {
    "type": "Point",
    "coordinates": [
     139.8312,
     35.682403
    ]
   },
   "properties": {
    "name": "小名木川小学校",
    "type": "小学校",
    "ward": "江東区",
    "address": "北砂5丁目22-10",
    "postal_code": "1360073"
   }
  },
  {
   "type": "Feature",
   "geometry": {
    "type": "Point",
    "coordinates": [
     139.84431,
     35.683339
    ]
   },
   "properties": {
    "name": "東砂小学校",
    "type": "小学校",
    "ward": "江東区",
    "address": "東砂2丁目12-14",
    "postal_code": "1360074"
   }
  },
  {
   "type": "Feature",
   "geometry": {
    "type": "Point",
    "coordinates": [
     139.8235,
     35.683117
    ]
   },
   "properties": {
    "name": "北砂小学校",
    "type": "小学校",
    "ward": "江東区",
    "address": "北砂1丁目3-36",
    "postal_code": "1360073"
   }
  },
  {
   "type": "Feature",
   "geometry": {
    "type": "Point",
    "coordinates": [
     139.825039,
     35.671825
    ]
   },
   "properties": {
    "name": "南砂小学校",
    "type": "小学校",
    "ward": "江東区",
    "address": "南砂2丁目3-21",
    "postal_code": "1360076"
   }
  },
  {
   "type": "Feature",
   "geometry": {
    "type": "Point",
    "coordinates": [
     139.834081,
     35.684981
    ]
   },
   "properties": {
    "name": "亀高小学校",
    "type": "小学校",
    "ward": "江東区",
    "address": "北砂5丁目20-16",
    "postal_code": "1360073"
   }
  },
  {
   "type": "Feature",
   "geometry": {
    "type": "Point",
    "coordinates": [
     139.805802,
     35.685261
    ]
   },
   "properties": {
    "name": "深川第一中学校",
    "type": "中学校",
    "ward": "江東区",
    "address": "森下4丁目9-22",
    "postal_code": "1350004"
   }
  },
  {
   "type": "Feature",
   "geometry": {
    "type": "Point",
    "coordinates": [
     139.800662,
     35.676289
    ]
   },
   "properties": {
    "name": "深川第二中学校",
    "type": "中学校",
    "ward": "江東区",
    "address": "冬木22-10",
    "postal_code": "1350041"
   }
  },
  {
   "type": "Feature",
   "geometry": {
    "type": "Point",
    "coordinates": [
     139.795624,
     35.666524
    ]
   },
   "properties": {
    "name": "深川第三中学校",
    "type": "中学校",
    "ward": "江東区",
    "address": "越中島3丁目7-1",
    "postal_code": "1350044"
   }
  },
  {
   "type": "Feature",
   "geometry": {
    "type": "Point",
    "coordinates": [
     139.812912,
     35.678614
    ]
   },
   "properties": {
    "name": "深川第四中学校",
    "type": "中学校",
    "ward": "江東区",
    "address": "千石1丁目12-12",
    "postal_code": "1350015"
   }
  },
  {
   "type": "Feature",
   "geometry": {
    "type": "Point",
    "coordinates": [
     139.799621,
     35.652414
    ]
   },
   "properties": {
    "name": "深川第五中学校",
    "type": "中学校",
    "ward": "江東区",
    "address": "豊洲4丁目11-18",
    "postal_code": "1350061"
   }
  },
  {
   "type": "Feature",
   "geometry": {
    "type": "Point",
    "coordinates": [
     139.805625,
     35.678867
    ]
   },
   "properties": {
    "name": "深川第六中学校",
    "type": "中学校",
    "ward": "江東区",
    "address": "平野3丁目6-13",
    "postal_code": "1350023"
   }
  },
  {
   "type": "Feature",
   "geometry": {
    "type": "Point",
    "coordinates": [
     139.813704,
     35.691331
    ]
   },
   "properties": {
    "name": "深川第七中学校",
    "type": "中学校",
    "ward": "江東区",
    "address": "毛利1丁目14-1",
    "postal_code": "1350001"
   }
  },
  {
   "type": "Feature",
   "geometry": {
    "type": "Point",
    "coordinates": [
     139.812079,
     35.664741
    ]
   },
   "properties": {
    "name": "深川第八中学校",
    "type": "中学校",
    "ward": "江東区",
    "address": "塩浜2丁目21-14",
    "postal_code": "1350043"
   }
  },
  {
   "type": "Feature",
   "geometry": {
    "type": "Point",
    "coordinates": [
     139.796146,
     35.640109
    ]
   },
   "properties": {
    "name": "有明中学校",
    "type": "中学校",
    "ward": "江東区",
    "address": "有明2丁目10-1",
    "postal_code": "1350063"
   }
  },
  {
   "type": "Feature",
   "geometry": {
    "type": "Point",
    "coordinates": [
     139.81138,
     35.64684
    ]
   },
   "properties": {
    "name": "辰巳中学校",
    "type": "中学校",
    "ward": "江東区",
    "address": "辰巳1丁目10-57",
    "postal_code": "1350053"
   }
  },
  {
   "type": "Feature",
   "geometry": {
    "type": "Point",
    "coordinates": [
     139.814052,
     35.666766
    ]
   },
   "properties": {
    "name": "東陽中学校",
    "type": "中学校",
    "ward": "江東区",
    "address": "東陽2丁目1-8",
    "postal_code": "1350016"
   }
  },
  {
   "type": "Feature",
   "geometry": {
    "type": "Point",
    "coordinates": [
     139.841937,
     35.695357
    ]
   },
   "properties": {
    "name": "亀戸中学校",
    "type": "中学校",
    "ward": "江東区",
    "address": "亀戸9丁目2-2",
    "postal_code": "1360071"
   }
  },
  {
   "type": "Feature",
   "geometry": {
    "type": "Point",
    "coordinates": [
     139.832428,
     35.702617
    ]
   },
   "properties": {
    "name": "第二亀戸中学校",
    "type": "中学校",
    "ward": "江東区",
    "address": "亀戸4丁目51-1",
    "postal_code": "1360071"
   }
  },
  {
   "type": "Feature",
   "geometry": {
    "type": "Point",
    "coordinates": [
     139.821747,
     35.695301
    ]
   },
   "properties": {
    "name": "第三亀戸中学校",
    "type": "中学校",
    "ward": "江東区",
    "address": "亀戸1丁目12-10",
    "postal_code": "1360071"
   }
  },
  {
   "type": "Feature",
   "geometry": {
    "type": "Point",
    "coordinates": [
     139.839903,
     35.686416
    ]
   },
   "properties": {
    "name": "大島中学校",
    "type": "中学校",
    "ward": "江東区",
    "address": "大島8丁目12-22",
    "postal_code": "1360072"
   }
  },
  {
   "type": "Feature",
   "geometry": {
    "type": "Point",
    "coordinates": [
     139.831117,
     35.691653
    ]
   },
   "properties": {
    "name": "第二大島中学校",
    "type": "中学校",
    "ward": "江東区",
    "address": "大島3丁目27-18",
    "postal_code": "1360072"
   }
  },
  {
   "type": "Feature",
   "geometry": {
    "type": "Point",
    "coordinates": [
     139.827739,
     35.686315
    ]
   },
   "properties": {
    "name": "大島西中学校",
    "type": "中学校",
    "ward": "江東区",
    "address": "大島4丁目1-23",
    "postal_code": "1360072"
   }
  },
  {
   "type": "Feature",
   "geometry": {
    "type": "Point",
    "coordinates": [
     139.837159,
     35.685227
    ]
   },
   "properties": {
    "name": "砂町中学校",
    "type": "中学校",
    "ward": "江東区",
    "address": "北砂6丁目16-28",
    "postal_code": "1360073"
   }
  },
  {
   "type": "Feature",
   "geometry": {
    "type": "Point",
    "coordinates": [
     139.839455,
     35.668348
    ]
   },
   "properties": {
    "name": "第二砂町中学校",
    "type": "中学校",
    "ward": "江東区",
    "address": "東砂8丁目10-9",
    "postal_code": "1360074"
   }
  },
  {
   "type": "Feature",
   "geometry": {
    "type": "Point",
    "coordinates": [
     139.829699,
     35.670198
    ]
   },
   "properties": {
    "name": "第三砂町中学校",
    "type": "中学校",
    "ward": "江東区",
    "address": "南砂3丁目10-3",
    "postal_code": "1360076"
   }
  },
  {
   "type": "Feature",
   "geometry": {
    "type": "Point",
    "coordinates": [
     139.831608,
     35.684714
    ]
   },
   "properties": {
    "name": "第四砂町中学校",
    "type": "中学校",
    "ward": "江東区",
    "address": "北砂5丁目20-17",
    "postal_code": "1360073"
   }
  },
  {
   "type": "Feature",
   "geometry": {
    "type": "Point",
    "coordinates": [
     139.823682,
     35.673307
    ]
   },
   "properties": {
    "name": "南砂中学校",
    "type": "中学校",
    "ward": "江東区",
    "address": "南砂2丁目3-20",
    "postal_code": "1360076"
   }
  },
  {
   "type": "Feature",
   "geometry": {
    "type": "Point",
    "coordinates": [
     139.820937,
     35.678156
    ]
   },
   "properties": {
    "name": "第二南砂中学校",
    "type": "中学校",
    "ward": "江東区",
    "address": "南砂1丁目2-18",
    "postal_code": "1360076"
   }
  },
  {
   "type": "Feature",
   "geometry": {
    "type": "Point",
    "coordinates": [
     139.7427322,
     35.61317374
    ]
   },
   "properties": {
    "name": "城南小学校",
    "type": "小学校",
    "ward": "品川区",
    "address": "南品川2-8-21",
    "postal_code": "1400004"
   }
  },
  {
   "type": "Feature",
   "geometry": {
    "type": "Point",
    "coordinates": [
     139.736532,
     35.6114809
    ]
   },
   "properties": {
    "name": "浅間台小学校",
    "type": "小学校",
    "ward": "品川区",
    "address": "南品川6-8-8",
    "postal_code": "1400004"
   }
  },
  {
   "type": "Feature",
   "geometry": {
    "type": "Point",
    "coordinates": [
     139.7268158,
     35.6152914
    ]
   },
   "properties": {
    "name": "三木小学校",
    "type": "小学校",
    "ward": "品川区",
    "address": "西品川3-16-28",
    "postal_code": "1410033"
   }
  },
  {
   "type": "Feature",
   "geometry": {
    "type": "Point",
    "coordinates": [
     139.7461815,
     35.61565968
    ]
   },
   "properties": {
    "name": "城南第二小学校",
    "type": "小学校",
    "ward": "品川区",
    "address": "東品川3-4-5",
    "postal_code": "1400002"
   }
  },
  {
   "type": "Feature",
   "geometry": {
    "type": "Point",
    "coordinates": [
     139.7248065,
     35.61908622
    ]
   },
   "properties": {
    "name": "芳水小学校",
    "type": "小学校",
    "ward": "品川区",
    "address": "大崎3-12-22",
    "postal_code": "1410032"
   }
  },
  {
   "type": "Feature",
   "geometry": {
    "type": "Point",
    "coordinates": [
     139.7242124,
     35.63268084
    ]
   },
   "properties": {
    "name": "第三日野小学校",
    "type": "小学校",
    "ward": "品川区",
    "address": "上大崎1-19-19",
    "postal_code": "1410021"
   }
  },
  {
   "type": "Feature",
   "geometry": {
    "type": "Point",
    "coordinates": [
     139.7125064,
     35.6256563
    ]
   },
   "properties": {
    "name": "第四日野小学校",
    "type": "小学校",
    "ward": "品川区",
    "address": "西五反田4-29-9",
    "postal_code": "1410031"
   }
  },
  {
   "type": "Feature",
   "geometry": {
    "type": "Point",
    "coordinates": [
     139.7312848,
     35.59853695
    ]
   },
   "properties": {
    "name": "大井第一小学校",
    "type": "小学校",
    "ward": "品川区",
    "address": "大井6-1-32",
    "postal_code": "1400014"
   }
  },
  {
   "type": "Feature",
   "geometry": {
    "type": "Point",
    "coordinates": [
     139.7406887,
     35.6014717
    ]
   },
   "properties": {
    "name": "鮫浜小学校",
    "type": "小学校",
    "ward": "品川区",
    "address": "東大井2-10-14",
    "postal_code": "1400011"
   }
  },
  {
   "type": "Feature",
   "geometry": {
    "type": "Point",
    "coordinates": [
     139.7300265,
     35.60306271
    ]
   },
   "properties": {
    "name": "山中小学校",
    "type": "小学校",
    "ward": "品川区",
    "address": "大井3-7-19",
    "postal_code": "1400014"
   }
  },
  {
   "type": "Feature",
   "geometry": {
    "type": "Point",
    "coordinates": [
     139.7398886,
     35.60446196
    ]
   },
   "properties": {
    "name": "立会小学校",
    "type": "小学校",
    "ward": "品川区",
    "address": "東大井4-15-9",
    "postal_code": "1400011"
   }
  },
  {
   "type": "Feature",
   "geometry": {
    "type": "Point",
    "coordinates": [
     139.7358644,
     35.59823201
    ]
   },
   "properties": {
    "name": "浜川小学校",
    "type": "小学校",
    "ward": "品川区",
    "address": "南大井4-3-27",
    "postal_code": "1400013"
   }
  },
  {
   "type": "Feature",
   "geometry": {
    "type": "Point",
    "coordinates": [
     139.7170305,
     35.59867105
    ]
   },
   "properties": {
    "name": "伊藤小学校",
    "type": "小学校",
    "ward": "品川区",
    "address": "西大井5-6-8",
    "postal_code": "1400015"
   }
  },
  {
   "type": "Feature",
   "geometry": {
    "type": "Point",
    "coordinates": [
     139.7352088,
     35.59425917
    ]
   },
   "properties": {
    "name": "鈴ヶ森小学校",
    "type": "小学校",
    "ward": "品川区",
    "address": "南大井4-16-2",
    "postal_code": "1400013"
   }
  },
  {
   "type": "Feature",
   "geometry": {
    "type": "Point",
    "coordinates": [
     139.7437964,
     35.62102655
    ]
   },
   "properties": {
    "name": "台場小学校",
    "type": "小学校",
    "ward": "品川区",
    "address": "東品川1-8-30",
    "postal_code": "1400002"
   }
  },
  {
   "type": "Feature",
   "geometry": {
    "type": "Point",
    "coordinates": [
     139.7131309,
     35.61499504
    ]
   },
   "properties": {
    "name": "京陽小学校",
    "type": "小学校",
    "ward": "品川区",
    "address": "平塚2-19-20",
    "postal_code": "1420051"
   }
  },
  {
   "type": "Feature",
   "geometry": {
    "type": "Point",
    "coordinates": [
     139.7081212,
     35.6090273
    ]
   },
   "properties": {
    "name": "延山小学校",
    "type": "小学校",
    "ward": "品川区",
    "address": "西中延2-17-5",
    "postal_code": "1420054"
   }
  },
  {
   "type": "Feature",
   "geometry": {
    "type": "Point",
    "coordinates": [
     139.709408,
     35.61253726
    ]
   },
   "properties": {
    "name": "中延小学校",
    "type": "小学校",
    "ward": "品川区",
    "address": "中延1-11-15",
    "postal_code": "1420053"
   }
  },
  {
   "type": "Feature",
   "geometry": {
    "type": "Point",
    "coordinates": [
     139.7031277,
     35.61617258
    ]
   },
   "properties": {
    "name": "小山小学校",
    "type": "小学校",
    "ward": "品川区",
    "address": "小山5-10-6",
    "postal_code": "1420062"
   }
  },
  {
   "type": "Feature",
   "geometry": {
    "type": "Point",
    "coordinates": [
     139.7161396,
     35.6071632
    ]
   },
   "properties": {
    "name": "大原小学校",
    "type": "小学校",
    "ward": "品川区",
    "address": "戸越6-17-3",
    "postal_code": "1420041"
   }
  },
  {
   "type": "Feature",
   "geometry": {
    "type": "Point",
    "coordinates": [
     139.7187181,
     35.612102
    ]
   },
   "properties": {
    "name": "宮前小学校",
    "type": "小学校",
    "ward": "品川区",
    "address": "戸越4-5-10",
    "postal_code": "1420041"
   }
  },
  {
   "type": "Feature",
   "geometry": {
    "type": "Point",
    "coordinates": [
     139.7117335,
     35.60325116
    ]
   },
   "properties": {
    "name": "源氏前小学校",
    "type": "小学校",
    "ward": "品川区",
    "address": "中延6-2-18",
    "postal_code": "1420053"
   }
  },
  {
   "type": "Feature",
   "geometry": {
    "type": "Point",
    "coordinates": [
     139.7034064,
     35.61002798
    ]
   },
   "properties": {
    "name": "第二延山小学校",
    "type": "小学校",
    "ward": "品川区",
    "address": "旗の台1-6-1",
    "postal_code": "1420064"
   }
  },
  {
   "type": "Feature",
   "geometry": {
    "type": "Point",
    "coordinates": [
     139.708533,
     35.62158712
    ]
   },
   "properties": {
    "name": "後地小学校",
    "type": "小学校",
    "ward": "品川区",
    "address": "小山2-4-6",
    "postal_code": "1420062"
   }
  },
  {
   "type": "Feature",
   "geometry": {
    "type": "Point",
    "coordinates": [
     139.7213296,
     35.61111555
    ]
   },
   "properties": {
    "name": "戸越小学校",
    "type": "小学校",
    "ward": "品川区",
    "address": "豊町2-1-20",
    "postal_code": "1420042"
   }
  },
  {
   "type": "Feature",
   "geometry": {
    "type": "Point",
    "coordinates": [
     139.7041631,
     35.60333612
    ]
   },
   "properties": {
    "name": "旗台小学校",
    "type": "小学校",
    "ward": "品川区",
    "address": "旗の台4-7-11",
    "postal_code": "1420064"
   }
  },
  {
   "type": "Feature",
   "geometry": {
    "type": "Point",
    "coordinates": [
     139.7152969,
     35.60299754
    ]
   },
   "properties": {
    "name": "上神明小学校",
    "type": "小学校",
    "ward": "品川区",
    "address": "二葉4-4-10",
    "postal_code": "1420043"
   }
  },
  {
   "type": "Feature",
   "geometry": {
    "type": "Point",
    "coordinates": [
     139.7026372,
     35.60739376
    ]
   },
   "properties": {
    "name": "清水台小学校",
    "type": "小学校",
    "ward": "品川区",
    "address": "旗の台1-11-17",
    "postal_code": "1420064"
   }
  },
  {
   "type": "Feature",
   "geometry": {
    "type": "Point",
    "coordinates": [
     139.7032153,
     35.62285758
    ]
   },
   "properties": {
    "name": "小山台小学校",
    "type": "小学校",
    "ward": "品川区",
    "address": "小山台1-18-24",
    "postal_code": "1420061"
   }
  },
  {
   "type": "Feature",
   "geometry": {
    "type": "Point",
    "coordinates": [
     139.7162216,
     35.62238661
    ]
   },
   "properties": {
    "name": "第一日野小学校",
    "type": "小学校",
    "ward": "品川区",
    "address": "西五反田6-5-32",
    "postal_code": "1410031"
   }
  },
  {
   "type": "Feature",
   "geometry": {
    "type": "Point",
    "coordinates": [
     139.7323506,
     35.6233162
    ]
   },
   "properties": {
    "name": "御殿山小学校",
    "type": "小学校",
    "ward": "品川区",
    "address": "北品川5-2-6",
    "postal_code": "1410001"
   }
  },
  {
   "type": "Feature",
   "geometry": {
    "type": "Point",
    "coordinates": [
     139.7492204,
     35.61245923
    ]
   },
   "properties": {
    "name": "東海中学校",
    "type": "中学校",
    "ward": "品川区",
    "address": "東品川3-30-15",
    "postal_code": "1400002"
   }
  },
  {
   "type": "Feature",
   "geometry": {
    "type": "Point",
    "coordinates": [
     139.7227275,
     35.61553497
    ]
   },
   "properties": {
    "name": "大崎中学校",
    "type": "中学校",
    "ward": "品川区",
    "address": "西品川3-10-6",
    "postal_code": "1410033"
   }
  },
  {
   "type": "Feature",
   "geometry": {
    "type": "Point",
    "coordinates": [
     139.7382919,
     35.60021772
    ]
   },
   "properties": {
    "name": "浜川中学校",
    "type": "中学校",
    "ward": "品川区",
    "address": "東大井3-18-34",
    "postal_code": "1400011"
   }
  },
  {
   "type": "Feature",
   "geometry": {
    "type": "Point",
    "coordinates": [
     139.7378643,
     35.59285749
    ]
   },
   "properties": {
    "name": "鈴ヶ森中学校",
    "type": "中学校",
    "ward": "品川区",
    "address": "南大井2-3-14",
    "postal_code": "1400013"
   }
  },
  {
   "type": "Feature",
   "geometry": {
    "type": "Point",
    "coordinates": [
     139.7154348,
     35.59829894
    ]
   },
   "properties": {
    "name": "冨士見台中学校",
    "type": "中学校",
    "ward": "品川区",
    "address": "西大井5-5-14",
    "postal_code": "1400015"
   }
  },
  {
   "type": "Feature",
   "geometry": {
    "type": "Point",
    "coordinates": [
     139.7128405,
     35.61945055
    ]
   },
   "properties": {
    "name": "荏原第一中学校",
    "type": "中学校",
    "ward": "品川区",
    "address": "荏原1-24-30",
    "postal_code": "1420063"
   }
  },
  {
   "type": "Feature",
   "geometry": {
    "type": "Point",
    "coordinates": [
     139.7019616,
     35.60330544
    ]
   },
   "properties": {
    "name": "荏原第五中学校",
    "type": "中学校",
    "ward": "品川区",
    "address": "旗の台5-11-13",
    "postal_code": "1420064"
   }
  },
  {
   "type": "Feature",
   "geometry": {
    "type": "Point",
    "coordinates": [
     139.699938,
     35.61643103
    ]
   },
   "properties": {
    "name": "荏原第六中学校",
    "type": "中学校",
    "ward": "品川区",
    "address": "小山5-20-19",
    "postal_code": "1420062"
   }
  },
  {
   "type": "Feature",
   "geometry": {
    "type": "Point",
    "coordinates": [
     139.7176744,
     35.61552698
    ]
   },
   "properties": {
    "name": "戸越台中学校",
    "type": "中学校",
    "ward": "品川区",
    "address": "戸越1-15-23",
    "postal_code": "1420041"
   }
  },
  {
   "type": "Feature",
   "geometry": {
    "type": "Point",
    "coordinates": [
     139.637639,
     35.654995
    ]
   },
   "properties": {
    "name": "赤堤",
    "type": "小学校",
    "ward": "世田谷区",
    "address": "赤堤1丁目41-24",
    "postal_code": "1560044"
   }
  },
  {
   "type": "Feature",
   "geometry": {
    "type": "Point",
    "coordinates": [
     139.670295,
     35.635347
    ]
   },
   "properties": {
    "name": "旭",
    "type": "小学校",
    "ward": "世田谷区",
    "address": "野沢1丁目4-3",
    "postal_code": "1540003"
   }
  },
  {
   "type": "Feature",
   "geometry": {
    "type": "Point",
    "coordinates": [
     139.679688,
     35.646017
    ]
   },
   "properties": {
    "name": "池尻",
    "type": "小学校",
    "ward": "世田谷区",
    "address": "池尻2丁目4-10",
    "postal_code": "1540001"
   }
  },
  {
   "type": "Feature",
   "geometry": {
    "type": "Point",
    "coordinates": [
     139.673477,
     35.660202
    ]
   },
   "properties": {
    "name": "池之上",
    "type": "小学校",
    "ward": "世田谷区",
    "address": "代沢2丁目42-15",
    "postal_code": "1550032"
   }
  },
  {
   "type": "Feature",
   "geometry": {
    "type": "Point",
    "coordinates": [
     139.674963,
     35.599811
    ]
   },
   "properties": {
    "name": "奥沢",
    "type": "小学校",
    "ward": "世田谷区",
    "address": "奥沢3丁目1-1",
    "postal_code": "1580083"
   }
  },
  {
   "type": "Feature",
   "geometry": {
    "type": "Point",
    "coordinates": [
     139.654348,
     35.604594
    ]
   },
   "properties": {
    "name": "尾山台",
    "type": "小学校",
    "ward": "世田谷区",
    "address": "尾山台3丁目11-1",
    "postal_code": "1580086"
   }
  },
  {
   "type": "Feature",
   "geometry": {
    "type": "Point",
    "coordinates": [
     139.621265,
     35.669986
    ]
   },
   "properties": {
    "name": "上北沢",
    "type": "小学校",
    "ward": "世田谷区",
    "address": "上北沢4丁目22-29",
    "postal_code": "1560057"
   }
  },
  {
   "type": "Feature",
   "geometry": {
    "type": "Point",
    "coordinates": [
     139.592796,
     35.663523
    ]
   },
   "properties": {
    "name": "烏山",
    "type": "小学校",
    "ward": "世田谷区",
    "address": "給田1丁目2-1",
    "postal_code": "1570064"
   }
  },
  {
   "type": "Feature",
   "geometry": {
    "type": "Point",
    "coordinates": [
     139.599607,
     35.673875
    ]
   },
   "properties": {
    "name": "烏山北",
    "type": "小学校",
    "ward": "世田谷区",
    "address": "北烏山6丁目3-1",
    "postal_code": "1570061"
   }
  },
  {
   "type": "Feature",
   "geometry": {
    "type": "Point",
    "coordinates": [
     139.601465,
     35.62602
    ]
   },
   "properties": {
    "name": "喜多見",
    "type": "小学校",
    "ward": "世田谷区",
    "address": "喜多見3丁目11-1",
    "postal_code": "1570067"
   }
  },
  {
   "type": "Feature",
   "geometry": {
    "type": "Point",
    "coordinates": [
     139.605322,
     35.631758
    ]
   },
   "properties": {
    "name": "砧",
    "type": "小学校",
    "ward": "世田谷区",
    "address": "喜多見6丁目9-1",
    "postal_code": "1570067"
   }
  },
  {
   "type": "Feature",
   "geometry": {
    "type": "Point",
    "coordinates": [
     139.612398,
     35.622533
    ]
   },
   "properties": {
    "name": "砧南",
    "type": "小学校",
    "ward": "世田谷区",
    "address": "鎌田4丁目3-1",
    "postal_code": "1570077"
   }
  },
  {
   "type": "Feature",
   "geometry": {
    "type": "Point",
    "coordinates": [
     139.621645,
     35.656542
    ]
   },
   "properties": {
    "name": "希望丘",
    "type": "小学校",
    "ward": "世田谷区",
    "address": "船橋4丁目9-1",
    "postal_code": "1560055"
   }
  },
  {
   "type": "Feature",
   "geometry": {
    "type": "Point",
    "coordinates": [
     139.59236,
     35.671169
    ]
   },
   "properties": {
    "name": "給田",
    "type": "小学校",
    "ward": "世田谷区",
    "address": "給田4丁目24-1",
    "postal_code": "1570064"
   }
  },
  {
   "type": "Feature",
   "geometry": {
    "type": "Point",
    "coordinates": [
     139.631336,
     35.628925
    ]
   },
   "properties": {
    "name": "京西",
    "type": "小学校",
    "ward": "世田谷区",
    "address": "用賀4丁目27-4",
    "postal_code": "1580097"
   }
  },
  {
   "type": "Feature",
   "geometry": {
    "type": "Point",
    "coordinates": [
     139.631009,
     35.65626
    ]
   },
   "properties": {
    "name": "経堂",
    "type": "小学校",
    "ward": "世田谷区",
    "address": "桜上水1丁目23-3",
    "postal_code": "1560045"
   }
  },
  {
   "type": "Feature",
   "geometry": {
    "type": "Point",
    "coordinates": [
     139.660136,
     35.603254
    ]
   },
   "properties": {
    "name": "九品仏",
    "type": "小学校",
    "ward": "世田谷区",
    "address": "奥沢8丁目12-1",
    "postal_code": "1580083"
   }
  },
  {
   "type": "Feature",
   "geometry": {
    "type": "Point",
    "coordinates": [
     139.657882,
     35.632995
    ]
   },
   "properties": {
    "name": "駒沢",
    "type": "小学校",
    "ward": "世田谷区",
    "address": "駒沢2丁目10-6",
    "postal_code": "1540012"
   }
  },
  {
   "type": "Feature",
   "geometry": {
    "type": "Point",
    "coordinates": [
     139.680573,
     35.640334
    ]
   },
   "properties": {
    "name": "駒繋",
    "type": "小学校",
    "ward": "世田谷区",
    "address": "下馬1丁目42-12",
    "postal_code": "1540002"
   }
  },
  {
   "type": "Feature",
   "geometry": {
    "type": "Point",
    "coordinates": [
     139.645326,
     35.642947
    ]
   },
   "properties": {
    "name": "桜",
    "type": "小学校",
    "ward": "世田谷区",
    "address": "世田谷2丁目4-15",
    "postal_code": "1540017"
   }
  },
  {
   "type": "Feature",
   "geometry": {
    "type": "Point",
    "coordinates": [
     139.631207,
     35.644661
    ]
   },
   "properties": {
    "name": "桜丘",
    "type": "小学校",
    "ward": "世田谷区",
    "address": "桜丘1丁目19-17",
    "postal_code": "1560054"
   }
  },
  {
   "type": "Feature",
   "geometry": {
    "type": "Point",
    "coordinates": [
     139.642272,
     35.624541
    ]
   },
   "properties": {
    "name": "桜町",
    "type": "小学校",
    "ward": "世田谷区",
    "address": "用賀1丁目5-1",
    "postal_code": "1580097"
   }
  },
  {
   "type": "Feature",
   "geometry": {
    "type": "Point",
    "coordinates": [
     139.621223,
     35.645241
    ]
   },
   "properties": {
    "name": "笹原",
    "type": "小学校",
    "ward": "世田谷区",
    "address": "桜丘5丁目19-1",
    "postal_code": "1560054"
   }
  },
  {
   "type": "Feature",
   "geometry": {
    "type": "Point",
    "coordinates": [
     139.66318,
     35.64045
    ]
   },
   "properties": {
    "name": "三軒茶屋",
    "type": "小学校",
    "ward": "世田谷区",
    "address": "三軒茶屋2丁目42-1",
    "postal_code": "1540024"
   }
  },
  {
   "type": "Feature",
   "geometry": {
    "type": "Point",
    "coordinates": [
     139.664574,
     35.666752
    ]
   },
   "properties": {
    "name": "下北沢",
    "type": "小学校",
    "ward": "世田谷区",
    "address": "大原1丁目4-6",
    "postal_code": "1560041"
   }
  },
  {
   "type": "Feature",
   "geometry": {
    "type": "Point",
    "coordinates": [
     139.650584,
     35.648666
    ]
   },
   "properties": {
    "name": "城山",
    "type": "小学校",
    "ward": "世田谷区",
    "address": "梅丘2丁目1-11",
    "postal_code": "1540022"
   }
  },
  {
   "type": "Feature",
   "geometry": {
    "type": "Point",
    "coordinates": [
     139.631281,
     35.618205
    ]
   },
   "properties": {
    "name": "瀬田",
    "type": "小学校",
    "ward": "世田谷区",
    "address": "瀬田2丁目15-1",
    "postal_code": "1580095"
   }
  },
  {
   "type": "Feature",
   "geometry": {
    "type": "Point",
    "coordinates": [
     139.644801,
     35.649871
    ]
   },
   "properties": {
    "name": "世田谷",
    "type": "小学校",
    "ward": "世田谷区",
    "address": "宮坂1丁目38-4",
    "postal_code": "1560051"
   }
  },
  {
   "type": "Feature",
   "geometry": {
    "type": "Point",
    "coordinates": [
     139.604366,
     35.645016
    ]
   },
   "properties": {
    "name": "祖師谷",
    "type": "小学校",
    "ward": "世田谷区",
    "address": "祖師谷3丁目49-1",
    "postal_code": "1570072"
   }
  },
  {
   "type": "Feature",
   "geometry": {
    "type": "Point",
    "coordinates": [
     139.667836,
     35.655009
    ]
   },
   "properties": {
    "name": "代沢",
    "type": "小学校",
    "ward": "世田谷区",
    "address": "代沢5丁目1-10",
    "postal_code": "1550032"
   }
  },
  {
   "type": "Feature",
   "geometry": {
    "type": "Point",
    "coordinates": [
     139.666771,
     35.646497
    ]
   },
   "properties": {
    "name": "太子堂",
    "type": "小学校",
    "ward": "世田谷区",
    "address": "太子堂5丁目7-4",
    "postal_code": "1540004"
   }
  },
  {
   "type": "Feature",
   "geometry": {
    "type": "Point",
    "coordinates": [
     139.658523,
     35.658484
    ]
   },
   "properties": {
    "name": "代田",
    "type": "小学校",
    "ward": "世田谷区",
    "address": "代田4丁目2-3",
    "postal_code": "1550033"
   }
  },
  {
   "type": "Feature",
   "geometry": {
    "type": "Point",
    "coordinates": [
     139.643315,
     35.610527
    ]
   },
   "properties": {
    "name": "玉川",
    "type": "小学校",
    "ward": "世田谷区",
    "address": "中町2丁目29-1",
    "postal_code": "1580091"
   }
  },
  {
   "type": "Feature",
   "geometry": {
    "type": "Point",
    "coordinates": [
     139.64761,
     35.599886
    ]
   },
   "properties": {
    "name": "玉堤",
    "type": "小学校",
    "ward": "世田谷区",
    "address": "玉堤2丁目11-1",
    "postal_code": "1580087"
   }
  },
  {
   "type": "Feature",
   "geometry": {
    "type": "Point",
    "coordinates": [
     139.673884,
     35.652607
    ]
   },
   "properties": {
    "name": "多聞",
    "type": "小学校",
    "ward": "世田谷区",
    "address": "三宿2丁目26-11",
    "postal_code": "1540005"
   }
  },
  {
   "type": "Feature",
   "geometry": {
    "type": "Point",
    "coordinates": [
     139.597566,
     35.651459
    ]
   },
   "properties": {
    "name": "千歳",
    "type": "小学校",
    "ward": "世田谷区",
    "address": "成城9丁目6-1",
    "postal_code": "1570066"
   }
  },
  {
   "type": "Feature",
   "geometry": {
    "type": "Point",
    "coordinates": [
     139.613207,
     35.658596
    ]
   },
   "properties": {
    "name": "千歳台",
    "type": "小学校",
    "ward": "世田谷区",
    "address": "千歳台4丁目24-1",
    "postal_code": "1570071"
   }
  },
  {
   "type": "Feature",
   "geometry": {
    "type": "Point",
    "coordinates": [
     139.607379,
     35.656894
    ]
   },
   "properties": {
    "name": "塚戸",
    "type": "小学校",
    "ward": "世田谷区",
    "address": "千歳台6丁目7-1",
    "postal_code": "1570071"
   }
  },
  {
   "type": "Feature",
   "geometry": {
    "type": "Point",
    "coordinates": [
     139.652773,
     35.639706
    ]
   },
   "properties": {
    "name": "弦巻",
    "type": "小学校",
    "ward": "世田谷区",
    "address": "弦巻1丁目9-18",
    "postal_code": "1540016"
   }
  },
  {
   "type": "Feature",
   "geometry": {
    "type": "Point",
    "coordinates": [
     139.653677,
     35.616488
    ]
   },
   "properties": {
    "name": "等々力",
    "type": "小学校",
    "ward": "世田谷区",
    "address": "等々力7丁目26-1",
    "postal_code": "1580082"
   }
  },
  {
   "type": "Feature",
   "geometry": {
    "type": "Point",
    "coordinates": [
     139.673641,
     35.63971
    ]
   },
   "properties": {
    "name": "中里",
    "type": "小学校",
    "ward": "世田谷区",
    "address": "三軒茶屋1丁目4-1",
    "postal_code": "1540024"
   }
  },
  {
   "type": "Feature",
   "geometry": {
    "type": "Point",
    "coordinates": [
     139.642866,
     35.617215
    ]
   },
   "properties": {
    "name": "中町",
    "type": "小学校",
    "ward": "世田谷区",
    "address": "中町4丁目23-1",
    "postal_code": "1580091"
   }
  },
  {
   "type": "Feature",
   "geometry": {
    "type": "Point",
    "coordinates": [
     139.673238,
     35.632306
    ]
   },
   "properties": {
    "name": "中丸",
    "type": "小学校",
    "ward": "世田谷区",
    "address": "野沢3丁目34-16",
    "postal_code": "1540003"
   }
  },
  {
   "type": "Feature",
   "geometry": {
    "type": "Point",
    "coordinates": [
     139.621705,
     35.662083
    ]
   },
   "properties": {
    "name": "八幡山",
    "type": "小学校",
    "ward": "世田谷区",
    "address": "八幡山1丁目14-1",
    "postal_code": "1560056"
   }
  },
  {
   "type": "Feature",
   "geometry": {
    "type": "Point",
    "coordinates": [
     139.680451,
     35.59855
    ]
   },
   "properties": {
    "name": "東玉川",
    "type": "小学校",
    "ward": "世田谷区",
    "address": "奥沢1丁目1-1",
    "postal_code": "1580083"
   }
  },
  {
   "type": "Feature",
   "geometry": {
    "type": "Point",
    "coordinates": [
     139.658588,
     35.618192
    ]
   },
   "properties": {
    "name": "東深沢",
    "type": "小学校",
    "ward": "世田谷区",
    "address": "深沢3丁目7-1",
    "postal_code": "1580081"
   }
  },
  {
   "type": "Feature",
   "geometry": {
    "type": "Point",
    "coordinates": [
     139.651579,
     35.627316
    ]
   },
   "properties": {
    "name": "深沢",
    "type": "小学校",
    "ward": "世田谷区",
    "address": "新町1丁目4-24",
    "postal_code": "1540014"
   }
  },
  {
   "type": "Feature",
   "geometry": {
    "type": "Point",
    "coordinates": [
     139.626179,
     35.616405
    ]
   },
   "properties": {
    "name": "二子玉川",
    "type": "小学校",
    "ward": "世田谷区",
    "address": "玉川4丁目6-1",
    "postal_code": "1580094"
   }
  },
  {
   "type": "Feature",
   "geometry": {
    "type": "Point",
    "coordinates": [
     139.617017,
     35.653263
    ]
   },
   "properties": {
    "name": "船橋",
    "type": "小学校",
    "ward": "世田谷区",
    "address": "船橋4丁目41-1",
    "postal_code": "1560055"
   }
  },
  {
   "type": "Feature",
   "geometry": {
    "type": "Point",
    "coordinates": [
     139.64428,
     35.638849
    ]
   },
   "properties": {
    "name": "松丘",
    "type": "小学校",
    "ward": "世田谷区",
    "address": "弦巻3丁目23-12",
    "postal_code": "1540016"
   }
  },
  {
   "type": "Feature",
   "geometry": {
    "type": "Point",
    "coordinates": [
     139.639417,
     35.665525
    ]
   },
   "properties": {
    "name": "松沢",
    "type": "小学校",
    "ward": "世田谷区",
    "address": "赤堤4丁目44-22",
    "postal_code": "1560044"
   }
  },
  {
   "type": "Feature",
   "geometry": {
    "type": "Point",
    "coordinates": [
     139.651085,
     35.663943
    ]
   },
   "properties": {
    "name": "松原",
    "type": "小学校",
    "ward": "世田谷区",
    "address": "松原5丁目43-26",
    "postal_code": "1560043"
   }
  },
  {
   "type": "Feature",
   "geometry": {
    "type": "Point",
    "coordinates": [
     139.676469,
     35.648145
    ]
   },
   "properties": {
    "name": "三宿",
    "type": "小学校",
    "ward": "世田谷区",
    "address": "三宿1丁目12-6",
    "postal_code": "1540005"
   }
  },
  {
   "type": "Feature",
   "geometry": {
    "type": "Point",
    "coordinates": [
     139.605509,
     35.677167
    ]
   },
   "properties": {
    "name": "武蔵丘",
    "type": "小学校",
    "ward": "世田谷区",
    "address": "北烏山1丁目47-11",
    "postal_code": "1570061"
   }
  },
  {
   "type": "Feature",
   "geometry": {
    "type": "Point",
    "coordinates": [
     139.599086,
     35.635478
    ]
   },
   "properties": {
    "name": "明正",
    "type": "小学校",
    "ward": "世田谷区",
    "address": "成城3丁目3-1",
    "postal_code": "1570066"
   }
  },
  {
   "type": "Feature",
   "geometry": {
    "type": "Point",
    "coordinates": [
     139.666951,
     35.602786
    ]
   },
   "properties": {
    "name": "八幡",
    "type": "小学校",
    "ward": "世田谷区",
    "address": "玉川田園調布2丁目17-15",
    "postal_code": "1580085"
   }
  },
  {
   "type": "Feature",
   "geometry": {
    "type": "Point",
    "coordinates": [
     139.655256,
     35.65141
    ]
   },
   "properties": {
    "name": "山崎",
    "type": "小学校",
    "ward": "世田谷区",
    "address": "梅丘3丁目9-1",
    "postal_code": "1540022"
   }
  },
  {
   "type": "Feature",
   "geometry": {
    "type": "Point",
    "coordinates": [
     139.613257,
     35.643421
    ]
   },
   "properties": {
    "name": "山野",
    "type": "小学校",
    "ward": "世田谷区",
    "address": "砧6丁目7-1",
    "postal_code": "1570073"
   }
  },
  {
   "type": "Feature",
   "geometry": {
    "type": "Point",
    "coordinates": [
     139.626389,
     35.636217
    ]
   },
   "properties": {
    "name": "用賀",
    "type": "小学校",
    "ward": "世田谷区",
    "address": "上用賀6丁目14-1",
    "postal_code": "1580098"
   }
  },
  {
   "type": "Feature",
   "geometry": {
    "type": "Point",
    "coordinates": [
     139.611634,
     35.666136
    ]
   },
   "properties": {
    "name": "芦花",
    "type": "小学校",
    "ward": "世田谷区",
    "address": "粕谷2丁目22-1",
    "postal_code": "1570063"
   }
  },
  {
   "type": "Feature",
   "geometry": {
    "type": "Point",
    "coordinates": [
     139.657306,
     35.649356
    ]
   },
   "properties": {
    "name": "若林",
    "type": "小学校",
    "ward": "世田谷区",
    "address": "若林5丁目27-18",
    "postal_code": "1540023"
   }
  },
  {
   "type": "Feature",
   "geometry": {
    "type": "Point",
    "coordinates": [
     139.652254,
     35.658793
    ]
   },
   "properties": {
    "name": "梅丘",
    "type": "中学校",
    "ward": "世田谷区",
    "address": "松原6丁目5-11",
    "postal_code": "1560043"
   }
  },
  {
   "type": "Feature",
   "geometry": {
    "type": "Point",
    "coordinates": [
     139.679523,
     35.60278
    ]
   },
   "properties": {
    "name": "奥沢",
    "type": "中学校",
    "ward": "世田谷区",
    "address": "奥沢1丁目42-1",
    "postal_code": "1580083"
   }
  },
  {
   "type": "Feature",
   "geometry": {
    "type": "Point",
    "coordinates": [
     139.656019,
     35.60585
    ]
   },
   "properties": {
    "name": "尾山台",
    "type": "中学校",
    "ward": "世田谷区",
    "address": "尾山台3丁目27-23",
    "postal_code": "1580086"
   }
  },
  {
   "type": "Feature",
   "geometry": {
    "type": "Point",
    "coordinates": [
     139.59319,
     35.66019
    ]
   },
   "properties": {
    "name": "上祖師谷",
    "type": "中学校",
    "ward": "世田谷区",
    "address": "上祖師谷7丁目10-1",
    "postal_code": "1570065"
   }
  },
  {
   "type": "Feature",
   "geometry": {
    "type": "Point",
    "coordinates": [
     139.600926,
     35.672001
    ]
   },
   "properties": {
    "name": "烏山",
    "type": "中学校",
    "ward": "世田谷区",
    "address": "南烏山4丁目26-1",
    "postal_code": "1570062"
   }
  },
  {
   "type": "Feature",
   "geometry": {
    "type": "Point",
    "coordinates": [
     139.667145,
     35.66936
    ]
   },
   "properties": {
    "name": "北沢",
    "type": "中学校",
    "ward": "世田谷区",
    "address": "北沢5丁目12-3",
    "postal_code": "1550031"
   }
  },
  {
   "type": "Feature",
   "geometry": {
    "type": "Point",
    "coordinates": [
     139.594061,
     35.625843
    ]
   },
   "properties": {
    "name": "喜多見",
    "type": "中学校",
    "ward": "世田谷区",
    "address": "喜多見4丁目20-1",
    "postal_code": "1570067"
   }
  },
  {
   "type": "Feature",
   "geometry": {
    "type": "Point",
    "coordinates": [
     139.601278,
     35.633591
    ]
   },
   "properties": {
    "name": "砧",
    "type": "中学校",
    "ward": "世田谷区",
    "address": "成城1丁目10-1",
    "postal_code": "1570066"
   }
  },
  {
   "type": "Feature",
   "geometry": {
    "type": "Point",
    "coordinates": [
     139.613158,
     35.621237
    ]
   },
   "properties": {
    "name": "砧南",
    "type": "中学校",
    "ward": "世田谷区",
    "address": "鎌田3丁目13-20",
    "postal_code": "1570077"
   }
  },
  {
   "type": "Feature",
   "geometry": {
    "type": "Point",
    "coordinates": [
     139.655929,
     35.636447
    ]
   },
   "properties": {
    "name": "駒沢",
    "type": "中学校",
    "ward": "世田谷区",
    "address": "駒沢2丁目39-25",
    "postal_code": "1540012"
   }
  },
  {
   "type": "Feature",
   "geometry": {
    "type": "Point",
    "coordinates": [
     139.678511,
     35.637549
    ]
   },
   "properties": {
    "name": "駒留",
    "type": "中学校",
    "ward": "世田谷区",
    "address": "下馬4丁目18-1",
    "postal_code": "1540002"
   }
  },
  {
   "type": "Feature",
   "geometry": {
    "type": "Point",
    "coordinates": [
     139.629918,
     35.643142
    ]
   },
   "properties": {
    "name": "桜丘",
    "type": "中学校",
    "ward": "世田谷区",
    "address": "桜丘2丁目1-39",
    "postal_code": "1560054"
   }
  },
  {
   "type": "Feature",
   "geometry": {
    "type": "Point",
    "coordinates": [
     139.642373,
     35.645696
    ]
   },
   "properties": {
    "name": "桜木",
    "type": "中学校",
    "ward": "世田谷区",
    "address": "桜1丁目48-15",
    "postal_code": "1560053"
   }
  },
  {
   "type": "Feature",
   "geometry": {
    "type": "Point",
    "coordinates": [
     139.633478,
     35.61837
    ]
   },
   "properties": {
    "name": "瀬田",
    "type": "中学校",
    "ward": "世田谷区",
    "address": "瀬田2丁目17-1",
    "postal_code": "1580095"
   }
  },
  {
   "type": "Feature",
   "geometry": {
    "type": "Point",
    "coordinates": [
     139.654937,
     35.650469
    ]
   },
   "properties": {
    "name": "世田谷",
    "type": "中学校",
    "ward": "世田谷区",
    "address": "梅丘3丁目8-1",
    "postal_code": "1540022"
   }
  },
  {
   "type": "Feature",
   "geometry": {
    "type": "Point",
    "coordinates": [
     139.668966,
     35.650179
    ]
   },
   "properties": {
    "name": "太子堂",
    "type": "中学校",
    "ward": "世田谷区",
    "address": "太子堂3丁目27-17",
    "postal_code": "1540004"
   }
  },
  {
   "type": "Feature",
   "geometry": {
    "type": "Point",
    "coordinates": [
     139.643537,
     35.616941
    ]
   },
   "properties": {
    "name": "玉川",
    "type": "中学校",
    "ward": "世田谷区",
    "address": "中町4丁目21-1",
    "postal_code": "1580091"
   }
  },
  {
   "type": "Feature",
   "geometry": {
    "type": "Point",
    "coordinates": [
     139.60616,
     35.658435
    ]
   },
   "properties": {
    "name": "千歳",
    "type": "中学校",
    "ward": "世田谷区",
    "address": "千歳台6丁目15-1",
    "postal_code": "1570071"
   }
  },
  {
   "type": "Feature",
   "geometry": {
    "type": "Point",
    "coordinates": [
     139.649398,
     35.637328
    ]
   },
   "properties": {
    "name": "弦巻",
    "type": "中学校",
    "ward": "世田谷区",
    "address": "弦巻1丁目42-22",
    "postal_code": "1540016"
   }
  },
  {
   "type": "Feature",
   "geometry": {
    "type": "Point",
    "coordinates": [
     139.65376,
     35.618849
    ]
   },
   "properties": {
    "name": "東深沢",
    "type": "中学校",
    "ward": "世田谷区",
    "address": "深沢4丁目18-28",
    "postal_code": "1580081"
   }
  },
  {
   "type": "Feature",
   "geometry": {
    "type": "Point",
    "coordinates": [
     139.648346,
     35.626629
    ]
   },
   "properties": {
    "name": "深沢",
    "type": "中学校",
    "ward": "世田谷区",
    "address": "新町1丁目26-29",
    "postal_code": "1540014"
   }
  },
  {
   "type": "Feature",
   "geometry": {
    "type": "Point",
    "coordinates": [
     139.6776,
     35.657022
    ]
   },
   "properties": {
    "name": "富士",
    "type": "中学校",
    "ward": "世田谷区",
    "address": "代沢1丁目23-17",
    "postal_code": "1550032"
   }
  },
  {
   "type": "Feature",
   "geometry": {
    "type": "Point",
    "coordinates": [
     139.618876,
     35.655799
    ]
   },
   "properties": {
    "name": "船橋希望",
    "type": "中学校",
    "ward": "世田谷区",
    "address": "船橋4丁目20-1",
    "postal_code": "1560055"
   }
  },
  {
   "type": "Feature",
   "geometry": {
    "type": "Point",
    "coordinates": [
     139.634627,
     35.665844
    ]
   },
   "properties": {
    "name": "松沢",
    "type": "中学校",
    "ward": "世田谷区",
    "address": "桜上水4丁目5-2",
    "postal_code": "1560045"
   }
  },
  {
   "type": "Feature",
   "geometry": {
    "type": "Point",
    "coordinates": [
     139.677865,
     35.645556
    ]
   },
   "properties": {
    "name": "三宿",
    "type": "中学校",
    "ward": "世田谷区",
    "address": "太子堂1丁目3-43",
    "postal_code": "1540004"
   }
  },
  {
   "type": "Feature",
   "geometry": {
    "type": "Point",
    "coordinates": [
     139.677865,
     35.645556
    ]
   },
   "properties": {
    "name": "三宿（夜間学級）",
    "type": "中学校",
    "ward": "世田谷区",
    "address": "太子堂1丁目3-43",
    "postal_code": "1540004"
   }
  },
  {
   "type": "Feature",
   "geometry": {
    "type": "Point",
    "coordinates": [
     139.63134,
     35.661482
    ]
   },
   "properties": {
    "name": "緑丘",
    "type": "中学校",
    "ward": "世田谷区",
    "address": "桜上水3丁目19-12",
    "postal_code": "1560045"
   }
  },
  {
   "type": "Feature",
   "geometry": {
    "type": "Point",
    "coordinates": [
     139.661687,
     35.610716
    ]
   },
   "properties": {
    "name": "八幡",
    "type": "中学校",
    "ward": "世田谷区",
    "address": "等々力6丁目4-1",
    "postal_code": "1580082"
   }
  },
  {
   "type": "Feature",
   "geometry": {
    "type": "Point",
    "coordinates": [
     139.626791,
     35.630155
    ]
   },
   "properties": {
    "name": "用賀",
    "type": "中学校",
    "ward": "世田谷区",
    "address": "上用賀5丁目15-1",
    "postal_code": "1580098"
   }
  },
  {
   "type": "Feature",
   "geometry": {
    "type": "Point",
    "coordinates": [
     139.610567,
     35.666579
    ]
   },
   "properties": {
    "name": "芦花",
    "type": "中学校",
    "ward": "世田谷区",
    "address": "粕谷2丁目22-2",
    "postal_code": "1570063"
   }
  },
  {
   "type": "Feature",
   "geometry": {
    "type": "Point",
    "coordinates": [
     139.676803,
     35.736695
    ]
   },
   "properties": {
    "name": "旭丘小学校",
    "type": "小学校",
    "ward": "練馬区",
    "address": "旭丘2丁目21-1",
    "postal_code": "1760005"
   }
  },
  {
   "type": "Feature",
   "geometry": {
    "type": "Point",
    "coordinates": [
     139.679836,
     35.744098
    ]
   },
   "properties": {
    "name": "小竹小学校",
    "type": "小学校",
    "ward": "練馬区",
    "address": "小竹町2丁目6-7",
    "postal_code": "1760004"
   }
  },
  {
   "type": "Feature",
   "geometry": {
    "type": "Point",
    "coordinates": [
     139.671278,
     35.747817
    ]
   },
   "properties": {
    "name": "開進第四小学校",
    "type": "小学校",
    "ward": "練馬区",
    "address": "羽沢2丁目33-1",
    "postal_code": "1760003"
   }
  },
  {
   "type": "Feature",
   "geometry": {
    "type": "Point",
    "coordinates": [
     139.66169,
     35.737421
    ]
   },
   "properties": {
    "name": "豊玉第二小学校",
    "type": "小学校",
    "ward": "練馬区",
    "address": "豊玉上2丁目16-1",
    "postal_code": "1760011"
   }
  },
  {
   "type": "Feature",
   "geometry": {
    "type": "Point",
    "coordinates": [
     139.652217,
     35.732943
    ]
   },
   "properties": {
    "name": "豊玉小学校",
    "type": "小学校",
    "ward": "練馬区",
    "address": "豊玉中4丁目2-20",
    "postal_code": "1760013"
   }
  },
  {
   "type": "Feature",
   "geometry": {
    "type": "Point",
    "coordinates": [
     139.656025,
     35.727679
    ]
   },
   "properties": {
    "name": "豊玉南小学校",
    "type": "小学校",
    "ward": "練馬区",
    "address": "豊玉南2丁目14-1",
    "postal_code": "1760014"
   }
  },
  {
   "type": "Feature",
   "geometry": {
    "type": "Point",
    "coordinates": [
     139.667968,
     35.732734
    ]
   },
   "properties": {
    "name": "豊玉東小学校",
    "type": "小学校",
    "ward": "練馬区",
    "address": "豊玉北1丁目16-1",
    "postal_code": "1760012"
   }
  },
  {
   "type": "Feature",
   "geometry": {
    "type": "Point",
    "coordinates": [
     139.643675,
     35.73143
    ]
   },
   "properties": {
    "name": "中村小学校",
    "type": "小学校",
    "ward": "練馬区",
    "address": "中村2丁目8-1",
    "postal_code": "1760024"
   }
  },
  {
   "type": "Feature",
   "geometry": {
    "type": "Point",
    "coordinates": [
     139.634829,
     35.734214
    ]
   },
   "properties": {
    "name": "中村西小学校",
    "type": "小学校",
    "ward": "練馬区",
    "address": "中村北4丁目17-1",
    "postal_code": "1760023"
   }
  },
  {
   "type": "Feature",
   "geometry": {
    "type": "Point",
    "coordinates": [
     139.666625,
     35.742881
    ]
   },
   "properties": {
    "name": "開進第三小学校",
    "type": "小学校",
    "ward": "練馬区",
    "address": "桜台2丁目18-1",
    "postal_code": "1760002"
   }
  },
  {
   "type": "Feature",
   "geometry": {
    "type": "Point",
    "coordinates": [
     139.658155,
     35.741979
    ]
   },
   "properties": {
    "name": "開進第二小学校",
    "type": "小学校",
    "ward": "練馬区",
    "address": "桜台5丁目10-5",
    "postal_code": "1760002"
   }
  },
  {
   "type": "Feature",
   "geometry": {
    "type": "Point",
    "coordinates": [
     139.652771,
     35.740894
    ]
   },
   "properties": {
    "name": "南町小学校",
    "type": "小学校",
    "ward": "練馬区",
    "address": "練馬2丁目7-5",
    "postal_code": "1760001"
   }
  },
  {
   "type": "Feature",
   "geometry": {
    "type": "Point",
    "coordinates": [
     139.640533,
     35.740399
    ]
   },
   "properties": {
    "name": "向山小学校",
    "type": "小学校",
    "ward": "練馬区",
    "address": "向山2丁目14-11",
    "postal_code": "1760022"
   }
  },
  {
   "type": "Feature",
   "geometry": {
    "type": "Point",
    "coordinates": [
     139.635435,
     35.737291
    ]
   },
   "properties": {
    "name": "練馬第三小学校",
    "type": "小学校",
    "ward": "練馬区",
    "address": "貫井1丁目36-15",
    "postal_code": "1760021"
   }
  },
  {
   "type": "Feature",
   "geometry": {
    "type": "Point",
    "coordinates": [
     139.633666,
     35.741411
    ]
   },
   "properties": {
    "name": "練馬第二小学校",
    "type": "小学校",
    "ward": "練馬区",
    "address": "貫井2丁目31-13",
    "postal_code": "1760021"
   }
  },
  {
   "type": "Feature",
   "geometry": {
    "type": "Point",
    "coordinates": [
     139.667676,
     35.757929
    ]
   },
   "properties": {
    "name": "仲町小学校",
    "type": "小学校",
    "ward": "練馬区",
    "address": "氷川台2丁目18-24",
    "postal_code": "1790084"
   }
  },
  {
   "type": "Feature",
   "geometry": {
    "type": "Point",
    "coordinates": [
     139.651002,
     35.752092
    ]
   },
   "properties": {
    "name": "早宮小学校",
    "type": "小学校",
    "ward": "練馬区",
    "address": "早宮4丁目10-17",
    "postal_code": "1790085"
   }
  },
  {
   "type": "Feature",
   "geometry": {
    "type": "Point",
    "coordinates": [
     139.657402,
     35.754614
    ]
   },
   "properties": {
    "name": "開進第一小学校",
    "type": "小学校",
    "ward": "練馬区",
    "address": "早宮2丁目1-31",
    "postal_code": "1790085"
   }
  },
  {
   "type": "Feature",
   "geometry": {
    "type": "Point",
    "coordinates": [
     139.647327,
     35.752199
    ]
   },
   "properties": {
    "name": "練馬東小学校",
    "type": "小学校",
    "ward": "練馬区",
    "address": "春日町1丁目30-11",
    "postal_code": "1790074"
   }
  },
  {
   "type": "Feature",
   "geometry": {
    "type": "Point",
    "coordinates": [
     139.639523,
     35.746774
    ]
   },
   "properties": {
    "name": "春日小学校",
    "type": "小学校",
    "ward": "練馬区",
    "address": "春日町5丁目12-1",
    "postal_code": "1790074"
   }
  },
  {
   "type": "Feature",
   "geometry": {
    "type": "Point",
    "coordinates": [
     139.635908,
     35.75246
    ]
   },
   "properties": {
    "name": "練馬小学校",
    "type": "小学校",
    "ward": "練馬区",
    "address": "春日町6丁目11-36",
    "postal_code": "1790074"
   }
  },
  {
   "type": "Feature",
   "geometry": {
    "type": "Point",
    "coordinates": [
     139.626666,
     35.749728
    ]
   },
   "properties": {
    "name": "高松小学校",
    "type": "小学校",
    "ward": "練馬区",
    "address": "高松3丁目16-1",
    "postal_code": "1790075"
   }
  },
  {
   "type": "Feature",
   "geometry": {
    "type": "Point",
    "coordinates": [
     139.624204,
     35.761586
    ]
   },
   "properties": {
    "name": "光が丘四季の香小学校",
    "type": "小学校",
    "ward": "練馬区",
    "address": "高松5丁目24-1",
    "postal_code": "1790075"
   }
  },
  {
   "type": "Feature",
   "geometry": {
    "type": "Point",
    "coordinates": [
     139.663969,
     35.764846
    ]
   },
   "properties": {
    "name": "北町小学校",
    "type": "小学校",
    "ward": "練馬区",
    "address": "北町1丁目14-11",
    "postal_code": "1790081"
   }
  },
  {
   "type": "Feature",
   "geometry": {
    "type": "Point",
    "coordinates": [
     139.653518,
     35.761612
    ]
   },
   "properties": {
    "name": "北町西小学校",
    "type": "小学校",
    "ward": "練馬区",
    "address": "北町7丁目3-8",
    "postal_code": "1790081"
   }
  },
  {
   "type": "Feature",
   "geometry": {
    "type": "Point",
    "coordinates": [
     139.643808,
     35.765913
    ]
   },
   "properties": {
    "name": "田柄小学校",
    "type": "小学校",
    "ward": "練馬区",
    "address": "田柄2丁目19-19",
    "postal_code": "1790073"
   }
  },
  {
   "type": "Feature",
   "geometry": {
    "type": "Point",
    "coordinates": [
     139.642328,
     35.758946
    ]
   },
   "properties": {
    "name": "田柄第二小学校",
    "type": "小学校",
    "ward": "練馬区",
    "address": "田柄1丁目5-27",
    "postal_code": "1790073"
   }
  },
  {
   "type": "Feature",
   "geometry": {
    "type": "Point",
    "coordinates": [
     139.637001,
     35.768504
    ]
   },
   "properties": {
    "name": "光が丘第八小学校",
    "type": "小学校",
    "ward": "練馬区",
    "address": "光が丘1丁目4-1",
    "postal_code": "1790072"
   }
  },
  {
   "type": "Feature",
   "geometry": {
    "type": "Point",
    "coordinates": [
     139.635106,
     35.761876
    ]
   },
   "properties": {
    "name": "光が丘秋の陽小学校",
    "type": "小学校",
    "ward": "練馬区",
    "address": "光が丘2丁目1-1",
    "postal_code": "1790072"
   }
  },
  {
   "type": "Feature",
   "geometry": {
    "type": "Point",
    "coordinates": [
     139.630943,
     35.757364
    ]
   },
   "properties": {
    "name": "光が丘夏の雲小学校",
    "type": "小学校",
    "ward": "練馬区",
    "address": "光が丘3丁目6-1",
    "postal_code": "1790072"
   }
  },
  {
   "type": "Feature",
   "geometry": {
    "type": "Point",
    "coordinates": [
     139.625731,
     35.755601
    ]
   },
   "properties": {
    "name": "光が丘春の風小学校",
    "type": "小学校",
    "ward": "練馬区",
    "address": "光が丘7丁目2-1",
    "postal_code": "1790072"
   }
  },
  {
   "type": "Feature",
   "geometry": {
    "type": "Point",
    "coordinates": [
     139.627422,
     35.772625
    ]
   },
   "properties": {
    "name": "旭町小学校",
    "type": "小学校",
    "ward": "練馬区",
    "address": "旭町2丁目29-1",
    "postal_code": "1790071"
   }
  },
  {
   "type": "Feature",
   "geometry": {
    "type": "Point",
    "coordinates": [
     139.615235,
     35.763044
    ]
   },
   "properties": {
    "name": "豊溪小学校",
    "type": "小学校",
    "ward": "練馬区",
    "address": "土支田2丁目26-28",
    "postal_code": "1790076"
   }
  },
  {
   "type": "Feature",
   "geometry": {
    "type": "Point",
    "coordinates": [
     139.611183,
     35.768756
    ]
   },
   "properties": {
    "name": "八坂小学校",
    "type": "小学校",
    "ward": "練馬区",
    "address": "土支田4丁目48-1",
    "postal_code": "1790076"
   }
  },
  {
   "type": "Feature",
   "geometry": {
    "type": "Point",
    "coordinates": [
     139.622981,
     35.744844
    ]
   },
   "properties": {
    "name": "富士見台小学校",
    "type": "小学校",
    "ward": "練馬区",
    "address": "富士見台4丁目16-10",
    "postal_code": "1770034"
   }
  },
  {
   "type": "Feature",
   "geometry": {
    "type": "Point",
    "coordinates": [
     139.616999,
     35.733802
    ]
   },
   "properties": {
    "name": "南が丘小学校",
    "type": "小学校",
    "ward": "練馬区",
    "address": "南田中2丁目13-1",
    "postal_code": "1770035"
   }
  },
  {
   "type": "Feature",
   "geometry": {
    "type": "Point",
    "coordinates": [
     139.619516,
     35.737469
    ]
   },
   "properties": {
    "name": "石神井東小学校",
    "type": "小学校",
    "ward": "練馬区",
    "address": "南田中3丁目9-1",
    "postal_code": "1770035"
   }
  },
  {
   "type": "Feature",
   "geometry": {
    "type": "Point",
    "coordinates": [
     139.611162,
     35.737066
    ]
   },
   "properties": {
    "name": "南田中小学校",
    "type": "小学校",
    "ward": "練馬区",
    "address": "南田中5丁目15-37",
    "postal_code": "1770035"
   }
  },
  {
   "type": "Feature",
   "geometry": {
    "type": "Point",
    "coordinates": [
     139.613935,
     35.75085
    ]
   },
   "properties": {
    "name": "谷原小学校",
    "type": "小学校",
    "ward": "練馬区",
    "address": "谷原2丁目9-26",
    "postal_code": "1770032"
   }
  },
  {
   "type": "Feature",
   "geometry": {
    "type": "Point",
    "coordinates": [
     139.613563,
     35.754578
    ]
   },
   "properties": {
    "name": "北原小学校",
    "type": "小学校",
    "ward": "練馬区",
    "address": "谷原4丁目9-1",
    "postal_code": "1770032"
   }
  },
  {
   "type": "Feature",
   "geometry": {
    "type": "Point",
    "coordinates": [
     139.60121,
     35.75426
    ]
   },
   "properties": {
    "name": "泉新小学校",
    "type": "小学校",
    "ward": "練馬区",
    "address": "三原台3丁目18-30",
    "postal_code": "1770031"
   }
  },
  {
   "type": "Feature",
   "geometry": {
    "type": "Point",
    "coordinates": [
     139.607047,
     35.746441
    ]
   },
   "properties": {
    "name": "光和小学校",
    "type": "小学校",
    "ward": "練馬区",
    "address": "石神井町2丁目16-34",
    "postal_code": "1770041"
   }
  },
  {
   "type": "Feature",
   "geometry": {
    "type": "Point",
    "coordinates": [
     139.598848,
     35.735435
    ]
   },
   "properties": {
    "name": "石神井小学校",
    "type": "小学校",
    "ward": "練馬区",
    "address": "石神井台1丁目1-25",
    "postal_code": "1770045"
   }
  },
  {
   "type": "Feature",
   "geometry": {
    "type": "Point",
    "coordinates": [
     139.588295,
     35.735847
    ]
   },
   "properties": {
    "name": "上石神井北小学校",
    "type": "小学校",
    "ward": "練馬区",
    "address": "石神井台5丁目1-32",
    "postal_code": "1770045"
   }
  },
  {
   "type": "Feature",
   "geometry": {
    "type": "Point",
    "coordinates": [
     139.580943,
     35.735172
    ]
   },
   "properties": {
    "name": "石神井台小学校",
    "type": "小学校",
    "ward": "練馬区",
    "address": "石神井台8丁目6-33",
    "postal_code": "1770045"
   }
  },
  {
   "type": "Feature",
   "geometry": {
    "type": "Point",
    "coordinates": [
     139.605328,
     35.73165
    ]
   },
   "properties": {
    "name": "下石神井小学校",
    "type": "小学校",
    "ward": "練馬区",
    "address": "下石神井2丁目20-18",
    "postal_code": "1770042"
   }
  },
  {
   "type": "Feature",
   "geometry": {
    "type": "Point",
    "coordinates": [
     139.590769,
     35.74891
    ]
   },
   "properties": {
    "name": "大泉東小学校",
    "type": "小学校",
    "ward": "練馬区",
    "address": "東大泉1丁目22-1",
    "postal_code": "1780063"
   }
  },
  {
   "type": "Feature",
   "geometry": {
    "type": "Point",
    "coordinates": [
     139.584309,
     35.752054
    ]
   },
   "properties": {
    "name": "大泉小学校",
    "type": "小学校",
    "ward": "練馬区",
    "address": "東大泉4丁目25-1",
    "postal_code": "1780063"
   }
  },
  {
   "type": "Feature",
   "geometry": {
    "type": "Point",
    "coordinates": [
     139.580907,
     35.744826
    ]
   },
   "properties": {
    "name": "大泉南小学校",
    "type": "小学校",
    "ward": "練馬区",
    "address": "東大泉6丁目28-1",
    "postal_code": "1780063"
   }
  },
  {
   "type": "Feature",
   "geometry": {
    "type": "Point",
    "coordinates": [
     139.573529,
     35.755376
    ]
   },
   "properties": {
    "name": "大泉第四小学校",
    "type": "小学校",
    "ward": "練馬区",
    "address": "西大泉1丁目24-1",
    "postal_code": "1780065"
   }
  },
  {
   "type": "Feature",
   "geometry": {
    "type": "Point",
    "coordinates": [
     139.5716,
     35.76524
    ]
   },
   "properties": {
    "name": "大泉西小学校",
    "type": "小学校",
    "ward": "練馬区",
    "address": "西大泉4丁目25-1",
    "postal_code": "1780065"
   }
  },
  {
   "type": "Feature",
   "geometry": {
    "type": "Point",
    "coordinates": [
     139.572887,
     35.744374
    ]
   },
   "properties": {
    "name": "大泉第二小学校",
    "type": "小学校",
    "ward": "練馬区",
    "address": "南大泉4丁目29-11",
    "postal_code": "1780064"
   }
  },
  {
   "type": "Feature",
   "geometry": {
    "type": "Point",
    "coordinates": [
     139.571031,
     35.75121
    ]
   },
   "properties": {
    "name": "大泉第六小学校",
    "type": "小学校",
    "ward": "練馬区",
    "address": "南大泉5丁目25-29",
    "postal_code": "1780064"
   }
  },
  {
   "type": "Feature",
   "geometry": {
    "type": "Point",
    "coordinates": [
     139.602073,
     35.75871
    ]
   },
   "properties": {
    "name": "橋戸小学校",
    "type": "小学校",
    "ward": "練馬区",
    "address": "大泉町2丁目11-25",
    "postal_code": "1780062"
   }
  },
  {
   "type": "Feature",
   "geometry": {
    "type": "Point",
    "coordinates": [
     139.598613,
     35.765564
    ]
   },
   "properties": {
    "name": "大泉第一小学校",
    "type": "小学校",
    "ward": "練馬区",
    "address": "大泉町3丁目16-23",
    "postal_code": "1780062"
   }
  },
  {
   "type": "Feature",
   "geometry": {
    "type": "Point",
    "coordinates": [
     139.595568,
     35.762166
    ]
   },
   "properties": {
    "name": "大泉北小学校",
    "type": "小学校",
    "ward": "練馬区",
    "address": "大泉町4丁目28-22",
    "postal_code": "1780062"
   }
  },
  {
   "type": "Feature",
   "geometry": {
    "type": "Point",
    "coordinates": [
     139.579659,
     35.763382
    ]
   },
   "properties": {
    "name": "大泉第三小学校",
    "type": "小学校",
    "ward": "練馬区",
    "address": "大泉学園町3丁目22-1",
    "postal_code": "1780061"
   }
  },
  {
   "type": "Feature",
   "geometry": {
    "type": "Point",
    "coordinates": [
     139.593178,
     35.765664
    ]
   },
   "properties": {
    "name": "大泉学園小学校",
    "type": "小学校",
    "ward": "練馬区",
    "address": "大泉学園町4丁目7-1",
    "postal_code": "1780061"
   }
  },
  {
   "type": "Feature",
   "geometry": {
    "type": "Point",
    "coordinates": [
     139.58524,
     35.766259
    ]
   },
   "properties": {
    "name": "大泉学園緑小学校",
    "type": "小学校",
    "ward": "練馬区",
    "address": "大泉学園町5丁目11-47",
    "postal_code": "1780061"
   }
  },
  {
   "type": "Feature",
   "geometry": {
    "type": "Point",
    "coordinates": [
     139.591631,
     35.777353
    ]
   },
   "properties": {
    "name": "大泉学園桜小学校",
    "type": "小学校",
    "ward": "練馬区",
    "address": "大泉学園町9丁目2-2",
    "postal_code": "1780061"
   }
  },
  {
   "type": "Feature",
   "geometry": {
    "type": "Point",
    "coordinates": [
     139.579973,
     35.723906
    ]
   },
   "properties": {
    "name": "石神井西小学校",
    "type": "小学校",
    "ward": "練馬区",
    "address": "関町北1丁目1-5",
    "postal_code": "1770051"
   }
  },
  {
   "type": "Feature",
   "geometry": {
    "type": "Point",
    "coordinates": [
     139.571938,
     35.725011
    ]
   },
   "properties": {
    "name": "関町小学校",
    "type": "小学校",
    "ward": "練馬区",
    "address": "関町北3丁目23-34",
    "postal_code": "1770051"
   }
  },
  {
   "type": "Feature",
   "geometry": {
    "type": "Point",
    "coordinates": [
     139.573503,
     35.732122
    ]
   },
   "properties": {
    "name": "関町北小学校",
    "type": "小学校",
    "ward": "練馬区",
    "address": "関町北5丁目13-40",
    "postal_code": "1770051"
   }
  },
  {
   "type": "Feature",
   "geometry": {
    "type": "Point",
    "coordinates": [
     139.580602,
     35.718179
    ]
   },
   "properties": {
    "name": "立野小学校",
    "type": "小学校",
    "ward": "練馬区",
    "address": "立野町17-13",
    "postal_code": "1770054"
   }
  },
  {
   "type": "Feature",
   "geometry": {
    "type": "Point",
    "coordinates": [
     139.589112,
     35.728091
    ]
   },
   "properties": {
    "name": "上石神井小学校",
    "type": "小学校",
    "ward": "練馬区",
    "address": "上石神井4丁目10-9",
    "postal_code": "1770044"
   }
  },
  {
   "type": "Feature",
   "geometry": {
    "type": "Point",
    "coordinates": [
     139.677683,
     35.737827
    ]
   },
   "properties": {
    "name": "旭丘中学校",
    "type": "中学校",
    "ward": "練馬区",
    "address": "旭丘2丁目40-1",
    "postal_code": "1760005"
   }
  },
  {
   "type": "Feature",
   "geometry": {
    "type": "Point",
    "coordinates": [
     139.673449,
     35.750968
    ]
   },
   "properties": {
    "name": "開進第四中学校",
    "type": "中学校",
    "ward": "練馬区",
    "address": "羽沢3丁目24-1",
    "postal_code": "1760003"
   }
  },
  {
   "type": "Feature",
   "geometry": {
    "type": "Point",
    "coordinates": [
     139.657655,
     35.729255
    ]
   },
   "properties": {
    "name": "豊玉中学校",
    "type": "中学校",
    "ward": "練馬区",
    "address": "豊玉南2丁目1-20",
    "postal_code": "1760014"
   }
  },
  {
   "type": "Feature",
   "geometry": {
    "type": "Point",
    "coordinates": [
     139.664419,
     35.735022
    ]
   },
   "properties": {
    "name": "豊玉第二中学校",
    "type": "中学校",
    "ward": "練馬区",
    "address": "豊玉北2丁目24-5",
    "postal_code": "1760012"
   }
  },
  {
   "type": "Feature",
   "geometry": {
    "type": "Point",
    "coordinates": [
     139.645294,
     35.728259
    ]
   },
   "properties": {
    "name": "中村中学校",
    "type": "中学校",
    "ward": "練馬区",
    "address": "中村南1丁目32-21",
    "postal_code": "1760025"
   }
  },
  {
   "type": "Feature",
   "geometry": {
    "type": "Point",
    "coordinates": [
     139.66522,
     35.745114
    ]
   },
   "properties": {
    "name": "開進第三中学校",
    "type": "中学校",
    "ward": "練馬区",
    "address": "桜台3丁目28-1",
    "postal_code": "1760002"
   }
  },
  {
   "type": "Feature",
   "geometry": {
    "type": "Point",
    "coordinates": [
     139.652682,
     35.743123
    ]
   },
   "properties": {
    "name": "開進第二中学校",
    "type": "中学校",
    "ward": "練馬区",
    "address": "練馬2丁目27-28",
    "postal_code": "1760001"
   }
  },
  {
   "type": "Feature",
   "geometry": {
    "type": "Point",
    "coordinates": [
     139.632906,
     35.739506
    ]
   },
   "properties": {
    "name": "貫井中学校",
    "type": "中学校",
    "ward": "練馬区",
    "address": "貫井2丁目14-13",
    "postal_code": "1760021"
   }
  },
  {
   "type": "Feature",
   "geometry": {
    "type": "Point",
    "coordinates": [
     139.659097,
     35.752552
    ]
   },
   "properties": {
    "name": "開進第一中学校",
    "type": "中学校",
    "ward": "練馬区",
    "address": "早宮1丁目16-50",
    "postal_code": "1790085"
   }
  },
  {
   "type": "Feature",
   "geometry": {
    "type": "Point",
    "coordinates": [
     139.647374,
     35.756688
    ]
   },
   "properties": {
    "name": "練馬東中学校",
    "type": "中学校",
    "ward": "練馬区",
    "address": "春日町2丁目14-22",
    "postal_code": "1790074"
   }
  },
  {
   "type": "Feature",
   "geometry": {
    "type": "Point",
    "coordinates": [
     139.634767,
     35.747585
    ]
   },
   "properties": {
    "name": "練馬中学校",
    "type": "中学校",
    "ward": "練馬区",
    "address": "高松1丁目24-1",
    "postal_code": "1790075"
   }
  },
  {
   "type": "Feature",
   "geometry": {
    "type": "Point",
    "coordinates": [
     139.656509,
     35.767284
    ]
   },
   "properties": {
    "name": "北町中学校",
    "type": "中学校",
    "ward": "練馬区",
    "address": "北町3丁目1-34",
    "postal_code": "1790081"
   }
  },
  {
   "type": "Feature",
   "geometry": {
    "type": "Point",
    "coordinates": [
     139.641131,
     35.759503
    ]
   },
   "properties": {
    "name": "田柄中学校",
    "type": "中学校",
    "ward": "練馬区",
    "address": "田柄3丁目3-1",
    "postal_code": "1790073"
   }
  },
  {
   "type": "Feature",
   "geometry": {
    "type": "Point",
    "coordinates": [
     139.631578,
     35.755452
    ]
   },
   "properties": {
    "name": "光が丘第三中学校",
    "type": "中学校",
    "ward": "練馬区",
    "address": "光が丘3丁目2-1",
    "postal_code": "1790072"
   }
  },
  {
   "type": "Feature",
   "geometry": {
    "type": "Point",
    "coordinates": [
     139.622079,
     35.760375
    ]
   },
   "properties": {
    "name": "光が丘第一中学校",
    "type": "中学校",
    "ward": "練馬区",
    "address": "光が丘6丁目5-1",
    "postal_code": "1790072"
   }
  },
  {
   "type": "Feature",
   "geometry": {
    "type": "Point",
    "coordinates": [
     139.625549,
     35.754549
    ]
   },
   "properties": {
    "name": "光が丘第二中学校",
    "type": "中学校",
    "ward": "練馬区",
    "address": "光が丘7丁目1-1",
    "postal_code": "1790072"
   }
  },
  {
   "type": "Feature",
   "geometry": {
    "type": "Point",
    "coordinates": [
     139.628074,
     35.774068
    ]
   },
   "properties": {
    "name": "豊溪中学校",
    "type": "中学校",
    "ward": "練馬区",
    "address": "旭町3丁目5-10",
    "postal_code": "1790071"
   }
  },
  {
   "type": "Feature",
   "geometry": {
    "type": "Point",
    "coordinates": [
     139.611971,
     35.769582
    ]
   },
   "properties": {
    "name": "八坂中学校",
    "type": "中学校",
    "ward": "練馬区",
    "address": "土支田4丁目47-21",
    "postal_code": "1790076"
   }
  },
  {
   "type": "Feature",
   "geometry": {
    "type": "Point",
    "coordinates": [
     139.612775,
     35.733979
    ]
   },
   "properties": {
    "name": "南が丘中学校",
    "type": "中学校",
    "ward": "練馬区",
    "address": "南田中4丁目8-23",
    "postal_code": "1770035"
   }
  },
  {
   "type": "Feature",
   "geometry": {
    "type": "Point",
    "coordinates": [
     139.616585,
     35.742454
    ]
   },
   "properties": {
    "name": "石神井東中学校",
    "type": "中学校",
    "ward": "練馬区",
    "address": "高野台1丁目8-34",
    "postal_code": "1770033"
   }
  },
  {
   "type": "Feature",
   "geometry": {
    "type": "Point",
    "coordinates": [
     139.615095,
     35.754914
    ]
   },
   "properties": {
    "name": "谷原中学校",
    "type": "中学校",
    "ward": "練馬区",
    "address": "谷原4丁目10-5",
    "postal_code": "1770032"
   }
  },
  {
   "type": "Feature",
   "geometry": {
    "type": "Point",
    "coordinates": [
     139.59969,
     35.754571
    ]
   },
   "properties": {
    "name": "三原台中学校",
    "type": "中学校",
    "ward": "練馬区",
    "address": "三原台3丁目13-41",
    "postal_code": "1770031"
   }
  },
  {
   "type": "Feature",
   "geometry": {
    "type": "Point",
    "coordinates": [
     139.595596,
     35.741157
    ]
   },
   "properties": {
    "name": "石神井中学校",
    "type": "中学校",
    "ward": "練馬区",
    "address": "石神井台1丁目32-1",
    "postal_code": "1770045"
   }
  },
  {
   "type": "Feature",
   "geometry": {
    "type": "Point",
    "coordinates": [
     139.609018,
     35.730459
    ]
   },
   "properties": {
    "name": "石神井南中学校",
    "type": "中学校",
    "ward": "練馬区",
    "address": "下石神井2丁目7-23",
    "postal_code": "1770042"
   }
  },
  {
   "type": "Feature",
   "geometry": {
    "type": "Point",
    "coordinates": [
     139.58506,
     35.753063
    ]
   },
   "properties": {
    "name": "大泉中学校",
    "type": "中学校",
    "ward": "練馬区",
    "address": "東大泉4丁目27-35",
    "postal_code": "1780063"
   }
  },
  {
   "type": "Feature",
   "geometry": {
    "type": "Point",
    "coordinates": [
     139.583701,
     35.744672
    ]
   },
   "properties": {
    "name": "大泉第二中学校",
    "type": "中学校",
    "ward": "練馬区",
    "address": "東大泉6丁目21-1",
    "postal_code": "1780063"
   }
  },
  {
   "type": "Feature",
   "geometry": {
    "type": "Point",
    "coordinates": [
     139.579635,
     35.758433
    ]
   },
   "properties": {
    "name": "大泉西中学校",
    "type": "中学校",
    "ward": "練馬区",
    "address": "西大泉3丁目19-27",
    "postal_code": "1780065"
   }
  },
  {
   "type": "Feature",
   "geometry": {
    "type": "Point",
    "coordinates": [
     139.596419,
     35.759588
    ]
   },
   "properties": {
    "name": "大泉北中学校",
    "type": "中学校",
    "ward": "練馬区",
    "address": "大泉町5丁目4-32",
    "postal_code": "1780062"
   }
  },
  {
   "type": "Feature",
   "geometry": {
    "type": "Point",
    "coordinates": [
     139.589799,
     35.766624
    ]
   },
   "properties": {
    "name": "大泉学園中学校",
    "type": "中学校",
    "ward": "練馬区",
    "address": "大泉学園町4丁目17-32",
    "postal_code": "1780061"
   }
  },
  {
   "type": "Feature",
   "geometry": {
    "type": "Point",
    "coordinates": [
     139.59126,
     35.777418
    ]
   },
   "properties": {
    "name": "大泉学園桜中学校",
    "type": "中学校",
    "ward": "練馬区",
    "address": "大泉学園町9丁目2-1",
    "postal_code": "1780061"
   }
  },
  {
   "type": "Feature",
   "geometry": {
    "type": "Point",
    "coordinates": [
     139.575234,
     35.730845
    ]
   },
   "properties": {
    "name": "関中学校",
    "type": "中学校",
    "ward": "練馬区",
    "address": "関町北4丁目34-23",
    "postal_code": "1770051"
   }
  },
  {
   "type": "Feature",
   "geometry": {
    "type": "Point",
    "coordinates": [
     139.580578,
     35.720515
    ]
   },
   "properties": {
    "name": "石神井西中学校",
    "type": "中学校",
    "ward": "練馬区",
    "address": "関町南3丁目10-3",
    "postal_code": "1770053"
   }
  },
  {
   "type": "Feature",
   "geometry": {
    "type": "Point",
    "coordinates": [
     139.587628,
     35.728441
    ]
   },
   "properties": {
    "name": "上石神井中学校",
    "type": "中学校",
    "ward": "練馬区",
    "address": "上石神井4丁目15-27",
    "postal_code": "1770044"
   }
  },
  {
   "type": "Feature",
   "geometry": {
    "type": "Point",
    "coordinates": [
     139.704763,
     35.750427
    ]
   },
   "properties": {
    "name": "板橋第一中学校",
    "type": "中学校",
    "ward": "板橋区",
    "address": "大山東町50-1",
    "postal_code": "1730014"
   }
  },
  {
   "type": "Feature",
   "geometry": {
    "type": "Point",
    "coordinates": [
     139.697472,
     35.74573
    ]
   },
   "properties": {
    "name": "板橋第二中学校",
    "type": "中学校",
    "ward": "板橋区",
    "address": "幸町26-1",
    "postal_code": "1730034"
   }
  },
  {
   "type": "Feature",
   "geometry": {
    "type": "Point",
    "coordinates": [
     139.706457,
     35.755541
    ]
   },
   "properties": {
    "name": "板橋第三中学校",
    "type": "中学校",
    "ward": "板橋区",
    "address": "氷川町22-3",
    "postal_code": "1730013"
   }
  },
  {
   "type": "Feature",
   "geometry": {
    "type": "Point",
    "coordinates": [
     139.719593,
     35.75243
    ]
   },
   "properties": {
    "name": "板橋第五中学校",
    "type": "中学校",
    "ward": "板橋区",
    "address": "板橋4丁目49-3",
    "postal_code": "1730004"
   }
  },
  {
   "type": "Feature",
   "geometry": {
    "type": "Point",
    "coordinates": [
     139.716104,
     35.760669
    ]
   },
   "properties": {
    "name": "加賀中学校",
    "type": "中学校",
    "ward": "板橋区",
    "address": "加賀2丁目19-1",
    "postal_code": "1730003"
   }
  },
  {
   "type": "Feature",
   "geometry": {
    "type": "Point",
    "coordinates": [
     139.696975,
     35.767267
    ]
   },
   "properties": {
    "name": "志村第一中学校",
    "type": "中学校",
    "ward": "板橋区",
    "address": "大原町33-1",
    "postal_code": "1740061"
   }
  },
  {
   "type": "Feature",
   "geometry": {
    "type": "Point",
    "coordinates": [
     139.703017,
     35.775351
    ]
   },
   "properties": {
    "name": "志村第二中学校",
    "type": "中学校",
    "ward": "板橋区",
    "address": "小豆沢1丁目21-1",
    "postal_code": "1740051"
   }
  },
  {
   "type": "Feature",
   "geometry": {
    "type": "Point",
    "coordinates": [
     139.683235,
     35.783931
    ]
   },
   "properties": {
    "name": "志村第三中学校",
    "type": "中学校",
    "ward": "板橋区",
    "address": "坂下2丁目21-1",
    "postal_code": "1740043"
   }
  },
  {
   "type": "Feature",
   "geometry": {
    "type": "Point",
    "coordinates": [
     139.684004,
     35.776526
    ]
   },
   "properties": {
    "name": "志村第四中学校",
    "type": "中学校",
    "ward": "板橋区",
    "address": "志村3丁目15-1",
    "postal_code": "1740056"
   }
  },
  {
   "type": "Feature",
   "geometry": {
    "type": "Point",
    "coordinates": [
     139.685815,
     35.782392
    ]
   },
   "properties": {
    "name": "志村第五中学校",
    "type": "中学校",
    "ward": "板橋区",
    "address": "坂下2丁目1-20",
    "postal_code": "1740043"
   }
  },
  {
   "type": "Feature",
   "geometry": {
    "type": "Point",
    "coordinates": [
     139.671706,
     35.782077
    ]
   },
   "properties": {
    "name": "西台中学校",
    "type": "中学校",
    "ward": "板橋区",
    "address": "高島平1丁目4-1",
    "postal_code": "1750082"
   }
  },
  {
   "type": "Feature",
   "geometry": {
    "type": "Point",
    "coordinates": [
     139.680351,
     35.769282
    ]
   },
   "properties": {
    "name": "中台中学校",
    "type": "中学校",
    "ward": "板橋区",
    "address": "中台1丁目56-23",
    "postal_code": "1740064"
   }
  },
  {
   "type": "Feature",
   "geometry": {
    "type": "Point",
    "coordinates": [
     139.680906,
     35.74741
    ]
   },
   "properties": {
    "name": "上板橋第一中学校",
    "type": "中学校",
    "ward": "板橋区",
    "address": "小茂根1丁目2-1",
    "postal_code": "1730037"
   }
  },
  {
   "type": "Feature",
   "geometry": {
    "type": "Point",
    "coordinates": [
     139.6856744,
     35.74395299
    ]
   },
   "properties": {
    "name": "上板橋第二中学校",
    "type": "中学校",
    "ward": "板橋区",
    "address": "向原３丁目1-12",
    "postal_code": "1730036"
   }
  },
  {
   "type": "Feature",
   "geometry": {
    "type": "Point",
    "coordinates": [
     139.682319,
     35.763517
    ]
   },
   "properties": {
    "name": "上板橋第三中学校",
    "type": "中学校",
    "ward": "板橋区",
    "address": "常盤台3丁目30-1",
    "postal_code": "1740071"
   }
  },
  {
   "type": "Feature",
   "geometry": {
    "type": "Point",
    "coordinates": [
     139.677169,
     35.756353
    ]
   },
   "properties": {
    "name": "桜川中学校",
    "type": "中学校",
    "ward": "板橋区",
    "address": "桜川1丁目2-1",
    "postal_code": "1740075"
   }
  },
  {
   "type": "Feature",
   "geometry": {
    "type": "Point",
    "coordinates": [
     139.652336,
     35.771754
    ]
   },
   "properties": {
    "name": "赤塚第一中学校",
    "type": "中学校",
    "ward": "板橋区",
    "address": "徳丸4丁目13-1",
    "postal_code": "1750083"
   }
  },
  {
   "type": "Feature",
   "geometry": {
    "type": "Point",
    "coordinates": [
     139.633083,
     35.780772
    ]
   },
   "properties": {
    "name": "赤塚第二中学校",
    "type": "中学校",
    "ward": "板橋区",
    "address": "成増3丁目18-1",
    "postal_code": "1750094"
   }
  },
  {
   "type": "Feature",
   "geometry": {
    "type": "Point",
    "coordinates": [
     139.648004,
     35.779703
    ]
   },
   "properties": {
    "name": "赤塚第三中学校",
    "type": "中学校",
    "ward": "板橋区",
    "address": "赤塚7丁目27-15",
    "postal_code": "1750092"
   }
  },
  {
   "type": "Feature",
   "geometry": {
    "type": "Point",
    "coordinates": [
     139.662982,
     35.7919
    ]
   },
   "properties": {
    "name": "高島第一中学校",
    "type": "中学校",
    "ward": "板橋区",
    "address": "高島平8丁目26-1",
    "postal_code": "1750082"
   }
  },
  {
   "type": "Feature",
   "geometry": {
    "type": "Point",
    "coordinates": [
     139.660544,
     35.785241
    ]
   },
   "properties": {
    "name": "高島第二中学校",
    "type": "中学校",
    "ward": "板橋区",
    "address": "高島平2丁目24-1",
    "postal_code": "1750082"
   }
  },
  {
   "type": "Feature",
   "geometry": {
    "type": "Point",
    "coordinates": [
     139.65131,
     35.788527
    ]
   },
   "properties": {
    "name": "高島第三中学校",
    "type": "中学校",
    "ward": "板橋区",
    "address": "高島平4丁目22-1",
    "postal_code": "1750082"
   }
  },
  {
   "type": "Feature",
   "geometry": {
    "type": "Point",
    "coordinates": [
     139.686732,
     35.77533
    ]
   },
   "properties": {
    "name": "志村小学校",
    "type": "小学校",
    "ward": "板橋区",
    "address": "志村2丁目16-3",
    "postal_code": "1740056"
   }
  },
  {
   "type": "Feature",
   "geometry": {
    "type": "Point",
    "coordinates": [
     139.701447,
     35.766447
    ]
   },
   "properties": {
    "name": "志村第一小学校",
    "type": "小学校",
    "ward": "板橋区",
    "address": "泉町17-1",
    "postal_code": "1740055"
   }
  },
  {
   "type": "Feature",
   "geometry": {
    "type": "Point",
    "coordinates": [
     139.697826,
     35.772555
    ]
   },
   "properties": {
    "name": "志村第二小学校",
    "type": "小学校",
    "ward": "板橋区",
    "address": "志村1丁目7-1",
    "postal_code": "1740056"
   }
  },
  {
   "type": "Feature",
   "geometry": {
    "type": "Point",
    "coordinates": [
     139.705095,
     35.766979
    ]
   },
   "properties": {
    "name": "志村第三小学校",
    "type": "小学校",
    "ward": "板橋区",
    "address": "清水町83-1",
    "postal_code": "1740053"
   }
  },
  {
   "type": "Feature",
   "geometry": {
    "type": "Point",
    "coordinates": [
     139.701447,
     35.780458
    ]
   },
   "properties": {
    "name": "志村第四小学校",
    "type": "小学校",
    "ward": "板橋区",
    "address": "小豆沢4丁目13-1",
    "postal_code": "1740051"
   }
  },
  {
   "type": "Feature",
   "geometry": {
    "type": "Point",
    "coordinates": [
     139.668523,
     35.777111
    ]
   },
   "properties": {
    "name": "志村第五小学校",
    "type": "小学校",
    "ward": "板橋区",
    "address": "西台3丁目38-23",
    "postal_code": "1740045"
   }
  },
  {
   "type": "Feature",
   "geometry": {
    "type": "Point",
    "coordinates": [
     139.68064,
     35.783756
    ]
   },
   "properties": {
    "name": "志村第六小学校",
    "type": "小学校",
    "ward": "板橋区",
    "address": "坂下2丁目18-1",
    "postal_code": "1740043"
   }
  },
  {
   "type": "Feature",
   "geometry": {
    "type": "Point",
    "coordinates": [
     139.687683,
     35.768348
    ]
   },
   "properties": {
    "name": "前野小学校",
    "type": "小学校",
    "ward": "板橋区",
    "address": "前野町6丁目40-1",
    "postal_code": "1740063"
   }
  },
  {
   "type": "Feature",
   "geometry": {
    "type": "Point",
    "coordinates": [
     139.681048,
     35.766481
    ]
   },
   "properties": {
    "name": "中台小学校",
    "type": "小学校",
    "ward": "板橋区",
    "address": "中台1丁目9-7",
    "postal_code": "1740064"
   }
  },
  {
   "type": "Feature",
   "geometry": {
    "type": "Point",
    "coordinates": [
     139.681679,
     35.793627
    ]
   },
   "properties": {
    "name": "舟渡小学校",
    "type": "小学校",
    "ward": "板橋区",
    "address": "舟渡3丁目6-15",
    "postal_code": "1740041"
   }
  },
  {
   "type": "Feature",
   "geometry": {
    "type": "Point",
    "coordinates": [
     139.66514,
     35.793768
    ]
   },
   "properties": {
    "name": "新河岸小学校",
    "type": "小学校",
    "ward": "板橋区",
    "address": "新河岸1丁目3-1",
    "postal_code": "1750081"
   }
  },
  {
   "type": "Feature",
   "geometry": {
    "type": "Point",
    "coordinates": [
     139.695165,
     35.76394
    ]
   },
   "properties": {
    "name": "富士見台小学校",
    "type": "小学校",
    "ward": "板橋区",
    "address": "前野町1丁目10-1",
    "postal_code": "1740063"
   }
  },
  {
   "type": "Feature",
   "geometry": {
    "type": "Point",
    "coordinates": [
     139.676457,
     35.787754
    ]
   },
   "properties": {
    "name": "蓮根小学校",
    "type": "小学校",
    "ward": "板橋区",
    "address": "蓮根3丁目10-1",
    "postal_code": "1740046"
   }
  },
  {
   "type": "Feature",
   "geometry": {
    "type": "Point",
    "coordinates": [
     139.67787,
     35.788211
    ]
   },
   "properties": {
    "name": "蓮根第二小学校",
    "type": "小学校",
    "ward": "板橋区",
    "address": "蓮根3丁目15-5",
    "postal_code": "1740046"
   }
  },
  {
   "type": "Feature",
   "geometry": {
    "type": "Point",
    "coordinates": [
     139.680326,
     35.778972
    ]
   },
   "properties": {
    "name": "志村坂下小学校",
    "type": "小学校",
    "ward": "板橋区",
    "address": "相生町26-14",
    "postal_code": "1740044"
   }
  },
  {
   "type": "Feature",
   "geometry": {
    "type": "Point",
    "coordinates": [
     139.68522,
     35.773166
    ]
   },
   "properties": {
    "name": "北前野小学校",
    "type": "小学校",
    "ward": "板橋区",
    "address": "前野町5丁目44-3",
    "postal_code": "1740063"
   }
  },
  {
   "type": "Feature",
   "geometry": {
    "type": "Point",
    "coordinates": [
     139.67945,
     35.77244
    ]
   },
   "properties": {
    "name": "緑小学校",
    "type": "小学校",
    "ward": "板橋区",
    "address": "中台3丁目27-1",
    "postal_code": "1740064"
   }
  },
  {
   "type": "Feature",
   "geometry": {
    "type": "Point",
    "coordinates": [
     139.675508,
     35.769399
    ]
   },
   "properties": {
    "name": "若木小学校",
    "type": "小学校",
    "ward": "板橋区",
    "address": "若木1丁目14-1",
    "postal_code": "1740065"
   }
  },
  {
   "type": "Feature",
   "geometry": {
    "type": "Point",
    "coordinates": [
     139.707424,
     35.753747
    ]
   },
   "properties": {
    "name": "板橋第一小学校",
    "type": "小学校",
    "ward": "板橋区",
    "address": "氷川町13-1",
    "postal_code": "1730013"
   }
  },
  {
   "type": "Feature",
   "geometry": {
    "type": "Point",
    "coordinates": [
     139.710491,
     35.748775
    ]
   },
   "properties": {
    "name": "板橋第二小学校",
    "type": "小学校",
    "ward": "板橋区",
    "address": "板橋2丁目52-1",
    "postal_code": "1730004"
   }
  },
  {
   "type": "Feature",
   "geometry": {
    "type": "Point",
    "coordinates": [
     139.716608,
     35.750208
    ]
   },
   "properties": {
    "name": "板橋第四小学校",
    "type": "小学校",
    "ward": "板橋区",
    "address": "板橋4丁目9-13",
    "postal_code": "1730004"
   }
  },
  {
   "type": "Feature",
   "geometry": {
    "type": "Point",
    "coordinates": [
     139.704953,
     35.741705
    ]
   },
   "properties": {
    "name": "板橋第五小学校",
    "type": "小学校",
    "ward": "板橋区",
    "address": "中丸町19-1",
    "postal_code": "1730026"
   }
  },
  {
   "type": "Feature",
   "geometry": {
    "type": "Point",
    "coordinates": [
     139.700356,
     35.74726
    ]
   },
   "properties": {
    "name": "板橋第六小学校",
    "type": "小学校",
    "ward": "板橋区",
    "address": "大山町13-1",
    "postal_code": "1730023"
   }
  },
  {
   "type": "Feature",
   "geometry": {
    "type": "Point",
    "coordinates": [
     139.704721,
     35.745606
    ]
   },
   "properties": {
    "name": "板橋第七小学校",
    "type": "小学校",
    "ward": "板橋区",
    "address": "大山金井町31-1",
    "postal_code": "1730024"
   }
  },
  {
   "type": "Feature",
   "geometry": {
    "type": "Point",
    "coordinates": [
     139.700315,
     35.759734
    ]
   },
   "properties": {
    "name": "板橋第八小学校",
    "type": "小学校",
    "ward": "板橋区",
    "address": "双葉町42-1",
    "postal_code": "1730011"
   }
  },
  {
   "type": "Feature",
   "geometry": {
    "type": "Point",
    "coordinates": [
     139.692564,
     35.747725
    ]
   },
   "properties": {
    "name": "板橋第十小学校",
    "type": "小学校",
    "ward": "板橋区",
    "address": "大谷口上町43-1",
    "postal_code": "1730032"
   }
  },
  {
   "type": "Feature",
   "geometry": {
    "type": "Point",
    "coordinates": [
     139.71517,
     35.755396
    ]
   },
   "properties": {
    "name": "金沢小学校",
    "type": "小学校",
    "ward": "板橋区",
    "address": "加賀2丁目2-1",
    "postal_code": "1730003"
   }
  },
  {
   "type": "Feature",
   "geometry": {
    "type": "Point",
    "coordinates": [
     139.701076,
     35.756149
    ]
   },
   "properties": {
    "name": "中根橋小学校",
    "type": "小学校",
    "ward": "板橋区",
    "address": "栄町14-1",
    "postal_code": "1730015"
   }
  },
  {
   "type": "Feature",
   "geometry": {
    "type": "Point",
    "coordinates": [
     139.710565,
     35.761421
    ]
   },
   "properties": {
    "name": "加賀小学校",
    "type": "小学校",
    "ward": "板橋区",
    "address": "稲荷台23-1",
    "postal_code": "1730002"
   }
  },
  {
   "type": "Feature",
   "geometry": {
    "type": "Point",
    "coordinates": [
     139.686626,
     35.755211
    ]
   },
   "properties": {
    "name": "上板橋小学校",
    "type": "小学校",
    "ward": "板橋区",
    "address": "東山町47-3",
    "postal_code": "1740073"
   }
  },
  {
   "type": "Feature",
   "geometry": {
    "type": "Point",
    "coordinates": [
     139.680203,
     35.747692
    ]
   },
   "properties": {
    "name": "上板橋第二小学校",
    "type": "小学校",
    "ward": "板橋区",
    "address": "小茂根1丁目14-1",
    "postal_code": "1730037"
   }
  },
  {
   "type": "Feature",
   "geometry": {
    "type": "Point",
    "coordinates": [
     139.678975,
     35.761521
    ]
   },
   "properties": {
    "name": "上板橋第四小学校",
    "type": "小学校",
    "ward": "板橋区",
    "address": "上板橋1丁目3-1",
    "postal_code": "1740076"
   }
  },
  {
   "type": "Feature",
   "geometry": {
    "type": "Point",
    "coordinates": [
     139.691271,
     35.759626
    ]
   },
   "properties": {
    "name": "常盤台小学校",
    "type": "小学校",
    "ward": "板橋区",
    "address": "常盤台1丁目6-1",
    "postal_code": "1740071"
   }
  },
  {
   "type": "Feature",
   "geometry": {
    "type": "Point",
    "coordinates": [
     139.678442,
     35.755117
    ]
   },
   "properties": {
    "name": "桜川小学校",
    "type": "小学校",
    "ward": "板橋区",
    "address": "東新町2丁目29-1",
    "postal_code": "1740074"
   }
  },
  {
   "type": "Feature",
   "geometry": {
    "type": "Point",
    "coordinates": [
     139.694564,
     35.753884
    ]
   },
   "properties": {
    "name": "弥生小学校",
    "type": "小学校",
    "ward": "板橋区",
    "address": "弥生町19-1",
    "postal_code": "1730021"
   }
  },
  {
   "type": "Feature",
   "geometry": {
    "type": "Point",
    "coordinates": [
     139.690289,
     35.750977
    ]
   },
   "properties": {
    "name": "大谷口小学校",
    "type": "小学校",
    "ward": "板橋区",
    "address": "大谷口北町21-1",
    "postal_code": "1730031"
   }
  },
  {
   "type": "Feature",
   "geometry": {
    "type": "Point",
    "coordinates": [
     139.681855,
     35.741442
    ]
   },
   "properties": {
    "name": "向原小学校",
    "type": "小学校",
    "ward": "板橋区",
    "address": "向原2丁目34-1",
    "postal_code": "1730036"
   }
  },
  {
   "type": "Feature",
   "geometry": {
    "type": "Point",
    "coordinates": [
     139.64049,
     35.777795
    ]
   },
   "properties": {
    "name": "赤塚小学校",
    "type": "小学校",
    "ward": "板橋区",
    "address": "赤塚3丁目1-22",
    "postal_code": "1750092"
   }
  },
  {
   "type": "Feature",
   "geometry": {
    "type": "Point",
    "coordinates": [
     139.632192,
     35.774629
    ]
   },
   "properties": {
    "name": "成増小学校",
    "type": "小学校",
    "ward": "板橋区",
    "address": "成増1丁目11-1",
    "postal_code": "1750094"
   }
  },
  {
   "type": "Feature",
   "geometry": {
    "type": "Point",
    "coordinates": [
     139.635919,
     35.769452
    ]
   },
   "properties": {
    "name": "赤塚新町小学校",
    "type": "小学校",
    "ward": "板橋区",
    "address": "赤塚新町3丁目31-1",
    "postal_code": "1750093"
   }
  },
  {
   "type": "Feature",
   "geometry": {
    "type": "Point",
    "coordinates": [
     139.657508,
     35.78121
    ]
   },
   "properties": {
    "name": "紅梅小学校",
    "type": "小学校",
    "ward": "板橋区",
    "address": "徳丸8丁目10-1",
    "postal_code": "1750083"
   }
  },
  {
   "type": "Feature",
   "geometry": {
    "type": "Point",
    "coordinates": [
     139.657072,
     35.77158
    ]
   },
   "properties": {
    "name": "北野小学校",
    "type": "小学校",
    "ward": "板橋区",
    "address": "徳丸3丁目23-1",
    "postal_code": "1750083"
   }
  },
  {
   "type": "Feature",
   "geometry": {
    "type": "Point",
    "coordinates": [
     139.634138,
     35.780866
    ]
   },
   "properties": {
    "name": "成増ケ丘小学校",
    "type": "小学校",
    "ward": "板橋区",
    "address": "成増3丁目17-7",
    "postal_code": "1750094"
   }
  },
  {
   "type": "Feature",
   "geometry": {
    "type": "Point",
    "coordinates": [
     139.642897,
     35.774621
    ]
   },
   "properties": {
    "name": "下赤塚小学校",
    "type": "小学校",
    "ward": "板橋区",
    "address": "赤塚6丁目14-1",
    "postal_code": "1750092"
   }
  },
  {
   "type": "Feature",
   "geometry": {
    "type": "Point",
    "coordinates": [
     139.666561,
     35.771783
    ]
   },
   "properties": {
    "name": "徳丸小学校",
    "type": "小学校",
    "ward": "板橋区",
    "address": "徳丸1丁目21-1",
    "postal_code": "1750083"
   }
  },
  {
   "type": "Feature",
   "geometry": {
    "type": "Point",
    "coordinates": [
     139.637733,
     35.790585
    ]
   },
   "properties": {
    "name": "三園小学校",
    "type": "小学校",
    "ward": "板橋区",
    "address": "三園1丁目24-1",
    "postal_code": "1750091"
   }
  },
  {
   "type": "Feature",
   "geometry": {
    "type": "Point",
    "coordinates": [
     139.65989,
     35.792108
    ]
   },
   "properties": {
    "name": "高島第一小学校",
    "type": "小学校",
    "ward": "板橋区",
    "address": "高島平7丁目24-1",
    "postal_code": "1750082"
   }
  },
  {
   "type": "Feature",
   "geometry": {
    "type": "Point",
    "coordinates": [
     139.661809,
     35.785029
    ]
   },
   "properties": {
    "name": "高島第二小学校",
    "type": "小学校",
    "ward": "板橋区",
    "address": "高島平2丁目25-1",
    "postal_code": "1750082"
   }
  },
  {
   "type": "Feature",
   "geometry": {
    "type": "Point",
    "coordinates": [
     139.650114,
     35.788922
    ]
   },
   "properties": {
    "name": "高島第三小学校",
    "type": "小学校",
    "ward": "板橋区",
    "address": "高島平4丁目21-1",
    "postal_code": "1750082"
   }
  },
  {
   "type": "Feature",
   "geometry": {
    "type": "Point",
    "coordinates": [
     139.656873,
     35.78686
    ]
   },
   "properties": {
    "name": "高島第五小学校",
    "type": "小学校",
    "ward": "板橋区",
    "address": "高島平3丁目11-1",
    "postal_code": "1750082"
   }
  },
  {
   "type": "Feature",
   "geometry": {
    "type": "Point",
    "coordinates": [
     139.670933,
     35.784817
    ]
   },
   "properties": {
    "name": "高島第六小学校",
    "type": "小学校",
    "ward": "板橋区",
    "address": "高島平1丁目50-1",
    "postal_code": "1750082"
   }
  },
  {
   "type": "Feature",
   "geometry": {
    "type": "Point",
    "coordinates": [
     139.791274,
     35.735029
    ]
   },
   "properties": {
    "name": "瑞光小学校",
    "type": "小学校",
    "ward": "荒川区",
    "address": "南千住1丁目51-1",
    "postal_code": "1160003"
   }
  },
  {
   "type": "Feature",
   "geometry": {
    "type": "Point",
    "coordinates": [
     139.79475,
     35.733713
    ]
   },
   "properties": {
    "name": "第二瑞光小学校",
    "type": "小学校",
    "ward": "荒川区",
    "address": "南千住5丁目8-1",
    "postal_code": "1160003"
   }
  },
  {
   "type": "Feature",
   "geometry": {
    "type": "Point",
    "coordinates": [
     139.798702,
     35.735598
    ]
   },
   "properties": {
    "name": "第三瑞光小学校",
    "type": "小学校",
    "ward": "荒川区",
    "address": "南千住7丁目9-1",
    "postal_code": "1160003"
   }
  },
  {
   "type": "Feature",
   "geometry": {
    "type": "Point",
    "coordinates": [
     139.807803,
     35.734672
    ]
   },
   "properties": {
    "name": "汐入小学校",
    "type": "小学校",
    "ward": "荒川区",
    "address": "南千住8丁目2-3",
    "postal_code": "1160003"
   }
  },
  {
   "type": "Feature",
   "geometry": {
    "type": "Point",
    "coordinates": [
     139.811606,
     35.738922
    ]
   },
   "properties": {
    "name": "汐入東小学校",
    "type": "小学校",
    "ward": "荒川区",
    "address": "南千住8丁目9-3",
    "postal_code": "1160003"
   }
  },
  {
   "type": "Feature",
   "geometry": {
    "type": "Point",
    "coordinates": [
     139.789152,
     35.733084
    ]
   },
   "properties": {
    "name": "第六瑞光小学校",
    "type": "小学校",
    "ward": "荒川区",
    "address": "南千住1丁目4-11",
    "postal_code": "1160003"
   }
  },
  {
   "type": "Feature",
   "geometry": {
    "type": "Point",
    "coordinates": [
     139.777332,
     35.736355
    ]
   },
   "properties": {
    "name": "峡田小学校",
    "type": "小学校",
    "ward": "荒川区",
    "address": "荒川3丁目77-1",
    "postal_code": "1160002"
   }
  },
  {
   "type": "Feature",
   "geometry": {
    "type": "Point",
    "coordinates": [
     139.782813,
     35.738388
    ]
   },
   "properties": {
    "name": "第二峡田小学校",
    "type": "小学校",
    "ward": "荒川区",
    "address": "荒川2丁目30-1",
    "postal_code": "1160002"
   }
  },
  {
   "type": "Feature",
   "geometry": {
    "type": "Point",
    "coordinates": [
     139.786073,
     35.733288
    ]
   },
   "properties": {
    "name": "第三峡田小学校",
    "type": "小学校",
    "ward": "荒川区",
    "address": "荒川1丁目43-1",
    "postal_code": "1160002"
   }
  },
  {
   "type": "Feature",
   "geometry": {
    "type": "Point",
    "coordinates": [
     139.780137,
     35.744617
    ]
   },
   "properties": {
    "name": "第四峡田小学校",
    "type": "小学校",
    "ward": "荒川区",
    "address": "町屋2丁目11-6",
    "postal_code": "1160001"
   }
  },
  {
   "type": "Feature",
   "geometry": {
    "type": "Point",
    "coordinates": [
     139.781583,
     35.747769
    ]
   },
   "properties": {
    "name": "第五峡田小学校",
    "type": "小学校",
    "ward": "荒川区",
    "address": "町屋3丁目17-24",
    "postal_code": "1160001"
   }
  },
  {
   "type": "Feature",
   "geometry": {
    "type": "Point",
    "coordinates": [
     139.787524,
     35.747793
    ]
   },
   "properties": {
    "name": "第七峡田小学校",
    "type": "小学校",
    "ward": "荒川区",
    "address": "町屋8丁目19-12",
    "postal_code": "1160001"
   }
  },
  {
   "type": "Feature",
   "geometry": {
    "type": "Point",
    "coordinates": [
     139.779515,
     35.742454
    ]
   },
   "properties": {
    "name": "第九峡田小学校",
    "type": "小学校",
    "ward": "荒川区",
    "address": "荒川6丁目8-1",
    "postal_code": "1160002"
   }
  },
  {
   "type": "Feature",
   "geometry": {
    "type": "Point",
    "coordinates": [
     139.769077,
     35.74747
    ]
   },
   "properties": {
    "name": "尾久小学校",
    "type": "小学校",
    "ward": "荒川区",
    "address": "東尾久5丁目6-7",
    "postal_code": "1160012"
   }
  },
  {
   "type": "Feature",
   "geometry": {
    "type": "Point",
    "coordinates": [
     139.758455,
     35.749776
    ]
   },
   "properties": {
    "name": "尾久西小学校",
    "type": "小学校",
    "ward": "荒川区",
    "address": "西尾久5丁目27-12",
    "postal_code": "1160011"
   }
  },
  {
   "type": "Feature",
   "geometry": {
    "type": "Point",
    "coordinates": [
     139.754547,
     35.751803
    ]
   },
   "properties": {
    "name": "尾久第六小学校",
    "type": "小学校",
    "ward": "荒川区",
    "address": "西尾久8丁目26-9",
    "postal_code": "1160011"
   }
  },
  {
   "type": "Feature",
   "geometry": {
    "type": "Point",
    "coordinates": [
     139.769655,
     35.743206
    ]
   },
   "properties": {
    "name": "赤土小学校",
    "type": "小学校",
    "ward": "荒川区",
    "address": "東尾久2丁目43-9",
    "postal_code": "1160012"
   }
  },
  {
   "type": "Feature",
   "geometry": {
    "type": "Point",
    "coordinates": [
     139.776749,
     35.748792
    ]
   },
   "properties": {
    "name": "大門小学校",
    "type": "小学校",
    "ward": "荒川区",
    "address": "町屋4丁目27-8",
    "postal_code": "1160001"
   }
  },
  {
   "type": "Feature",
   "geometry": {
    "type": "Point",
    "coordinates": [
     139.764587,
     35.746132
    ]
   },
   "properties": {
    "name": "尾久宮前小学校",
    "type": "小学校",
    "ward": "荒川区",
    "address": "西尾久1丁目4-17",
    "postal_code": "1160011"
   }
  },
  {
   "type": "Feature",
   "geometry": {
    "type": "Point",
    "coordinates": [
     139.765773,
     35.730296
    ]
   },
   "properties": {
    "name": "第一日暮里小学校",
    "type": "小学校",
    "ward": "荒川区",
    "address": "西日暮里3丁目7-15",
    "postal_code": "1160013"
   }
  },
  {
   "type": "Feature",
   "geometry": {
    "type": "Point",
    "coordinates": [
     139.778238,
     35.728424
    ]
   },
   "properties": {
    "name": "第二日暮里小学校",
    "type": "小学校",
    "ward": "荒川区",
    "address": "東日暮里5丁目2-1",
    "postal_code": "1160014"
   }
  },
  {
   "type": "Feature",
   "geometry": {
    "type": "Point",
    "coordinates": [
     139.781391,
     35.728882
    ]
   },
   "properties": {
    "name": "第三日暮里小学校",
    "type": "小学校",
    "ward": "荒川区",
    "address": "東日暮里3丁目10-17",
    "postal_code": "1160014"
   }
  },
  {
   "type": "Feature",
   "geometry": {
    "type": "Point",
    "coordinates": [
     139.769565,
     35.735402
    ]
   },
   "properties": {
    "name": "第六日暮里小学校",
    "type": "小学校",
    "ward": "荒川区",
    "address": "西日暮里6丁目35-16",
    "postal_code": "1160013"
   }
  },
  {
   "type": "Feature",
   "geometry": {
    "type": "Point",
    "coordinates": [
     139.772491,
     35.731374
    ]
   },
   "properties": {
    "name": "ひぐらし小学校",
    "type": "小学校",
    "ward": "荒川区",
    "address": "西日暮里2丁目32-5",
    "postal_code": "1160013"
   }
  },
  {
   "type": "Feature",
   "geometry": {
    "type": "Point",
    "coordinates": [
     139.78786,
     35.734737
    ]
   },
   "properties": {
    "name": "第一中学校",
    "type": "中学校",
    "ward": "荒川区",
    "address": "荒川1丁目30-1",
    "postal_code": "1160002"
   }
  },
  {
   "type": "Feature",
   "geometry": {
    "type": "Point",
    "coordinates": [
     139.811418,
     35.737952
    ]
   },
   "properties": {
    "name": "第三中学校",
    "type": "中学校",
    "ward": "荒川区",
    "address": "南千住8丁目10-1",
    "postal_code": "1160003"
   }
  },
  {
   "type": "Feature",
   "geometry": {
    "type": "Point",
    "coordinates": [
     139.775594,
     35.741249
    ]
   },
   "properties": {
    "name": "第四中学校",
    "type": "中学校",
    "ward": "荒川区",
    "address": "荒川6丁目57-1",
    "postal_code": "1160002"
   }
  },
  {
   "type": "Feature",
   "geometry": {
    "type": "Point",
    "coordinates": [
     139.787244,
     35.744445
    ]
   },
   "properties": {
    "name": "第五中学校",
    "type": "中学校",
    "ward": "荒川区",
    "address": "町屋1丁目37-16",
    "postal_code": "1160001"
   }
  },
  {
   "type": "Feature",
   "geometry": {
    "type": "Point",
    "coordinates": [
     139.758415,
     35.746268
    ]
   },
   "properties": {
    "name": "第七中学校",
    "type": "中学校",
    "ward": "荒川区",
    "address": "西尾久4丁目30-28",
    "postal_code": "1160011"
   }
  },
  {
   "type": "Feature",
   "geometry": {
    "type": "Point",
    "coordinates": [
     139.772744,
     35.743282
    ]
   },
   "properties": {
    "name": "第九中学校",
    "type": "中学校",
    "ward": "荒川区",
    "address": "東尾久2丁目23-5",
    "postal_code": "1160012"
   }
  },
  {
   "type": "Feature",
   "geometry": {
    "type": "Point",
    "coordinates": [
     139.763861,
     35.753198
    ]
   },
   "properties": {
    "name": "尾久八幡中学校",
    "type": "中学校",
    "ward": "荒川区",
    "address": "西尾久3丁目14-1",
    "postal_code": "1160011"
   }
  },
  {
   "type": "Feature",
   "geometry": {
    "type": "Point",
    "coordinates": [
     139.799671,
     35.73618
    ]
   },
   "properties": {
    "name": "南千住第二中学校",
    "type": "中学校",
    "ward": "荒川区",
    "address": "南千住7丁目25-1",
    "postal_code": "1160003"
   }
  },
  {
   "type": "Feature",
   "geometry": {
    "type": "Point",
    "coordinates": [
     139.779409,
     35.751104
    ]
   },
   "properties": {
    "name": "原中学校",
    "type": "中学校",
    "ward": "荒川区",
    "address": "町屋5丁目12-6",
    "postal_code": "1160001"
   }
  },
  {
   "type": "Feature",
   "geometry": {
    "type": "Point",
    "coordinates": [
     139.77174,
     35.732552
    ]
   },
   "properties": {
    "name": "諏訪台中学校",
    "type": "中学校",
    "ward": "荒川区",
    "address": "西日暮里2丁目36-8",
    "postal_code": "1160013"
   }
  },
  {
   "type": "Feature",
   "geometry": {
    "type": "Point",
    "coordinates": [
     139.858598,
     35.776702
    ]
   },
   "properties": {
    "name": "飯塚小学校",
    "type": "小学校",
    "ward": "葛飾区",
    "address": "南水元1丁目13-1",
    "postal_code": "1250035"
   }
  },
  {
   "type": "Feature",
   "geometry": {
    "type": "Point",
    "coordinates": [
     139.849208,
     35.788074
    ]
   },
   "properties": {
    "name": "幸田小学校",
    "type": "小学校",
    "ward": "葛飾区",
    "address": "西水元3丁目24-12",
    "postal_code": "1250031"
   }
  },
  {
   "type": "Feature",
   "geometry": {
    "type": "Point",
    "coordinates": [
     139.864304,
     35.77424
    ]
   },
   "properties": {
    "name": "花の木小学校",
    "type": "小学校",
    "ward": "葛飾区",
    "address": "南水元3丁目2-1",
    "postal_code": "1250035"
   }
  },
  {
   "type": "Feature",
   "geometry": {
    "type": "Point",
    "coordinates": [
     139.867591,
     35.790838
    ]
   },
   "properties": {
    "name": "東水元小学校",
    "type": "小学校",
    "ward": "葛飾区",
    "address": "東水元5丁目38-1",
    "postal_code": "1250033"
   }
  },
  {
   "type": "Feature",
   "geometry": {
    "type": "Point",
    "coordinates": [
     139.864274,
     35.787271
    ]
   },
   "properties": {
    "name": "水元小学校",
    "type": "小学校",
    "ward": "葛飾区",
    "address": "水元4丁目21-1",
    "postal_code": "1250032"
   }
  },
  {
   "type": "Feature",
   "geometry": {
    "type": "Point",
    "coordinates": [
     139.877419,
     35.766501
    ]
   },
   "properties": {
    "name": "金町小学校",
    "type": "小学校",
    "ward": "葛飾区",
    "address": "金町3丁目44-1",
    "postal_code": "1250042"
   }
  },
  {
   "type": "Feature",
   "geometry": {
    "type": "Point",
    "coordinates": [
     139.865292,
     35.766634
    ]
   },
   "properties": {
    "name": "末広小学校",
    "type": "小学校",
    "ward": "葛飾区",
    "address": "金町4丁目21-1",
    "postal_code": "1250042"
   }
  },
  {
   "type": "Feature",
   "geometry": {
    "type": "Point",
    "coordinates": [
     139.858368,
     35.763082
    ]
   },
   "properties": {
    "name": "新宿小学校",
    "type": "小学校",
    "ward": "葛飾区",
    "address": "新宿2丁目26-1",
    "postal_code": "1250051"
   }
  },
  {
   "type": "Feature",
   "geometry": {
    "type": "Point",
    "coordinates": [
     139.868283,
     35.773235
    ]
   },
   "properties": {
    "name": "原田小学校",
    "type": "小学校",
    "ward": "葛飾区",
    "address": "東金町2丁目16-1",
    "postal_code": "1250041"
   }
  },
  {
   "type": "Feature",
   "geometry": {
    "type": "Point",
    "coordinates": [
     139.876195,
     35.777342
    ]
   },
   "properties": {
    "name": "半田小学校",
    "type": "小学校",
    "ward": "葛飾区",
    "address": "東金町5丁目16-1",
    "postal_code": "1250041"
   }
  },
  {
   "type": "Feature",
   "geometry": {
    "type": "Point",
    "coordinates": [
     139.870306,
     35.773366
    ]
   },
   "properties": {
    "name": "東金町小学校",
    "type": "小学校",
    "ward": "葛飾区",
    "address": "東金町1丁目33-1",
    "postal_code": "1250041"
   }
  },
  {
   "type": "Feature",
   "geometry": {
    "type": "Point",
    "coordinates": [
     139.8827,
     35.747219
    ]
   },
   "properties": {
    "name": "鎌倉小学校",
    "type": "小学校",
    "ward": "葛飾区",
    "address": "鎌倉4丁目24-1",
    "postal_code": "1250053"
   }
  },
  {
   "type": "Feature",
   "geometry": {
    "type": "Point",
    "coordinates": [
     139.871874,
     35.75982
    ]
   },
   "properties": {
    "name": "北野小学校",
    "type": "小学校",
    "ward": "葛飾区",
    "address": "柴又3丁目10-1",
    "postal_code": "1250052"
   }
  },
  {
   "type": "Feature",
   "geometry": {
    "type": "Point",
    "coordinates": [
     139.867169,
     35.762893
    ]
   },
   "properties": {
    "name": "柴原小学校",
    "type": "小学校",
    "ward": "葛飾区",
    "address": "金町1丁目15-1",
    "postal_code": "1250042"
   }
  },
  {
   "type": "Feature",
   "geometry": {
    "type": "Point",
    "coordinates": [
     139.877211,
     35.75308
    ]
   },
   "properties": {
    "name": "柴又小学校",
    "type": "小学校",
    "ward": "葛飾区",
    "address": "柴又4丁目30-1",
    "postal_code": "1250052"
   }
  },
  {
   "type": "Feature",
   "geometry": {
    "type": "Point",
    "coordinates": [
     139.86704,
     35.754586
    ]
   },
   "properties": {
    "name": "住吉小学校",
    "type": "小学校",
    "ward": "葛飾区",
    "address": "高砂8丁目14-1",
    "postal_code": "1250054"
   }
  },
  {
   "type": "Feature",
   "geometry": {
    "type": "Point",
    "coordinates": [
     139.870244,
     35.746489
    ]
   },
   "properties": {
    "name": "高砂小学校",
    "type": "小学校",
    "ward": "葛飾区",
    "address": "高砂3丁目30-1",
    "postal_code": "1250054"
   }
  },
  {
   "type": "Feature",
   "geometry": {
    "type": "Point",
    "coordinates": [
     139.880476,
     35.751907
    ]
   },
   "properties": {
    "name": "東柴又小学校",
    "type": "小学校",
    "ward": "葛飾区",
    "address": "柴又5丁目12-15",
    "postal_code": "1250052"
   }
  },
  {
   "type": "Feature",
   "geometry": {
    "type": "Point",
    "coordinates": [
     139.868472,
     35.741646
    ]
   },
   "properties": {
    "name": "細田小学校",
    "type": "小学校",
    "ward": "葛飾区",
    "address": "細田3丁目20-1",
    "postal_code": "1240021"
   }
  },
  {
   "type": "Feature",
   "geometry": {
    "type": "Point",
    "coordinates": [
     139.857322,
     35.751586
    ]
   },
   "properties": {
    "name": "青戸小学校",
    "type": "小学校",
    "ward": "葛飾区",
    "address": "青戸6丁目18-1",
    "postal_code": "1250062"
   }
  },
  {
   "type": "Feature",
   "geometry": {
    "type": "Point",
    "coordinates": [
     139.852873,
     35.758897
    ]
   },
   "properties": {
    "name": "亀青小学校",
    "type": "小学校",
    "ward": "葛飾区",
    "address": "青戸8丁目17-1",
    "postal_code": "1250062"
   }
  },
  {
   "type": "Feature",
   "geometry": {
    "type": "Point",
    "coordinates": [
     139.844075,
     35.750583
    ]
   },
   "properties": {
    "name": "白鳥小学校",
    "type": "小学校",
    "ward": "葛飾区",
    "address": "白鳥3丁目4-1",
    "postal_code": "1250063"
   }
  },
  {
   "type": "Feature",
   "geometry": {
    "type": "Point",
    "coordinates": [
     139.845128,
     35.763881
    ]
   },
   "properties": {
    "name": "道上小学校",
    "type": "小学校",
    "ward": "葛飾区",
    "address": "亀有4丁目35-1",
    "postal_code": "1250061"
   }
  },
  {
   "type": "Feature",
   "geometry": {
    "type": "Point",
    "coordinates": [
     139.851736,
     35.750755
    ]
   },
   "properties": {
    "name": "中青戸小学校",
    "type": "小学校",
    "ward": "葛飾区",
    "address": "青戸4丁目24-1",
    "postal_code": "1250062"
   }
  },
  {
   "type": "Feature",
   "geometry": {
    "type": "Point",
    "coordinates": [
     139.843087,
     35.766363
    ]
   },
   "properties": {
    "name": "中之台小学校",
    "type": "小学校",
    "ward": "葛飾区",
    "address": "亀有5丁目2-1",
    "postal_code": "1250061"
   }
  },
  {
   "type": "Feature",
   "geometry": {
    "type": "Point",
    "coordinates": [
     139.838133,
     35.753796
    ]
   },
   "properties": {
    "name": "上千葉小学校",
    "type": "小学校",
    "ward": "葛飾区",
    "address": "東堀切3丁目26-1",
    "postal_code": "1240004"
   }
  },
  {
   "type": "Feature",
   "geometry": {
    "type": "Point",
    "coordinates": [
     139.82433,
     35.754445
    ]
   },
   "properties": {
    "name": "こすげ小学校",
    "type": "小学校",
    "ward": "葛飾区",
    "address": "小菅3丁目8-1",
    "postal_code": "1240001"
   }
  },
  {
   "type": "Feature",
   "geometry": {
    "type": "Point",
    "coordinates": [
     139.834675,
     35.760723
    ]
   },
   "properties": {
    "name": "西亀有小学校",
    "type": "小学校",
    "ward": "葛飾区",
    "address": "西亀有2丁目42-1",
    "postal_code": "1240002"
   }
  },
  {
   "type": "Feature",
   "geometry": {
    "type": "Point",
    "coordinates": [
     139.817739,
     35.756281
    ]
   },
   "properties": {
    "name": "西小菅小学校",
    "type": "小学校",
    "ward": "葛飾区",
    "address": "小菅1丁目25-1",
    "postal_code": "1240001"
   }
  },
  {
   "type": "Feature",
   "geometry": {
    "type": "Point",
    "coordinates": [
     139.83205,
     35.753791
    ]
   },
   "properties": {
    "name": "東綾瀬小学校",
    "type": "小学校",
    "ward": "葛飾区",
    "address": "堀切6丁目21-1",
    "postal_code": "1240006"
   }
  },
  {
   "type": "Feature",
   "geometry": {
    "type": "Point",
    "coordinates": [
     139.838273,
     35.744822
    ]
   },
   "properties": {
    "name": "宝木塚小学校",
    "type": "小学校",
    "ward": "葛飾区",
    "address": "宝町2丁目29-23",
    "postal_code": "1240005"
   }
  },
  {
   "type": "Feature",
   "geometry": {
    "type": "Point",
    "coordinates": [
     139.828524,
     35.744323
    ]
   },
   "properties": {
    "name": "堀切小学校",
    "type": "小学校",
    "ward": "葛飾区",
    "address": "堀切2丁目42-1",
    "postal_code": "1240006"
   }
  },
  {
   "type": "Feature",
   "geometry": {
    "type": "Point",
    "coordinates": [
     139.828063,
     35.751611
    ]
   },
   "properties": {
    "name": "南綾瀬小学校",
    "type": "小学校",
    "ward": "葛飾区",
    "address": "堀切6丁目1-1",
    "postal_code": "1240006"
   }
  },
  {
   "type": "Feature",
   "geometry": {
    "type": "Point",
    "coordinates": [
     139.830643,
     35.73993
    ]
   },
   "properties": {
    "name": "綾南小学校",
    "type": "小学校",
    "ward": "葛飾区",
    "address": "堀切1丁目22-1",
    "postal_code": "1240006"
   }
  },
  {
   "type": "Feature",
   "geometry": {
    "type": "Point",
    "coordinates": [
     139.844287,
     35.741634
    ]
   },
   "properties": {
    "name": "梅田小学校",
    "type": "小学校",
    "ward": "葛飾区",
    "address": "立石3丁目24-1",
    "postal_code": "1240012"
   }
  },
  {
   "type": "Feature",
   "geometry": {
    "type": "Point",
    "coordinates": [
     139.854877,
     35.742375
    ]
   },
   "properties": {
    "name": "葛飾小学校",
    "type": "小学校",
    "ward": "葛飾区",
    "address": "青戸1丁目3-1",
    "postal_code": "1250062"
   }
  },
  {
   "type": "Feature",
   "geometry": {
    "type": "Point",
    "coordinates": [
     139.846498,
     35.731521
    ]
   },
   "properties": {
    "name": "川端小学校",
    "type": "小学校",
    "ward": "葛飾区",
    "address": "東立石1丁目2-1",
    "postal_code": "1240013"
   }
  },
  {
   "type": "Feature",
   "geometry": {
    "type": "Point",
    "coordinates": [
     139.848854,
     35.743111
    ]
   },
   "properties": {
    "name": "清和小学校",
    "type": "小学校",
    "ward": "葛飾区",
    "address": "立石6丁目2-1",
    "postal_code": "1240012"
   }
  },
  {
   "type": "Feature",
   "geometry": {
    "type": "Point",
    "coordinates": [
     139.844987,
     35.737283
    ]
   },
   "properties": {
    "name": "本田小学校",
    "type": "小学校",
    "ward": "葛飾区",
    "address": "立石1丁目7-23",
    "postal_code": "1240012"
   }
  },
  {
   "type": "Feature",
   "geometry": {
    "type": "Point",
    "coordinates": [
     139.833993,
     35.73689
    ]
   },
   "properties": {
    "name": "よつぎ小学校",
    "type": "小学校",
    "ward": "葛飾区",
    "address": "四つ木4丁目8-1",
    "postal_code": "1240011"
   }
  },
  {
   "type": "Feature",
   "geometry": {
    "type": "Point",
    "coordinates": [
     139.865383,
     35.739003
    ]
   },
   "properties": {
    "name": "奥戸小学校",
    "type": "小学校",
    "ward": "葛飾区",
    "address": "奥戸8丁目20-17",
    "postal_code": "1240022"
   }
  },
  {
   "type": "Feature",
   "geometry": {
    "type": "Point",
    "coordinates": [
     139.862724,
     35.728069
    ]
   },
   "properties": {
    "name": "上小松小学校",
    "type": "小学校",
    "ward": "葛飾区",
    "address": "奥戸4丁目1-4",
    "postal_code": "1240022"
   }
  },
  {
   "type": "Feature",
   "geometry": {
    "type": "Point",
    "coordinates": [
     139.851797,
     35.722814
    ]
   },
   "properties": {
    "name": "上平井小学校",
    "type": "小学校",
    "ward": "葛飾区",
    "address": "西新小岩4丁目22-1",
    "postal_code": "1240025"
   }
  },
  {
   "type": "Feature",
   "geometry": {
    "type": "Point",
    "coordinates": [
     139.863815,
     35.716884
    ]
   },
   "properties": {
    "name": "小松南小学校",
    "type": "小学校",
    "ward": "葛飾区",
    "address": "新小岩2丁目25-1",
    "postal_code": "1240024"
   }
  },
  {
   "type": "Feature",
   "geometry": {
    "type": "Point",
    "coordinates": [
     139.854969,
     35.72465
    ]
   },
   "properties": {
    "name": "二上小学校",
    "type": "小学校",
    "ward": "葛飾区",
    "address": "東新小岩7丁目18-1",
    "postal_code": "1240023"
   }
  },
  {
   "type": "Feature",
   "geometry": {
    "type": "Point",
    "coordinates": [
     139.851928,
     35.716801
    ]
   },
   "properties": {
    "name": "松上小学校",
    "type": "小学校",
    "ward": "葛飾区",
    "address": "西新小岩2丁目1-1",
    "postal_code": "1240025"
   }
  },
  {
   "type": "Feature",
   "geometry": {
    "type": "Point",
    "coordinates": [
     139.859545,
     35.731424
    ]
   },
   "properties": {
    "name": "南奥戸小学校",
    "type": "小学校",
    "ward": "葛飾区",
    "address": "奥戸3丁目5-1",
    "postal_code": "1240022"
   }
  },
  {
   "type": "Feature",
   "geometry": {
    "type": "Point",
    "coordinates": [
     139.85814,
     35.785177
    ]
   },
   "properties": {
    "name": "葛美中学校",
    "type": "中学校",
    "ward": "葛飾区",
    "address": "水元2丁目17-1",
    "postal_code": "1250032"
   }
  },
  {
   "type": "Feature",
   "geometry": {
    "type": "Point",
    "coordinates": [
     139.865252,
     35.773952
    ]
   },
   "properties": {
    "name": "金町中学校",
    "type": "中学校",
    "ward": "葛飾区",
    "address": "南水元3丁目1-1",
    "postal_code": "1250035"
   }
  },
  {
   "type": "Feature",
   "geometry": {
    "type": "Point",
    "coordinates": [
     139.865298,
     35.78273
    ]
   },
   "properties": {
    "name": "水元中学校",
    "type": "中学校",
    "ward": "葛飾区",
    "address": "水元3丁目20-1",
    "postal_code": "1250032"
   }
  },
  {
   "type": "Feature",
   "geometry": {
    "type": "Point",
    "coordinates": [
     139.870619,
     35.763198
    ]
   },
   "properties": {
    "name": "常盤中学校",
    "type": "中学校",
    "ward": "葛飾区",
    "address": "金町2丁目11-1",
    "postal_code": "1250042"
   }
  },
  {
   "type": "Feature",
   "geometry": {
    "type": "Point",
    "coordinates": [
     139.863273,
     35.761227
    ]
   },
   "properties": {
    "name": "新宿中学校",
    "type": "中学校",
    "ward": "葛飾区",
    "address": "新宿3丁目20-10",
    "postal_code": "1250051"
   }
  },
  {
   "type": "Feature",
   "geometry": {
    "type": "Point",
    "coordinates": [
     139.873973,
     35.77781
    ]
   },
   "properties": {
    "name": "東金町中学校",
    "type": "中学校",
    "ward": "葛飾区",
    "address": "東金町5丁目3-1",
    "postal_code": "1250041"
   }
  },
  {
   "type": "Feature",
   "geometry": {
    "type": "Point",
    "coordinates": [
     139.871335,
     35.737185
    ]
   },
   "properties": {
    "name": "奥戸中学校",
    "type": "中学校",
    "ward": "葛飾区",
    "address": "細田1丁目6-1",
    "postal_code": "1240021"
   }
  },
  {
   "type": "Feature",
   "geometry": {
    "type": "Point",
    "coordinates": [
     139.87304,
     35.752718
    ]
   },
   "properties": {
    "name": "桜道中学校",
    "type": "中学校",
    "ward": "葛飾区",
    "address": "柴又4丁目3-1",
    "postal_code": "1250052"
   }
  },
  {
   "type": "Feature",
   "geometry": {
    "type": "Point",
    "coordinates": [
     139.870244,
     35.746489
    ]
   },
   "properties": {
    "name": "高砂中学校",
    "type": "中学校",
    "ward": "葛飾区",
    "address": "高砂3丁目30-1",
    "postal_code": "1250054"
   }
  },
  {
   "type": "Feature",
   "geometry": {
    "type": "Point",
    "coordinates": [
     139.853253,
     35.750974
    ]
   },
   "properties": {
    "name": "青戸中学校",
    "type": "中学校",
    "ward": "葛飾区",
    "address": "青戸5丁目10-1",
    "postal_code": "1250062"
   }
  },
  {
   "type": "Feature",
   "geometry": {
    "type": "Point",
    "coordinates": [
     139.846826,
     35.76025
    ]
   },
   "properties": {
    "name": "亀有中学校",
    "type": "中学校",
    "ward": "葛飾区",
    "address": "亀有1丁目23-1",
    "postal_code": "1250061"
   }
  },
  {
   "type": "Feature",
   "geometry": {
    "type": "Point",
    "coordinates": [
     139.838111,
     35.764258
    ]
   },
   "properties": {
    "name": "一之台中学校",
    "type": "中学校",
    "ward": "葛飾区",
    "address": "西亀有4丁目1-1",
    "postal_code": "1250002"
   }
  },
  {
   "type": "Feature",
   "geometry": {
    "type": "Point",
    "coordinates": [
     139.833819,
     35.756856
    ]
   },
   "properties": {
    "name": "青葉中学校",
    "type": "中学校",
    "ward": "葛飾区",
    "address": "堀切8丁目12-1",
    "postal_code": "1240006"
   }
  },
  {
   "type": "Feature",
   "geometry": {
    "type": "Point",
    "coordinates": [
     139.824574,
     35.753439
    ]
   },
   "properties": {
    "name": "綾瀬中学校",
    "type": "中学校",
    "ward": "葛飾区",
    "address": "小菅2丁目12-1",
    "postal_code": "1240001"
   }
  },
  {
   "type": "Feature",
   "geometry": {
    "type": "Point",
    "coordinates": [
     139.838067,
     35.750294
    ]
   },
   "properties": {
    "name": "双葉中学校",
    "type": "中学校",
    "ward": "葛飾区",
    "address": "お花茶屋1丁目10-1",
    "postal_code": "1240003"
   }
  },
  {
   "type": "Feature",
   "geometry": {
    "type": "Point",
    "coordinates": [
     139.832855,
     35.741428
    ]
   },
   "properties": {
    "name": "堀切中学校",
    "type": "中学校",
    "ward": "葛飾区",
    "address": "堀切1丁目36-1",
    "postal_code": "1240006"
   }
  },
  {
   "type": "Feature",
   "geometry": {
    "type": "Point",
    "coordinates": [
     139.848619,
     35.743942
    ]
   },
   "properties": {
    "name": "立石中学校",
    "type": "中学校",
    "ward": "葛飾区",
    "address": "立石6丁目3-1",
    "postal_code": "1240012"
   }
  },
  {
   "type": "Feature",
   "geometry": {
    "type": "Point",
    "coordinates": [
     139.842871,
     35.744502
    ]
   },
   "properties": {
    "name": "大道中学校",
    "type": "中学校",
    "ward": "葛飾区",
    "address": "四つ木5丁目22-1",
    "postal_code": "1240011"
   }
  },
  {
   "type": "Feature",
   "geometry": {
    "type": "Point",
    "coordinates": [
     139.841517,
     35.72607
    ]
   },
   "properties": {
    "name": "中川中学校",
    "type": "中学校",
    "ward": "葛飾区",
    "address": "東四つ木1丁目3-1",
    "postal_code": "1240014"
   }
  },
  {
   "type": "Feature",
   "geometry": {
    "type": "Point",
    "coordinates": [
     139.852351,
     35.73185
    ]
   },
   "properties": {
    "name": "本田中学校",
    "type": "中学校",
    "ward": "葛飾区",
    "address": "東立石4丁目7-1",
    "postal_code": "1240013"
   }
  },
  {
   "type": "Feature",
   "geometry": {
    "type": "Point",
    "coordinates": [
     139.835251,
     35.739001
    ]
   },
   "properties": {
    "name": "四ツ木中学校",
    "type": "中学校",
    "ward": "葛飾区",
    "address": "四つ木4丁目22-1",
    "postal_code": "1240011"
   }
  },
  {
   "type": "Feature",
   "geometry": {
    "type": "Point",
    "coordinates": [
     139.860516,
     35.724868
    ]
   },
   "properties": {
    "name": "上平井中学校",
    "type": "中学校",
    "ward": "葛飾区",
    "address": "東新小岩4丁目2-1",
    "postal_code": "1240023"
   }
  },
  {
   "type": "Feature",
   "geometry": {
    "type": "Point",
    "coordinates": [
     139.864364,
     35.720387
    ]
   },
   "properties": {
    "name": "小松中学校",
    "type": "中学校",
    "ward": "葛飾区",
    "address": "新小岩4丁目30-1",
    "postal_code": "1240024"
   }
  },
  {
   "type": "Feature",
   "geometry": {
    "type": "Point",
    "coordinates": [
     139.852585,
     35.717549
    ]
   },
   "properties": {
    "name": "新小岩中学校",
    "type": "中学校",
    "ward": "葛飾区",
    "address": "西新小岩2丁目1-2",
    "postal_code": "1240025"
   }
  },
  {
   "type": "Feature",
   "geometry": {
    "type": "Point",
    "coordinates": [
     139.842415,
     35.730547
    ]
   },
   "properties": {
    "name": "東四つ木小学校",
    "type": "小学校",
    "ward": "葛飾区",
    "address": "東四つ木2丁目13-1",
    "postal_code": "1240014"
   }
  },
  {
   "type": "Feature",
   "geometry": {
    "type": "Point",
    "coordinates": [
     139.67219976118,
     35.7034450245441
    ]
   },
   "properties": {
    "name": "桃園第二小学校",
    "type": "小学校",
    "ward": "中野区",
    "address": "中野区中野1-57-12",
    "postal_code": "164-0001"
   }
  },
  {
   "type": "Feature",
   "geometry": {
    "type": "Point",
    "coordinates": [
     139.683745675354,
     35.7008431179998
    ]
   },
   "properties": {
    "name": "塔山小学校",
    "type": "小学校",
    "ward": "中野区",
    "address": "中野区中央1-49-1",
    "postal_code": "164-0011"
   }
  },
  {
   "type": "Feature",
   "geometry": {
    "type": "Point",
    "coordinates": [
     139.67755100912,
     35.7021689505598
    ]
   },
   "properties": {
    "name": "谷戸小学校",
    "type": "小学校",
    "ward": "中野区",
    "address": "中野区中野1-26-1",
    "postal_code": "164-0001"
   }
  },
  {
   "type": "Feature",
   "geometry": {
    "type": "Point",
    "coordinates": [
     139.679758533152,
     35.6921172284403
    ]
   },
   "properties": {
    "name": "中野本郷小学校",
    "type": "小学校",
    "ward": "中野区",
    "address": "中野区弥生町1-25-1",
    "postal_code": "164-0012"
   }
  },
  {
   "type": "Feature",
   "geometry": {
    "type": "Point",
    "coordinates": [
     139.666767963748,
     35.7263551533136
    ]
   },
   "properties": {
    "name": "江古田小学校",
    "type": "小学校",
    "ward": "中野区",
    "address": "中野区江古田2-13-28",
    "postal_code": "165-0022"
   }
  },
  {
   "type": "Feature",
   "geometry": {
    "type": "Point",
    "coordinates": [
     139.652394745014,
     35.713499638023
    ]
   },
   "properties": {
    "name": "啓明小学校",
    "type": "小学校",
    "ward": "中野区",
    "address": "中野区大和町1-18-1",
    "postal_code": "165-0034"
   }
  },
  {
   "type": "Feature",
   "geometry": {
    "type": "Point",
    "coordinates": [
     139.651571878047,
     35.7213190304244
    ]
   },
   "properties": {
    "name": "北原小学校",
    "type": "小学校",
    "ward": "中野区",
    "address": "中野区野方6-30-6",
    "postal_code": "165-0027"
   }
  },
  {
   "type": "Feature",
   "geometry": {
    "type": "Point",
    "coordinates": [
     139.673334574156,
     35.729406692579
    ]
   },
   "properties": {
    "name": "江原小学校",
    "type": "小学校",
    "ward": "中野区",
    "address": "中野区江原町1-39-1",
    "postal_code": "165-0023"
   }
  },
  {
   "type": "Feature",
   "geometry": {
    "type": "Point",
    "coordinates": [
     139.62951716535,
     35.7274406150234
    ]
   },
   "properties": {
    "name": "武蔵台小学校",
    "type": "小学校",
    "ward": "中野区",
    "address": "中野区上鷺宮5-1-1",
    "postal_code": "165-0031"
   }
  },
  {
   "type": "Feature",
   "geometry": {
    "type": "Point",
    "coordinates": [
     139.635130520409,
     35.7314435950351
    ]
   },
   "properties": {
    "name": "上鷺宮小学校",
    "type": "小学校",
    "ward": "中野区",
    "address": "中野区上鷺宮1-24-36",
    "postal_code": "165-0031"
   }
  },
  {
   "type": "Feature",
   "geometry": {
    "type": "Point",
    "coordinates": [
     139.66616413993,
     35.7004695009542
    ]
   },
   "properties": {
    "name": "桃花小学校",
    "type": "小学校",
    "ward": "中野区",
    "address": "中野区中央5-43-1",
    "postal_code": "164-0011"
   }
  },
  {
   "type": "Feature",
   "geometry": {
    "type": "Point",
    "coordinates": [
     139.678967959022,
     35.7098064970522
    ]
   },
   "properties": {
    "name": "白桜小学校",
    "type": "小学校",
    "ward": "中野区",
    "address": "中野区上高田1-2-28",
    "postal_code": "164-0002"
   }
  },
  {
   "type": "Feature",
   "geometry": {
    "type": "Point",
    "coordinates": [
     139.65978563979,
     35.7148932760754
    ]
   },
   "properties": {
    "name": "平和の森小学校",
    "type": "小学校",
    "ward": "中野区",
    "address": "中野区新井3-29-1",
    "postal_code": "165-0026"
   }
  },
  {
   "type": "Feature",
   "geometry": {
    "type": "Point",
    "coordinates": [
     139.657358275999,
     35.725599467621
    ]
   },
   "properties": {
    "name": "緑野小学校",
    "type": "小学校",
    "ward": "中野区",
    "address": "中野区丸山1-17-1",
    "postal_code": "165-0021"
   }
  },
  {
   "type": "Feature",
   "geometry": {
    "type": "Point",
    "coordinates": [
     139.664264764297,
     35.6842095240676
    ]
   },
   "properties": {
    "name": "南台小学校",
    "type": "小学校",
    "ward": "中野区",
    "address": "中野区南台3-44-9",
    "postal_code": "164-0014"
   }
  },
  {
   "type": "Feature",
   "geometry": {
    "type": "Point",
    "coordinates": [
     139.669942251999,
     35.6874225543689
    ]
   },
   "properties": {
    "name": "みなみの小学校",
    "type": "小学校",
    "ward": "中野区",
    "address": "中野区弥生町4-27-11",
    "postal_code": "164-0013"
   }
  },
  {
   "type": "Feature",
   "geometry": {
    "type": "Point",
    "coordinates": [
     139.645041100088,
     35.7144758684607
    ]
   },
   "properties": {
    "name": "美鳩小学校",
    "type": "小学校",
    "ward": "中野区",
    "address": "中野区大和町4-26-5",
    "postal_code": "165-0034"
   }
  },
  {
   "type": "Feature",
   "geometry": {
    "type": "Point",
    "coordinates": [
     139.677385077537,
     35.6959898098946
    ]
   },
   "properties": {
    "name": "中野第一小学校",
    "type": "小学校",
    "ward": "中野区",
    "address": "中野区本町3-16-1",
    "postal_code": "164-0012"
   }
  },
  {
   "type": "Feature",
   "geometry": {
    "type": "Point",
    "coordinates": [
     139.671354406024,
     35.692561222401
    ]
   },
   "properties": {
    "name": "第二中学校",
    "type": "中学校",
    "ward": "中野区",
    "address": "中野区本町5-25-1",
    "postal_code": "164-0012"
   }
  },
  {
   "type": "Feature",
   "geometry": {
    "type": "Point",
    "coordinates": [
     139.67841520321,
     35.715341544942
    ]
   },
   "properties": {
    "name": "第五中学校",
    "type": "中学校",
    "ward": "中野区",
    "address": "中野区上高田4-28-1",
    "postal_code": "164-0002"
   }
  },
  {
   "type": "Feature",
   "geometry": {
    "type": "Point",
    "coordinates": [
     139.674305562582,
     35.716896685947
    ]
   },
   "properties": {
    "name": "第七中学校",
    "type": "中学校",
    "ward": "中野区",
    "address": "中野区上高田5-35-3",
    "postal_code": "165-0022"
   }
  },
  {
   "type": "Feature",
   "geometry": {
    "type": "Point",
    "coordinates": [
     139.628531037127,
     35.7283430913153
    ]
   },
   "properties": {
    "name": "北中野中学校",
    "type": "中学校",
    "ward": "中野区",
    "address": "中野区上鷺宮5-7-1",
    "postal_code": "165-0031"
   }
  },
  {
   "type": "Feature",
   "geometry": {
    "type": "Point",
    "coordinates": [
     139.657294168838,
     35.7238336710175
    ]
   },
   "properties": {
    "name": "緑野中学校",
    "type": "中学校",
    "ward": "中野区",
    "address": "中野区丸山1-1-19",
    "postal_code": "165-0021"
   }
  },
  {
   "type": "Feature",
   "geometry": {
    "type": "Point",
    "coordinates": [
     139.662432365158,
     35.6825689768881
    ]
   },
   "properties": {
    "name": "南中野中学校",
    "type": "中学校",
    "ward": "中野区",
    "address": "中野区南台5-22-17",
    "postal_code": "164-0014"
   }
  },
  {
   "type": "Feature",
   "geometry": {
    "type": "Point",
    "coordinates": [
     139.661247187591,
     35.7095397108047
    ]
   },
   "properties": {
    "name": "中野中学校",
    "type": "中学校",
    "ward": "中野区",
    "address": "中野区中野4-12-3",
    "postal_code": "164-0001"
   }
  },
  {
   "type": "Feature",
   "geometry": {
    "type": "Point",
    "coordinates": [
     139.683590107085,
     35.6986346654687
    ]
   },
   "properties": {
    "name": "中野東中学校",
    "type": "中学校",
    "ward": "中野区",
    "address": "中野区中央1-41-4",
    "postal_code": "164-0011"
   }
  },
  {
   "type": "Feature",
   "geometry": {
    "type": "Point",
    "coordinates": [
     139.66839058403,
     35.7175254855848
    ]
   },
   "properties": {
    "name": "令和小学校",
    "type": "小学校",
    "ward": "中野区",
    "address": "中野区新井4-19-26",
    "postal_code": "165-0026"
   }
  },
  {
   "type": "Feature",
   "geometry": {
    "type": "Point",
    "coordinates": [
     139.640935346439,
     35.7192331125649
    ]
   },
   "properties": {
    "name": "明和中学校",
    "type": "中学校",
    "ward": "中野区",
    "address": "中野区若宮3-53-16",
    "postal_code": "165-0033"
   }
  },
  {
   "type": "Feature",
   "geometry": {
    "type": "Point",
    "coordinates": [
     139.635895393908,
     35.7238566441377
    ]
   },
   "properties": {
    "name": "鷺の杜小学校",
    "type": "小学校",
    "ward": "中野区",
    "address": "中野区鷺宮4-7-3",
    "postal_code": "165-0032"
   }
  },
  {
   "type": "Feature",
   "geometry": {
    "type": "Point",
    "coordinates": [
     139.735964226,
     35.7575939062
    ]
   },
   "properties": {
    "name": "王子小学校",
    "type": "小学校",
    "ward": "北区",
    "address": "東京都北区王子2丁目7番1号",
    "postal_code": ""
   }
  },
  {
   "type": "Feature",
   "geometry": {
    "type": "Point",
    "coordinates": [
     139.737516,
     35.765175
    ]
   },
   "properties": {
    "name": "王子第一小学校",
    "type": "小学校",
    "ward": "北区",
    "address": "東京都北区王子5丁目2番8号",
    "postal_code": ""
   }
  },
  {
   "type": "Feature",
   "geometry": {
    "type": "Point",
    "coordinates": [
     139.732688556,
     35.7562790682
    ]
   },
   "properties": {
    "name": "王子第二小学校",
    "type": "小学校",
    "ward": "北区",
    "address": "東京都北区王子本町2丁目2番5号",
    "postal_code": ""
   }
  },
  {
   "type": "Feature",
   "geometry": {
    "type": "Point",
    "coordinates": [
     139.71794509,
     35.7654654206
    ]
   },
   "properties": {
    "name": "王子第三小学校",
    "type": "小学校",
    "ward": "北区",
    "address": "東京都北区上十条5丁目2番3号",
    "postal_code": ""
   }
  },
  {
   "type": "Feature",
   "geometry": {
    "type": "Point",
    "coordinates": [
     139.719244833,
     35.7595056693
    ]
   },
   "properties": {
    "name": "王子第五小学校",
    "type": "小学校",
    "ward": "北区",
    "address": "東京都北区上十条2丁目18番17号",
    "postal_code": ""
   }
  },
  {
   "type": "Feature",
   "geometry": {
    "type": "Point",
    "coordinates": [
     139.725663543,
     35.7633925789
    ]
   },
   "properties": {
    "name": "荒川小学校",
    "type": "小学校",
    "ward": "北区",
    "address": "東京都北区中十条3丁目1番6号",
    "postal_code": ""
   }
  },
  {
   "type": "Feature",
   "geometry": {
    "type": "Point",
    "coordinates": [
     139.74278228,
     35.7609590228
    ]
   },
   "properties": {
    "name": "豊川小学校",
    "type": "小学校",
    "ward": "北区",
    "address": "東京都北区豊島3丁目10番23号",
    "postal_code": ""
   }
  },
  {
   "type": "Feature",
   "geometry": {
    "type": "Point",
    "coordinates": [
     139.746425067,
     35.7538321851
    ]
   },
   "properties": {
    "name": "堀船小学校",
    "type": "小学校",
    "ward": "北区",
    "address": "東京都北区堀船2丁目11番9号",
    "postal_code": ""
   }
  },
  {
   "type": "Feature",
   "geometry": {
    "type": "Point",
    "coordinates": [
     139.743962216,
     35.7576481114
    ]
   },
   "properties": {
    "name": "柳田小学校",
    "type": "小学校",
    "ward": "北区",
    "address": "東京都北区豊島2丁目11番20号",
    "postal_code": ""
   }
  },
  {
   "type": "Feature",
   "geometry": {
    "type": "Point",
    "coordinates": [
     139.729009651,
     35.7660467484
    ]
   },
   "properties": {
    "name": "東十条小学校",
    "type": "小学校",
    "ward": "北区",
    "address": "東京都北区東十条3丁目14番23号",
    "postal_code": ""
   }
  },
  {
   "type": "Feature",
   "geometry": {
    "type": "Point",
    "coordinates": [
     139.73054084,
     35.7586649505
    ]
   },
   "properties": {
    "name": "十条台小学校",
    "type": "小学校",
    "ward": "北区",
    "address": "東京都北区中十条1丁目5番6号",
    "postal_code": ""
   }
  },
  {
   "type": "Feature",
   "geometry": {
    "type": "Point",
    "coordinates": [
     139.750178484,
     35.766130756
    ]
   },
   "properties": {
    "name": "としま若葉小学校",
    "type": "小学校",
    "ward": "北区",
    "address": "東京都北区豊島5丁目3番30号",
    "postal_code": ""
   }
  },
  {
   "type": "Feature",
   "geometry": {
    "type": "Point",
    "coordinates": [
     139.721544131,
     35.7806475102
    ]
   },
   "properties": {
    "name": "赤羽小学校",
    "type": "小学校",
    "ward": "北区",
    "address": "東京都北区赤羽1丁目24番6号",
    "postal_code": ""
   }
  },
  {
   "type": "Feature",
   "geometry": {
    "type": "Point",
    "coordinates": [
     139.72600738,
     35.7845572969
    ]
   },
   "properties": {
    "name": "岩淵小学校",
    "type": "小学校",
    "ward": "北区",
    "address": "東京都北区岩淵町6番6号",
    "postal_code": ""
   }
  },
  {
   "type": "Feature",
   "geometry": {
    "type": "Point",
    "coordinates": [
     139.732015,
     35.777081
    ]
   },
   "properties": {
    "name": "なでしこ小学校",
    "type": "小学校",
    "ward": "北区",
    "address": "東京都北区志茂1丁目34番17号",
    "postal_code": ""
   }
  },
  {
   "type": "Feature",
   "geometry": {
    "type": "Point",
    "coordinates": [
     139.720659006,
     35.7860293029
    ]
   },
   "properties": {
    "name": "第四岩淵小学校",
    "type": "小学校",
    "ward": "北区",
    "address": "東京都北区赤羽3丁目24番23号",
    "postal_code": ""
   }
  },
  {
   "type": "Feature",
   "geometry": {
    "type": "Point",
    "coordinates": [
     139.713887827,
     35.7678867898
    ]
   },
   "properties": {
    "name": "梅木小学校",
    "type": "小学校",
    "ward": "北区",
    "address": "東京都北区西が丘2丁目21番15号",
    "postal_code": ""
   }
  },
  {
   "type": "Feature",
   "geometry": {
    "type": "Point",
    "coordinates": [
     139.729256375,
     35.7721048015
    ]
   },
   "properties": {
    "name": "神谷小学校",
    "type": "小学校",
    "ward": "北区",
    "address": "東京都北区神谷2丁目30番5号",
    "postal_code": ""
   }
  },
  {
   "type": "Feature",
   "geometry": {
    "type": "Point",
    "coordinates": [
     139.725361554,
     35.773232453
    ]
   },
   "properties": {
    "name": "稲田小学校",
    "type": "小学校",
    "ward": "北区",
    "address": "東京都北区赤羽南2丁目23番24号",
    "postal_code": ""
   }
  },
  {
   "type": "Feature",
   "geometry": {
    "type": "Point",
    "coordinates": [
     139.707163158,
     35.7768329415
    ]
   },
   "properties": {
    "name": "桐ケ丘郷小学校",
    "type": "小学校",
    "ward": "北区",
    "address": "東京都北区桐ケ丘1丁目10番23号",
    "postal_code": ""
   }
  },
  {
   "type": "Feature",
   "geometry": {
    "type": "Point",
    "coordinates": [
     139.705759061,
     35.7840394806
    ]
   },
   "properties": {
    "name": "袋小学校",
    "type": "小学校",
    "ward": "北区",
    "address": "東京都北区赤羽北2丁目15番3号",
    "postal_code": ""
   }
  },
  {
   "type": "Feature",
   "geometry": {
    "type": "Point",
    "coordinates": [
     139.714291644,
     35.7808970532
    ]
   },
   "properties": {
    "name": "八幡小学校",
    "type": "小学校",
    "ward": "北区",
    "address": "東京都北区赤羽台3丁目18番5号",
    "postal_code": ""
   }
  },
  {
   "type": "Feature",
   "geometry": {
    "type": "Point",
    "coordinates": [
     139.700528812,
     35.7858416507
    ]
   },
   "properties": {
    "name": "浮間小学校",
    "type": "小学校",
    "ward": "北区",
    "address": "東京都北区浮間3丁目4番27号",
    "postal_code": ""
   }
  },
  {
   "type": "Feature",
   "geometry": {
    "type": "Point",
    "coordinates": [
     139.699207771,
     35.7926503882
    ]
   },
   "properties": {
    "name": "西浮間小学校",
    "type": "小学校",
    "ward": "北区",
    "address": "東京都北区浮間2丁目7番1号",
    "postal_code": ""
   }
  },
  {
   "type": "Feature",
   "geometry": {
    "type": "Point",
    "coordinates": [
     139.713617874,
     35.7751742524
    ]
   },
   "properties": {
    "name": "赤羽台西小学校",
    "type": "小学校",
    "ward": "北区",
    "address": "東京都北区赤羽台2丁目1番34号",
    "postal_code": ""
   }
  },
  {
   "type": "Feature",
   "geometry": {
    "type": "Point",
    "coordinates": [
     139.721294622,
     35.7699183746
    ]
   },
   "properties": {
    "name": "西が丘小学校",
    "type": "小学校",
    "ward": "北区",
    "address": "東京都北区十条仲原4丁目5番17号",
    "postal_code": ""
   }
  },
  {
   "type": "Feature",
   "geometry": {
    "type": "Point",
    "coordinates": [
     139.748073633,
     35.7424994729
    ]
   },
   "properties": {
    "name": "滝野川小学校",
    "type": "小学校",
    "ward": "北区",
    "address": "東京都北区西ケ原1丁目18番10号",
    "postal_code": ""
   }
  },
  {
   "type": "Feature",
   "geometry": {
    "type": "Point",
    "coordinates": [
     139.726349646,
     35.7448480068
    ]
   },
   "properties": {
    "name": "滝野川第二小学校",
    "type": "小学校",
    "ward": "北区",
    "address": "東京都北区滝野川6丁目19番4号",
    "postal_code": ""
   }
  },
  {
   "type": "Feature",
   "geometry": {
    "type": "Point",
    "coordinates": [
     139.736657728,
     35.7484395135
    ]
   },
   "properties": {
    "name": "滝野川第三小学校",
    "type": "小学校",
    "ward": "北区",
    "address": "東京都北区滝野川1丁目12番27号",
    "postal_code": ""
   }
  },
  {
   "type": "Feature",
   "geometry": {
    "type": "Point",
    "coordinates": [
     139.762320482,
     35.7402950347
    ]
   },
   "properties": {
    "name": "滝野川第四小学校",
    "type": "小学校",
    "ward": "北区",
    "address": "東京都北区東田端2丁目5番23号",
    "postal_code": ""
   }
  },
  {
   "type": "Feature",
   "geometry": {
    "type": "Point",
    "coordinates": [
     139.749601204,
     35.749564758
    ]
   },
   "properties": {
    "name": "滝野川第五小学校",
    "type": "小学校",
    "ward": "北区",
    "address": "東京都北区昭和町3丁目3番12号",
    "postal_code": ""
   }
  },
  {
   "type": "Feature",
   "geometry": {
    "type": "Point",
    "coordinates": [
     139.736911521,
     35.7431938169
    ]
   },
   "properties": {
    "name": "西ケ原小学校",
    "type": "小学校",
    "ward": "北区",
    "address": "東京都北区西ケ原4丁目19番21号",
    "postal_code": ""
   }
  },
  {
   "type": "Feature",
   "geometry": {
    "type": "Point",
    "coordinates": [
     139.721585354,
     35.7447684157
    ]
   },
   "properties": {
    "name": "谷端小学校",
    "type": "小学校",
    "ward": "北区",
    "address": "東京都北区滝野川7丁目12番17号",
    "postal_code": ""
   }
  },
  {
   "type": "Feature",
   "geometry": {
    "type": "Point",
    "coordinates": [
     139.756870466,
     35.737211597
    ]
   },
   "properties": {
    "name": "田端小学校",
    "type": "小学校",
    "ward": "北区",
    "address": "東京都北区田端5丁目4番1号",
    "postal_code": ""
   }
  },
  {
   "type": "Feature",
   "geometry": {
    "type": "Point",
    "coordinates": [
     139.728456719,
     35.7509667638
    ]
   },
   "properties": {
    "name": "滝野川もみじ小学校",
    "type": "小学校",
    "ward": "北区",
    "address": "東京都北区滝野川3丁目72番1号",
    "postal_code": ""
   }
  },
  {
   "type": "Feature",
   "geometry": {
    "type": "Point",
    "coordinates": [
     139.735103361,
     35.7586597665
    ]
   },
   "properties": {
    "name": "王子桜中学校",
    "type": "中学校",
    "ward": "北区",
    "address": "東京都北区王子2丁目7番1号",
    "postal_code": ""
   }
  },
  {
   "type": "Feature",
   "geometry": {
    "type": "Point",
    "coordinates": [
     139.723085398,
     35.7575368936
    ]
   },
   "properties": {
    "name": "十条富士見中学校",
    "type": "中学校",
    "ward": "北区",
    "address": "東京都北区十条台1丁目9番33号",
    "postal_code": ""
   }
  },
  {
   "type": "Feature",
   "geometry": {
    "type": "Point",
    "coordinates": [
     139.741558336,
     35.7598749069
    ]
   },
   "properties": {
    "name": "明桜中学校",
    "type": "中学校",
    "ward": "北区",
    "address": "東京都北区王子6丁目3番23号",
    "postal_code": ""
   }
  },
  {
   "type": "Feature",
   "geometry": {
    "type": "Point",
    "coordinates": [
     139.746849054,
     35.7555601121
    ]
   },
   "properties": {
    "name": "堀船中学校",
    "type": "中学校",
    "ward": "北区",
    "address": "東京都北区堀船2丁目23番20号",
    "postal_code": ""
   }
  },
  {
   "type": "Feature",
   "geometry": {
    "type": "Point",
    "coordinates": [
     139.70802,
     35.7704776
    ]
   },
   "properties": {
    "name": "稲付中学校",
    "type": "中学校",
    "ward": "北区",
    "address": "東京都北区赤羽西6丁目1番4号",
    "postal_code": ""
   }
  },
  {
   "type": "Feature",
   "geometry": {
    "type": "Point",
    "coordinates": [
     139.726107376,
     35.7794113288
    ]
   },
   "properties": {
    "name": "赤羽岩淵中学校",
    "type": "中学校",
    "ward": "北区",
    "address": "東京都北区赤羽2丁目6番18号",
    "postal_code": ""
   }
  },
  {
   "type": "Feature",
   "geometry": {
    "type": "Point",
    "coordinates": [
     139.708595044,
     35.780181597
    ]
   },
   "properties": {
    "name": "桐ケ丘中学校",
    "type": "中学校",
    "ward": "北区",
    "address": "東京都北区桐ケ丘2丁目6番11号",
    "postal_code": ""
   }
  },
  {
   "type": "Feature",
   "geometry": {
    "type": "Point",
    "coordinates": [
     139.729412103,
     35.7736395032
    ]
   },
   "properties": {
    "name": "神谷中学校",
    "type": "中学校",
    "ward": "北区",
    "address": "東京都北区神谷2丁目46番13号",
    "postal_code": ""
   }
  },
  {
   "type": "Feature",
   "geometry": {
    "type": "Point",
    "coordinates": [
     139.693095071,
     35.7903521167
    ]
   },
   "properties": {
    "name": "浮間中学校",
    "type": "中学校",
    "ward": "北区",
    "address": "東京都北区浮間4丁目29番32号",
    "postal_code": ""
   }
  },
  {
   "type": "Feature",
   "geometry": {
    "type": "Point",
    "coordinates": [
     139.753902,
     35.738514
    ]
   },
   "properties": {
    "name": "田端中学校",
    "type": "中学校",
    "ward": "北区",
    "address": "東京都北区田端4丁目17番1号",
    "postal_code": ""
   }
  },
  {
   "type": "Feature",
   "geometry": {
    "type": "Point",
    "coordinates": [
     139.724833963,
     35.7500000927
    ]
   },
   "properties": {
    "name": "滝野川紅葉中学校",
    "type": "中学校",
    "ward": "北区",
    "address": "東京都北区滝野川5丁目55番8号",
    "postal_code": ""
   }
  },
  {
   "type": "Feature",
   "geometry": {
    "type": "Point",
    "coordinates": [
     139.742600002,
     35.7441634071
    ]
   },
   "properties": {
    "name": "飛鳥中学校",
    "type": "中学校",
    "ward": "北区",
    "address": "東京都北区田端6丁目9番1号",
    "postal_code": ""
   }
  },
  {
   "type": "Feature",
   "geometry": {
    "type": "Point",
    "coordinates": [
     139.742535,
     35.565587
    ]
   },
   "properties": {
    "name": "大森第四小学校",
    "type": "小学校",
    "ward": "大田区",
    "address": "大森南三丁目18番26号",
    "postal_code": "143-0013"
   }
  },
  {
   "type": "Feature",
   "geometry": {
    "type": "Point",
    "coordinates": [
     139.741123,
     35.569741
    ]
   },
   "properties": {
    "name": "中富小学校",
    "type": "小学校",
    "ward": "大田区",
    "address": "大森東五丁目6番24号",
    "postal_code": "143-0012"
   }
  },
  {
   "type": "Feature",
   "geometry": {
    "type": "Point",
    "coordinates": [
     139.735484,
     35.570376
    ]
   },
   "properties": {
    "name": "大森第一小学校",
    "type": "小学校",
    "ward": "大田区",
    "address": "大森東三丁目1番18号",
    "postal_code": "143-0012"
   }
  },
  {
   "type": "Feature",
   "geometry": {
    "type": "Point",
    "coordinates": [
     139.731529,
     35.575777
    ]
   },
   "properties": {
    "name": "開桜小学校",
    "type": "小学校",
    "ward": "大田区",
    "address": "大森西二丁目26番3号",
    "postal_code": "143-0015"
   }
  },
  {
   "type": "Feature",
   "geometry": {
    "type": "Point",
    "coordinates": [
     139.725903,
     35.570819
    ]
   },
   "properties": {
    "name": "大森第三小学校",
    "type": "小学校",
    "ward": "大田区",
    "address": "大森西五丁目22番18号",
    "postal_code": "143-0015"
   }
  },
  {
   "type": "Feature",
   "geometry": {
    "type": "Point",
    "coordinates": [
     139.737873,
     35.581994
    ]
   },
   "properties": {
    "name": "大森第五小学校",
    "type": "小学校",
    "ward": "大田区",
    "address": "大森本町一丁目10番5号",
    "postal_code": "143-0011"
   }
  },
  {
   "type": "Feature",
   "geometry": {
    "type": "Point",
    "coordinates": [
     139.738731,
     35.57561
    ]
   },
   "properties": {
    "name": "大森東小学校",
    "type": "小学校",
    "ward": "大田区",
    "address": "大森東一丁目29番1号",
    "postal_code": "143-0012"
   }
  },
  {
   "type": "Feature",
   "geometry": {
    "type": "Point",
    "coordinates": [
     139.7337,
     35.581181
    ]
   },
   "properties": {
    "name": "入新井第五小学校",
    "type": "小学校",
    "ward": "大田区",
    "address": "大森北六丁目4番8号",
    "postal_code": "143-0016"
   }
  },
  {
   "type": "Feature",
   "geometry": {
    "type": "Point",
    "coordinates": [
     139.727354,
     35.584389
    ]
   },
   "properties": {
    "name": "入新井第一小学校",
    "type": "小学校",
    "ward": "大田区",
    "address": "大森北四丁目6番7号",
    "postal_code": "143-0016"
   }
  },
  {
   "type": "Feature",
   "geometry": {
    "type": "Point",
    "coordinates": [
     139.725609,
     35.59214
    ]
   },
   "properties": {
    "name": "山王小学校",
    "type": "小学校",
    "ward": "大田区",
    "address": "山王一丁目26番33号",
    "postal_code": "143-0023"
   }
  },
  {
   "type": "Feature",
   "geometry": {
    "type": "Point",
    "coordinates": [
     139.711036,
     35.59161
    ]
   },
   "properties": {
    "name": "馬込小学校",
    "type": "小学校",
    "ward": "大田区",
    "address": "南馬込一丁目34番1号",
    "postal_code": "143-0025"
   }
  },
  {
   "type": "Feature",
   "geometry": {
    "type": "Point",
    "coordinates": [
     139.717557,
     35.587352
    ]
   },
   "properties": {
    "name": "馬込第二小学校",
    "type": "小学校",
    "ward": "大田区",
    "address": "南馬込三丁目10番1号",
    "postal_code": "143-0025"
   }
  },
  {
   "type": "Feature",
   "geometry": {
    "type": "Point",
    "coordinates": [
     139.707009,
     35.598773
    ]
   },
   "properties": {
    "name": "馬込第三小学校",
    "type": "小学校",
    "ward": "大田区",
    "address": "北馬込一丁目28番1号",
    "postal_code": "143-0021"
   }
  },
  {
   "type": "Feature",
   "geometry": {
    "type": "Point",
    "coordinates": [
     139.707058,
     35.58384
    ]
   },
   "properties": {
    "name": "梅田小学校",
    "type": "小学校",
    "ward": "大田区",
    "address": "南馬込六丁目6番1号",
    "postal_code": "143-0025"
   }
  },
  {
   "type": "Feature",
   "geometry": {
    "type": "Point",
    "coordinates": [
     139.705703,
     35.576546
    ]
   },
   "properties": {
    "name": "池上小学校",
    "type": "小学校",
    "ward": "大田区",
    "address": "池上一丁目33番8号",
    "postal_code": "146-0082"
   }
  },
  {
   "type": "Feature",
   "geometry": {
    "type": "Point",
    "coordinates": [
     139.713475,
     35.574019
    ]
   },
   "properties": {
    "name": "池上第二小学校",
    "type": "小学校",
    "ward": "大田区",
    "address": "中央八丁目9番1号",
    "postal_code": "143-0024"
   }
  },
  {
   "type": "Feature",
   "geometry": {
    "type": "Point",
    "coordinates": [
     139.701176,
     35.570005
    ]
   },
   "properties": {
    "name": "徳持小学校",
    "type": "小学校",
    "ward": "大田区",
    "address": "池上七丁目18番1号",
    "postal_code": "146-0082"
   }
  },
  {
   "type": "Feature",
   "geometry": {
    "type": "Point",
    "coordinates": [
     139.720708,
     35.578835
    ]
   },
   "properties": {
    "name": "入新井第二小学校",
    "type": "小学校",
    "ward": "大田区",
    "address": "中央二丁目15番1号",
    "postal_code": "143-0024"
   }
  },
  {
   "type": "Feature",
   "geometry": {
    "type": "Point",
    "coordinates": [
     139.716823,
     35.57755
    ]
   },
   "properties": {
    "name": "入新井第四小学校",
    "type": "小学校",
    "ward": "大田区",
    "address": "中央三丁目5番8号",
    "postal_code": "143-0024"
   }
  },
  {
   "type": "Feature",
   "geometry": {
    "type": "Point",
    "coordinates": [
     139.677591,
     35.582823
    ]
   },
   "properties": {
    "name": "東調布第一小学校",
    "type": "小学校",
    "ward": "大田区",
    "address": "田園調布南28番7号",
    "postal_code": "145-0076"
   }
  },
  {
   "type": "Feature",
   "geometry": {
    "type": "Point",
    "coordinates": [
     139.66812,
     35.595557
    ]
   },
   "properties": {
    "name": "田園調布小学校",
    "type": "小学校",
    "ward": "大田区",
    "address": "田園調布二丁目31番16号",
    "postal_code": "145-0071"
   }
  },
  {
   "type": "Feature",
   "geometry": {
    "type": "Point",
    "coordinates": [
     139.678034,
     35.590742
    ]
   },
   "properties": {
    "name": "調布大塚小学校",
    "type": "小学校",
    "ward": "大田区",
    "address": "雪谷大塚町12番1号",
    "postal_code": "145-0067"
   }
  },
  {
   "type": "Feature",
   "geometry": {
    "type": "Point",
    "coordinates": [
     139.685198,
     35.577655
    ]
   },
   "properties": {
    "name": "東調布第三小学校",
    "type": "小学校",
    "ward": "大田区",
    "address": "南久が原二丁目17番1号",
    "postal_code": "146-0084"
   }
  },
  {
   "type": "Feature",
   "geometry": {
    "type": "Point",
    "coordinates": [
     139.67441,
     35.57831
    ]
   },
   "properties": {
    "name": "嶺町小学校",
    "type": "小学校",
    "ward": "大田区",
    "address": "田園調布南6番10号",
    "postal_code": "145-0076"
   }
  },
  {
   "type": "Feature",
   "geometry": {
    "type": "Point",
    "coordinates": [
     139.691904,
     35.571339
    ]
   },
   "properties": {
    "name": "千鳥小学校",
    "type": "小学校",
    "ward": "大田区",
    "address": "千鳥二丁目5番1号",
    "postal_code": "146-0083"
   }
  },
  {
   "type": "Feature",
   "geometry": {
    "type": "Point",
    "coordinates": [
     139.693975,
     35.580307
    ]
   },
   "properties": {
    "name": "久原小学校",
    "type": "小学校",
    "ward": "大田区",
    "address": "久が原四丁目12番10号",
    "postal_code": "146-0085"
   }
  },
  {
   "type": "Feature",
   "geometry": {
    "type": "Point",
    "coordinates": [
     139.690658,
     35.586121
    ]
   },
   "properties": {
    "name": "松仙小学校",
    "type": "小学校",
    "ward": "大田区",
    "address": "久が原一丁目11番1号",
    "postal_code": "146-0085"
   }
  },
  {
   "type": "Feature",
   "geometry": {
    "type": "Point",
    "coordinates": [
     139.69473,
     35.590639
    ]
   },
   "properties": {
    "name": "池雪小学校",
    "type": "小学校",
    "ward": "大田区",
    "address": "東雪谷五丁目7番1号",
    "postal_code": "145-0065"
   }
  },
  {
   "type": "Feature",
   "geometry": {
    "type": "Point",
    "coordinates": [
     139.694722,
     35.597409
    ]
   },
   "properties": {
    "name": "小池小学校",
    "type": "小学校",
    "ward": "大田区",
    "address": "上池台二丁目22番7号",
    "postal_code": "145-0064"
   }
  },
  {
   "type": "Feature",
   "geometry": {
    "type": "Point",
    "coordinates": [
     139.686969,
     35.592835
    ]
   },
   "properties": {
    "name": "雪谷小学校",
    "type": "小学校",
    "ward": "大田区",
    "address": "南雪谷三丁目9番23号",
    "postal_code": "145-0066"
   }
  },
  {
   "type": "Feature",
   "geometry": {
    "type": "Point",
    "coordinates": [
     139.686599,
     35.599987
    ]
   },
   "properties": {
    "name": "洗足池小学校",
    "type": "小学校",
    "ward": "大田区",
    "address": "南千束三丁目35番2号",
    "postal_code": "145-0063"
   }
  },
  {
   "type": "Feature",
   "geometry": {
    "type": "Point",
    "coordinates": [
     139.692376,
     35.606195
    ]
   },
   "properties": {
    "name": "赤松小学校",
    "type": "小学校",
    "ward": "大田区",
    "address": "北千束二丁目35番8号",
    "postal_code": "145-0062"
   }
  },
  {
   "type": "Feature",
   "geometry": {
    "type": "Point",
    "coordinates": [
     139.688336,
     35.609258
    ]
   },
   "properties": {
    "name": "清水窪小学校",
    "type": "小学校",
    "ward": "大田区",
    "address": "北千束一丁目20番15号",
    "postal_code": "145-0062"
   }
  },
  {
   "type": "Feature",
   "geometry": {
    "type": "Point",
    "coordinates": [
     139.734221,
     35.555431
    ]
   },
   "properties": {
    "name": "糀谷小学校",
    "type": "小学校",
    "ward": "大田区",
    "address": "西糀谷三丁目13番21号",
    "postal_code": "144-0034"
   }
  },
  {
   "type": "Feature",
   "geometry": {
    "type": "Point",
    "coordinates": [
     139.744123,
     35.558683
    ]
   },
   "properties": {
    "name": "東糀谷小学校",
    "type": "小学校",
    "ward": "大田区",
    "address": "東糀谷五丁目18番23号",
    "postal_code": "144-0033"
   }
  },
  {
   "type": "Feature",
   "geometry": {
    "type": "Point",
    "coordinates": [
     139.733605,
     35.562911
    ]
   },
   "properties": {
    "name": "北糀谷小学校",
    "type": "小学校",
    "ward": "大田区",
    "address": "北糀谷二丁目2番5号",
    "postal_code": "144-0032"
   }
  },
  {
   "type": "Feature",
   "geometry": {
    "type": "Point",
    "coordinates": [
     139.746175,
     35.547683
    ]
   },
   "properties": {
    "name": "羽田小学校",
    "type": "小学校",
    "ward": "大田区",
    "address": "羽田三丁目3番14号",
    "postal_code": "144-0043"
   }
  },
  {
   "type": "Feature",
   "geometry": {
    "type": "Point",
    "coordinates": [
     139.735914,
     35.547242
    ]
   },
   "properties": {
    "name": "都南小学校",
    "type": "小学校",
    "ward": "大田区",
    "address": "本羽田三丁目15番2号",
    "postal_code": "144-0044"
   }
  },
  {
   "type": "Feature",
   "geometry": {
    "type": "Point",
    "coordinates": [
     139.738701,
     35.548804
    ]
   },
   "properties": {
    "name": "萩中小学校",
    "type": "小学校",
    "ward": "大田区",
    "address": "本羽田三丁目4番22号",
    "postal_code": "144-0044"
   }
  },
  {
   "type": "Feature",
   "geometry": {
    "type": "Point",
    "coordinates": [
     139.731717,
     35.550242
    ]
   },
   "properties": {
    "name": "中萩中小学校",
    "type": "小学校",
    "ward": "大田区",
    "address": "萩中二丁目14番1号",
    "postal_code": "144-0047"
   }
  },
  {
   "type": "Feature",
   "geometry": {
    "type": "Point",
    "coordinates": [
     139.72559,
     35.550065
    ]
   },
   "properties": {
    "name": "出雲小学校",
    "type": "小学校",
    "ward": "大田区",
    "address": "本羽田一丁目2番4号",
    "postal_code": "144-0044"
   }
  },
  {
   "type": "Feature",
   "geometry": {
    "type": "Point",
    "coordinates": [
     139.714142,
     35.545158
    ]
   },
   "properties": {
    "name": "六郷小学校",
    "type": "小学校",
    "ward": "大田区",
    "address": "東六郷三丁目7番1号",
    "postal_code": "144-0046"
   }
  },
  {
   "type": "Feature",
   "geometry": {
    "type": "Point",
    "coordinates": [
     139.709134,
     35.551594
    ]
   },
   "properties": {
    "name": "西六郷小学校",
    "type": "小学校",
    "ward": "大田区",
    "address": "西六郷二丁目3番1号",
    "postal_code": "144-0056"
   }
  },
  {
   "type": "Feature",
   "geometry": {
    "type": "Point",
    "coordinates": [
     139.706551,
     35.545016
    ]
   },
   "properties": {
    "name": "高畑小学校",
    "type": "小学校",
    "ward": "大田区",
    "address": "西六郷三丁目28番23号",
    "postal_code": "144-0056"
   }
  },
  {
   "type": "Feature",
   "geometry": {
    "type": "Point",
    "coordinates": [
     139.716868,
     35.553561
    ]
   },
   "properties": {
    "name": "仲六郷小学校",
    "type": "小学校",
    "ward": "大田区",
    "address": "仲六郷一丁目26番1号",
    "postal_code": "144-0055"
   }
  },
  {
   "type": "Feature",
   "geometry": {
    "type": "Point",
    "coordinates": [
     139.710845,
     35.554939
    ]
   },
   "properties": {
    "name": "志茂田小学校",
    "type": "小学校",
    "ward": "大田区",
    "address": "西六郷一丁目4番2号",
    "postal_code": "144-0056"
   }
  },
  {
   "type": "Feature",
   "geometry": {
    "type": "Point",
    "coordinates": [
     139.71815,
     35.550674
    ]
   },
   "properties": {
    "name": "東六郷小学校",
    "type": "小学校",
    "ward": "大田区",
    "address": "東六郷二丁目3番1号",
    "postal_code": "144-0046"
   }
  },
  {
   "type": "Feature",
   "geometry": {
    "type": "Point",
    "coordinates": [
     139.716101,
     35.544982
    ]
   },
   "properties": {
    "name": "南六郷小学校",
    "type": "小学校",
    "ward": "大田区",
    "address": "南六郷三丁目7番1号",
    "postal_code": "144-0045"
   }
  },
  {
   "type": "Feature",
   "geometry": {
    "type": "Point",
    "coordinates": [
     139.698326,
     35.562793
    ]
   },
   "properties": {
    "name": "矢口小学校",
    "type": "小学校",
    "ward": "大田区",
    "address": "多摩川一丁目18番22号",
    "postal_code": "146-0095"
   }
  },
  {
   "type": "Feature",
   "geometry": {
    "type": "Point",
    "coordinates": [
     139.687406,
     35.567913
    ]
   },
   "properties": {
    "name": "矢口西小学校",
    "type": "小学校",
    "ward": "大田区",
    "address": "下丸子一丁目7番1号",
    "postal_code": "146-0092"
   }
  },
  {
   "type": "Feature",
   "geometry": {
    "type": "Point",
    "coordinates": [
     139.690773,
     35.559364
    ]
   },
   "properties": {
    "name": "多摩川小学校",
    "type": "小学校",
    "ward": "大田区",
    "address": "矢口三丁目26番25号",
    "postal_code": "146-0093"
   }
  },
  {
   "type": "Feature",
   "geometry": {
    "type": "Point",
    "coordinates": [
     139.712066,
     35.565892
    ]
   },
   "properties": {
    "name": "相生小学校",
    "type": "小学校",
    "ward": "大田区",
    "address": "西蒲田六丁目19番1号",
    "postal_code": "144-0051"
   }
  },
  {
   "type": "Feature",
   "geometry": {
    "type": "Point",
    "coordinates": [
     139.705101,
     35.563644
    ]
   },
   "properties": {
    "name": "矢口東小学校",
    "type": "小学校",
    "ward": "大田区",
    "address": "東矢口三丁目9番20号",
    "postal_code": "146-0094"
   }
  },
  {
   "type": "Feature",
   "geometry": {
    "type": "Point",
    "coordinates": [
     139.712585,
     35.570787
    ]
   },
   "properties": {
    "name": "おなづか小学校",
    "type": "小学校",
    "ward": "大田区",
    "address": "西蒲田一丁目19番1号",
    "postal_code": "144-0051"
   }
  },
  {
   "type": "Feature",
   "geometry": {
    "type": "Point",
    "coordinates": [
     139.707161,
     35.55836
    ]
   },
   "properties": {
    "name": "道塚小学校",
    "type": "小学校",
    "ward": "大田区",
    "address": "新蒲田三丁目3番18号",
    "postal_code": "144-0054"
   }
  },
  {
   "type": "Feature",
   "geometry": {
    "type": "Point",
    "coordinates": [
     139.720523,
     35.56368
    ]
   },
   "properties": {
    "name": "蒲田小学校",
    "type": "小学校",
    "ward": "大田区",
    "address": "蒲田一丁目30番1号",
    "postal_code": "144-0052"
   }
  },
  {
   "type": "Feature",
   "geometry": {
    "type": "Point",
    "coordinates": [
     139.727046,
     35.558161
    ]
   },
   "properties": {
    "name": "南蒲小学校",
    "type": "小学校",
    "ward": "大田区",
    "address": "南蒲田一丁目12番11号",
    "postal_code": "144-0035"
   }
  },
  {
   "type": "Feature",
   "geometry": {
    "type": "Point",
    "coordinates": [
     139.715895,
     35.557251
    ]
   },
   "properties": {
    "name": "新宿小学校",
    "type": "小学校",
    "ward": "大田区",
    "address": "蒲田本町一丁目5番1号",
    "postal_code": "144-0053"
   }
  },
  {
   "type": "Feature",
   "geometry": {
    "type": "Point",
    "coordinates": [
     139.728681,
     35.564004
    ]
   },
   "properties": {
    "name": "東蒲小学校",
    "type": "小学校",
    "ward": "大田区",
    "address": "東蒲田一丁目19番25号",
    "postal_code": "144-0031"
   }
  },
  {
   "type": "Feature",
   "geometry": {
    "type": "Point",
    "coordinates": [
     139.750746,
     35.561858
    ]
   },
   "properties": {
    "name": "大森第一中学校",
    "type": "中学校",
    "ward": "大田区",
    "address": "大森南五丁目6番5号",
    "postal_code": "143-0013"
   }
  },
  {
   "type": "Feature",
   "geometry": {
    "type": "Point",
    "coordinates": [
     139.73619,
     35.569115
    ]
   },
   "properties": {
    "name": "大森東中学校",
    "type": "中学校",
    "ward": "大田区",
    "address": "大森東四丁目1番1号",
    "postal_code": "143-0012"
   }
  },
  {
   "type": "Feature",
   "geometry": {
    "type": "Point",
    "coordinates": [
     139.732134,
     35.579675
    ]
   },
   "properties": {
    "name": "大森第二中学校",
    "type": "中学校",
    "ward": "大田区",
    "address": "大森北六丁目18番1号",
    "postal_code": "143-0016"
   }
  },
  {
   "type": "Feature",
   "geometry": {
    "type": "Point",
    "coordinates": [
     139.727046,
     35.575894
    ]
   },
   "properties": {
    "name": "大森第八中学校",
    "type": "中学校",
    "ward": "大田区",
    "address": "大森西二丁目21番1号",
    "postal_code": "143-0015"
   }
  },
  {
   "type": "Feature",
   "geometry": {
    "type": "Point",
    "coordinates": [
     139.702895,
     35.584616
    ]
   },
   "properties": {
    "name": "馬込中学校",
    "type": "中学校",
    "ward": "大田区",
    "address": "西馬込二丁目35番6号",
    "postal_code": "143-0026"
   }
  },
  {
   "type": "Feature",
   "geometry": {
    "type": "Point",
    "coordinates": [
     139.717266,
     35.589781
    ]
   },
   "properties": {
    "name": "馬込東中学校",
    "type": "中学校",
    "ward": "大田区",
    "address": "南馬込二丁目26番30号",
    "postal_code": "143-0025"
   }
  },
  {
   "type": "Feature",
   "geometry": {
    "type": "Point",
    "coordinates": [
     139.705485,
     35.593869
    ]
   },
   "properties": {
    "name": "貝塚中学校",
    "type": "中学校",
    "ward": "大田区",
    "address": "中馬込三丁目13番1号",
    "postal_code": "143-0027"
   }
  },
  {
   "type": "Feature",
   "geometry": {
    "type": "Point",
    "coordinates": [
     139.708714,
     35.577827
    ]
   },
   "properties": {
    "name": "大森第四中学校",
    "type": "中学校",
    "ward": "大田区",
    "address": "池上一丁目15番1号",
    "postal_code": "146-0082"
   }
  },
  {
   "type": "Feature",
   "geometry": {
    "type": "Point",
    "coordinates": [
     139.715565,
     35.58066
    ]
   },
   "properties": {
    "name": "大森第三中学校",
    "type": "中学校",
    "ward": "大田区",
    "address": "中央四丁目12番8号",
    "postal_code": "143-0024"
   }
  },
  {
   "type": "Feature",
   "geometry": {
    "type": "Point",
    "coordinates": [
     139.679095,
     35.583395
    ]
   },
   "properties": {
    "name": "東調布中学校",
    "type": "中学校",
    "ward": "大田区",
    "address": "田園調布南29番15号",
    "postal_code": "145-0076"
   }
  },
  {
   "type": "Feature",
   "geometry": {
    "type": "Point",
    "coordinates": [
     139.669792,
     35.598542
    ]
   },
   "properties": {
    "name": "田園調布中学校",
    "type": "中学校",
    "ward": "大田区",
    "address": "田園調布二丁目60番1号",
    "postal_code": "145-0071"
   }
  },
  {
   "type": "Feature",
   "geometry": {
    "type": "Point",
    "coordinates": [
     139.688783,
     35.578223
    ]
   },
   "properties": {
    "name": "大森第七中学校",
    "type": "中学校",
    "ward": "大田区",
    "address": "南久が原一丁目3番1号",
    "postal_code": "146-0084"
   }
  },
  {
   "type": "Feature",
   "geometry": {
    "type": "Point",
    "coordinates": [
     139.688783,
     35.590747
    ]
   },
   "properties": {
    "name": "雪谷中学校",
    "type": "中学校",
    "ward": "大田区",
    "address": "南雪谷五丁目1番1号",
    "postal_code": "145-0066"
   }
  },
  {
   "type": "Feature",
   "geometry": {
    "type": "Point",
    "coordinates": [
     139.700098,
     35.584953
    ]
   },
   "properties": {
    "name": "大森第十中学校",
    "type": "中学校",
    "ward": "大田区",
    "address": "仲池上二丁目13番1号",
    "postal_code": "146-0081"
   }
  },
  {
   "type": "Feature",
   "geometry": {
    "type": "Point",
    "coordinates": [
     139.69301,
     35.601861
    ]
   },
   "properties": {
    "name": "大森第六中学校",
    "type": "中学校",
    "ward": "大田区",
    "address": "南千束一丁目33番1号",
    "postal_code": "145-0063"
   }
  },
  {
   "type": "Feature",
   "geometry": {
    "type": "Point",
    "coordinates": [
     139.681565,
     35.599155
    ]
   },
   "properties": {
    "name": "石川台中学校",
    "type": "中学校",
    "ward": "大田区",
    "address": "石川町二丁目23番1号",
    "postal_code": "145-0061"
   }
  },
  {
   "type": "Feature",
   "geometry": {
    "type": "Point",
    "coordinates": [
     139.750442,
     35.5571
    ]
   },
   "properties": {
    "name": "羽田中学校",
    "type": "中学校",
    "ward": "大田区",
    "address": "東糀谷六丁目10番12号",
    "postal_code": "144-0033"
   }
  },
  {
   "type": "Feature",
   "geometry": {
    "type": "Point",
    "coordinates": [
     139.736756,
     35.556408
    ]
   },
   "properties": {
    "name": "糀谷中学校",
    "type": "中学校",
    "ward": "大田区",
    "address": "西糀谷三丁目6番23号",
    "postal_code": "144-0034"
   }
  },
  {
   "type": "Feature",
   "geometry": {
    "type": "Point",
    "coordinates": [
     139.737414,
     35.54903
    ]
   },
   "properties": {
    "name": "出雲中学校",
    "type": "中学校",
    "ward": "大田区",
    "address": "本羽田三丁目4番15号",
    "postal_code": "144-0044"
   }
  },
  {
   "type": "Feature",
   "geometry": {
    "type": "Point",
    "coordinates": [
     139.710694,
     35.548342
    ]
   },
   "properties": {
    "name": "六郷中学校",
    "type": "中学校",
    "ward": "大田区",
    "address": "仲六郷三丁目11番11号",
    "postal_code": "144-0055"
   }
  },
  {
   "type": "Feature",
   "geometry": {
    "type": "Point",
    "coordinates": [
     139.710387,
     35.555664
    ]
   },
   "properties": {
    "name": "志茂田中学校",
    "type": "中学校",
    "ward": "大田区",
    "address": "西六郷一丁目4番10号",
    "postal_code": "144-0056"
   }
  },
  {
   "type": "Feature",
   "geometry": {
    "type": "Point",
    "coordinates": [
     139.716646,
     35.546264
    ]
   },
   "properties": {
    "name": "南六郷中学校",
    "type": "中学校",
    "ward": "大田区",
    "address": "南六郷三丁目2番1号",
    "postal_code": "144-0045"
   }
  },
  {
   "type": "Feature",
   "geometry": {
    "type": "Point",
    "coordinates": [
     139.685513,
     35.563722
    ]
   },
   "properties": {
    "name": "矢口中学校",
    "type": "中学校",
    "ward": "大田区",
    "address": "下丸子二丁目23番1号",
    "postal_code": "146-0092"
   }
  },
  {
   "type": "Feature",
   "geometry": {
    "type": "Point",
    "coordinates": [
     139.711899,
     35.561311
    ]
   },
   "properties": {
    "name": "御園中学校",
    "type": "中学校",
    "ward": "大田区",
    "address": "西蒲田八丁目5番1号",
    "postal_code": "144-0051"
   }
  },
  {
   "type": "Feature",
   "geometry": {
    "type": "Point",
    "coordinates": [
     139.708154,
     35.570844
    ]
   },
   "properties": {
    "name": "蓮沼中学校",
    "type": "中学校",
    "ward": "大田区",
    "address": "西蒲田二丁目3番1号",
    "postal_code": "144-0051"
   }
  },
  {
   "type": "Feature",
   "geometry": {
    "type": "Point",
    "coordinates": [
     139.701596,
     35.566741
    ]
   },
   "properties": {
    "name": "安方中学校",
    "type": "中学校",
    "ward": "大田区",
    "address": "東矢口二丁目1番1号",
    "postal_code": "146-0094"
   }
  },
  {
   "type": "Feature",
   "geometry": {
    "type": "Point",
    "coordinates": [
     139.72895,
     35.560824
    ]
   },
   "properties": {
    "name": "東蒲中学校",
    "type": "中学校",
    "ward": "大田区",
    "address": "東蒲田二丁目38番1号",
    "postal_code": "144-0031"
   }
  },
  {
   "type": "Feature",
   "geometry": {
    "type": "Point",
    "coordinates": [
     139.719457,
     35.566184
    ]
   },
   "properties": {
    "name": "蒲田中学校",
    "type": "中学校",
    "ward": "大田区",
    "address": "蒲田一丁目12番5号",
    "postal_code": "144-0052"
   }
  }
 ]
}