cell_id,n_points,sightline_mean_of_mean,sightline_mean_of_min,sightline_worst_min,sightline_mean_of_std,sightline_mean_open_fraction
500m_25186_7894,8,19.880467611126612,5.096773455799436,1.9441887703580663,14.387936427887812,0.34375
500m_25181_7928,8,20.901791881443938,6.545333682709804,2.0955194172147458,12.978513464023322,0.4305555555555556
500m_25200_7941,8,16.21382299883759,3.7787422016826797,1.68781761555556,13.297516485671766,0.2743055555555556
500m_25192_7937,8,29.756002785032447,12.831994045055431,3.3584141984174494,12.533917988005719,0.6145833333333333
500m_25171_7914,8,14.83343864230132,3.7450936213144597,2.134156035647602,12.298684098258397,0.23263888888888887
500m_25174_7919,8,16.553689604918276,4.206732197170943,1.613683818023444,13.294635014543221,0.2847222222222222
500m_25219_7927,8,21.539381621648943,4.913542658622164,1.5947082322976114,15.556941429734026,0.39583333333333337
500m_25185_7934,8,15.84700716172518,3.865745817243633,2.323868485663896,12.57607932076771,0.2534722222222222
500m_25204_7947,8,23.473658710508083,6.591009391371222,2.7639817710065,15.109045000471259,0.4722222222222222
500m_25177_7930,8,18.663192841264795,4.954709906450084,2.1040538002264793,13.28647963945218,0.3333333333333333
500m_25196_7943,8,19.344471567300207,7.255563292363684,2.0662356318340365,11.602714111124083,0.3402777777777778
500m_25216_7921,8,24.08876444092997,7.551111208571188,1.8295419819956948,13.92673404853015,0.4965277777777778
500m_25189_7904,8,16.14565404103036,2.8952355079267766,1.6474886948505842,14.309247561656615,0.3090277777777778
500m_25208_7917,8,42.24026873543441,21.004101308235825,8.115109662176605,10.458476789821201,0.8819444444444444
500m_25166_7920,8,22.998608755700907,6.279520765389041,1.8186516197802034,13.989865544522566,0.42013888888888884
500m_25178_7931,8,14.955960621290226,4.042571517314281,2.6597337080127335,11.883700437330946,0.26388888888888884
500m_25211_7928,8,32.21493828527364,11.805179430943756,1.3649355325918848,12.016948797915987,0.6631944444444444
500m_25190_7905,8,22.938088787347507,6.539460101830702,0.8038011950902463,12.655257861076464,0.4375
500m_25182_7901,8,18.688794446790634,5.287654716667383,1.6272620439966448,13.288629520961695,0.33333333333333337
500m_25193_7910,8,39.174143383960256,14.824791198385713,2.7749405935246996,13.52735039061772,0.8055555555555556
500m_25188_7944,8,15.631531451081644,4.452735469413366,0.7085975245160377,11.21628604856836,0.2881944444444444
500m_25180_7940,8,18.375154869631373,4.611759792271266,1.1329614033891862,13.012651321414237,0.3298611111111111
500m_25200_7918,8,21.045430212581064,6.881327213967177,1.5787456398933692,14.144529740072223,0.4236111111111111
500m_25170_7926,8,23.09499251989957,7.548097639234642,1.6014503761252854,12.618984230795876,0.4861111111111111
500m_25215_7934,8,30.844680543347657,6.613761824564829,3.8216002030745875,15.507548766235839,0.6076388888888888
500m_25181_7941,8,25.963178920556537,8.327975238605296,3.0677142243503974,14.647578515861543,0.579861111111111
500m_25173_7937,8,28.496628923158134,10.438670506300056,3.6449092079092225,14.355746753745308,0.6111111111111112
500m_25165_7933,8,18.750402215348583,4.692444227875686,2.6052553772751708,14.047516893877727,0.3402777777777778
500m_25204_7924,8,24.029469781247535,9.384527011122712,2.779557577439027,13.286663793521782,0.5104166666666666
500m_25177_7907,8,23.904016761746014,6.364421857835441,2.485991483930645,14.621920691177017,0.4583333333333333
500m_25196_7920,8,34.315853931298115,16.82785498496648,5.788377169638197,12.425203702739223,0.6840277777777778
500m_25177_7943,8,33.43847353749837,19.29429529757453,4.027748532922009,10.953715072288553,0.6631944444444444
500m_25178_7908,8,33.48087458442447,16.06176698599758,3.2969303778809262,11.673777460254163,0.6666666666666667
500m_25197_7921,8,41.04743682061391,22.318958981800137,3.199578098337055,10.168277407463073,0.84375
500m_25210_7940,8,24.731775373932777,7.472321209052497,1.9788469374372848,14.974597979481866,0.5104166666666666
500m_25189_7917,8,35.9285243941479,17.854525276525784,2.1795020384968793,8.776254433017403,0.7361111111111112
500m_25201_7891,8,39.54121723652335,25.765275634101204,0.0,6.29716918100144,0.8298611111111112
500m_25166_7933,8,18.705680827503844,4.2406556417306005,2.6136165795188564,14.48378781346307,0.3055555555555556
500m_25199_7930,8,24.1590605263262,7.0394040078109805,2.889832940474913,13.390436526938196,0.4652777777777778
500m_25211_7941,8,23.933904785062055,6.344056251258822,3.657534767194596,15.51251030665928,0.4513888888888889
500m_25203_7937,8,12.898770041237176,3.6444704739632834,1.4855368575407508,11.464024074399532,0.1840277777777778
500m_25181_7918,8,18.639476904383024,4.556799980177354,1.6245717057554656,13.787693481133708,0.3541666666666667
500m_25200_7931,8,18.151826496072587,4.7906441761709715,1.90044775357296,13.714174048036128,0.32291666666666663
500m_25173_7914,8,11.106358308395722,2.7862062179877007,1.3932527994426753,10.931457722758882,0.16666666666666666
500m_25192_7927,8,26.728053396610537,8.725232863257133,4.5656787620957795,14.243599578969201,0.5277777777777778
500m_25184_7923,8,38.01546788221319,19.496331874554073,3.0789028626285133,10.162479485138944,0.8472222222222222
500m_25185_7924,8,23.35178623559446,7.2637675986015235,1.2258505458454985,13.820084624126137,0.4409722222222222
500m_25177_7920,8,18.892920908982827,4.532657732486351,1.3712876652858064,13.224499215930088,0.34375
500m_25196_7933,8,20.593951686551367,7.0165284672139565,2.1266719463406663,12.3310965096702,0.3680555555555555
500m_25189_7894,8,28.81343724549833,10.490009808349189,3.190483367000109,13.187038113026357,0.6041666666666667
500m_25195_7937,8,20.204717861668666,3.88639491209757,1.72436613411719,14.09334400705226,0.36458333333333337
500m_25166_7910,8,22.665360931356282,4.54006499677005,2.5893449509521087,15.928649691263718,0.4375
500m_25211_7918,8,24.806970393451486,6.918180759520213,2.3871055449417327,14.884389823209833,0.4583333333333333
500m_25222_7927,8,22.101645718411074,6.2842994988278065,3.4161693261873505,14.34790936066977,0.4409722222222222
500m_25169_7921,8,26.42614998584427,6.179232649100339,2.539391845733435,15.77200203510821,0.5277777777777777
500m_25188_7934,8,18.600990380502125,4.779951775478945,1.0629672304889517,12.762303101534142,0.34375
500m_25180_7930,8,19.919078026137193,5.090872972098786,1.4258247532436552,12.435994892956547,0.37152777777777773
500m_25199_7943,8,18.59898410645624,5.265857816825338,1.3762813861176255,14.386686144582498,0.3055555555555556
500m_25172_7926,8,10.087213211344352,2.466854052205847,0.0,8.9958442685678,0.1736111111111111
500m_25191_7939,8,24.616644948916406,6.645179186972045,1.4260104001503016,14.394708210924257,0.5243055555555556
500m_25192_7904,8,20.021724729686753,5.546571290140903,0.0,13.18058855703803,0.38888888888888884
500m_25215_7924,8,18.307881177480994,3.8583592271059026,2.319838424984482,14.370400164872272,0.3368055555555556
500m_25181_7931,8,19.568446752042767,4.860675948198719,3.4363126565941453,13.270778070905926,0.375
500m_25192_7940,8,23.276306441741582,6.6429025550282255,2.056657301496213,13.541621036909634,0.45486111111111116
500m_25184_7936,8,17.924382633163965,5.406057423140109,2.044474909103883,12.180161313819431,0.3368055555555556
500m_25185_7901,8,20.278438817734187,5.456606152114186,2.861647436091394,13.680344441076496,0.3576388888888889
500m_25204_7914,8,34.558185095479786,16.14227987844439,6.156811558163153,12.721240404592884,0.7395833333333333
500m_25207_7925,8,19.072602499586758,5.875304126042068,1.6454268008164945,14.409968911121938,0.3368055555555555
500m_25218_7934,8,22.73146603414643,5.223599353210711,2.2788082666909064,14.600282713273268,0.4340277777777778
500m_25210_7930,4,40.86325058300311,15.017386774110452,5.84781387703941,12.944466417362024,0.8472222222222222
500m_25176_7937,8,17.81958025933914,4.307168614984106,2.540936290381463,13.744366025357074,0.3194444444444444
500m_25168_7933,8,16.814932566088732,3.859699144472349,1.6577147610929257,13.319402790806379,0.2881944444444444
500m_25179_7942,8,17.59124733360189,3.6681390034437036,1.4943429142060995,13.253845407973131,0.2916666666666667
500m_25199_7920,8,20.00124954516084,8.320705114189359,1.1090545315891234,13.082454592068215,0.3715277777777778
500m_25191_7916,8,26.42437076700584,8.439758422404331,3.4170623068093886,14.071321784106358,0.5069444444444444
500m_25211_7931,8,19.852391669552205,6.8715544800902855,1.0594971171781253,12.65163304089725,0.34375
500m_25203_7927,8,34.554152145880195,12.220074203580229,3.2914555870063515,12.770312722688418,0.7152777777777778
500m_25169_7934,8,29.121883321946157,9.46081344960011,1.9036663142906036,13.73152062684684,0.6076388888888888
500m_25161_7930,8,28.912112080289866,10.741116241098966,2.7754522440822926,14.367497197915801,0.59375
500m_25180_7943,8,30.068939559539412,8.392363493092994,2.3601004568947395,15.302999245748849,0.6041666666666666
500m_25181_7908,8,20.505032864864532,6.457301023462854,2.905173156819157,13.301888196114731,0.4166666666666667
500m_25172_7939,8,40.147043420652416,19.087597831786397,9.211225422448479,10.941274076990837,0.8958333333333333
500m_25200_7921,8,23.188203657212753,8.624712326530759,1.7253911275402458,12.950736569247814,0.4513888888888889
500m_25184_7913,8,16.116398745936554,3.8389801544656015,2.1042774412658587,12.935642141361997,0.3020833333333333
500m_25214_7941,8,41.86530403790056,26.54187132905524,2.4547482242057557,8.147857925611614,0.8680555555555556
500m_25206_7937,8,25.279867289813833,9.119376909569066,2.4705229972946388,12.296591516193718,0.5520833333333333
500m_25198_7933,8,12.814345859619994,3.854334010856155,1.232062344005305,10.438502550555956,0.2013888888888889
500m_25177_7910,8,20.54244162337403,5.051796090409267,2.1107734053439344,14.387296574301704,0.4097222222222222
500m_25195_7927,8,26.32010018947148,8.371219691226882,2.358025109571289,13.567413193432984,0.5381944444444444
500m_25187_7923,8,25.45765254707174,8.429675070843505,4.605847780117125,14.739611309264694,0.5069444444444444
500m_25207_7938,8,27.889889318128496,7.3478317576707,2.936394263977255,13.049505054940445,0.5486111111111112
500m_25169_7911,8,15.341970263664315,3.5592199655063674,1.4797583438328104,13.252549425707617,0.22916666666666669
500m_25188_7924,8,14.787216758355523,4.652152387875244,1.7430323711729654,12.710873652490719,0.2222222222222222
500m_25180_7920,8,14.681260406273935,3.181163024623825,0.9074013686229119,13.368908618375775,0.2326388888888889
500m_25199_7933,8,10.556565962038455,2.5857326587191434,0.0,8.87232667099939,0.13541666666666669
500m_25172_7916,8,15.615940176230016,3.75695235552367,2.2895071995386753,13.412923264180325,0.2534722222222222
500m_25191_7929,8,35.934216290248344,13.964052709760441,7.702143474816694,13.265138987162098,0.8020833333333333
500m_25192_7894,8,22.79935030734682,7.14622938637862,2.3487149771104563,14.063992612216733,0.4305555555555556
500m_25202_7944,8,28.009219801617437,8.766852802926707,3.1063934005287592,13.986327877414581,0.625
500m_25194_7940,8,35.448778954665926,13.525237430838164,3.5111949374151235,13.977203624711418,0.71875
500m_25173_7917,8,27.469030806292395,7.29349162274297,1.266451575988279,14.828978523967614,0.5694444444444444
500m_25214_7918,8,27.649796254259577,8.330945458820082,3.547723732486094,13.311643180937136,0.5833333333333334
500m_25165_7913,8,42.130304159875735,38.63317864769704,3.140064355267258,3.2756240207990084,0.8263888888888888
500m_25184_7926,8,22.812785657293837,6.388637327700872,1.2786971928871935,13.355184124469293,0.4652777777777778
500m_25217_7923,8,19.21701410036666,4.316089756099908,1.6541793936080225,14.78594468009322,0.35416666666666663
500m_25196_7900,8,33.01741118440486,11.286051126777888,0.0,12.653763456884779,0.6736111111111112
500m_25183_7930,8,16.665678554193775,5.097663365062466,0.6608572025131659,11.602391967817939,0.3090277777777778
500m_25207_7915,8,46.45163295128902,33.110937345553204,7.114238160643244,5.8424303182606,0.9722222222222222
500m_25198_7946,8,40.98310273499189,16.444790936829918,6.820274136767694,11.746449016513917,0.84375
500m_25218_7924,8,31.881203403805515,12.666931624567411,2.076182449857289,13.055274214206694,0.6493055555555556
500m_25210_7920,8,19.224364423859775,7.779945895075189,1.5220708554668703,11.909303582235232,0.3125
500m_25195_7940,8,38.33154352555273,21.94417200676752,0.0,8.020340167089799,0.7881944444444444
500m_25168_7923,8,18.236308947480758,4.825792852009135,2.349561176141438,12.949588422095566,0.3263888888888889
500m_25187_7936,8,18.97087503568949,5.120840632962752,0.47106692221259955,12.089881346371437,0.3611111111111111
500m_25188_7901,8,19.402578319466045,5.3948989894560295,0.8359096686422226,13.248789827255116,0.3784722222222222
500m_25179_7932,8,34.21020909629104,20.78066621305126,3.9758812594128923,10.005663613024051,0.6666666666666666
500m_25191_7906,8,39.33371296784274,19.961301889790583,1.98884783090725,10.465528606364682,0.7986111111111112
500m_25203_7917,8,22.75930576081121,8.274458965680793,1.779395228169127,12.745070397497146,0.40972222222222227
500m_25169_7924,8,15.935332708343685,5.0454155230925934,2.0616003146394597,12.107446454583538,0.28125
500m_25180_7933,8,18.443204019802153,4.87348060933647,2.272012845435961,14.594947917848874,0.33333333333333337
500m_25181_7898,8,19.59248634687087,4.894654099244441,2.8774146815966417,14.239657479621314,0.3923611111111111
500m_25172_7929,8,13.955025809844827,3.854085009489498,2.1128816660733754,11.345911332517822,0.22222222222222224
500m_25213_7930,8,23.1431272519413,5.381471330189283,2.162168951131842,14.332899568479736,0.4895833333333333
500m_25192_7907,8,33.49044774637106,11.541950641052608,1.2013903234156156,14.326605457926568,0.7361111111111112
500m_25184_7903,8,23.77528780833007,6.989772003942351,2.1628101549234833,15.230255034569486,0.4409722222222222
500m_25214_7931,8,18.211537471218318,5.068638242376672,1.7653717429642906,13.055957428656637,0.3194444444444445
500m_25206_7927,8,19.270837836612422,6.0251537263381545,2.719124091821077,12.814407129792452,0.36111111111111116
500m_25198_7923,8,28.898760409331103,10.912407808652,1.6120549578328902,13.177386069925618,0.6423611111111112
500m_25217_7936,8,24.729424294203334,8.124358241810368,2.631018062756084,13.060279684326618,0.5034722222222222
500m_25164_7930,8,23.360194459084525,8.609028915005307,3.1048739713468456,11.218865641314522,0.4583333333333333
500m_25183_7943,8,29.95166840189366,8.468541856902675,3.5543316739803257,15.510201652653986,0.6666666666666667
500m_25175_7939,8,19.06684833808984,4.352052183555477,1.5703922482434074,14.561120612437092,0.3576388888888889
500m_25176_7904,8,18.566606157396535,4.356077609702072,0.7921725853216316,13.008665371009032,0.3680555555555555
500m_25195_7917,8,29.842646955460644,9.047234766816931,2.879463998203054,15.971430046991093,0.6111111111111112
500m_25167_7935,8,16.336298088595452,3.8494710813942894,2.3189652588791603,13.06409528634218,0.29513888888888884
500m_25187_7913,8,30.493264208225682,10.750607550305642,3.289564447619341,14.43249846461274,0.6527777777777778
500m_25179_7909,8,27.489949071388892,8.319150916117575,2.7258138649303874,12.731047084143224,0.5763888888888888
500m_25210_7933,8,20.37798488552943,4.594742185216452,0.30177154739424944,15.153413813859869,0.3819444444444444
500m_25176_7940,8,21.686024324465293,4.936523997481569,0.12784415790520143,13.484370874922094,0.42361111111111105
500m_25209_7937,8,21.567684517451365,4.597424916570699,2.344662564358355,15.33195059302807,0.4097222222222222
500m_25188_7914,8,19.654471354036726,5.740874196638024,1.5663681426081966,12.616276388776065,0.3819444444444444
500m_25179_7945,8,27.66344662486357,6.144623789957812,3.347218804599366,16.686225415115118,0.53125
500m_25180_7910,8,18.61309331529549,4.699051869269189,1.4583285876958971,13.23091023232472,0.36458333333333337
500m_25172_7906,8,27.54056438592081,8.431672898735975,2.5730434817904593,14.367353818299883,0.59375
500m_25212_7942,8,26.47637239641119,6.483718463331508,2.737805461164726,14.793693599648623,0.5416666666666666
500m_25191_7919,8,22.48905824435606,9.07473241927221,1.965709987400226,12.555084175712823,0.4131944444444444
500m_25202_7934,8,32.049161891063235,11.383479708411965,4.060661416162578,14.242877129649905,0.6458333333333334
500m_25194_7930,8,21.44624502204742,6.544093722241562,1.877834107111994,13.388120283642062,0.39583333333333337
500m_25186_7926,8,15.42282354740518,4.112229570793266,1.6185632538067094,12.586011431758124,0.2569444444444444
500m_25205_7939,8,19.09566253242746,4.946442265033157,1.9234836432994054,13.085911814696367,0.3611111111111111
500m_25183_7920,8,23.028380429360833,8.130884677691787,2.492509244042696,12.546205396255319,0.44791666666666663
500m_25175_7916,8,16.696856133597407,4.056271198321452,2.0554135368831057,11.03859462382279,0.32638888888888884
500m_25187_7890,8,24.42360814979509,7.633017245306153,2.6888259207535254,13.640613851668157,0.4861111111111111
500m_25206_7940,8,22.321672284800314,6.483466024153586,2.77948479720712,14.767068831853827,0.4409722222222222
500m_25198_7936,8,22.15127663422089,7.1305038082423176,1.2505743740651787,12.96351538520275,0.4236111111111111
500m_25176_7917,8,14.741333936597275,3.4161864521049607,2.043203826564265,12.652599142303306,0.2361111111111111
500m_25168_7913,8,16.910843412168198,4.405070048342125,2.3063341791494167,12.448675668812587,0.3055555555555556
500m_25187_7926,8,27.005994463662205,6.689721175024501,2.6805225665507066,15.167887016682144,0.5277777777777778
500m_25188_7891,8,15.941611853837678,3.539753944977279,1.556487560205468,13.087721834344507,0.2569444444444444
500m_25179_7922,8,17.804231063645517,6.170830016051998,1.884456802768904,12.113241879382512,0.3263888888888889
500m_25191_7896,8,16.40083767995084,5.337605508274809,1.1457779575357563,12.116801401604098,0.3298611111111111
500m_25190_7937,8,31.896747044059687,11.614756250924037,1.6828595915663849,13.910716330569855,0.65625
500m_25182_7933,8,16.72102926291482,4.007431710631742,1.072845626384357,11.908624217330532,0.3125
500m_25201_7946,8,18.788478424415597,5.919406356152189,1.3188701258247866,13.178449512196885,0.3402777777777778
500m_25202_7911,8,43.20450702081348,40.099160461826216,0.0,1.17735324076682,0.875
500m_25193_7942,8,40.817907486606686,29.348220870077828,3.183779155025744,5.846666189512273,0.8090277777777778
500m_25221_7924,8,17.870022071971313,4.853746955524085,1.8944888481079427,13.958226693073364,0.33333333333333337
500m_25213_7920,8,28.654036862866864,7.984693678999397,2.1964243143665954,13.594540930232593,0.5868055555555556
500m_25205_7916,8,30.14954154783001,10.148241925188033,5.00562533186246,14.517953337950427,0.6319444444444444
500m_25171_7923,8,20.517594650698523,4.668483218308774,2.3124884841062383,14.436808452523833,0.3958333333333333
500m_25183_7897,8,23.91790599541697,5.925537559674083,1.3160033848664063,13.365903619191213,0.4930555555555555
500m_25202_7947,8,35.35307203212854,12.807081894858307,1.8882294992338746,13.24335843745018,0.7118055555555556
500m_25174_7928,8,15.763972244532155,4.284048781475336,1.9526262838390918,12.559058594413397,0.2638888888888889
500m_25186_7939,8,17.159399451613872,6.168385281571847,1.7884245028937147,10.858463766249933,0.3055555555555556
500m_25214_7921,8,18.376615875117935,3.850169468007944,2.1953253144974947,14.558196369911574,0.3090277777777778
500m_25206_7917,8,37.349140402568366,12.686473156730614,3.6886172574923757,14.413028278509207,0.8090277777777778
500m_25217_7926,8,16.933854860498755,4.335612217951952,0.9958196235336964,13.174429542416846,0.3194444444444444
500m_25164_7920,8,50.0,50.0,50.0,0.0,1.0
500m_25183_7933,8,13.631115272330254,3.528168469557681,2.0389966352224573,12.663536347071364,0.19444444444444442
500m_25175_7929,8,11.694709783936108,3.104839425013454,2.0961294519584044,11.046062547312214,0.15972222222222224
500m_25167_7925,8,9.800832918528968,2.7137641005308444,2.1630899166182953,10.029722736683626,0.11805555555555555
500m_25187_7903,8,20.547997105496954,5.823327849158655,2.237744314040523,13.845894724615617,0.3819444444444445
500m_25178_7940,8,18.41057147897479,5.158686956653667,0.5633756137106354,13.256371086594154,0.3819444444444444
500m_25212_7932,8,23.65766024839246,9.05822265582391,2.0528507855560045,11.911093358024921,0.46875
500m_25170_7935,8,24.410631876934307,6.306931237487087,3.382611144042194,15.592929561129605,0.48958333333333337
500m_25202_7924,8,28.536674200492627,9.431220398131869,3.609162715087065,14.938215554268535,0.5972222222222222
500m_25194_7920,8,50.0,50.0,50.0,0.0,1.0
500m_25213_7933,8,19.799224348567787,4.755425901700131,1.2851594940603204,14.807564479136346,0.3888888888888889
500m_25186_7916,8,25.724419313420647,8.54479947388347,3.673559696924755,13.614103367775407,0.48263888888888895
500m_25205_7929,8,21.720064383857387,7.2306511188828315,1.69440507102419,12.868485609424736,0.42361111111111116
500m_25198_7890,8,35.767696148699955,22.8177005370812,0.0,6.886217444130289,0.7222222222222222
500m_25163_7932,8,20.809373965835412,4.955109171480297,1.927262573260885,13.881349778536459,0.4131944444444444
500m_25183_7910,8,17.352411844988964,4.8771200661784775,2.5324724235141,14.192833020791326,0.3090277777777778
500m_25174_7941,8,28.01224827561898,7.683633388214552,3.1911381817772053,14.233050393563861,0.6180555555555556
500m_25197_7930,8,18.06085579066265,4.7923089786914055,1.4984542630239923,12.65020465529509,0.32986111111111116
500m_25176_7907,8,26.41945881616656,7.335211647338319,3.0308871059280693,14.67771399491333,0.5659722222222222
500m_25208_7939,8,30.517982725390652,11.388411048997131,5.81357946364961,13.338392304877505,0.6527777777777778
500m_25199_7890,8,46.467952409744456,35.49237683969126,5.440910853404452,5.538500885109289,0.9340277777777778
500m_25190_7927,8,27.928470228623958,9.773729826807664,4.366983317687313,13.644937732628364,0.5694444444444444
500m_25209_7940,8,29.755464852220744,6.7014948371774,2.531367522692367,17.11538314508072,0.5902777777777778
500m_25182_7923,8,17.802456606407834,4.450559133775375,2.1742641381445402,13.001164923426849,0.34375
500m_25201_7936,8,22.460118896886517,3.325166693978539,1.8446306334692266,15.851341156575938,0.4270833333333333
500m_25193_7932,8,25.949426752952487,7.389299281754353,3.750302515318492,14.463967893800815,0.49652777777777785
500m_25171_7913,8,18.878178149812964,4.868777210001113,2.3712860979829773,13.782167200371283,0.34375
500m_25174_7918,8,22.68914272279244,4.8318046895546205,1.3922494685248539,14.901053833113798,0.4618055555555556
500m_25186_7929,8,22.27974224967403,5.892439396427752,2.4967613890655036,14.99863072491514,0.3993055555555556
500m_25219_7926,8,22.754687818604715,5.832888329920411,3.352206500367832,15.298125971692894,0.4513888888888889
500m_25204_7946,8,24.836232402432273,6.598425386049197,4.4148906588724035,14.991838778082926,0.46527777777777773
500m_25196_7942,8,25.492657327433463,6.322814345917397,2.173369727312446,14.546337436048692,0.5208333333333333
500m_25175_7919,8,16.706833412113433,4.245946686853457,2.0871960443400894,12.609028544724973,0.29513888888888884
500m_25167_7915,8,26.295515844550224,6.217601632928181,2.5961330548465145,14.043662229091908,0.5173611111111112
500m_25208_7916,8,33.16166896246945,12.648508207052997,0.0,12.242541344444524,0.6979166666666666
500m_25187_7893,8,26.349290487811587,9.281238922676726,1.0581223008213914,12.903686097774493,0.5034722222222222
500m_25178_7930,8,15.44136439797381,4.032608122295523,2.1904856233981795,11.775113141487264,0.2534722222222222
500m_25197_7943,8,31.476905230971788,8.811704701836055,5.087705205349149,15.053788505551879,0.6736111111111112
500m_25189_7939,8,12.672675973852916,3.5199935156301674,0.90855108654786,11.44710374495637,0.19791666666666666
500m_25190_7904,8,13.355927782002961,3.226981652845243,1.2289926281696935,12.454954072899607,0.21180555555555555
500m_25209_7917,8,42.50601672074584,20.526160185950424,10.375013861533528,10.224486423028356,0.90625
500m_25182_7900,8,20.507215616429768,5.510391553220735,3.2827127698766816,13.526308894829594,0.39583333333333337
500m_25220_7926,8,22.651283206190207,5.98029785076681,3.8681850479545266,14.633465565437827,0.4131944444444445
500m_25193_7909,8,32.49048604707482,11.95640452722863,4.110495190528947,14.69463112124144,0.6979166666666667
500m_25212_7922,8,43.69250630622932,22.445749740070845,8.294230338764358,10.059221824268112,0.8854166666666667
500m_25170_7925,8,20.83611519305404,5.01900169737921,2.2176538235981784,14.085034203858612,0.42013888888888884
500m_25215_7933,8,25.488240954710015,5.4162686574821945,2.6386357612453746,16.20607459017088,0.48958333333333337
500m_25186_7906,8,19.4614991572834,6.047694181533095,2.8175160310761815,12.831764806307513,0.36458333333333337
500m_25205_7919,8,31.753851401552495,14.926627787902966,6.247054212943928,11.670720913725685,0.6145833333333333
500m_25171_7926,8,13.457744865532668,3.8570505835409166,0.05754891971810139,9.682868227018158,0.2013888888888889
500m_25204_7923,8,22.234897679464925,7.443840562278634,1.837961894694222,13.680587462883064,0.4409722222222222
500m_25183_7900,8,21.0042519093846,5.852245015797397,1.8573953663299965,12.667751809023853,0.3819444444444444
500m_25174_7931,8,19.149055172534894,6.210368455298751,2.970072305073671,14.570725630738577,0.32986111111111116
500m_25177_7942,8,23.663072099778503,6.388541051076954,1.5822653608694885,14.769493415637047,0.4756944444444445
500m_25178_7907,8,23.66129027407005,5.7456567869714466,2.6427783012961457,14.974882103128255,0.4340277777777778
500m_25197_7920,8,36.13811711626558,12.903203996273106,1.604186094933157,13.882767203443073,0.7847222222222222
500m_25189_7916,8,25.295119488995034,9.245875839831545,1.5627263461077585,12.705130298995357,0.5243055555555556
500m_25208_7929,8,13.65217926014309,2.7841545841327875,2.0914068414356635,11.641140346802121,0.2152777777777778
500m_25201_7890,8,44.99379740453103,25.868163425493137,7.606629686836972,8.185617827618222,0.90625
500m_25166_7932,8,22.299745810966,7.427447532857917,3.88407638490753,13.618536351689961,0.44791666666666663
500m_25178_7943,8,26.597969909779465,7.679214842485173,4.371584388623887,15.279803712511228,0.5138888888888888
500m_25190_7917,8,32.400419512850206,9.78745407722456,2.366101819657937,14.921251167534486,0.7152777777777778
500m_25182_7913,8,21.456369919253486,9.108068946481955,2.0833932378848585,10.314430159243154,0.40625
500m_25201_7926,8,20.041066172646573,5.620463588129896,2.2416064495823775,13.77975185713289,0.3819444444444444
500m_25202_7891,8,37.041712321054376,33.16694067720904,0.0,1.1279120026612142,0.75
500m_25193_7922,8,37.0524061336795,22.9571079084684,4.757396572787974,8.886693624776866,0.7604166666666666
500m_25200_7930,8,21.135820667191084,7.318987041404242,1.6060654483420758,13.378802520146575,0.38888888888888895
500m_25170_7938,8,23.389848456810878,7.422005439546767,3.011155469723174,14.801972180423505,0.4722222222222222
500m_25174_7908,8,32.865380502270405,13.029525852452466,6.364488090868366,12.659967811681753,0.6979166666666666
500m_25185_7923,8,23.35180879818916,6.682221528700302,0.3359928810677957,13.66855670270578,0.4375
500m_25204_7936,8,20.126894194909617,7.1183998724600235,2.1942897662428638,12.084351824127143,0.3645833333333333
500m_25177_7919,8,13.930565345487313,3.8661474012111285,1.2175057474292446,10.529319037593357,0.2361111111111111
500m_25196_7932,8,15.675330445971717,4.810019225292509,1.1837754382987378,12.678100935725059,0.28125
500m_25166_7909,8,30.581688416523892,12.601385500205389,3.021125602677155,13.396841040976536,0.6180555555555556
500m_25178_7920,8,11.982173475752301,3.004197440312984,2.384283220884156,10.698314749811903,0.15625
500m_25197_7933,8,25.00518531459832,8.188116871243142,3.4196966493439316,14.188100974095665,0.5451388888888888
500m_25189_7929,8,19.800908914496702,7.337960381714537,1.8358553288817347,11.425295954752613,0.375
500m_25190_7894,8,21.135682270366704,3.8373321007218504,1.5325253862956743,14.472774072446384,0.4305555555555555
500m_25170_7915,8,23.2088842983746,7.796750340745114,2.890725245961221,13.843123803943968,0.4444444444444444
500m_25215_7923,8,25.340415227905016,7.007449012888345,2.4113717790325335,14.389827533559837,0.5
500m_25186_7896,8,15.855278724189205,4.686466734943793,2.5701271915860686,13.200452561279391,0.2534722222222222
500m_25181_7930,8,17.194347167790866,4.108250210783678,2.5256507541401736,13.30213869843396,0.3125
500m_25200_7943,8,22.40385916651089,6.494497497110958,2.853671482203322,14.503942724225041,0.4166666666666667
500m_25173_7926,8,15.55724158666915,4.195414569435661,1.8866919761638632,12.818878988485494,0.2569444444444444
500m_25192_7939,8,25.182698512559902,7.769132415941131,1.0144518095585227,13.551397513430153,0.5347222222222222
500m_25163_7912,8,50.0,50.0,50.0,0.0,1.0
500m_25219_7929,8,19.519257961802307,6.005450119899719,2.787940392899623,13.592719511146376,0.36111111111111116
500m_25185_7936,8,23.446173732269862,6.649184495224349,1.5749018609640189,13.516712695483585,0.4652777777777778
500m_25177_7932,8,19.311519647960687,5.002778039386744,2.8341305481590098,13.62796869550947,0.3645833333333333
500m_25216_7923,8,13.718340962938052,3.655465551102497,2.8170990540008614,12.381908026749837,0.22916666666666669
500m_25189_7906,8,14.377483262291257,3.172455586361643,1.6607960926043384,11.775257306779102,0.22916666666666666
500m_25208_7919,8,27.28166941075456,10.016853679035798,3.7467190956314402,12.71833731477092,0.5416666666666666
500m_25166_7922,8,18.80929458412431,7.411578701541498,2.261672446504606,11.64744130725998,0.3159722222222222
500m_25211_7930,8,35.17326356719957,21.422731828024254,2.1829160560628225,8.944129994440827,0.7118055555555556
500m_25190_7907,8,25.40790010860964,8.18890064754628,0.31498085479024934,16.049955660411545,0.5104166666666667
500m_25203_7926,8,20.673112261443087,6.619984038880789,3.7106446710223624,13.997123437716821,0.3680555555555556
500m_25169_7933,8,20.237348471140873,5.267368378099679,3.471961655519524,13.61441847606077,0.3576388888888889
500m_25193_7912,8,36.11532710504945,15.844013335918026,9.968055591827184,11.972925601502585,0.8020833333333334
500m_25180_7942,8,18.292718745904434,4.8624013292194865,1.5323877102684806,13.196408726391823,0.34375
500m_25172_7938,8,38.58714692328073,14.890072128260508,6.623460927962593,12.999286236189207,0.8125
500m_25200_7920,8,20.208449129686983,6.2904369074311415,1.9512161612687167,13.851872762532068,0.3402777777777778
500m_25181_7943,8,16.919303713293946,4.012282954305247,2.4566803310382888,13.906505814355473,0.2986111111111111
500m_25173_7939,8,28.725473697939094,7.723222088570976,1.3451106493703264,16.13488647651937,0.6041666666666666
500m_25165_7935,8,22.953183317315418,6.332697592629371,1.7549267328992975,14.299094529688254,0.4444444444444444
500m_25185_7913,8,25.541292589959827,6.63653585763898,4.176924683569341,15.802271900297997,0.5555555555555556
500m_25204_7926,8,21.21982739404625,6.069779945140091,2.7935295113929897,14.629376419189942,0.39236111111111116
500m_25177_7909,8,15.293485201421266,3.995145278679366,2.443704218299261,12.446260961687006,0.24305555555555555
500m_25196_7922,8,45.95679652773798,35.32494455150404,15.536276774604266,5.323689136304863,0.9548611111111112
500m_25162_7929,8,39.99295734043605,29.371868636308015,3.5117207740978733,6.247205064978866,0.7986111111111112
500m_25207_7937,8,36.30799015776313,19.67014869288753,1.2920948932860818,9.723763984513685,0.7430555555555556
500m_25178_7910,8,18.67250425286329,5.458003083446815,3.067970329497257,13.274588453391399,0.3472222222222222
500m_25210_7942,8,23.928362537564475,7.730181207741861,3.3504423300946455,14.54221753011166,0.47222222222222227
500m_25201_7893,8,38.104214214784776,24.475761355118436,1.1998269156840415,9.882133242993252,0.7881944444444444
500m_25188_7923,8,19.228120786824228,7.675279542714156,1.8563111709441025,11.019191287579746,0.39583333333333337
500m_25199_7932,8,15.554771057121897,4.19534549004293,2.1565082033845187,12.49925263299826,0.25
500m_25191_7928,8,16.856246172928344,6.184312745411289,1.211315216787625,11.295353719072999,0.36111111111111105
500m_25203_7939,8,26.727764778417402,9.25374732095471,0.8476489401943551,12.421861148049748,0.5381944444444444
500m_25181_7920,8,18.67229057431127,5.357391219495857,1.993728676774084,12.450653300416345,0.32291666666666663
500m_25200_7933,8,17.574958923837837,3.075983811216272,0.796885346863581,13.444835848306125,0.2881944444444444
500m_25173_7916,8,20.63999830345629,4.9463054054787605,1.851900626591335,14.323015653618278,0.3715277777777778
500m_25192_7929,8,20.66976409441252,6.266218609928327,3.474628016665841,12.917823103632841,0.3888888888888889
500m_25165_7912,8,24.696111114773807,5.99798878398926,3.1156025938124876,16.114364261175062,0.45833333333333337
500m_25184_7925,8,20.582893165946732,7.020286680227423,2.7036512488266453,12.954072811710876,0.38541666666666663
500m_25196_7899,8,39.30756483025341,20.76721564402262,2.2708271230512764,10.866377334577619,0.8055555555555556
500m_25185_7926,8,21.23640633150297,5.70782860793892,1.5631097048863012,14.903227856887515,0.45138888888888895
500m_25198_7945,8,19.92074578591205,6.222513827093472,2.1915680282027097,12.524189718670602,0.3958333333333333
500m_25177_7922,8,32.54376510228408,14.757127301485248,2.2488239289564707,11.08308935375847,0.6736111111111112
500m_25218_7923,8,25.462109601661375,6.302002958958711,2.0972718145452864,16.55163110991341,0.5104166666666667
500m_25189_7896,8,22.96458471371003,7.335303487847738,2.5414964057358342,13.777053273798714,0.44097222222222227
500m_25195_7939,8,34.19976935871365,10.921287437125248,3.283878669206862,14.231415788239982,0.6979166666666667
500m_25187_7935,8,15.886860624856208,3.355454634373265,1.74337933777861,13.348862963337474,0.2881944444444444
500m_25166_7912,8,24.68190103171129,8.663164496589584,2.7739980324538998,13.674258590125419,0.48958333333333337
500m_25211_7920,8,19.379051017529584,5.015619272259846,2.1895458976152264,14.735809623409207,0.3506944444444444
500m_25203_7916,8,39.97724395323637,15.78364923703909,9.63583364852337,12.885037984612985,0.8194444444444444
500m_25169_7923,8,20.562281199001937,5.362943919593313,2.603238589079991,13.72523423823089,0.39236111111111105
500m_25188_7936,8,25.17308106173723,9.307362404352064,3.2924682110860886,13.58961416937673,0.5520833333333333
500m_25180_7932,8,13.07254577274789,3.139731388921653,2.1872248386155015,12.376900068162016,0.2013888888888889
500m_25199_7945,8,24.886446218521197,6.6345824621355955,2.9305601630221645,15.428277166260687,0.48958333333333337
500m_25172_7928,8,15.546558880290593,4.12213462821027,2.2173085815880653,12.274662974900735,0.25
500m_25191_7941,8,18.25420819745701,6.843873505943467,2.1184057179016236,10.712094058793461,0.34375
500m_25192_7906,8,19.700917336177476,5.594694806869612,0.7012303773590247,12.495427316714641,0.3611111111111111
500m_25184_7902,8,18.470576165283056,4.993334869149339,3.688461470721236,13.94557243558539,0.3090277777777778
500m_25215_7926,8,27.024139810488386,10.124848752161299,4.422845297779482,14.177318369345794,0.5763888888888888
500m_25181_7933,8,9.653897209076627,2.2058766428413055,0.7942849777631414,11.345062223185911,0.1111111111111111
500m_25173_7929,8,18.38591214417324,5.4149814375810035,2.6183859076153557,13.066082250756573,0.3159722222222222
500m_25214_7930,8,24.67587678531692,7.675574808414881,2.5989115115389896,13.966682566999442,0.4965277777777778
500m_25165_7925,8,50.0,50.0,50.0,0.0,1.0
500m_25184_7938,8,21.550841466324442,5.021748775478285,2.506362228109077,14.821968410459924,0.4375
500m_25185_7903,8,19.290054454312234,5.9848253566760174,2.337561743106956,12.99998676934337,0.3680555555555556
500m_25204_7916,8,42.17423137852445,24.029908825621902,12.587679253781056,9.007374277040828,0.9131944444444444
500m_25217_7935,8,21.265546024083243,5.356556470472933,2.7556020564552455,14.28979512189541,0.3923611111111111
500m_25183_7942,8,28.155743673326896,9.31129894053953,3.178875548412135,14.319036105976577,0.6145833333333333
500m_25207_7927,8,23.366711261533965,6.241205041201415,1.6677007085590803,13.345890733478463,0.45138888888888884
500m_25218_7936,8,19.461800306192977,5.890940256652192,3.438750454963881,12.939263793955416,0.3333333333333333
500m_25210_7932,8,14.349672115223516,2.8271005931648725,1.1016866078987984,13.308304908377446,0.2326388888888889
500m_25176_7939,8,17.252653862736636,4.055555885274307,2.7074431681974827,14.36350303360138,0.2847222222222222
500m_25168_7935,8,14.302047147234664,3.9316838532477743,0.0,11.139264414793274,0.2465277777777778
500m_25188_7913,8,19.10934706718751,5.539773473464665,1.9412528391600625,13.182269193937675,0.375
500m_25179_7944,8,33.452713069222796,13.738860734795175,3.361061016115158,13.304819162716225,0.7118055555555556
500m_25180_7909,8,20.865090997977997,6.343023324220859,3.0974767264249015,13.340865918693831,0.39236111111111105
500m_25199_7922,8,24.22536418141345,10.426135267810054,1.3956185495922317,11.538143571921964,0.48611111111111105
500m_25191_7918,8,21.93106020477647,5.662415325195355,2.669225905294511,14.18691793318824,0.4236111111111111
500m_25211_7933,8,25.186490247511834,6.522659259147728,2.7635072380863903,14.936530311567676,0.5069444444444444
500m_25203_7929,8,18.774555361518274,4.572001343188788,1.6016437569243902,14.965340160900984,0.31250000000000006
500m_25161_7932,8,45.128886216268796,34.80340628298763,3.6557058126336974,5.848881978105796,0.9236111111111112
500m_25180_7945,8,30.62364961188007,9.856555979318218,4.833282095843389,14.1280233712803,0.6493055555555556
500m_25181_7910,8,17.331706631977063,3.98338966418346,2.981911292702954,13.842662616056224,0.2881944444444444
500m_25200_7923,8,23.05410673933172,7.703988352675833,4.010156245360211,14.128098449509086,0.47222222222222227
500m_25173_7906,8,25.247537319690423,8.632176315831524,2.882345401170277,13.743625838574548,0.4826388888888889
500m_25213_7942,8,25.823943441111172,6.802027922502187,2.3720493280057187,14.20930651158061,0.5104166666666667
500m_25184_7915,8,19.21181169385789,6.512460693955502,2.0788836278979668,12.727401987691113,0.34722222222222227
500m_25206_7939,8,18.10079493253685,3.528088527354413,2.414284118163374,13.441143937622055,0.3298611111111111
500m_25198_7935,8,15.359522261771776,3.826546386049833,1.3913934999815858,12.513521270340675,0.2673611111111111
500m_25176_7916,8,13.366262166864988,3.73965492767569,2.8262993665019684,12.470885315203375,0.18402777777777776
500m_25195_7929,8,14.316133153969778,3.7521551535593805,2.262763782806281,12.10566202338935,0.21875
500m_25187_7925,8,15.086385065920233,2.87552362522843,1.0748442749631442,13.576359759274787,0.24305555555555555
500m_25207_7940,8,26.649864382141445,8.539997073425639,2.8814928254780914,14.31648802554675,0.5277777777777778
500m_25179_7921,8,12.726928770180484,3.5436949693448856,2.0370812865076,11.288072723631169,0.16319444444444445
500m_25210_7945,8,27.70295362465783,7.030745753725128,2.423067964499788,16.216177211541556,0.5486111111111112
500m_25169_7913,8,13.490166487885881,3.311209537942628,0.0,11.04385958018953,0.21180555555555555
500m_25188_7926,8,26.547467895140045,9.384186638970073,1.7808327464297793,12.86815843066621,0.5451388888888888
500m_25180_7922,8,17.327889499546423,4.455681141616019,1.7032302772398966,13.044605991892324,0.2847222222222222
500m_25199_7935,8,16.973211368200694,4.202852281524633,2.2696796357349225,12.2309663077679,0.3055555555555555
500m_25172_7918,8,24.382315832379547,7.214516593685097,2.4890818508689274,13.080374600550396,0.46527777777777773
500m_25191_7931,8,19.573261432064648,3.973970755640387,2.122889386120708,14.357829095371336,0.36111111111111116
500m_25202_7946,8,29.309065422658318,9.563719533923697,5.094019518682309,15.303247767604287,0.5902777777777778
500m_25194_7942,8,37.869248769696526,17.520299984511084,5.865073128028982,11.778274265409648,0.8159722222222223
500m_25173_7919,8,15.699310530053701,3.9180053787264146,2.325814247960807,12.680044171771954,0.2638888888888889
500m_25186_7938,8,13.805003530661356,3.0722643800352314,1.3958005947577437,11.214803031219162,0.2222222222222222
500m_25214_7920,8,19.200043060002535,4.552610010623868,2.6820989394180135,14.312666003898848,0.32291666666666663
500m_25206_7916,8,36.13221141969688,12.928306112937676,8.598458611379066,14.272165723325427,0.78125
500m_25217_7925,8,17.6440585633915,3.703348070701203,1.2460421395973038,14.242235381148248,0.3090277777777778
500m_25183_7932,8,10.9525773820354,2.6293002642163605,1.3662300687997764,11.41936835594326,0.1597222222222222
500m_25175_7928,8,12.622114779633845,3.3918543349987624,1.9828406505587495,11.133439222888576,0.1597222222222222
500m_25207_7917,8,43.36797549081939,24.646038202241904,4.799541378255983,8.541947617113834,0.8993055555555556
500m_25198_7948,8,25.770231181192372,7.87349992441166,2.4427615888544096,13.973125819197982,0.4930555555555556
500m_25218_7926,8,21.10055271955316,5.675177680178178,1.114839308164448,13.241207515982847,0.38888888888888884
500m_25210_7922,8,29.428586395987164,7.76221248604552,2.614777465168869,16.178377565155657,0.5868055555555556
500m_25176_7929,8,11.967490530477916,2.6325808058276294,1.8328218948546662,11.291986048100231,0.19791666666666666
500m_25195_7942,8,23.728932754920724,6.549760149257583,2.826726121340471,14.397771518655247,0.49652777777777773
500m_25168_7925,8,16.67602322695058,3.9346508548489547,1.8389232711896064,13.476137093631829,0.29166666666666663
500m_25187_7938,8,15.999688701519972,2.738007906444393,1.5408452971803135,13.09277537987549,0.2881944444444444
500m_25188_7903,8,17.780173288500983,5.809459069332545,0.0,10.766197695084106,0.33333333333333337
500m_25179_7934,8,15.004569130428738,3.562637358381984,2.267413870490396,12.593953016264543,0.26736111111111105
500m_25169_7926,8,18.73848352553929,5.30540671546296,2.036665960815463,12.215666060871087,0.3506944444444444
500m_25182_7945,8,26.033950607418404,6.108673152080228,1.8607220988598356,14.900439715378907,0.5451388888888888
500m_25202_7923,8,25.128010337692213,7.618148187497966,4.965688445219712,15.544013538414504,0.5
500m_25181_7900,8,20.22234501281165,5.5780437850143265,2.400240535599889,14.112165159830678,0.36458333333333337
500m_25172_7931,8,16.615755131163418,4.464928868523111,2.1911601414971535,11.343479957893333,0.2638888888888889
500m_25213_7932,8,36.397619318117265,25.025595197257832,2.303538737120502,8.535506841514179,0.7326388888888888
500m_25205_7928,8,20.61073524907248,7.417602561815943,0.694736503183904,12.789995716375397,0.4305555555555555
500m_25171_7935,8,24.13050604049173,5.511100647230547,2.310186514625376,15.069275602899454,0.47916666666666663
500m_25174_7940,8,28.82549939904633,9.88357056858462,3.8499432016314796,13.134553162523463,0.611111111111111
500m_25214_7933,8,29.338050890432093,9.287131616560082,2.3437129562039987,14.87715111725431,0.6076388888888888
500m_25206_7929,8,18.795564958275584,5.989169733756947,1.5734722279650586,11.29026970720847,0.3680555555555555
500m_25164_7932,8,25.567469247155493,8.007386101515415,1.9668822412116318,14.248938260062356,0.5555555555555556
500m_25175_7941,8,15.638750724337996,3.767691134631126,1.8284088540590953,12.263897985437717,0.2743055555555556
500m_25176_7906,8,18.78761340798917,5.487173078149681,1.9912851694352867,13.444430041932382,0.3090277777777778
500m_25167_7937,8,25.84225595550216,7.772061248686395,1.0097869698656723,12.180185377711704,0.48263888888888895
500m_25195_7919,8,46.46961299451429,33.35530636555944,15.720962673873931,5.538962082404523,0.9409722222222222
500m_25179_7911,8,18.308755971005745,4.206595274936699,2.465356500248244,13.628070758645103,0.36458333333333337
500m_25168_7938,8,23.110227249120683,7.070600612056485,2.3955008054914098,12.742114963108461,0.46527777777777773
500m_25209_7939,8,28.419719706080603,9.030403322689555,5.346997501175672,14.57409997667294,0.5798611111111112
500m_25201_7935,8,25.20908765181631,5.294317677762004,2.178904331896898,16.764486141408284,0.47916666666666663
500m_25172_7908,8,22.360723593204856,9.252978946287199,3.5938100411322518,12.470038692645728,0.4201388888888889
500m_25212_7944,8,19.040835804740755,5.857772106344969,1.7145173978752468,12.633952531296192,0.3333333333333333
500m_25202_7936,8,19.717712063771703,5.573709623349973,1.7561557847053562,13.817595260640179,0.3506944444444445
500m_25194_7932,8,21.286349757124363,7.798021955724649,2.1818119600777868,12.972313697780903,0.4131944444444444
500m_25186_7928,8,22.901301026476826,7.954367057308266,2.4274329963286077,13.205113893952678,0.44791666666666663
500m_25205_7941,8,19.71072541244104,4.620707998591744,2.216453416836166,15.028348276744618,0.3715277777777778
500m_25217_7915,8,21.982488474622425,5.039107537384639,2.5864253714373633,15.002352155647856,0.4166666666666667
500m_25183_7922,8,29.612021642759345,16.740006776626508,0.0,7.781919045336689,0.6215277777777778
500m_25175_7918,8,25.510839281055176,8.493009619389637,2.1398049005256325,12.544892640832273,0.5104166666666666
500m_25167_7914,8,16.701185675014177,4.1937521625308944,2.457790077869255,13.331161632290062,0.2777777777777778
500m_25187_7892,8,17.411650522511163,4.009544746500721,2.1840254946023987,14.9365980978228,0.27083333333333337
500m_25198_7938,8,40.42368120401643,28.360749510207413,1.931463806648521,7.058997234469063,0.8194444444444444
500m_25197_7942,8,29.04951275147112,10.05718939563175,3.107174696286548,12.208718489203783,0.6006944444444444
500m_25176_7919,8,19.018142648894084,3.879880434118963,2.1387819212650356,14.86921619696622,0.29166666666666663
500m_25168_7915,8,16.8142772050247,3.843158422098101,2.6809102277524395,14.27714945149119,0.2638888888888889
500m_25187_7928,8,20.41073339117935,5.662885244834996,2.31190128584599,14.155614793527231,0.4027777777777778
500m_25188_7893,8,18.13467359239973,6.396557789010055,1.4526961406612413,12.527551645493464,0.3229166666666667
500m_25179_7924,8,18.1970929457358,3.914058239943735,1.2974231240894825,13.415890444263798,0.36111111111111116
500m_25220_7925,8,26.068843676740634,8.294982234463728,2.211057493570226,14.577096734027862,0.5555555555555556
500m_25191_7898,8,17.782515393031762,5.22487863667353,2.576877976564316,12.716112921911831,0.3090277777777778
500m_25190_7939,8,20.0494227379031,4.346906294755776,1.302967993331574,15.018014023370528,0.3611111111111111
500m_25182_7935,8,23.101754062629855,6.261162567096552,2.3530547022427064,14.797624365795429,0.4618055555555555
500m_25221_7926,8,24.498252726538215,10.691277249444406,2.0500689769436145,11.282996126559517,0.4652777777777778
500m_25213_7922,8,50.0,50.0,50.0,0.0,1.0
500m_25205_7918,8,21.467714273813662,5.936527783265429,2.292756577189564,13.867727380358517,0.4201388888888889
500m_25171_7925,8,18.256283456487083,4.2714459628579355,1.4171961978911916,13.223467376669346,0.3194444444444444
500m_25183_7899,8,15.6454197072884,4.429876255303316,2.0678760546909443,13.081248651863891,0.25
500m_25174_7930,8,18.650822659823042,5.489881080666148,2.317971858769262,12.460294419232575,0.3159722222222222
500m_25186_7941,8,19.36857526559185,8.002303754736584,1.5988884066307663,11.298771446376364,0.3819444444444444
500m_25206_7919,8,32.08395949303233,11.977843154903407,4.177446334469323,13.679871637254642,0.6979166666666667
500m_25183_7935,8,15.864380153442951,3.3144804325006234,0.9783776722869305,12.802282013065591,0.2569444444444445
500m_25175_7931,8,18.889653797759586,5.08916814275976,2.352233838080558,13.122250761233229,0.33333333333333337
500m_25187_7905,8,14.221818173567076,3.2141401493674744,1.0800591322961433,12.286798057585308,0.2326388888888889
500m_25178_7942,8,19.13092122316454,5.4929657128949305,1.8906404436740072,13.44210467363285,0.34375
500m_25190_7916,8,23.210840937402153,6.415990984650305,0.0,13.109878789538318,0.4513888888888889
500m_25209_7929,8,28.48946040558063,6.996606999029488,2.85002608181691,15.523454928450168,0.5972222222222222
500m_25201_7925,8,18.655472666702007,4.8728775312982116,1.748659881213693,14.19928289743267,0.36458333333333337
500m_25202_7890,8,42.25980713424036,20.020127686129772,7.3963442774388515,11.163122368476714,0.8680555555555556
500m_25193_7921,8,40.04606418185574,28.47756904059264,4.755455775919472,7.3823247001860945,0.7951388888888888
500m_25212_7934,8,16.920657950086415,4.38828512906484,1.246824445778649,12.436937851518952,0.29513888888888884
500m_25170_7937,8,18.865223526863605,5.32808256427607,1.842221056130458,12.495146531007688,0.33333333333333337
500m_25202_7926,8,21.18320874207579,7.253823189350551,2.693599644052621,12.783554935381893,0.40625
500m_25194_7922,8,50.0,50.0,50.0,0.0,1.0
500m_25186_7918,8,13.710704919576312,3.687392073983835,1.7107852744925052,12.86734293763654,0.20833333333333334
500m_25205_7931,8,29.1764949559577,9.053765904911494,2.2104320594902043,14.241275586504003,0.6006944444444444
500m_25171_7938,8,32.728474049587895,10.777487054315184,0.0,11.364306325535933,0.670138888888889
500m_25163_7934,8,17.09434542838345,4.704300824892706,3.3051485725833074,12.837233435839916,0.3055555555555556
500m_25174_7943,8,18.676908817897786,4.445446040964455,3.668167275134143,15.200237684801117,0.3055555555555556
500m_25197_7932,8,23.06277784155951,4.4451820050571085,1.448671458840635,15.143443956262498,0.45833333333333337
500m_25189_7928,8,21.45330250029636,5.992242748697422,0.9995879090674862,12.910922046945723,0.4027777777777778
500m_25208_7941,8,27.600802332440363,6.761655493764482,3.9707217072441803,16.80032644795057,0.53125
500m_25190_7929,8,31.30377300242226,11.728214304527857,2.9984885097136913,12.694750371504938,0.6597222222222221
500m_25182_7925,8,19.75641456374374,7.0570078750910925,1.671646065101049,12.16401082918877,0.38541666666666663
500m_25201_7938,8,40.96549059458518,26.686420326295472,2.1390703782766782,8.608792819016184,0.8229166666666667
500m_25193_7934,8,11.894875583668288,2.959325368035774,1.9855636904554324,10.676700174742553,0.14583333333333331
500m_25186_7895,8,16.70084597607599,4.517832515252278,2.6437660213432537,12.410091210603731,0.3125
500m_25171_7915,8,26.376507527861325,8.452050885018462,2.7141604169492544,12.759090871367482,0.5555555555555556
500m_25163_7911,8,50.0,50.0,50.0,0.0,1.0
500m_25174_7920,8,20.01045564909654,5.502362533498681,1.7043429773174152,14.646589278930144,0.3368055555555556
500m_25219_7928,8,23.383504685191365,6.590539278166218,2.079308362583106,14.319335536422741,0.4548611111111111
500m_25185_7935,8,15.403942217417896,4.536079247909375,1.5633901722139854,11.257609879194916,0.2604166666666667
500m_25164_7912,8,46.400237506290054,44.237824052415505,3.902592419324018,2.1842561916958556,0.9201388888888888
500m_25204_7948,8,20.59703905115822,5.183459681301331,1.0472088060151046,13.167339365896053,0.42361111111111105
500m_25196_7944,8,23.3968938473308,7.0534006256265895,4.02108921749833,14.169519721291447,0.4618055555555556
500m_25216_7922,8,23.558486194028816,7.0903009442491705,3.181183017778405,14.483479850438385,0.5034722222222223
500m_25167_7917,8,19.19488694613081,4.85935254344321,2.6323866490517256,13.957787196751276,0.36458333333333337
500m_25208_7918,8,39.433943414325704,16.676335407522522,3.857511491263553,12.69238390760044,0.8506944444444444
500m_25187_7895,8,15.6722942482854,3.9392573145199394,1.020614036262298,12.561596612456237,0.2743055555555556
500m_25178_7932,8,22.055827404489378,6.680427928176176,0.9603505024753746,13.852191417678094,0.4305555555555556
500m_25197_7945,8,29.514285913023215,9.13319066003395,3.46104077349446,15.24630159054762,0.6111111111111112
500m_25189_7941,8,17.547867057952846,4.178400703599254,0.9305378747132902,12.653119609287169,0.3194444444444444
500m_25190_7906,8,20.880402964568106,8.746168884175763,1.9184681245606043,12.115854263095382,0.4131944444444444
500m_25209_7919,8,24.324710382247826,6.876152921100029,2.0989678116433383,15.20556531381593,0.48263888888888884
500m_25182_7902,8,22.939762856100963,6.534988691704968,1.7108052122992328,12.982576085068533,0.44791666666666663
500m_25220_7928,8,20.533774045429045,6.169179109086045,0.7356393493020965,10.933855493878635,0.3854166666666667
500m_25193_7911,8,42.147490051871316,25.33491753619842,6.766511125233233,9.004555294088625,0.90625
500m_25212_7924,8,36.240260802500664,17.488255371251622,9.552761427329596,11.18417331906433,0.7708333333333333
500m_25215_7935,8,19.61695218356522,5.444103153746257,2.2208735315216472,13.349846574503644,0.32986111111111105
500m_25194_7912,8,28.212153991238388,8.828038356527438,4.301153912458399,15.118333460632568,0.5486111111111112
500m_25181_7942,8,28.169913378852087,7.381179534345057,2.819760926631716,14.72376419907916,0.5555555555555556
500m_25186_7908,8,16.89943086994012,4.613141309691115,1.5374112265982796,11.77019388293451,0.2986111111111111
500m_25163_7924,8,50.0,50.0,50.0,0.0,1.0
500m_25204_7925,8,16.40880099568449,4.24829882366654,3.0192154670512537,14.223978461092063,0.24652777777777776
500m_25183_7902,8,19.270197837271787,5.420122971384661,3.675057728229427,14.359031780382782,0.3090277777777778
500m_25196_7921,8,44.75138839002004,28.092866852247973,13.054841038288716,7.56812812360513,0.9166666666666667
500m_25177_7944,8,31.54597818955947,9.173292902684928,3.8871082658946277,15.01821408005992,0.638888888888889
500m_25178_7909,8,30.2467615926085,15.911204740597997,2.6969306962744604,12.691384910928578,0.5798611111111112
500m_25197_7922,8,37.76884395531593,15.571044996299534,3.408194912612089,11.397583620360054,0.7881944444444444
500m_25189_7918,8,34.77829440649039,17.94145574590125,2.0162310610385066,11.113271731255537,0.6770833333333333
500m_25208_7931,8,22.107757569619245,6.02591876735735,1.017941106987811,13.775146818656957,0.4236111111111111
500m_25201_7892,8,43.802269593326585,29.690985426592928,10.388421846652356,6.97089424787996,0.9201388888888888
500m_25166_7934,8,18.95514197300914,4.207896436206961,2.153483329995856,13.19776773050178,0.35763888888888895
500m_25211_7942,8,32.67684570271257,11.345000434727414,3.121604795172545,13.308360500039033,0.6770833333333333
500m_25190_7919,8,33.74583688700685,16.458086706717737,1.7540464040105495,11.908187013234038,0.6458333333333333
500m_25182_7915,8,23.20343928826826,6.256732070017746,1.0747190414303718,13.871591717176532,0.45486111111111116
500m_25200_7932,8,14.393413638814511,3.208728701788165,0.0,11.549958650292048,0.2326388888888889
500m_25174_7910,8,28.931377779982785,11.016881567928891,2.262698499578991,14.284599072959528,0.59375
500m_25185_7925,8,23.48600556532309,7.105788731436578,1.749690095612928,14.110229136527701,0.46875
500m_25204_7938,8,34.47962538455896,26.15014143086803,1.3030425410040314,6.679821409829373,0.6840277777777778
500m_25177_7921,8,20.83251519362132,5.441892171102215,1.7083406520804831,14.008498772869773,0.3993055555555555
500m_25196_7934,8,21.86646155514564,4.798053047496509,2.0663154201555956,15.340216550356189,0.4513888888888889
500m_25189_7895,8,15.074813146186182,3.2205844647610915,2.2807783176436556,13.288247538688966,0.22569444444444442
500m_25166_7911,8,27.081537982854996,6.841952820358265,1.8358370258870391,15.354891020248946,0.5104166666666666
500m_25178_7922,8,25.5238189997873,5.839700658888088,1.8718184953369534,16.117531705236413,0.5208333333333334
500m_25189_7931,8,18.86797369393617,4.052879859187293,0.0,13.670831573651807,0.3472222222222222
500m_25190_7896,8,13.621655198418146,3.581249267390395,2.2540044712212977,11.589261436355978,0.23958333333333331
500m_25212_7914,8,48.60598311925751,42.158763337634454,8.143512912064125,2.648200237863476,0.9722222222222222
500m_25199_7944,8,26.291450980839638,6.364144128590745,3.5025455036768554,15.062576008218322,0.5347222222222222
500m_25170_7917,8,23.724237664437233,7.797305511438204,1.8381685166686095,13.31240233867564,0.4618055555555555
500m_25215_7925,8,23.569646628521397,6.393925445427645,2.818253862642197,13.990347440064339,0.4375
500m_25186_7898,8,25.652882849042754,7.644929091002306,2.1469233045781437,14.429812548885678,0.4965277777777778
500m_25181_7932,8,15.317954388682377,4.639502197379695,1.8461754892738023,13.162903277381528,0.2465277777777778
500m_25200_7945,8,23.563790056733176,7.713880464847368,2.3130180106494853,12.946135457394298,0.44791666666666663
500m_25173_7928,8,16.77348366488352,5.78785385564494,2.0057427400852843,12.549629357803433,0.2777777777777778
500m_25192_7941,8,26.36437308921719,7.154354865978906,2.2333905766984845,15.954064449313844,0.53125
500m_25165_7924,8,38.08914897347313,30.933825854723835,1.7652220441516941,5.937950991569352,0.7430555555555556
500m_25184_7937,8,17.816368079429438,3.8965941493459155,2.6751839882402124,12.789390856033435,0.3194444444444444
500m_25185_7902,8,20.004973562124576,4.984566337331787,3.7559493652645886,14.405915843249932,0.3680555555555556
500m_25204_7915,8,28.134049086443667,12.267927319915962,2.2789829786175124,12.379656651253182,0.6145833333333334
500m_25219_7931,8,16.579797832953957,4.321257654738164,1.8114601056605573,13.832167965084054,0.29166666666666663
500m_25185_7938,8,17.61860105072695,4.559109774520369,1.4394072471186519,13.161259304467706,0.3159722222222222
500m_25177_7934,8,11.668963354604703,3.3062584906551367,2.475588721264132,10.83562691622668,0.1423611111111111
500m_25218_7935,8,17.071787537373822,4.556649717309618,2.3380300161252308,12.09858235266302,0.2847222222222222
500m_25189_7908,8,20.84351669286102,7.047908571498016,0.0,11.091551636411353,0.41666666666666663
500m_25208_7921,8,14.546803455359788,5.567818219849382,0.0,8.330717390788132,0.2569444444444444
500m_25166_7924,8,12.785962519943308,3.179117671139139,1.8506557082670696,12.191514621353216,0.1875
500m_25211_7932,8,28.71649847018702,9.754516789354668,1.8636226014389567,13.815613313209937,0.5798611111111112
500m_25203_7928,8,29.966969444289308,14.519010933171597,3.1736977658323076,12.808432521998967,0.6180555555555556
500m_25182_7905,8,10.289543173938677,2.8219158254196492,2.073535276832541,11.189956977689455,0.13194444444444445
500m_25169_7935,8,20.881170224805018,5.212552476207752,3.185826937781899,15.51028681464386,0.3402777777777778
500m_25161_7931,8,39.67668802160822,26.077155839323773,2.8970484771125484,8.918353893898171,0.7881944444444444
500m_25180_7944,8,31.433793423743147,8.55623874494682,3.875697357911489,15.57887246602306,0.6284722222222223
500m_25181_7909,8,22.223242319699622,6.744115766964593,3.0120164824225975,13.071130050633727,0.45138888888888895
500m_25200_7922,8,20.68016906055943,6.598732382889468,3.4653481489474895,13.962821589687405,0.3680555555555556
500m_25184_7914,8,22.36009526595712,6.4618917496505155,3.702475635758882,14.412491607888228,0.4618055555555555
500m_25215_7938,8,23.131854875356034,6.100025187792859,3.470336994558669,14.397052508742846,0.45138888888888884
500m_25181_7945,8,38.04836371489082,17.17807771153247,4.649059863329372,13.140899109728291,0.7777777777777778
500m_25173_7941,8,17.86281866317625,5.875393795288803,3.262848444145731,11.695327381356739,0.3055555555555556
500m_25214_7942,8,22.684576930107298,5.164352079955963,2.7261148199249874,15.227260351749921,0.4375
500m_25165_7937,8,20.233254698241346,5.3749301966981315,2.394580463973398,14.216098822354628,0.36111111111111105
500m_25185_7915,8,20.105014931195438,7.571632783092776,2.426186769778544,11.786345021870332,0.3680555555555556
500m_25204_7928,8,30.080710898981355,13.134494670149003,3.5432324050292263,11.741041832091591,0.6111111111111112
500m_25177_7911,8,16.182308905626034,3.3852624781781886,2.4906926613896108,13.552188247827317,0.2916666666666667
500m_25196_7924,8,24.904106489237943,7.9033987379040855,1.6827965676711756,15.123596253850954,0.5277777777777778
500m_25162_7931,8,24.91703890117693,6.573872817110838,2.7696984725434546,13.56243882772068,0.5
500m_25207_7939,8,25.31688710731427,7.079284791944774,3.2089147282251935,15.102256042631748,0.49652777777777773
500m_25210_7944,8,22.434247297237846,6.857559757178441,2.5211251492806257,14.237267623961369,0.41666666666666663
500m_25188_7925,8,29.851187813260477,13.236050808229225,2.2821917954317508,12.15339666384308,0.6701388888888888
500m_25180_7921,8,15.04766512787996,4.028498252115348,1.9438510868319263,12.83954518126205,0.2465277777777778
500m_25199_7934,8,13.13710593499065,3.2998175378112062,1.004929539785735,10.909084313822724,0.21180555555555552
500m_25191_7930,8,25.096001702687225,8.096348270115525,3.2065575002911806,15.019860830972465,0.5
500m_25170_7907,8,29.270020272744965,8.448897089548149,4.170305686541183,15.335785528823436,0.611111111111111
500m_25211_7945,8,27.660853715916975,5.674175820053678,2.862284427370696,16.14326221068645,0.59375
500m_25203_7941,8,18.92994654274079,4.397932379085329,2.7750557875688173,14.753554042771231,0.3298611111111111
500m_25181_7922,8,14.709868448352754,4.1238648513702705,1.2451258823348326,12.005303784280567,0.2534722222222222
500m_25200_7935,8,16.930335766542985,4.332863566831027,1.6553095501631612,13.179901748849348,0.2847222222222222
500m_25173_7918,8,25.468382270433317,5.795362236314116,1.8003185980533434,14.983775391954522,0.5277777777777779
500m_25192_7931,8,12.104745574554833,3.3723863895936956,0.26503309569132044,12.14883384074585,0.2048611111111111
500m_25184_7927,8,18.090066475234504,4.9585172837387095,1.4600510056043277,13.247755747275551,0.3090277777777778
500m_25196_7901,8,38.60871006583736,14.818232383822918,2.629473891235972,13.871968525024846,0.7673611111111112
500m_25207_7916,8,41.033697604794526,16.918189684768173,9.010883983937674,12.180021273945608,0.8576388888888888
500m_25198_7947,8,37.498995729910746,16.381022802096375,3.5314969426245497,11.247114104320438,0.7534722222222222
500m_25177_7924,8,26.039293404675547,8.527728163682967,2.800491424181068,12.812875242152126,0.5451388888888888
500m_25218_7925,8,28.481773300322903,11.534677852585512,2.4732958329396597,13.56073612412029,0.5659722222222222
500m_25210_7921,8,20.04302492495087,5.243086020478033,0.8621978652748816,13.475806139865767,0.3541666666666667
500m_25189_7898,8,20.003623388609817,4.2443923215544475,1.7052950046542998,13.970021711478044,0.38541666666666663
500m_25176_7928,8,14.484328078161056,3.681654788574738,1.2819332924882474,12.653524117514468,0.2569444444444444
500m_25195_7941,8,27.70966412363842,8.676792368048165,1.8762571838998485,13.476489679150987,0.5625
500m_25187_7937,8,14.34364988811277,6.753707978616263,0.4526659342584058,8.065551280030665,0.22916666666666666
500m_25166_7914,8,33.351527891150624,11.708736184011965,4.80215356631079,14.586010879770846,0.6701388888888888
500m_25179_7933,8,23.423403662017094,6.090719310962815,2.2111939310109046,13.766381666339603,0.4409722222222222
500m_25211_7922,8,27.75525561296743,7.015317558885887,3.7695002952967798,15.033824353476355,0.5555555555555556
500m_25203_7918,8,23.951992513892577,9.420948859519175,2.323598048515261,13.64445944917042,0.4756944444444444
500m_25169_7925,8,15.127780582001476,4.217833367899952,2.46659040671295,12.604792498088639,0.25
500m_25188_7938,8,27.17930179059381,8.926617008103664,1.4985870780956767,12.958545867119106,0.5590277777777778
500m_25180_7934,8,15.446941120457334,3.9720262676082774,2.7533069988504915,12.970938727728495,0.2569444444444444
500m_25181_7899,8,21.898409035833037,5.805948304202671,0.7330135553852721,12.950369512926665,0.4201388888888889
500m_25199_7947,8,26.38088144799611,7.604177809818919,4.107303434147526,14.690910380735131,0.4930555555555556
500m_25172_7930,8,14.343170413275953,3.5442957124030006,2.8206874773657833,12.289114939584085,0.2361111111111111
500m_25173_7931,8,16.777223361133444,4.2387757439694465,1.5033247514479169,13.504339062158781,0.28125
500m_25214_7932,8,19.38111875966679,4.380849820228679,0.0,13.916218930698044,0.37847222222222227
500m_25206_7928,8,14.687825476040969,3.0117868860748,1.8722270875492386,12.778914047213402,0.2569444444444445
500m_25185_7905,8,13.775215559681875,4.119005598476241,3.17527926259182,11.26763369392609,0.19097222222222224
500m_25217_7937,8,19.605587186912565,5.955660040309418,3.974155801936033,12.818534467251911,0.3472222222222222
500m_25175_7940,8,19.154062625720773,4.955430869682994,1.5622715208093283,13.821427277341773,0.3611111111111111
500m_25195_7918,8,28.114820708156188,10.60327943724716,1.834449164002215,13.146683095925692,0.6041666666666666
500m_25210_7934,8,23.144328432158794,6.3025650288410855,2.3785340438619342,13.734563543651214,0.4409722222222222
500m_25176_7941,8,19.92490398690102,4.747602625682317,2.2805799987345607,14.008957984814767,0.3645833333333333
500m_25168_7937,8,25.072831995048794,7.133267129689569,3.191297513412164,15.225133532062097,0.5451388888888888
500m_25179_7946,8,27.05921904061342,8.769597100101771,2.8300619223743277,14.395784954449411,0.5347222222222223
500m_25180_7911,8,13.337875935895148,3.5293222046340524,2.04503418708191,12.150932066489611,0.1909722222222222
500m_25172_7907,8,27.43974410713004,9.094163387323242,3.0301628504226374,13.179897751361132,0.5486111111111112
500m_25203_7931,8,22.4134016232983,8.175636640884457,3.059008682144959,13.501320727598934,0.4305555555555556
500m_25169_7938,8,19.611063971302517,3.8525138974143522,1.0107211815629888,13.93405504741176,0.3715277777777778
500m_25161_7934,8,41.45625774463612,38.41760568056972,2.4177074721046665,3.6268565932878367,0.8229166666666666
500m_25202_7935,8,19.005846465727217,4.112401176808009,1.667686815033609,13.511598564695962,0.3472222222222222
500m_25173_7908,8,17.611149997556954,5.059368899119473,2.5055394423754747,13.173585624007517,0.2951388888888889
500m_25213_7944,8,25.312206689318035,6.8822182827814,3.2894942250875507,15.013861331611153,0.49999999999999994
500m_25192_7921,8,27.673883404944014,7.950034363020055,2.407269294533762,15.083329852052294,0.5659722222222222
500m_25205_7940,8,16.098096035814887,3.3392462492609742,1.9587770448990331,13.985706620535925,0.27083333333333337
500m_25184_7917,8,18.466620016908756,4.975944288331133,2.4535415046310636,13.72845712147708,0.3125
500m_25206_7941,8,20.70168968915688,5.494124887098577,3.3111962847682035,14.321051455785128,0.3888888888888889
500m_25198_7937,8,42.09253112131202,19.47812650820014,3.5631163281668705,11.455006582268439,0.8923611111111112
500m_25176_7918,8,24.066424796470127,7.670002683678197,1.8728114738700319,13.289772650423323,0.49652777777777773
500m_25195_7931,8,16.123628449949557,3.631449432860607,1.3250826977852281,11.929504409678778,0.2743055555555556
500m_25168_7914,8,18.552619955011597,3.7176606496801576,1.9563507273599956,14.746664073597046,0.36458333333333337
500m_25187_7927,8,20.992809973152,7.811578321419547,1.1007848084092047,11.530113538346509,0.4444444444444445
500m_25188_7892,8,19.182803451503045,4.404037602358464,2.3214669462613426,15.062313126864543,0.3506944444444444
500m_25179_7923,8,20.225075978958685,5.205882715127263,2.644425777341894,15.034859361422583,0.33333333333333337
500m_25191_7897,8,21.40725649586418,5.406508807167637,1.8395318922193837,13.904574833178785,0.39583333333333337
500m_25169_7915,8,21.561930431481354,6.117491401165795,1.4892372751382454,14.071061765601836,0.3958333333333333
500m_25188_7928,8,21.407691461905454,6.026296861694927,2.459507348341643,14.709171781725425,0.39236111111111116
500m_25201_7947,8,24.40434396856657,5.427927413819027,2.6455485811166,15.152628310543626,0.4930555555555555
500m_25180_7924,8,16.350106448137673,4.5411164650601945,1.393425553709676,13.115030117405944,0.29861111111111116
500m_25221_7925,8,30.90851645567464,16.828031714373473,3.673199623079056,10.064141168194451,0.6180555555555556
500m_25172_7920,8,19.460892471952597,4.0966146833156305,2.3131719836746925,14.67498565253709,0.3715277777777778
500m_25191_7933,8,20.791155832745332,6.541828244671132,1.9934240352274994,11.411783921306027,0.3854166666666667
500m_25192_7898,8,33.62562269386085,13.295496908820738,2.054847502876939,12.716623344195735,0.71875
500m_25186_7940,8,25.944397403129276,7.346651862125758,2.0772773259284585,15.023252428394198,0.47916666666666674
500m_25214_7922,8,32.533952516062214,9.568399562491273,3.722817944019963,14.7423294337652,0.6805555555555556
500m_25165_7917,8,22.254697367681956,7.7635904117529595,1.590356904631335,12.272638291060904,0.45486111111111116
500m_25206_7918,8,31.929711289896694,12.195831123903297,3.17536866896118,13.255089238775984,0.7048611111111112
500m_25217_7927,8,17.59288759536851,4.903313551063819,1.6111121682836218,13.340376051883025,0.3125
500m_25183_7934,8,19.79154807074943,4.290978870081661,1.9364394165286893,14.406249003686295,0.3680555555555556
500m_25175_7930,8,13.68735171554149,4.120774656703832,2.6570766920592876,11.89188513007722,0.1840277777777778
500m_25167_7926,8,15.16696928398443,4.144970239792368,1.078469155773276,12.177017942484415,0.2708333333333333
500m_25187_7904,8,10.290441340445442,2.63269951945869,0.0,10.268970691217373,0.14583333333333331
500m_25207_7919,8,26.60818582651372,9.614597767989839,2.585601893195644,14.696837583186428,0.5173611111111112
500m_25218_7928,8,25.847695012560735,6.991555342151928,2.965790118973957,16.724079074857983,0.5138888888888888
500m_25210_7924,8,24.498039086627916,6.056457511228229,1.0796495437670428,13.93061318397883,0.5243055555555556
500m_25176_7931,8,23.65574275994573,6.687835472139005,1.8448061445524218,15.462892191227674,0.47916666666666663
500m_25187_7940,8,20.967697359360592,6.405623276381128,3.6032382993497545,14.025383353750435,0.36458333333333337
500m_25188_7905,8,19.740687343066003,4.999442569511827,1.691127539081208,13.441188053517365,0.3923611111111111
500m_25180_7901,8,16.2862559179909,4.38707361189184,3.0058703986657287,12.069512215163787,0.29166666666666663
500m_25191_7910,8,32.674906440185964,8.70886113686133,3.520742723505004,15.397721618467322,0.6736111111111112
500m_25202_7925,8,29.240618719266223,11.232994747846988,3.9682221428297453,14.538994383011156,0.5729166666666667
500m_25194_7921,8,50.0,50.0,50.0,0.0,1.0
500m_25213_7934,8,24.55320057280794,6.417228286747793,3.887036093453718,15.204637302499654,0.4861111111111111
500m_25205_7930,8,19.776096374788956,6.5626995959546175,1.6390108197172046,11.454391487014068,0.3680555555555556
500m_25171_7937,8,30.518387778305453,9.733143619403092,4.30135380686025,13.717483513390686,0.6354166666666667
500m_25163_7933,8,19.57464867134684,7.334576659878437,2.5647768731250835,11.522649169898605,0.3680555555555556
500m_25183_7911,8,17.388096716900762,4.349086759524475,2.492996698885961,12.630691266838127,0.3368055555555556
500m_25174_7942,8,15.374313127205255,3.4243798337881675,2.0919784986449415,11.906717090744504,0.2638888888888889
500m_25214_7935,8,31.856326845663574,10.913051137115485,2.81529629392774,13.639338617994527,0.6354166666666666
500m_25206_7931,8,16.364958729701975,4.370672239381977,1.7638465603861277,12.538395791928174,0.29861111111111105
500m_25198_7927,8,26.27430197123187,8.584683431806235,2.0074010048040214,13.85853246188303,0.5694444444444444
500m_25164_7934,8,19.035729893005293,5.364770446204796,0.4399182948576954,11.692492622743176,0.3090277777777778
500m_25175_7943,8,19.968863518946407,5.740012241387406,2.5140342624353282,12.27904099253429,0.38541666666666663
500m_25176_7908,8,23.441473578831467,4.416830083550694,1.2948485778707772,16.16197226135649,0.4444444444444444
500m_25167_7939,8,17.439122447587415,7.8558642782166865,2.183816010026865,10.728638431669298,0.29166666666666663
500m_25195_7921,8,50.0,50.0,50.0,0.0,1.0
500m_25179_7913,8,11.795484247706101,2.939941428777257,1.3899819299840601,9.577080718244522,0.16666666666666666
500m_25199_7891,8,50.0,50.0,50.0,0.0,1.0
500m_25190_7928,8,26.500038214223046,6.969461442499419,2.1000397682580743,15.208854855692874,0.5659722222222222
500m_25209_7941,8,27.67445531113247,8.281468003169326,3.5697319062928727,14.788365119349415,0.5590277777777778
500m_25201_7937,8,22.64884800367954,5.451156571723931,2.8630021455814636,15.193100092865132,0.42361111111111116
500m_25180_7914,8,18.557466808689504,4.233105011403647,2.218933323145393,13.444179193519552,0.36111111111111105
500m_25193_7933,8,21.71206918889169,7.30170627634315,0.8508710745111847,13.723365788557711,0.4409722222222222
500m_25172_7910,8,17.29993801121475,4.6734527650779505,3.69718994326658,12.622520303186805,0.3194444444444444
500m_25202_7938,8,29.44434620599963,11.07077961772206,1.288747549479037,12.300918890067482,0.6145833333333333
500m_25194_7934,8,17.410283098546255,4.149641229799283,1.2874543276068133,13.458350722613027,0.2986111111111111
500m_25186_7930,8,13.55767397125418,3.1980872327879584,1.0612208445592601,12.177175496578291,0.20833333333333331
500m_25205_7943,8,24.543849295598505,7.464221241743441,3.919589577585157,14.622015123603449,0.45833333333333337
500m_25217_7917,8,23.112148121232323,5.187429884402575,3.0200066643102232,14.936864823293053,0.48958333333333326
500m_25164_7911,8,47.54821450821197,44.263732774767405,4.109862198139228,2.165301067447404,0.9583333333333333
500m_25183_7924,8,31.411237130499366,13.393340745123096,1.7234036344247217,12.229084581204464,0.6666666666666666
500m_25175_7920,8,16.324754531940442,4.061898826539572,2.2208872906252553,13.280153516641336,0.2916666666666667
500m_25167_7916,8,22.22135802799808,5.11948515280274,2.766896259990299,14.852413292314967,0.4201388888888889
500m_25187_7894,8,25.076453990603017,7.682325132640251,4.069106585784053,15.474877325737175,0.4722222222222222
500m_25197_7944,8,31.165469223975897,9.49154686982597,6.691150513745672,14.999144276633665,0.6423611111111112
500m_25176_7921,8,16.64529416334177,4.0092062463550695,1.564921568623247,14.171606700363778,0.29166666666666663
500m_25189_7940,8,18.666558268623728,4.849461753519601,1.3964873233386124,13.557938310227765,0.32986111111111105
500m_25168_7917,8,15.506026799137832,3.785349000943796,1.787737420633957,13.667490532021006,0.2361111111111111
500m_25209_7918,8,29.371187024978077,8.557915681495414,1.4926611731001318,14.617649001249589,0.576388888888889
500m_25188_7895,8,19.61928207439024,4.47439532783558,1.7030136757390786,13.473323921139965,0.3680555555555556
500m_25179_7926,8,17.246178933933145,5.679538638992122,2.126533727547212,12.519870724041066,0.29166666666666663
500m_25220_7927,8,26.79148525917702,9.775460385248621,1.3414500972411492,12.861658279977622,0.53125
500m_25212_7923,8,39.12673137134034,22.897943366566732,2.60161476149584,9.029121324000497,0.8020833333333334
500m_25191_7900,8,27.43567951885749,7.933728928650453,1.7485975556343976,15.334285410978001,0.5486111111111112
500m_25190_7941,8,26.25139035043209,7.7822077067142015,1.9903790957351752,14.182992266896246,0.5451388888888888
500m_25182_7937,8,17.93926918442002,3.711983388075941,1.8496959741896717,14.540967901784498,0.3472222222222222
500m_25221_7928,8,22.74581136399548,6.690108440687965,1.8379672807586758,11.550164366042017,0.4305555555555556
500m_25213_7924,8,43.03276290484264,19.234818006392892,6.117572427567144,11.155683149192384,0.8993055555555556
500m_25186_7907,8,20.205465087939906,6.341080932454297,0.7720312075361937,13.269429836333316,0.3958333333333333
500m_25205_7920,8,25.185046111379393,7.6175799984755574,4.9217761150819115,14.787014972826487,0.4618055555555555
500m_25183_7901,8,16.84562397818741,4.456562790066323,2.212916565079929,12.906176323812684,0.3055555555555556
500m_25174_7932,8,18.94431721858806,5.919882940915987,4.062946179264644,13.690611925528207,0.3229166666666667
500m_25198_7917,8,21.90588402841566,7.792269305860838,2.629934251774161,14.61378890078124,0.4097222222222222
500m_25164_7924,8,50.0,50.0,50.0,0.0,1.0
500m_25175_7933,8,24.487446709782795,6.423752812868474,2.5182832678675733,15.02493710657621,0.4756944444444444
500m_25167_7929,8,24.786728408903095,6.180620859455496,2.9351133900939588,15.79571905996757,0.4930555555555556
500m_25208_7930,8,11.506011942530606,3.403103976949193,0.9177561562844081,8.597245472246819,0.1597222222222222
500m_25187_7907,8,14.488523289738723,3.219623143640041,1.695277471151357,12.646306007749601,0.2361111111111111
500m_25178_7944,8,32.940574518082116,12.08077935452112,4.012122719353678,13.52047997309489,0.7152777777777778
500m_25190_7918,8,31.08320386116239,9.542698604824485,3.6120545922487066,14.529577755160105,0.625
500m_25209_7931,8,31.367592978032718,18.538280210680277,1.9915469337922787,9.509908287637485,0.6180555555555556
500m_25182_7914,8,14.229180166174695,3.038462206431152,0.0,11.776704039703018,0.2673611111111111
500m_25201_7927,8,21.902706436236205,6.874845477412262,1.3774743932540332,14.013386628784929,0.4097222222222222
500m_25193_7923,8,27.593441913864133,9.692887186935007,2.6053655703609153,13.329673316143392,0.5729166666666667
500m_25174_7909,8,26.52985025515018,8.054634548505678,3.611294091722692,13.703323065123733,0.5381944444444444
500m_25194_7924,8,38.939826232693065,18.05202910401173,5.159464259066226,12.110606213340255,0.8055555555555556
500m_25205_7933,8,40.31102531865232,24.26253551711642,9.063787329627132,8.979690319291498,0.8472222222222223
500m_25198_7894,8,50.0,50.0,50.0,0.0,1.0
500m_25204_7937,8,20.292605173025287,4.935354375436555,1.8588229039705766,14.531439921354238,0.3819444444444444
500m_25178_7921,8,20.49464134164653,4.730322693271098,2.572399184552599,14.102336129819061,0.39236111111111116
500m_25197_7934,8,13.590284599119139,3.0903937490831215,0.8080322767717626,11.193073591411366,0.22569444444444445
500m_25189_7930,8,36.89753486747007,16.158375140775703,3.525668236375527,10.872023839413874,0.7673611111111112
500m_25190_7895,8,25.154847140416443,8.970166909571546,2.815997129688187,13.304439718624089,0.5
500m_25170_7916,8,27.939814431893144,6.860498298552974,1.4318499789554486,15.536005258136178,0.5763888888888888
500m_25190_7931,8,13.136436967266487,3.107811687886286,1.3950232261055986,11.981106904161008,0.1909722222222222
500m_25201_7940,8,14.939877427965307,3.481044334900587,1.024992573733261,11.580111119409509,0.22569444444444445
500m_25193_7936,8,20.47635069901215,4.885296479891034,1.7960099534345375,13.965721857891776,0.3854166666666667
500m_25213_7914,8,45.09409245497884,27.630175587187196,8.90456708068351,7.622294839613198,0.9444444444444444
500m_25186_7897,8,24.316997562149677,5.660179807653582,1.8902777620511908,14.848905605865607,0.4930555555555555
500m_25200_7944,8,22.11876693969741,7.246543758344368,0.0,13.24116401383587,0.4583333333333333
500m_25171_7917,8,20.648124950631292,4.935247489464286,1.5866163151490966,13.971696540902023,0.4131944444444444
500m_25163_7913,8,50.0,50.0,50.0,0.0,1.0
500m_25174_7922,8,33.40516882812412,9.803673886176261,2.7293489854193904,13.611061642669952,0.6736111111111112
500m_25219_7930,8,17.373285920538155,5.189106089866551,1.9068443706248352,13.212478834157315,0.2847222222222222
500m_25185_7937,8,13.557446274675138,3.4365072930899627,1.5517161524840049,12.765275117329868,0.2152777777777778
500m_25177_7933,8,27.247357146641054,10.72182129897812,2.42632151644284,13.292680951099195,0.6111111111111112
500m_25216_7924,8,14.520609183554097,3.5327203615022253,1.124249167903455,12.170235890768776,0.2326388888888889
500m_25189_7907,8,10.59573572401728,2.3591680534836295,1.2148204319574216,10.942948636071048,0.13541666666666666
500m_25208_7920,8,20.574897260584255,5.370938913224235,0.6383999055187815,13.470079224931077,0.39583333333333337
500m_25166_7923,8,14.631812884047164,3.7298757626251993,1.6782463094599092,13.734817113852564,0.23958333333333331
500m_25178_7934,8,13.613506105517967,3.103978271378541,1.4742472715261101,12.425266228469269,0.2048611111111111
500m_25197_7947,7,45.48385408017081,24.92834968572289,13.308791599889924,7.884555009796143,0.9444444444444444
500m_25190_7908,8,30.910522131846882,12.80990921821326,2.162118369040252,11.982740372099109,0.6423611111111112
500m_25209_7921,8,21.396055673146265,5.046484236120031,1.8360212877525086,12.086082104616796,0.4722222222222222
500m_25182_7904,8,27.035011022381653,10.3302996116021,3.3471846913177146,12.005362737503077,0.5347222222222222
500m_25193_7913,8,28.324579512002128,12.68936435564528,4.966593540684159,11.693540144050715,0.5729166666666666
500m_25212_7926,8,13.380612228807415,3.637673289636615,0.8676982847136747,11.427419817048973,0.2152777777777778
500m_25170_7929,8,19.704530893739534,5.096299746913266,3.087740394270796,14.4791810037576,0.38541666666666663
500m_25215_7937,8,16.530902374105406,4.185692944044282,3.2095375034578097,13.32637386474712,0.27083333333333337
500m_25181_7944,8,25.24514926591541,5.599056284640361,3.358208246477033,15.940495820758926,0.5104166666666667
500m_25186_7910,8,22.739953538019577,5.5963335597184765,2.2608492851839603,14.614195566892807,0.4583333333333333
500m_25173_7940,8,33.90106131205928,12.191850238747344,3.300457757438163,13.577883911686621,0.7083333333333334
500m_25185_7914,8,26.675507180732772,9.494324470237778,2.9411023501482565,13.863953846347837,0.5694444444444444
500m_25204_7927,8,23.1930479323252,7.1049080958964765,2.2358532409734835,13.105457545143093,0.46875
500m_25196_7923,8,32.19961590005217,14.215703340472047,4.126440867853787,12.510207876230538,0.6527777777777777
500m_25162_7930,8,20.96162646414144,5.094387286625175,2.5846528913750046,13.291336884575893,0.4375
500m_25177_7946,8,37.33424711561296,16.886446345163172,4.176664440979319,12.75747708346,0.75
500m_25178_7911,8,15.377198808152496,3.362044634119011,2.5483991892892055,12.741788125748865,0.2638888888888889
500m_25197_7924,8,20.632230411425866,5.923972068932798,1.8200850342236952,13.984562398420742,0.4097222222222222
500m_25208_7933,8,34.74286771782046,18.330457195241372,2.9645792384775973,9.2178355593634,0.7083333333333334
500m_25211_7944,8,31.58443608605751,8.1412830507526,3.5095783713077253,14.259087644115437,0.6423611111111112
500m_25203_7940,8,15.318408680031592,3.7250799941894717,1.9203741857755867,13.152492051669892,0.2847222222222222
500m_25182_7917,8,19.893451238790448,7.041954481641688,3.1280959760534133,11.157984039769174,0.3784722222222222
500m_25181_7921,8,8.58442433690793,2.0275019027052825,0.0,9.432776655646736,0.12152777777777776
500m_25200_7934,8,15.895543590374057,3.078169816547028,1.0428049866095535,12.619095788640053,0.2881944444444444
500m_25192_7930,8,15.692383445133544,4.234310207607978,1.786957196266852,11.486894464310629,0.2777777777777778
500m_25171_7907,8,26.331321652529112,7.281494162762796,0.9605850992011256,15.567603560735082,0.5381944444444444
500m_25174_7912,8,19.01020564933633,6.12292749846452,3.2962884564586896,13.55862734612716,0.3298611111111111
500m_25185_7927,8,34.85682465420367,14.807521247967268,3.497842595374463,12.220707250528484,0.7673611111111112
500m_25204_7940,8,19.30688399815229,5.352945581334048,0.9668893783073145,13.843112022427881,0.34375
500m_25177_7923,8,15.931998615251523,4.504726473444708,2.180120821353324,11.958137624020997,0.26041666666666663
500m_25196_7936,8,10.74541100404603,2.944851645256282,1.6585740801943454,9.953106960018161,0.1701388888888889
500m_25197_7901,8,36.64538673398701,15.394834967969746,2.852597934754158,13.18681841924704,0.7222222222222222
500m_25216_7914,8,35.00847482034295,10.212885534331644,3.7303115266099667,15.105214889794194,0.7083333333333334
500m_25189_7897,8,19.748180738043047,4.705603648721269,2.4965543470534612,14.481731183330304,0.36458333333333337
500m_25166_7913,8,20.08910025415384,5.032287559741301,1.6261103302019193,13.191527014426093,0.3819444444444444
500m_25178_7924,8,13.239880702408314,2.5202919487480013,1.843696084448311,13.118692438284192,0.2048611111111111
500m_25211_7921,8,22.70461490620996,6.429277904519597,1.8642277727267356,13.01796102715646,0.4479166666666667
500m_25190_7898,8,17.757913993451737,6.1429013303075175,0.4972705746131396,11.02345214141381,0.35763888888888884
500m_25188_7937,8,29.153351061528618,9.031864256793668,3.4814117485802853,12.893416212985693,0.5902777777777778
500m_25199_7946,8,22.46624668126261,6.227927075857613,1.885398807386082,13.528969373510169,0.4375
500m_25191_7942,8,19.09160160695266,3.7974722856124434,1.0131417833654268,13.691273496907968,0.3576388888888889
500m_25170_7919,8,18.318695553238285,5.74895740208302,3.2652300030069483,12.400937822490345,0.3368055555555556
500m_25181_7934,8,19.104175943558854,4.26790873839192,2.1116027050877055,14.115209176052783,0.32291666666666663
500m_25200_7947,8,19.214793467936865,3.4971943332730566,1.8301799418817217,14.30079884900045,0.3715277777777778
500m_25173_7930,8,22.607952651988867,5.162894794942085,2.934708051434427,15.213371995226701,0.4375
500m_25184_7939,8,20.051712467554538,5.832186326368643,2.8650188724058507,13.086372449636062,0.39236111111111116
500m_25185_7904,8,24.12800223908088,8.891199737091526,1.3459404929783598,12.650685937559324,0.5277777777777778
500m_25204_7917,8,37.137082675843814,17.106183656680777,8.396792036262923,11.35578353567572,0.7847222222222222
500m_25166_7926,8,32.46869199978343,17.817240793730413,2.3835983146938573,11.38186495499411,0.6423611111111112
500m_25199_7923,8,27.23889370948016,9.214359494564322,4.427052652969717,14.1935942611165,0.5590277777777777
500m_25211_7934,8,15.528189100032982,4.290321144926702,1.729019287678966,12.538572477615194,0.28125
500m_25203_7930,8,17.755381638960394,4.567907332824948,2.0008515805420757,13.309682157190439,0.34375
500m_25169_7937,8,25.168207148305633,7.811367041912468,3.0987034740929764,13.640652641871661,0.4930555555555556
500m_25161_7933,8,36.63569131886126,28.32178749646546,2.756122061298811,6.6788731115033055,0.7152777777777778
500m_25181_7911,8,21.588960865731963,5.821941879808566,3.165820752774269,14.086559289537384,0.4305555555555555
500m_25173_7907,8,23.896715082650495,4.54893631679757,1.8093981312839211,15.657425540194843,0.4791666666666667
500m_25192_7920,8,38.53726484203938,24.038660661971186,3.324872188788453,9.21621872038708,0.7951388888888888
500m_25184_7916,8,14.229039117222404,3.7753358351762127,2.021098080046379,12.248089483570242,0.22569444444444445
500m_25173_7943,8,24.188105500023365,6.501632696817809,2.7438070945568573,14.78131530079909,0.5034722222222222
500m_25214_7944,8,23.739762194076,5.827289146408554,4.9473090216021856,15.410247395932643,0.46875
500m_25165_7939,8,26.133143564927686,8.89428731265646,2.7394019668580802,12.191770355729751,0.5138888888888888
500m_25185_7917,8,31.680800753573195,12.890925387461177,5.472963753991849,13.690190562394227,0.6215277777777778
500m_25177_7913,8,17.533495693625493,3.4830745323712202,2.369965205266683,13.162679074808455,0.3055555555555556
500m_25196_7926,8,19.808257664564184,5.602141943501798,1.6303358151050802,13.4181067952651,0.36111111111111105
500m_25197_7891,8,34.931186186943364,24.389230310465194,0.0,4.0893733900786815,0.7152777777777777
500m_25162_7933,8,22.512042645177424,4.469614295895701,2.965133607917072,16.166018034334495,0.4236111111111111
500m_25195_7930,8,14.997978809120077,4.125522560484912,2.20198064552303,10.693222784787029,0.2152777777777778
500m_25207_7941,8,27.51068132402024,8.698146916035682,3.8424451699840807,14.464807354794473,0.5694444444444444
500m_25169_7914,8,17.54598893066776,3.9472282849222213,1.2944398978015534,12.938353227577853,0.3090277777777778
500m_25188_7927,8,23.23664023997351,7.887386456371196,0.4853969349964782,13.406308666451253,0.4826388888888889
500m_25193_7893,8,24.48970192085854,7.042226185621703,2.828795941455089,13.212059283815012,0.5416666666666666
500m_25180_7923,8,18.95511058696936,5.082033151526213,2.4176684202502656,14.350068890002817,0.33333333333333337
500m_25199_7936,8,16.15378423145932,4.238591326927903,2.00945597183029,13.06381753261494,0.28125
500m_25172_7919,8,19.11610843172629,3.657571988111671,1.977076875212821,13.726066073041927,0.3541666666666667
500m_25191_7932,8,14.38404718667756,3.5266126141273686,2.0012348564660685,12.193747304038084,0.21527777777777776
500m_25192_7897,8,23.655011858879814,6.3613021903502345,1.372468134349864,13.169928531089418,0.4791666666666667
500m_25203_7943,8,23.891286654229425,6.130822083246917,2.2754583072995955,14.541869949067678,0.4618055555555556
500m_25181_7924,8,19.680641857960698,4.074049231484454,2.1874964065825218,14.84663366036837,0.36458333333333326
500m_25173_7920,8,15.323602843669548,3.9829687592900784,1.421063063622135,11.54063372936901,0.2604166666666667
500m_25192_7933,8,22.597725162783675,5.640980399492637,1.5433782817396418,14.807326336808568,0.4270833333333333
500m_25165_7916,8,20.310985246655346,9.140522690477965,1.7815496187815023,11.328548541265151,0.36111111111111116
500m_25185_7894,8,20.637464833003364,5.208291004886227,1.0137707783241705,13.513764080030839,0.41666666666666674
500m_25196_7903,8,45.339870642680324,30.438090595390445,10.900625337839301,6.657115739652549,0.9131944444444444
500m_25207_7918,8,36.31667627114942,12.957266764595722,3.8184340496814,13.6227905235447,0.7777777777777777
500m_25198_7949,8,24.723637028959114,8.391303332055283,3.4913471278947834,14.128950710071013,0.4965277777777778
500m_25218_7927,8,23.507649478665236,5.502122686562945,0.9997144358738898,14.146906438739551,0.44791666666666663
500m_25210_7923,8,13.943930039584693,3.688452333811351,1.2167883006003641,12.406691455227563,0.2326388888888889
500m_25189_7900,8,18.267156419780676,3.964702320133615,2.4972593290026923,13.7865217603555,0.3715277777777778
500m_25176_7930,8,18.09648807492433,4.572672284956374,3.5883854040205336,13.827081708069361,0.3055555555555556
500m_25195_7943,8,18.235649816714528,5.332284259651349,3.251299803142174,12.963988781102403,0.3541666666666667
500m_25168_7926,8,15.303666013352073,3.729615647884276,2.044365010035108,12.71376964047554,0.24305555555555558
500m_25187_7939,8,19.608616109819373,5.86280968448584,1.5201921129091045,12.073243122084019,0.3541666666666667
500m_25188_7904,8,11.158189464736786,2.7699905242567304,1.6135523831946479,11.679431906934227,0.15625
500m_25179_7935,8,15.903085919184898,3.4066518071718423,1.7653422410288846,12.848992783202648,0.2569444444444444
500m_25191_7909,8,15.18934115620237,4.814554607002612,0.0,9.753566014838611,0.2743055555555556
500m_25211_7924,8,31.23735278944532,13.174496227296228,1.7483992665857875,10.787215684734386,0.6284722222222222
500m_25203_7920,8,23.211360893476826,6.683694071900068,1.5016659079401358,12.959824741458839,0.4722222222222222
500m_25188_7940,8,11.740489230641176,3.064992392437806,1.414806726098994,11.12005789034157,0.17708333333333331
500m_25181_7901,8,26.465061637016507,6.313701719756003,2.5075111772217396,15.683508056894894,0.5486111111111112
500m_25172_7932,8,14.059311557794082,3.2518589563480518,1.02151953797236,11.909239694578662,0.19791666666666669
500m_25192_7910,8,31.418924061763395,12.365931783704472,3.8223596241177704,14.09329929681592,0.625
500m_25214_7934,8,34.88448919422421,10.10054648128784,3.2552807624119118,14.523343344665887,0.7361111111111112
500m_25165_7929,8,21.424628521053883,6.982116385282516,2.2938556530752976,12.057393746734832,0.42013888888888895
500m_25206_7930,8,15.748545939263185,4.421275828439743,1.3519009100016781,12.72586308583945,0.2743055555555556
500m_25185_7907,8,14.826293732275966,2.8353796766078894,1.006441347028464,12.813671142122919,0.25
500m_25164_7933,8,21.39420296850944,5.397179759801781,2.3554229425753874,13.81956774465079,0.4479166666666667
500m_25175_7942,8,17.198544987901098,3.8100415752322796,1.5829380757254472,13.530413076838816,0.2986111111111111
500m_25167_7938,8,29.85583799611961,12.742970848415755,3.0687336791039015,11.69632150137719,0.5868055555555556
500m_25195_7920,8,49.71377403942067,46.47291726900988,21.78333815207906,0.9496673501238495,1.0
500m_25176_7943,8,32.38677464076993,9.195070423177095,3.794769740460848,15.334384222978503,0.6875
500m_25168_7939,8,25.156031899788402,5.29095461403797,2.5375356058593153,14.676107023147798,0.5104166666666666
500m_25188_7917,8,18.24980876563501,5.989077926834984,2.1843042612145696,13.040256932898311,0.3125
500m_25180_7913,8,16.233255994127852,3.5308088553655486,1.3205141456845026,11.744345016581079,0.2743055555555556
500m_25172_7909,8,31.118971045995988,9.516270758762293,5.237638118460572,14.597358977791123,0.6111111111111112
500m_25202_7937,8,10.113278617608685,2.6232812695048944,1.3807920881437936,9.919534768062114,0.13194444444444445
500m_25181_7914,8,20.702186990507073,5.2090405663162915,1.7603109244144768,13.959095673780583,0.3784722222222222
500m_25194_7933,8,16.62205313111049,4.561828559444656,3.024987961960446,13.979981957854779,0.2916666666666667
500m_25173_7910,8,21.061137736423163,6.015010977451384,1.5236757300438442,13.205401121434104,0.39236111111111116
500m_25205_7942,8,22.72586302749194,6.544628155593083,1.4218346057039832,14.04535919167921,0.4444444444444444
500m_25184_7919,8,37.68113038057788,15.717670828194379,2.183491727504588,13.52564660326527,0.7743055555555556
500m_25217_7916,8,29.67140216671187,7.23715886347421,6.0339118498802025,15.434895304265606,0.6180555555555556
500m_25183_7923,8,28.503268470316534,13.117296377232602,2.0155712203419953,12.487994881373691,0.625
500m_25206_7943,8,26.878576932549347,8.07863650896472,3.100693602491647,15.261124912179794,0.5069444444444444
500m_25198_7939,8,16.09465890882899,3.6278530780675453,1.9633686878812897,12.871868148181896,0.27083333333333337
500m_25176_7920,8,17.189458764692873,4.133383372311176,2.0165385810828726,13.104399490100024,0.30902777777777773
500m_25195_7933,8,16.476904041715777,4.524032786038145,2.1545174210077676,12.150840914649585,0.2847222222222222
500m_25168_7916,8,25.054821448548154,10.96715318176041,1.501273487101571,11.953679307748448,0.4791666666666667
500m_25187_7929,8,24.235108004594153,7.561012641877224,1.3169502874798138,11.76832396181985,0.4548611111111111
500m_25188_7894,8,23.833577992806553,5.768036717883734,2.748587094960342,15.905818212176595,0.44791666666666663
500m_25179_7925,8,11.376309012894609,3.0047689141553873,1.5070408909741673,10.455008917403092,0.1597222222222222
500m_25191_7899,8,15.080532239601924,3.6075253241037437,1.4354134053734637,11.577004637554541,0.2604166666666667
500m_25211_7914,1,50.0,50.0,50.0,0.0,1.0
500m_25190_7940,8,17.031912732273575,4.276354662173546,0.0,12.784336196434555,0.29513888888888884
500m_25169_7917,8,32.74485880096171,11.648199570230473,2.9021421215716394,13.477892589878218,0.7152777777777778
500m_25180_7926,8,20.69419257240495,5.027360159644242,2.0016740170086003,13.487778291332909,0.3993055555555556
500m_25221_7927,8,20.59438521093147,6.628869114912307,2.1907181411547305,13.126868768147219,0.3993055555555556
500m_25172_7922,8,16.709414819897177,4.508182762388537,2.754040831772671,13.300897375429237,0.2847222222222222
500m_25213_7923,3,49.87045389319126,45.33634015488537,36.009020464656125,0.7664051034704479,1.0
500m_25192_7900,8,31.493289604795045,13.076478162174244,0.0,12.553065914073544,0.6215277777777779
500m_25184_7896,8,18.532753557274148,6.051834911750278,3.1896221708303902,13.503674638465245,0.3263888888888889
500m_25186_7942,8,34.544471265498586,16.59089056767257,1.8818707528789258,10.769247557535612,0.7256944444444444
500m_25214_7924,8,23.423899095227508,5.519294559650304,1.8316452391250557,13.709589667683666,0.5
500m_25206_7920,8,24.852502199838607,8.183801252598334,1.3976251813364797,13.864747170900472,0.4826388888888889
500m_25217_7929,8,28.33702310347388,12.121523245758878,0.8509790497705817,11.669202474072009,0.5833333333333333
500m_25175_7932,8,22.214125633220114,5.826055702021879,2.0068341042739397,13.430105002730693,0.4166666666666667
500m_25167_7928,8,23.00101843053904,5.549023142846462,0.6680567549015516,14.645037883239931,0.4375
500m_25187_7906,8,17.81286594181657,4.637000297548509,1.971865150524557,12.091657636256755,0.32291666666666663
500m_25207_7921,8,28.86934876316674,9.00197591926138,2.8369507956801225,14.58887650216013,0.5902777777777778
500m_25179_7902,8,23.905879366835958,6.302061578850214,4.380012009460188,15.061498980456237,0.45486111111111116
500m_25210_7926,8,26.250252829269844,10.590878678641605,0.6637422606937853,12.359401416513382,0.4965277777777778
500m_25176_7933,8,24.011089258732646,6.761791373373117,2.0656079605412403,14.362647474475807,0.43402777777777773
500m_25168_7929,8,20.805104912858244,6.086155498513289,2.7440394374384898,12.68728796285945,0.3784722222222222
500m_25209_7930,8,25.74042125360223,8.34410491149837,2.0111806840213684,15.463403443262157,0.5104166666666666
500m_25188_7907,8,23.400182833374885,6.4172598130087835,0.9339292235735663,14.101846907656935,0.4618055555555556
500m_25179_7938,8,19.381575631459295,4.292804533855638,3.1262488357224356,13.91871546093303,0.3472222222222222
500m_25199_7916,8,32.47108290399989,12.640459360306608,2.72699149381881,12.841111891237897,0.6840277777777778
500m_25212_7935,8,24.53619515138327,7.787954152288931,2.014127035882938,12.866997527851058,0.49652777777777785
500m_25191_7912,8,22.256981664262764,7.782448441559061,2.476452742207398,14.485874533886117,0.3993055555555556
500m_25202_7927,8,28.240370442484846,10.864463914908855,1.8876477782612955,12.637147112204378,0.642361111111111
500m_25194_7923,8,44.89318128780341,28.317939315557393,6.18317134694077,8.338427753828366,0.8854166666666667
500m_25186_7919,8,30.173452681711744,11.07473211262738,4.102759552861688,13.739144233559543,0.6006944444444444
500m_25205_7932,8,41.5211415403941,23.163584587096697,3.3682453333318563,10.797883865303422,0.8333333333333334
500m_25163_7935,8,12.762087596291913,2.827466272820529,0.0,10.796450889390602,0.2152777777777778
500m_25174_7944,8,17.817982970362337,4.732000610538834,1.0512021435191254,11.950082570851805,0.3298611111111111
500m_25206_7933,8,30.221797719181446,11.37012603554831,1.3953435462238168,13.087366932547598,0.6076388888888888
500m_25198_7929,8,30.741687724523857,10.875922604980655,1.8168796391801152,11.307874001235362,0.6458333333333333
500m_25175_7945,8,31.599187597282643,11.042663720176808,3.366857759654645,13.427667765902378,0.6354166666666666
500m_25176_7910,8,21.81817987267432,6.930187290251022,2.092462349261041,12.586299760907696,0.4131944444444444
500m_25195_7923,8,41.426535225735215,17.195598756056455,2.2564118498212338,11.649615272829093,0.8402777777777777
500m_25208_7942,8,29.86706788982029,9.49649820527593,2.7606334692573,13.601891290472736,0.6215277777777778
500m_25179_7915,8,17.34601650594169,4.415184149214616,2.054890367835469,13.007788517686073,0.32291666666666663
500m_25199_7893,8,42.99362267667235,32.36994692752049,10.774153629957254,6.2193024705556015,0.8541666666666667
500m_25190_7930,8,13.928815914454699,3.0397839438498315,2.053783647564815,12.818578913359918,0.23263888888888887
500m_25182_7926,8,20.51175911536329,7.914299901935546,1.9865748184511176,10.758796629792801,0.3993055555555556
500m_25201_7939,8,20.388930537718394,5.7493008369699545,1.598434749771158,12.224271861295545,0.3993055555555556
500m_25193_7935,8,18.055637418572687,4.9356670621856,1.7749496009246537,12.706924432381228,0.3263888888888889
500m_25172_7912,8,18.42178429248407,5.177498558817671,2.2643312804881477,13.943171062162858,0.3194444444444444
500m_25213_7913,8,48.817674482238296,41.226981985071355,25.59649709401741,2.629841107843414,1.0
500m_25171_7916,8,21.72833805222141,6.363730857277908,3.028151578749422,14.444536014572051,0.4027777777777778
500m_25202_7940,8,12.481289701964347,3.0343178022988813,0.8500141466363083,11.11064492149298,0.16666666666666666
500m_25174_7921,8,23.16349566037686,7.047592853606232,2.989969212553274,13.954790137379785,0.4895833333333333
500m_25194_7936,8,18.214224111978652,5.496789075876441,1.53529775788994,12.625392033488389,0.3194444444444444
500m_25186_7932,8,23.256495943755777,9.975976007172768,3.4679007161373314,11.847582195435953,0.4652777777777778
500m_25214_7914,8,42.86885352947692,25.889403836268826,9.72728313978659,9.0722542144476,0.8680555555555556
500m_25205_7945,8,23.280972043666573,6.117447560872067,1.7731287885690108,14.342833444893532,0.47222222222222227
500m_25217_7919,8,24.22692106555764,5.67849845785769,3.082571495728962,15.666545017170566,0.4895833333333333
500m_25164_7913,8,50.0,50.0,50.0,0.0,1.0
500m_25183_7926,8,17.142448449524586,4.28403031990308,2.4881178031561477,13.464008875344176,0.2881944444444444
500m_25175_7922,8,26.98085324078899,4.260743549216855,2.0468237306558876,16.60674691701238,0.5034722222222223
500m_25167_7918,8,17.87262961608394,3.923243755929714,0.0,13.36682934006667,0.33333333333333337
500m_25187_7896,8,18.60732182913681,5.217465209979813,1.2537526416289955,12.61806009678973,0.3159722222222222
500m_25178_7933,8,23.690735918671933,6.330959384546434,3.8071171297853117,14.314414033594582,0.48263888888888884
500m_25197_7946,8,27.69993293245782,6.21838184738886,4.014943503915158,16.507080526841772,0.5347222222222223
500m_25189_7942,8,25.70880705877689,6.513622454907796,3.554863272243179,15.550308092420945,0.5243055555555556
500m_25168_7919,8,15.427399899899264,3.4584377755899816,2.032261545579394,12.660948651980123,0.2465277777777778
500m_25209_7920,8,12.512263035557119,3.436699778066709,1.3707192625357043,10.509166328762756,0.18055555555555555
500m_25220_7929,8,20.131017596772466,4.9602387606811895,3.0826739378053296,14.96633894183708,0.3715277777777778
500m_25212_7925,8,21.46697626891849,9.175085933017865,1.740136768551178,12.571035157583037,0.40972222222222227
500m_25170_7928,8,16.83474684935299,4.88429301085135,2.534485673254782,12.860378412399244,0.29513888888888884
500m_25182_7939,8,23.304032326850656,6.027967976213077,3.353740018494822,15.239844954010767,0.4652777777777778
500m_25194_7913,8,23.51160543062283,6.818904191179632,0.0,13.097680631937399,0.48611111111111105
500m_25213_7926,8,49.33731085621691,46.96553228032035,25.72425824256282,1.1420621654271608,1.0
500m_25186_7909,8,18.621271788129413,4.160376687536951,1.8939740623677401,13.981944186973855,0.36111111111111116
500m_25205_7922,8,19.79352721126532,5.67403822021095,1.2786918185447576,13.944032075765538,0.3298611111111111
500m_25171_7929,8,20.120898761245954,5.92197341369674,3.113661723729281,13.21635311455175,0.3784722222222222
500m_25174_7934,8,22.771208051888202,8.775846109616182,1.3835748459032378,13.446324238154942,0.4756944444444445
500m_25198_7919,8,28.425344167124656,9.127451215050225,2.315976228350139,12.828007323890489,0.5590277777777778
500m_25177_7945,8,27.519906383340597,10.223101982431968,3.495966127691034,12.911668875702212,0.5659722222222222
500m_25197_7923,8,25.551318267224016,8.981354668653822,4.047252711294986,14.056283014063997,0.5104166666666667
500m_25216_7936,8,29.189233721437468,12.929931100063666,2.6771821616393936,10.975517167864336,0.5972222222222223
500m_25167_7931,8,18.42764007741583,6.050211241775657,1.783960450487939,10.856022806581189,0.3576388888888889
500m_25208_7932,8,27.96316946237711,16.905169169855427,0.617113276056427,8.20847689732857,0.5173611111111112
500m_25179_7905,8,16.269226806017397,4.56487427813884,2.6090753851778303,13.173966409216124,0.2604166666666667
500m_25166_7935,8,17.615767430582398,4.2108728036930945,1.9264674884652777,14.064338523126574,0.3055555555555556
500m_25178_7946,8,29.73012504682847,10.132195272519024,5.320574635879893,14.694748372833995,0.6458333333333333
500m_25209_7933,8,20.458980445894564,5.965865092749747,2.371856359263401,12.584029257186248,0.3923611111111111
500m_25182_7916,8,26.406682398945435,8.21917066576242,3.5456114771081513,13.801962784638285,0.5381944444444444
500m_25201_7929,8,20.141615929881663,6.185806356700446,2.6526023621622947,14.035309620122181,0.36458333333333337
500m_25212_7938,8,18.716529898602968,5.87152648002265,2.108893834125638,13.443894636145899,0.3159722222222222
500m_25174_7911,8,23.147034152549363,8.0679419518396,3.421047628784436,13.423414763818993,0.4270833333333333
500m_25186_7922,8,27.933460491247818,10.632868914393999,3.3208974088651977,13.63546995643556,0.5520833333333333
500m_25163_7938,8,21.399971437906494,5.013729316844605,3.018236254694964,16.06768931883602,0.3680555555555556
500m_25204_7939,8,22.419963384290007,5.9936229254893965,2.870464429920048,13.83619521940064,0.4027777777777778
500m_25196_7935,8,22.03283079480799,5.803569005873786,3.143729983744379,14.293837837341137,0.4131944444444444
500m_25175_7912,8,22.842145586084662,6.490431987204648,3.6213410063210176,14.925528965287645,0.44097222222222227
500m_25216_7913,8,32.72563543054456,13.056050309402885,4.30383243272081,14.469668445852736,0.6597222222222222
500m_25167_7908,8,26.270953149119837,6.379886906032325,1.07935405843344,14.651625281610496,0.53125
500m_25178_7923,8,18.32079547212735,4.677369910641856,1.734202495119678,14.014521643718641,0.3055555555555555
500m_25197_7936,8,17.574769242261773,4.025124039125452,0.0,12.19896160645473,0.3506944444444444
500m_25189_7932,8,14.437030451834161,3.6231782345580887,1.8769389553451,12.313308450185861,0.22569444444444445
500m_25190_7897,8,19.481714818420066,6.822382129635799,1.777581087249902,12.600908017283597,0.3819444444444444
500m_25212_7915,8,48.68285845377892,41.06558948527635,12.749193589351021,2.698624605074484,0.9861111111111112
500m_25170_7918,8,22.68212094241876,6.21824969256298,2.867442607962754,15.08443468534738,0.4270833333333333
500m_25190_7933,8,13.89664992686036,3.255082103401665,1.317505121647865,12.290255000206276,0.2361111111111111
500m_25182_7929,8,13.084042810538975,3.435232048146368,1.4369084472436953,11.6695080298957,0.19444444444444445
500m_25193_7938,8,25.552395175284122,10.920034894732623,2.8485833067843487,10.006127592446326,0.5
500m_25186_7899,8,20.14498314112115,6.181160305473544,2.033435953906519,13.816820396033844,0.375
500m_25200_7946,8,23.303413184518497,4.104624911279822,2.6588289118099193,16.759750437343133,0.42013888888888884
500m_25171_7919,8,15.067430342863382,4.029248031803256,2.38497610644034,11.232292456446777,0.2465277777777778
500m_25174_7924,8,13.483771634137463,3.6372475244419578,0.877967298334017,11.200703694294194,0.2048611111111111
500m_25219_7932,8,17.047619825649374,4.8441077815142926,1.2299567789384367,13.101534875803269,0.2847222222222222
500m_25185_7939,8,14.734690802727869,4.029216238207914,1.7818145206924498,11.697261728454894,0.22569444444444445
500m_25177_7935,8,18.885927266711644,4.619092075290901,1.6116949112439507,12.64847397701674,0.3125
500m_25216_7926,8,18.423598745771095,5.250666133986131,1.9204305903767818,12.802075905179873,0.34375
500m_25189_7909,8,29.55814415869431,11.704623574339154,4.512690323679144,13.370204232555965,0.6458333333333333
500m_25208_7922,8,29.025452288827235,12.055767493936585,2.584115930044277,12.307293853493377,0.5798611111111112
500m_25166_7925,8,27.63965678039802,12.264613737713447,1.5547999956031158,12.02276588886765,0.5868055555555556
500m_25182_7906,8,16.495125014182392,4.6539275214034825,1.9790876106262467,11.480029362373985,0.2777777777777778
500m_25201_7919,8,19.861226798833954,5.752209070351221,2.7986960381485018,13.289404188611076,0.3645833333333333
500m_25193_7915,8,36.40251646972749,18.07251747361268,5.768069100196044,11.325388886501813,0.7777777777777778
500m_25170_7931,8,22.301988407342943,7.679910165133644,2.8763368989493756,12.64032174075557,0.4305555555555556
500m_25215_7939,8,22.585142258583275,5.871931308614828,2.0156143285989745,14.0178119065009,0.4618055555555556
500m_25173_7942,8,20.66230127827309,4.92389956519431,0.9424071887529322,12.935808165569519,0.4166666666666667
500m_25165_7938,8,23.153435104528125,6.4421732365649,2.8067879922634194,14.63680156363769,0.4652777777777778
500m_25185_7916,8,21.442805331539446,5.962262470866054,2.8630494146385215,14.111524509842369,0.3993055555555555
500m_25204_7929,8,25.613127941872133,7.136691594179194,3.1036555982484466,14.762162434985282,0.48611111111111116
500m_25196_7925,8,33.13319643479003,14.099255118525669,5.314194758247815,11.89285650352392,0.7152777777777778
500m_25162_7932,8,25.211922235971127,6.311033213979611,2.497495505678671,14.177743498557296,0.5277777777777778
500m_25178_7913,8,14.244845075711154,3.0991863498188197,2.3677862342206204,12.629949397282239,0.23263888888888887
500m_25189_7922,8,13.544626890985931,3.31632931327338,1.2405114154969727,11.890759281690599,0.2013888888888889
500m_25193_7892,8,30.62146345209026,9.490859731620734,3.5022204618210018,15.03834821962506,0.6736111111111112
500m_25166_7938,8,24.29941820655125,6.710242278498446,2.4222059168132546,14.115421707360658,0.4652777777777778
500m_25170_7908,8,29.535041319113,8.185167877270864,3.9572511550824716,15.49262687214008,0.6319444444444444
500m_25203_7942,8,18.187931254644944,5.141761959399095,3.0760267754825623,13.390451683551555,0.3125
500m_25194_7893,8,34.93727130511122,15.273723605533801,4.613278274059667,12.989520805089814,0.7256944444444444
500m_25181_7923,8,14.589285968062656,4.179386659198411,1.7894846001945552,11.63895096611696,0.25
500m_25200_7936,8,19.0653878656044,5.327100246933432,2.1905364323128467,13.842783765642809,0.38541666666666663
500m_25192_7932,8,22.36362892816259,5.016619292853273,2.583147214164065,15.300221638933262,0.4097222222222222
500m_25196_7902,8,42.72640347486839,29.451333530411134,6.455000770199619,7.305652271456328,0.8402777777777778
500m_25219_7922,8,18.08938521764074,4.699510923856941,1.8720124530524003,13.579748722407935,0.3402777777777778
500m_25185_7929,8,28.070762865904616,8.28865735901078,1.5493259071063221,14.234260931233141,0.59375
500m_25204_7942,8,21.195370312164425,6.785630451403481,1.9445769579377068,14.059502078273894,0.4131944444444444
500m_25177_7925,8,21.022045912117097,4.582251129135156,3.4877054706339154,13.971617770388766,0.40625
500m_25196_7938,8,27.211180104278117,8.530884075947158,2.7286514099611017,12.386082688970305,0.5590277777777778
500m_25216_7916,8,24.181874107442766,7.288444400458726,1.723542992446134,14.249436885276419,0.47222222222222227
500m_25189_7899,8,19.837891411386728,4.587869208725572,1.445186187614003,14.023789410587817,0.3680555555555555
500m_25166_7915,8,22.1323937161526,5.98458223495508,2.0632711059385733,14.531944789381608,0.4097222222222222
500m_25211_7923,8,37.534503630483044,14.844932437195743,1.5319342828856228,10.932901330820346,0.78125
500m_25190_7900,8,19.77997929195326,5.63252901224438,2.8924898268461057,14.675785286929827,0.3263888888888889
500m_25203_7919,8,23.61376631735716,5.635711764807693,2.0513557325684815,14.879602554497492,0.4479166666666667
500m_25182_7896,8,24.80438302373005,9.52276089204074,2.195525811501295,13.27814784024593,0.4652777777777778
500m_25188_7939,8,15.648381882653052,4.550756375743431,2.1310224134558076,11.462699163914534,0.2777777777777778
500m_25193_7905,8,19.44381530584908,5.19769374692999,1.1195411939963191,13.937165443195049,0.3854166666666667
500m_25180_7935,8,16.794168093007517,4.428757637488522,3.071731359277457,14.224787010890658,0.2673611111111111
500m_25215_7929,8,22.00832787545658,6.583342007846493,1.5752022254595222,13.996909333918474,0.42361111111111105
500m_25173_7932,8,18.80980549714852,4.480970438088819,3.0190439658752934,14.22137886978446,0.3159722222222222
500m_25165_7928,8,32.50371621466399,10.572665327264854,2.1663241008914444,14.457496806219948,0.6354166666666666
500m_25184_7941,8,28.11225479209618,10.166436848740442,1.8911559557798345,13.589616481640942,0.607638888888889
500m_25185_7906,8,12.868844465904626,4.010633546734418,1.4945623624122346,10.233432418954894,0.2013888888888889
500m_25204_7919,8,33.90319735038432,12.595432204067224,3.0315024304216847,12.751370203816538,0.6736111111111112
500m_25177_7902,8,23.110707191597527,5.187030409531168,1.8954182501804877,15.120283397533559,0.4895833333333333
500m_25210_7935,8,19.939983445874553,5.067367506009838,2.052970205794338,12.93769923420824,0.375
500m_25176_7942,8,21.984419516957196,5.471124841556939,1.648156734489021,13.681217749680457,0.4375
500m_25203_7932,8,32.94585125375269,11.814877010180675,2.063335618486236,14.745991432228099,0.701388888888889
500m_25169_7939,8,24.6328504438943,7.4583925054433395,2.576207223136167,13.740423397356437,0.4756944444444445
500m_25161_7935,8,35.86279721510087,27.534026628972683,3.8289804842970625,7.979754066638165,0.7083333333333333
500m_25181_7913,8,21.918901526034663,6.782083109192413,2.211024166785311,13.944397226450715,0.40625
500m_25200_7926,8,14.930580217905382,4.531435576867063,1.9776712890581332,12.04688573904869,0.22569444444444445
500m_25173_7909,8,17.24319832557477,5.159943568700669,2.6259654357099715,13.197175007770444,0.26736111111111116
500m_25192_7922,8,24.195772590832487,6.906425273792369,4.843363452911434,14.798200020354116,0.4722222222222222
500m_25184_7918,6,41.085160286415395,28.73756287111046,1.3065605360391552,6.840236677645302,0.8333333333333334
500m_25206_7942,8,16.088047280815278,3.317626442036483,2.533168913458212,13.074795729048107,0.28125
500m_25185_7919,8,47.61268107504334,44.47701460359014,11.027686844415935,2.077813293827486,0.9548611111111112
500m_25177_7915,8,17.767031742761475,4.2074680321115245,2.7854169010349588,13.701896504943516,0.34375
500m_25195_7932,8,17.99586399746054,5.072197419167923,2.621836625975,13.225548513353612,0.3229166666666667
500m_25207_7943,8,26.854816102016066,7.429794640249764,2.0944878645353118,15.36306817345919,0.5763888888888888
500m_25169_7916,8,31.02433138031101,10.371741952518564,6.078908609015525,13.686617082536278,0.6493055555555556
500m_25188_7929,8,15.58210284003844,4.247256787362861,2.2734681345902468,12.421692944045468,0.2326388888888889
500m_25180_7925,8,13.974946242912228,3.868119029519322,1.6062889338888144,10.94526351906179,0.19444444444444445
500m_25199_7938,8,29.14420027908676,9.254433134784938,3.019554118496477,13.29025188430155,0.5868055555555556
500m_25172_7921,8,18.805182618282736,4.858013041081318,0.7244493659924868,13.533445696341783,0.3611111111111111
500m_25191_7934,8,15.56539857435733,4.078881167982397,1.4653328671325208,11.795759314678634,0.2638888888888889
500m_25192_7899,8,37.31035357224,14.968437696409037,10.858680395808754,13.300618531004481,0.8333333333333334
500m_25184_7895,8,31.583493621717285,10.991163981182662,1.8739408379475961,12.52852592380655,0.6805555555555556
500m_25181_7926,8,11.811566460565363,2.6203186278052195,1.4516896520396907,9.871106879211684,0.15972222222222224
500m_25173_7922,8,29.751125729928017,16.744248792177405,1.6103951629919433,10.719937822681818,0.5659722222222222
500m_25214_7923,8,23.37694454213422,9.796397519289016,1.9357190614100546,12.953298948553801,0.45833333333333337
500m_25165_7918,8,32.62980982030574,16.211842224053747,2.3309756335402843,12.692122393486171,0.6354166666666667
500m_25185_7896,8,22.34818290481936,6.186343584782907,3.1741775191067108,15.404154171702139,0.39583333333333337
500m_25217_7928,8,20.338611339198074,6.958188955395214,1.4828682665434476,12.874570732409103,0.3993055555555556
500m_25207_7920,8,30.971789322959893,10.174279130589266,4.94725370847689,14.646771708112375,0.6423611111111112
500m_25218_7929,8,17.87529946825334,5.078238309508709,2.449373723573365,14.122015855302443,0.3090277777777778
500m_25210_7925,8,33.0362032136472,22.2300011151604,1.5361660479062877,8.27912367623,0.6458333333333333
500m_25176_7932,8,20.951943792614184,5.388413336851533,2.607256665881476,14.526088671670472,0.4027777777777778
500m_25168_7928,8,24.156142310757463,5.271585195365997,2.1920313365388644,14.551746208739583,0.4409722222222222
500m_25187_7941,8,27.613726280124844,8.373458087691844,4.141641462581902,14.842175330866548,0.5381944444444444
500m_25188_7906,8,14.764103499399152,3.6513308348463083,1.7810944354215381,12.844687590057745,0.2326388888888889
500m_25179_7937,8,13.566629939836432,3.5088244771519137,0.9139487905649124,11.551053136262295,0.19791666666666669
500m_25180_7902,8,23.43711194334722,5.400381698576432,2.8693372752545585,13.582550811878065,0.4652777777777778
500m_25199_7915,8,30.190226576761834,10.644101887816586,3.957450769785956,13.591088240659602,0.6006944444444444
500m_25211_7926,8,15.51388668738679,3.924652678324362,2.1147727839849795,12.277073519988342,0.2673611111111111
500m_25203_7922,8,22.51457807658684,8.50308616178474,2.1871775257750414,13.478295955416735,0.4826388888888889
500m_25169_7929,8,17.324849250993246,4.5082233551174955,2.461046063417598,13.307871108456506,0.3159722222222222
500m_25180_7938,8,19.05347078460051,4.470646530170275,2.269997511471821,14.553749579198806,0.34375
500m_25200_7916,8,28.72764631208443,13.392010536774805,4.336212441035166,11.77205224065088,0.5208333333333333
500m_25172_7934,8,17.127917604869182,3.3385203509718213,1.9527312901591358,14.061000041123346,0.2881944444444444
500m_25213_7935,8,23.257080192427665,5.774238943578439,3.893235421548888,14.394623882646993,0.44791666666666663
500m_25206_7932,8,24.51143569578828,7.392355835960272,1.6024421740833559,13.220029344993666,0.4965277777777778
500m_25198_7928,8,40.09721679924413,15.670976047678828,7.5477881559013404,12.401702147809875,0.8368055555555556
500m_25177_7905,8,23.594077649639864,5.942846477905939,2.2767688189275,14.665745786997105,0.46875
500m_25164_7935,8,19.295641793184423,6.2575485921336576,2.272983375643664,12.850762495735912,0.3194444444444445
500m_25175_7944,8,35.13278284052164,17.160317401923656,2.819910525142296,10.156554101882014,0.6944444444444444
500m_25176_7909,8,19.154718809506136,4.74057886270989,1.601174816250743,13.692192981930006,0.3611111111111111
500m_25195_7922,8,50.0,50.0,50.0,0.0,1.0
500m_25179_7914,8,14.856697272474811,4.554357291011854,2.459105759091922,12.163494735319464,0.2465277777777778
500m_25199_7892,8,50.0,50.0,50.0,0.0,1.0
500m_25210_7938,8,25.328736912961283,5.533224258191242,3.2944591543153288,14.622677589199231,0.5243055555555556
500m_25176_7945,8,31.45318822443828,10.919294779857323,4.117482023160846,13.862261662903922,0.6180555555555556
500m_25209_7942,8,27.618749876281363,10.014598981615425,3.829759479214051,14.461477833028699,0.5625
500m_25180_7915,8,19.576228926729563,4.629678045694426,1.3885652712551788,13.884129799487301,0.35416666666666663
500m_25199_7928,8,35.69766972939391,10.421533441121628,3.0171484019461814,15.666482256240489,0.7222222222222222
500m_25172_7911,8,26.868312529138336,9.871233854569807,3.626643318422551,12.95968015736651,0.5451388888888888
500m_25202_7939,8,20.985106761851547,8.02515943638545,1.4354283315209793,10.618470702066904,0.3888888888888889
500m_25194_7935,8,21.994350220679333,8.71500963557749,1.415167730041489,10.497042751782615,0.4097222222222222
500m_25173_7912,8,24.368887870212834,6.947496739554988,2.409263956453854,15.260267212419214,0.45486111111111116
500m_25186_7931,8,20.25178526035954,6.070172481471195,2.6316992801112065,13.607589129500365,0.3680555555555556
500m_25214_7913,8,45.49130390768325,29.13552685290777,5.106218436781901,7.306697242807403,0.9166666666666666
500m_25205_7944,8,18.054880380496375,4.19905727098083,1.9203652720461832,13.7990486009197,0.3368055555555556
500m_25217_7918,8,21.66244272451556,6.460533142422543,2.6195770299787013,13.20294290715506,0.4201388888888889
500m_25183_7925,8,15.578235656196947,4.5204059692394445,2.124525985362468,10.283134734566005,0.2638888888888889
500m_25175_7921,8,16.104028953848907,5.083979287142401,2.2559329800955257,11.927934862384674,0.2986111111111111
500m_25206_7945,8,25.427296747833072,6.575509968240664,5.136740935893613,16.080575597015077,0.46875
500m_25198_7941,8,24.663923695753127,5.8849271972863875,2.54705550457129,14.131264509491015,0.46875
500m_25210_7915,8,44.57889796483616,32.55951121552074,4.0164878271398265,6.988890684374605,0.8923611111111112
500m_25176_7922,8,25.3327184857666,7.529761604794032,3.230872233228784,13.981506270546989,0.53125
500m_25195_7935,8,25.59995138930434,5.731084648330564,2.030358710578116,16.388313396336592,0.5138888888888888
500m_25168_7918,8,23.856192967327328,5.793632326935577,2.6575572044281097,15.557847725006797,0.4722222222222222
500m_25187_7931,8,16.51649088976157,4.438458008737918,2.0080525659030424,12.925685778191967,0.28125
500m_25188_7896,8,15.096240263670964,3.7642096865871966,1.1318260093265256,13.496745000231076,0.2638888888888889
500m_25191_7901,8,29.388460864731073,9.45955370595391,5.365415225587613,15.80883478007129,0.5694444444444444
500m_25190_7942,8,9.214139681208913,2.565746860442917,1.3540690708045313,9.769812082237294,0.10416666666666666
500m_25169_7919,8,24.329678588400824,6.3403012608942,3.252727214999432,14.178630392646767,0.5034722222222223
500m_25182_7938,8,16.79423582183931,4.96671038169456,3.0259543061230163,13.324381692525261,0.28125
500m_25172_7924,8,15.939006130945657,3.665128473803188,2.1591065456159413,13.509535494473896,0.26388888888888884
500m_25213_7925,8,38.427567387050516,27.50054349140264,0.9811365537272448,6.300791781841905,0.78125
500m_25192_7902,8,18.98932685993297,6.3404978752748695,2.195620739307006,12.748027144422378,0.34375
500m_25205_7921,8,22.97168106069038,5.846889924262451,2.5283198103577704,15.000871793520348,0.4375
500m_25184_7898,8,20.73896111911957,5.134029558798909,3.0030590292792456,14.111078191786849,0.4166666666666667
500m_25171_7928,8,13.309080720279281,2.4475836236107473,0.5848011479500115,12.054410368044485,0.2222222222222222
500m_25174_7933,8,24.017585267481046,9.121262423085689,1.7113982446026057,12.748151315302252,0.47916666666666663
500m_25214_7926,8,18.26148901916479,4.410871094151652,2.7769929047561863,14.942645652508284,0.3090277777777778
500m_25186_7944,8,29.469518095701027,9.214650172003266,3.4020175597018167,14.081033674641837,0.6770833333333334
500m_25206_7922,8,26.663599562390516,6.9601730393008205,0.7946207731197636,14.372538009919584,0.5138888888888888
500m_25198_7918,8,27.572355788739337,9.342953997644981,0.5888543005272843,13.920373350997696,0.5243055555555556
500m_25217_7931,8,24.973039244509728,7.654049923186301,2.345143278408136,14.462284417037738,0.46875
500m_25183_7938,8,21.408457040152705,5.495248890541818,2.818844061293167,14.397242315208665,0.4097222222222222
500m_25175_7934,8,19.0443144581198,4.143815837867538,3.0242570041569325,15.440984324905518,0.3159722222222222
500m_25167_7930,8,20.939582666903423,5.18474699014908,2.679630401336908,15.252976895876484,0.34375
500m_25187_7908,8,14.07057033561143,3.0230603224513306,1.0040417668842565,11.525036472046077,0.2326388888888889
500m_25179_7904,8,21.313611735784846,5.764865342032829,2.627077058806053,14.041942131095723,0.4305555555555556
500m_25178_7945,8,26.53113126322745,7.93436016731716,4.3341325049016195,14.62954604674572,0.5034722222222222
500m_25168_7931,8,21.22701399670669,5.332620157609714,3.0740720828115884,14.711359240047692,0.40625
500m_25209_7932,8,31.606501416602875,18.64331103110293,1.1754511857212109,8.163363740051475,0.6354166666666667
500m_25188_7909,8,29.697467248495467,9.623641396582373,3.5148545668588165,13.982326284514002,0.6388888888888888
500m_25201_7928,8,17.573949832590323,4.9595078120136815,3.1246437125455486,13.869523564928116,0.2881944444444444
500m_25180_7905,8,18.117006888605786,4.585356099985983,1.4292725613473782,13.571784744753767,0.34375
500m_25212_7937,8,28.32720781028906,8.692622477398398,3.783616005853024,15.087804261147424,0.5763888888888888
500m_25191_7914,8,18.986153066033694,6.822525309749576,4.027624096310515,12.436526793028454,0.3611111111111111
500m_25202_7929,8,16.502814185903596,6.318087078211731,1.7944727495629538,12.653099780872035,0.28125
500m_25213_7938,8,28.75907206122544,9.460506334856383,2.276002120543126,14.248858921033525,0.6180555555555556
500m_25186_7921,8,29.039474206456013,9.89960228131089,2.638769290944765,14.209404786361855,0.59375
500m_25205_7934,8,35.921075218717306,21.10019860164113,1.9783588936601941,9.2549047314751,0.7326388888888888
500m_25163_7937,8,23.63006866594055,4.936748245936773,2.6615491321999554,15.379757207568037,0.4791666666666667
500m_25198_7931,8,24.95198709141335,10.119163773583441,2.83324976611512,12.713009642087801,0.4756944444444444
500m_25164_7938,8,20.216967114540367,4.901332240305178,3.9253435089012783,15.292342085457525,0.3680555555555556
500m_25197_7935,8,11.57313100471939,2.9705944497091767,1.8203895142487454,11.03110365495711,0.14930555555555555
500m_25168_7908,8,20.483406806494756,4.81431762992673,0.0,14.062852668815792,0.4027777777777778
500m_25208_7944,8,22.762592574860513,5.303520003564238,2.8334994871156325,15.287735667855308,0.3958333333333333
500m_25187_7921,8,38.4976201318847,15.412302330993086,4.005011093367858,12.205320853172726,0.8055555555555556
500m_25179_7917,8,16.893242696225485,3.912249114112537,2.2482341403861463,13.426238083801497,0.2951388888888889
500m_25190_7932,8,29.140660662851662,9.982935753150343,4.2905005766501345,14.136548088323352,0.6111111111111112
500m_25209_7945,8,21.949247698190344,5.594079877869321,2.5923507973544773,14.232782443003453,0.39236111111111116
500m_25182_7928,8,11.037591110869133,3.2572527840146424,1.9189004086820056,10.394595591363725,0.14583333333333331
500m_25201_7941,8,14.995194502528612,4.05796197814246,0.0,11.781182514834974,0.23958333333333334
500m_25193_7937,8,25.530331866038843,6.149852352420838,1.268914276214673,14.100001202516491,0.5
500m_25213_7915,8,43.043848954489434,24.8654885973681,4.462905329890726,9.500061352324249,0.8680555555555556
500m_25171_7918,8,24.956968630439142,7.377274251596572,1.559558170860614,14.733700150032309,0.4722222222222222
500m_25174_7923,8,14.45886030205216,3.5095390893937415,1.6657462837017478,12.626458449110002,0.25
500m_25194_7938,8,27.31245686493463,7.3532508884477235,3.0557540294393535,15.73218996049113,0.5208333333333333
500m_25186_7934,8,23.54434228630774,8.763408165388729,0.297723587315634,12.428957211738416,0.4618055555555555
500m_25214_7916,8,25.765416355028943,8.61072633862746,3.201569443590415,13.468410897083388,0.4930555555555556
500m_25217_7921,8,27.895132050090425,5.794017217528548,2.4839358528784596,16.578500987288074,0.5451388888888888
500m_25183_7928,8,17.69567533753896,5.123474760797478,1.6892039692902472,11.579421725130665,0.3402777777777778
500m_25175_7924,8,17.986873963141925,5.190264580639118,2.273569075880619,12.166797648915203,0.32291666666666663
500m_25216_7925,8,17.688566206025374,4.9831225928786695,2.084551380674264,13.181983076727592,0.3055555555555556
500m_25167_7920,8,30.25204525842077,7.985674911412832,1.8455579050349928,15.759704660848943,0.6076388888888888
500m_25195_7902,8,48.169621625557056,40.21334179340852,18.5037845746283,3.3128447895523125,0.9826388888888888
500m_25187_7898,8,14.090931671600703,3.3217738509641075,2.024053377326558,12.72362647752713,0.2013888888888889
500m_25178_7935,8,12.630494795119711,2.648482485390163,1.3939887451076682,11.162719376662269,0.19444444444444445
500m_25197_7948,8,31.45573772932532,10.938660002542964,5.372690378844592,14.27106407920644,0.6805555555555556
500m_25190_7909,8,23.949357730760184,6.444805426421655,1.0304566560213384,12.954639553205663,0.4583333333333333
500m_25209_7922,8,22.873875333721113,6.519246284556747,2.1187133371679363,13.698267716113364,0.4444444444444445
500m_25201_7918,8,33.18255182046421,13.262006642663584,2.5271241296700713,11.98277135964444,0.7361111111111112
500m_25193_7914,8,18.79625661100378,6.034505486975732,2.4675485149741783,12.34750530858915,0.3159722222222222
500m_25170_7930,8,20.926548953502497,6.05806878605233,2.602032570357551,13.650384781149121,0.40625
500m_25182_7941,8,21.494805755357753,7.205844246428729,0.0,11.980406167680965,0.4305555555555556
500m_25202_7919,8,32.993362025524235,13.090636768727261,3.4618082259475376,12.18601419121492,0.7083333333333333
500m_25194_7915,8,37.21038349632305,16.785840189302707,6.875894835157273,12.047452557465409,0.78125
500m_25213_7928,8,12.375760807104502,3.484129103823015,0.6674384695198602,10.944074661156122,0.1701388888888889
500m_25205_7924,8,30.754707073021287,10.481242295373125,3.4467218045485306,14.503392497176176,0.6319444444444444
500m_25171_7931,8,17.047869463519014,4.737464063410734,1.986170513809238,14.042501586865356,0.2743055555555556
500m_25183_7905,8,20.1062916225686,5.458234733871741,2.5460184873560925,13.717329642654565,0.375
500m_25216_7938,8,20.089282648679532,7.677891310798871,2.6467864374549355,12.402549994416603,0.3576388888888889
500m_25208_7934,8,18.432043387325393,4.598830886350302,2.411041402256392,13.276877069322705,0.3402777777777778
500m_25179_7907,8,19.191585018796133,5.1365835680882155,3.0053320460473816,13.798440165044518,0.3472222222222222
500m_25166_7937,8,21.25694046371246,4.577098762916891,3.081604376474245,14.734430700727284,0.4097222222222222
500m_25209_7935,8,14.164426895655101,3.5120483055717604,1.753224425449118,12.123849257964078,0.24305555555555558
500m_25182_7918,8,16.432227176010535,4.238954981911248,2.1432176657835953,12.716086728348806,0.3090277777777778
500m_25201_7931,8,18.592932876799292,5.323384161758384,1.492547131732863,13.287119505760492,0.3506944444444444
500m_25193_7927,8,29.426354049665797,12.760772025460824,2.763308557455275,11.509763861841087,0.6215277777777778
500m_25194_7892,8,23.3797332154421,11.073498017285878,0.0,8.583010372680508,0.5138888888888888
500m_25212_7940,8,18.541131280290823,5.184921589084347,1.7215756499434889,12.447057096888694,0.35416666666666663
500m_25171_7908,8,19.24267012556068,4.615083940895994,2.2530467604253523,14.440071806187014,0.3715277777777778
500m_25174_7913,8,18.558366280764723,4.331812673576005,2.4919452004762697,13.535038568394306,0.34375
500m_25186_7924,8,25.650476324672002,8.36098304293644,2.5818583855123682,12.747357278790536,0.5451388888888888
500m_25185_7928,8,16.689400246392054,5.083327953398957,1.098770875960643,13.059097214460017,0.2847222222222222
500m_25204_7941,8,29.478249464979562,8.2050885730596,2.9804442078997275,14.911485886868089,0.6041666666666667
500m_25196_7937,8,18.734291031190523,3.8438084942204735,1.308178827370892,13.198056770145355,0.3263888888888889
500m_25175_7914,8,18.12913687472642,4.163137117897495,1.9193892679809974,13.686628495219907,0.3194444444444444
500m_25216_7915,8,27.56901271674503,6.007341749649075,2.3067589402224176,16.04714202687909,0.576388888888889
500m_25167_7910,8,33.888295401752536,9.3263904209841,4.7106468631109335,16.395463816534672,0.6944444444444444
500m_25178_7925,8,15.012125602273992,3.9696527567560875,1.5648517758202638,12.280493363593973,0.2534722222222222
500m_25197_7938,8,46.409731909323924,34.872436376840135,3.394323252766784,5.043380523478337,0.9444444444444444
500m_25189_7934,8,15.35621784474491,4.385851573145055,1.5030958384204782,11.161603875181779,0.21875
500m_25190_7899,8,21.11327652903244,5.542198616694217,2.2717817707745693,14.121799590759736,0.4027777777777778
500m_25212_7917,8,44.62815950002619,32.086024255306214,9.48786126697828,6.064755640459905,0.8923611111111112
500m_25170_7920,8,19.54762359883705,6.358854467455152,2.536900077718781,12.951269597398309,0.36111111111111105
500m_25182_7931,8,18.665211237149336,6.001441242319844,2.853732387030378,12.449942712334149,0.3506944444444444
500m_25215_7928,8,18.6120486373639,3.2068363109597056,1.0145267933803552,12.719312080557316,0.3611111111111111
500m_25186_7901,8,21.643070466700895,4.374837331642563,2.9153916634880894,15.948321358041024,0.39583333333333337
500m_25181_7935,8,15.804047606414711,4.085537209250861,1.36793781414085,12.496694671999435,0.2743055555555556
500m_25171_7921,8,21.8064413628585,7.076279932011814,1.0644967978275293,13.733240273796984,0.4270833333333333
500m_25184_7940,8,17.30462812505617,4.775466103948826,1.5976609932637027,12.587316719516993,0.30208333333333337
500m_25163_7917,8,50.0,50.0,50.0,0.0,1.0
500m_25204_7918,8,31.01684730960669,9.631231950419615,2.187410683618509,15.295631720776733,0.6354166666666666
500m_25183_7895,8,18.651219207091472,5.015525556984228,2.651856043781663,13.740273973140798,0.32986111111111105
500m_25174_7926,8,14.120737337515052,2.961651046126999,1.7807734386378675,13.631704553286546,0.2048611111111111
500m_25219_7934,8,17.904583489088353,4.061653053821031,1.8502445076231098,13.081033075374709,0.3333333333333333
500m_25185_7941,8,25.81101011231342,8.974673382568701,2.532457650303177,12.893125653460524,0.5416666666666666
500m_25177_7937,8,22.871913071840023,4.994781583712443,2.331227966481507,15.287657544490683,0.40625
500m_25178_7902,8,21.563612096458318,6.487276035656652,3.5021494236189996,14.19657249964521,0.4027777777777778
500m_25208_7924,8,30.522614089350288,10.121243558305974,1.2592952067630945,13.437123370126569,0.6944444444444444
500m_25178_7938,8,16.694286531175756,4.76958342702893,1.9771704695908427,12.719184860953872,0.2847222222222222
500m_25211_7935,8,18.89017040009123,5.00847039892039,2.7861216725524285,13.418712586348855,0.3506944444444445
500m_25190_7912,8,25.647426738743967,6.77945067428466,2.8421540627235107,14.574622437484676,0.5
500m_25182_7908,8,19.47548078363679,4.752210660304792,2.042053744718164,13.843571725875954,0.35763888888888884
500m_25193_7917,8,27.236757275638677,8.064145690475918,1.7705721195787305,14.34338115474107,0.5590277777777778
500m_25170_7933,8,23.86835852162308,5.817513365329559,1.6456758284475654,14.876381213237941,0.45138888888888884
500m_25215_7941,8,26.82007264872216,8.923211951914888,3.638665592241288,14.322760758944387,0.5243055555555556
500m_25165_7940,8,21.666430004759015,6.258696641932572,2.8310263171219345,14.4224990939407,0.42361111111111116
500m_25185_7918,8,45.19042994341673,30.41623965090149,9.066314225880287,5.848294713208025,0.9131944444444444
500m_25204_7931,8,33.55624070285877,12.603348043785893,4.671910667532549,13.260937861021851,0.7222222222222222
500m_25177_7914,8,18.595976092857434,3.5746668044518772,2.6228636478551195,15.205750773472634,0.3125
500m_25196_7927,8,27.585128688171103,9.101232717000343,1.3750263147858277,13.500238701855645,0.5763888888888888
500m_25162_7934,8,14.687771205644918,3.2854136570363153,0.6842107352204039,12.950485580832549,0.2569444444444444
500m_25207_7942,8,31.669496747465807,11.477042346202559,1.2748369844355618,13.192271787231844,0.625
500m_25178_7915,8,20.285828466579233,5.829253810777704,2.4948500950384354,13.91039165991469,0.39583333333333337
500m_25189_7924,8,23.575976933581508,6.672352417516126,0.12066765215554104,12.931054981001076,0.5034722222222222
500m_25193_7894,8,21.787168094976053,5.52962614130756,3.2635599247821134,14.69975641348805,0.4097222222222222
500m_25199_7937,8,36.50591865067656,14.388890936882955,6.275369358475502,14.336740361877345,0.6944444444444444
500m_25170_7910,8,25.920912879820246,6.756770410631621,2.4026151979051065,14.414051394175218,0.5381944444444444
500m_25203_7944,8,22.565134248859508,5.481885132868033,1.9591904593121399,14.489509840199055,0.4618055555555556
500m_25181_7925,8,16.008378049764158,4.168022106633,2.0449772681429965,12.357354929011631,0.23611111111111113
500m_25200_7938,8,30.364010602869072,10.729826448277521,1.5821798712349846,12.598825705295114,0.6597222222222222
500m_25173_7921,8,18.890803108075183,5.370551665325486,1.333997154868619,13.883716423160724,0.3402777777777778
500m_25192_7934,8,18.909148972928996,4.971695668621051,2.355531553261244,12.862761546384597,0.3611111111111111
500m_25185_7895,8,23.74810986044138,6.349919618833885,3.3736132214918886,14.78934930127794,0.4131944444444445
500m_25219_7924,8,22.524002365627013,10.032121831513326,1.4369373346964636,11.416166611999682,0.4340277777777778
500m_25185_7931,8,15.775043740325327,4.6994324965056915,1.7701644243352348,11.724661907475141,0.23958333333333334
500m_25196_7940,8,34.08607301948602,17.979434968590276,2.6372355762683246,10.6585948194885,0.6666666666666666
500m_25189_7901,8,15.33512911724285,4.772934996231861,2.407334064528352,11.582381086176746,0.2465277777777778
500m_25208_7914,8,45.803376697523056,33.90725392969219,8.22879977238781,5.6607170962538,0.9236111111111112
500m_25166_7917,8,17.925610297979503,3.396735434665813,1.8829717534367103,14.839470563114473,0.3263888888888889
500m_25211_7925,8,22.58871369581274,6.565366718827871,2.4371889706057956,13.627030588407166,0.4409722222222222
500m_25203_7921,8,21.060867113453767,6.664417850791523,3.201368471868591,13.449584022993614,0.3923611111111111
500m_25182_7898,8,23.51609919417239,6.854339209982243,2.763673763280727,13.885101145171621,0.48958333333333337
500m_25169_7928,8,18.437000844225302,7.063413628223142,3.45533955492283,12.180970498496311,0.3402777777777778
500m_25188_7941,8,12.958565712118748,3.131928686619692,0.8566599052018677,11.192413516690477,0.2013888888888889
500m_25180_7937,8,35.20798307746075,12.263670552524415,2.880099568240391,14.300769858400383,0.7222222222222222
500m_25181_7902,8,13.265468208169676,3.236377165536253,1.0287435426880083,11.626222848462184,0.21180555555555555
500m_25172_7933,8,17.06587015822461,3.7962305548234205,2.032222842283217,14.203746615217932,0.26041666666666663
500m_25192_7911,8,30.775730639639814,13.340175212357714,3.9204324574311613,13.038158718907606,0.6284722222222222
500m_25215_7931,8,21.310543313127525,5.4792811983412,1.9991431598450662,14.03342192864761,0.3645833333333333
500m_25181_7938,8,19.027014673107203,5.673172111441133,2.66876249064444,12.615968403496773,0.3645833333333333
500m_25173_7934,8,18.04327776034343,5.263993425546605,1.4359830830908888,12.40202687602819,0.30208333333333337
500m_25165_7930,8,19.272722588268156,5.446620159198719,2.9355000340381263,12.165802752346195,0.3784722222222222
500m_25185_7908,8,20.07732588699799,5.866831246994593,2.106118066308069,12.794854808668651,0.3993055555555556
500m_25204_7921,8,21.518619208440434,6.64993849668537,1.6666887143961022,13.942232041566337,0.42013888888888884
500m_25177_7904,8,17.972284599564354,4.474541597996545,2.1978761733720096,13.919743830230852,0.2986111111111111
500m_25196_7917,8,42.13588008285839,25.93490788933596,7.306002066616597,7.451051398421898,0.84375
500m_25178_7905,8,20.267956463484996,5.019467688028791,3.1681978706802973,14.62459640965819,0.3506944444444444
500m_25210_7937,8,20.958145873314116,5.858754966671555,2.885119340519728,14.441406742418527,0.3680555555555555
500m_25176_7944,8,31.817711916878537,10.022445918345879,4.207933363938483,14.534363122258965,0.65625
500m_25199_7927,8,29.11621865263175,10.225392157906985,2.566758210962689,14.053911369242243,0.6284722222222223
500m_25191_7923,8,35.565360588345825,18.4357555179049,2.3153113439947215,10.71050104383771,0.7569444444444444
500m_25211_7938,8,24.96590573100717,6.340009979234931,3.988736587457006,15.359334568139696,0.48611111111111116
500m_25203_7934,8,21.171173067525448,7.162523707432009,1.4435980890869433,13.426677660625195,0.39583333333333337
500m_25161_7937,8,40.58697280125174,29.60976432195415,3.766353232258512,7.353015506601116,0.8645833333333334
500m_25181_7915,8,21.436087964187912,6.390617022808506,1.185457438905699,12.759641693246905,0.4340277777777778
500m_25200_7928,8,23.371765992040807,5.969094124179238,2.5168638132236083,15.066180251279633,0.4965277777777778
500m_25173_7911,8,31.79172050407772,7.9962184436540795,2.142121665721366,15.105113250888039,0.6875
500m_25206_7944,8,19.92916522547378,4.908627231720181,2.8248488106825755,13.859667168068226,0.3611111111111111
500m_25198_7940,8,24.182185361000915,5.64963001072951,2.664885168647743,13.66873598748074,0.4513888888888889
500m_25177_7917,8,13.968505871133384,3.3328371790853364,0.29636632191977696,11.547267766237958,0.2465277777777778
500m_25210_7914,8,45.709477953413206,35.96668396405025,3.9044831557314774,5.573371349397609,0.90625
500m_25189_7891,8,24.6995366050798,5.874470676830073,2.767241364007623,14.851573372955983,0.5069444444444445
500m_25195_7934,8,17.983793411022987,4.1070563360903884,2.445562715543929,13.46912827466035,0.3055555555555556
500m_25187_7930,8,19.44936055225345,4.327201783488123,2.491552314064127,14.697056805923836,0.3819444444444444
500m_25211_7915,5,49.833044341020624,45.64107947641203,40.79941197579567,0.7895980481299862,1.0
500m_25222_7924,8,20.568114542779263,5.220109485970024,2.3186830624193164,14.739411171392197,0.3819444444444444
500m_25169_7918,8,23.751213686735063,6.638918994400836,1.8083215711985765,13.159150303448413,0.5
500m_25188_7931,8,30.767111384142442,9.39924305190451,3.7358410517238867,15.289665498129004,0.6458333333333333
500m_25199_7940,8,14.610208000040544,3.640117873828581,1.7623519070666542,12.468567830790015,0.2569444444444444
500m_25172_7923,8,18.97942742683628,3.6306620500671807,0.26513468471380147,13.97702412756672,0.34722222222222227
500m_25191_7936,8,16.825307724991323,4.608486753203499,0.5429696584558728,12.464237160405698,0.2986111111111111
500m_25192_7901,8,33.29955815657988,14.040390798714261,1.225111481745092,12.605534692466726,0.6909722222222223
500m_25184_7897,8,20.67541413490277,5.306815008796539,2.1327772198146704,14.620807212217205,0.4166666666666667
500m_25173_7924,8,21.475131156172978,5.877768120643845,2.203368173076288,14.708070537375075,0.3819444444444444
500m_25214_7925,8,33.182390577579355,17.139947845566493,1.2969694186191818,11.841248883568149,0.6423611111111112
500m_25165_7920,8,28.62312544736413,8.021148129061652,2.196518711722458,14.900576681695716,0.5555555555555556
500m_25206_7921,8,22.720159194018763,7.073940843252423,3.377770923174239,13.71862094110589,0.4618055555555555
500m_25185_7898,8,20.49990939313698,6.289695746172013,2.7067854717709965,13.3208862503527,0.4027777777777778
500m_25217_7930,8,12.323119486730857,3.4896910812795694,1.280097405095896,10.728912305336145,0.18055555555555555
500m_25183_7937,8,21.940471107575323,6.719622521377838,3.5275458027448257,13.796892600837984,0.3993055555555556
500m_25207_7922,8,29.55165880273375,11.244900857501534,1.7772296497446405,14.087117888924155,0.6041666666666666
500m_25218_7931,8,14.20126230090021,3.953148554568447,1.959734189915184,11.585080160168086,0.22916666666666669
500m_25176_7934,8,18.780176440654316,4.342025127376422,2.424742854163131,13.601615323981502,0.3090277777777778
500m_25168_7930,8,22.323173454845445,6.138467448720776,2.3452204039635696,14.478269236875688,0.4131944444444445
500m_25188_7908,8,24.813857322849543,8.169565483098228,1.6683870605914006,12.962126311118677,0.47916666666666663
500m_25179_7939,8,26.021878241555434,9.188322686136377,0.41369392594063015,12.463822315124588,0.5416666666666667
500m_25180_7904,8,17.608757374409937,4.1370820333708656,0.6645835329671631,13.18116697311058,0.2916666666666667
500m_25199_7917,8,26.85862852322956,7.703314027735657,3.305301359762424,14.416916872480234,0.5451388888888888
500m_25191_7913,8,31.971544574687357,13.96909209215912,1.2847978189596752,11.794690961482324,0.65625
500m_25203_7924,8,20.70962607467891,5.742305178272671,1.5643602174004627,14.10155109712526,0.39236111111111116
500m_25169_7931,8,27.788235738916,8.743824871372489,1.8566635201697892,15.24600505842585,0.5486111111111112
500m_25202_7928,8,19.799040362801627,5.16417823927532,1.5799676285858255,14.856713361691773,0.3611111111111111
500m_25181_7905,8,20.611273733098688,4.903296670535162,3.005775085125771,14.653519276291316,0.3958333333333333
500m_25213_7937,8,23.305937130269427,9.999922238195339,2.1862960876636546,11.724350761734872,0.42708333333333337
500m_25214_7938,8,22.497722369193447,5.524572129449588,2.1795254702476563,14.086427616819062,0.4340277777777778
500m_25206_7934,8,32.964647554930856,9.597860331830615,1.417805836680686,13.32062362018922,0.6770833333333334
500m_25198_7930,8,24.450194041547732,8.34008315513336,2.970219195490948,14.106588467623636,0.4583333333333333
500m_25164_7937,8,15.81105394857193,4.034861821033669,2.042332279766655,12.387625549021276,0.28125
500m_25176_7911,8,19.061843645565496,5.851329409867894,3.4080818695799544,13.473732006373016,0.375
500m_25195_7924,8,25.11662303233068,10.006650804313356,2.2254437678701793,12.077619495971604,0.5208333333333333
500m_25179_7916,8,15.434167964211582,4.168014747019095,0.7497854040073747,12.167218562007164,0.2604166666666667
500m_25199_7894,8,44.720898840962036,29.427328854821553,9.056676275943644,7.625896865763088,0.9027777777777778
500m_25169_7908,8,26.99712281445513,6.98625623762293,3.2552127512390463,14.720433375017294,0.5277777777777777
500m_25209_7944,8,22.908663107417695,7.069263054299976,3.3330932763419696,13.414636492559344,0.45138888888888884
500m_25188_7921,8,24.882289835093204,12.417987369229285,0.0,6.994811118782662,0.5208333333333334
500m_25180_7917,8,18.3290007740708,5.492843337317281,2.290763706613362,12.728978388045112,0.3263888888888889
500m_25172_7913,8,20.804053006981327,6.053897310003574,2.249136336016818,13.480903891512016,0.41666666666666663
500m_25191_7926,8,11.666881738458112,3.01640740718201,1.7184101452985752,11.313812904334437,0.13541666666666669
500m_25202_7941,8,24.765276419159488,7.422030007257101,1.6143704941437136,13.796554042250495,0.5381944444444444
500m_25194_7937,8,17.328634156483627,5.949612486014656,1.5261654730480552,11.810255239644153,0.3368055555555556
500m_25186_7933,8,16.42518362061373,5.807511788353951,2.066830316435726,11.336089935011703,0.2951388888888889
500m_25214_7915,8,42.9765947865075,23.544735438945466,8.891955874328204,8.870392031217417,0.8819444444444444
500m_25205_7946,8,25.762221555868074,7.4075010365098555,3.849719526111585,15.653061904757106,0.5
500m_25175_7923,8,26.403545360817976,7.776245603893594,2.637607634322194,12.855164515687719,0.5625
500m_25167_7919,8,19.022633355078398,4.8634628451681365,2.0685952200801694,13.327354518766999,0.3506944444444444
500m_25195_7901,8,46.3307934307675,31.93589463476831,10.139565161589417,6.141516924766972,0.9791666666666667
500m_25187_7897,8,14.300808231162108,4.095695196437319,1.8619547843884685,12.854015722727883,0.2048611111111111
500m_25198_7943,8,27.75266842628536,8.418350829330748,4.480299609648046,14.54804087124234,0.5451388888888888
500m_25210_7917,8,42.09472867406234,18.171810931624798,6.5474006928958115,11.794218366069384,0.8854166666666667
500m_25176_7924,8,18.169365625057505,4.728789653361685,1.8605890345461376,12.876150361967117,0.3472222222222222
500m_25168_7920,8,25.84648237022051,8.928795253218222,3.240220235808277,14.536281788128314,0.5034722222222223
500m_25187_7933,8,18.434608361289754,5.718267212929727,2.4552823008154476,11.736414643819543,0.33333333333333337
500m_25188_7898,8,11.752507964271407,3.313675369948985,0.0,9.863649837338329,0.1701388888888889
500m_25179_7929,8,16.656978595885196,3.771527651621823,1.2325834413510153,14.203038846523452,0.3125
500m_25191_7903,8,20.5206392271945,6.365049564778074,2.047996980458819,14.113922074249372,0.3715277777777778
500m_25182_7940,8,17.46735747980629,3.991265369508862,2.2867690923912805,13.787311773840411,0.2986111111111111
500m_25202_7918,8,23.637266831771186,5.563529578202531,2.9277931449476076,15.219774754989874,0.4479166666666667
500m_25194_7914,8,23.75896267349284,7.882444985876661,2.5957652931310804,12.89170897794014,0.4618055555555556
500m_25205_7923,8,22.357229981372175,5.504348633638206,1.8750231717096995,13.956930062229148,0.4409722222222222
500m_25184_7900,8,26.333459611831806,7.15174835525286,2.629751839082816,13.54610569940944,0.5347222222222222
500m_25171_7930,8,14.657586562937317,3.920533604040293,2.9795425329903082,11.433022605185618,0.23958333333333337
500m_25183_7904,8,15.8231961838993,3.3034569422567155,2.085415145050048,12.509908933123485,0.2777777777777778
500m_25174_7935,8,20.085194131709418,3.512474894298392,2.3711777173792306,15.890996840744652,0.3472222222222222
500m_25214_7928,8,18.53352897746204,5.5334336737649386,2.139811955515601,13.899374886089461,0.3298611111111111
500m_25206_7924,8,36.07394699069164,13.307583294823177,4.387088520808902,14.048670486346715,0.75
500m_25198_7920,8,29.13433355760413,11.199543507028968,1.4613036142543434,12.488961430537923,0.6631944444444444
500m_25217_7933,8,16.56019547188366,4.631960720973145,1.121698228129485,12.520524668392202,0.2847222222222222
500m_25183_7940,8,21.974942089482944,5.23853332337289,2.0607654091774665,14.94780629991681,0.4201388888888889
500m_25216_7937,8,16.398019031704976,3.7318980960624257,2.675695493812451,12.74130032751496,0.2673611111111111
500m_25167_7932,8,19.965406164581566,6.811147560556435,1.5655336538611393,11.791106492103726,0.3923611111111111
500m_25187_7910,8,24.82351266139045,7.609239379215188,3.297795812082903,14.332425131252787,0.517361111111111
500m_25179_7906,8,17.362007940203323,5.395899307940701,0.9628867726278258,13.225274517733297,0.2743055555555556
500m_25209_7934,8,16.612486103079505,5.417150456787729,1.3570658165122915,12.129755964514125,0.3055555555555556
500m_25201_7930,8,25.07933036834674,7.4671941769822,3.809298873514496,14.735263763584506,0.5034722222222223
500m_25180_7907,8,20.379424959925046,3.939428896256326,2.0946060527664736,14.491385086546245,0.4340277777777778
500m_25212_7939,8,20.61660288467872,5.781440034121984,3.7196553796556464,13.0743831512191,0.36458333333333337
500m_25202_7931,8,22.537115136505157,6.7018438241472165,3.4395959230678272,13.860332788612222,0.44791666666666663
500m_25194_7927,8,21.632862945263916,4.426874180179179,0.4304034887342461,14.360682973906357,0.45486111111111105
500m_25213_7940,8,17.477123613082735,5.68879420550861,2.2414355516148055,11.516601171273102,0.3402777777777778
500m_25186_7923,8,31.993247002553705,12.138305948596837,3.3015158276199026,13.81001259049324,0.6805555555555556
500m_25205_7936,8,15.198945251682483,4.000293464168654,1.5805307081359958,11.783757026212351,0.24305555555555555
500m_25175_7913,8,21.891785093942975,5.20785121418791,3.392676528410834,15.574857956964784,0.40625
500m_25167_7909,8,27.920966822507584,7.148159738081175,2.7935468220591972,15.095624261038244,0.5486111111111112
500m_25197_7937,8,33.5444358112255,19.961811565481035,1.8873146725427432,9.780686769276905,0.6458333333333333
500m_25176_7914,8,16.2750378526177,3.6073560330043613,1.763969016373095,12.89370310054532,0.27083333333333337
500m_25189_7933,8,14.011742696230192,4.132075213311804,1.7483005783146257,10.626374800712794,0.21875
500m_25168_7910,8,30.411183845768992,7.5559345644406815,2.995148649191833,15.879245944604243,0.6180555555555556
500m_25179_7919,8,20.805019387778607,6.6486238484742195,1.9835387460630214,13.001181787029807,0.41666666666666663
500m_25212_7916,8,42.775808820784476,27.57302439223448,9.753988167084284,8.357347398346995,0.8819444444444444
500m_25190_7934,8,20.957370299216745,6.773143019932536,1.5220574779063236,13.279166679421664,0.39236111111111116
500m_25182_7930,8,21.822001454255624,5.663185157138202,3.350735108079478,13.806240959525361,0.42361111111111116
500m_25201_7943,8,28.558389894892883,7.399931137912478,3.1701437844198375,14.307787240969718,0.576388888888889
500m_25193_7939,8,21.12997902265863,6.672237770017903,2.5398165531435484,13.79206808955334,0.3993055555555556
500m_25213_7917,8,40.382977948524385,19.190951731338846,3.3687619332699796,11.069092870790028,0.8368055555555556
500m_25186_7900,8,16.53206401588826,4.178351692290661,2.299652807142323,13.696753915660988,0.2777777777777778
500m_25171_7920,8,17.755909519971723,3.3613112692769445,2.1944344587318483,14.023914153121888,0.30208333333333337
500m_25163_7916,8,50.0,50.0,50.0,0.0,1.0
500m_25174_7925,8,17.37787869163934,5.435004423133847,1.8524575224116027,12.234512645843887,0.3055555555555556
500m_25186_7936,8,17.19068071460119,4.884456018235001,1.4863180250416457,11.953135147668169,0.30208333333333337
500m_25206_7914,8,29.19544057242534,12.775035197000838,0.0,9.96221966602694,0.6215277777777778
500m_25219_7933,8,21.28524776029012,6.06686721786377,2.7453796572592024,13.44348312510732,0.4444444444444445
500m_25185_7940,8,19.391268326668172,5.570783761547209,1.9567108988885593,13.127771695331077,0.37152777777777773
500m_25164_7917,8,50.0,50.0,50.0,0.0,1.0
500m_25175_7926,8,12.730925429938539,2.6517267934649764,0.6054185393375328,11.555635006771551,0.2013888888888889
500m_25216_7927,8,23.040529681562376,6.704956425487762,3.6605808868043823,14.13484713900075,0.4201388888888889
500m_25167_7922,8,21.290506010063023,5.320499410808421,2.2748806942881052,14.92593850405731,0.3993055555555556
500m_25208_7923,8,20.2637011326431,6.518736883713209,1.007757221188399,11.534219978492013,0.4201388888888889
500m_25187_7900,8,18.179687631236245,5.8871949536825845,2.8788986705037245,12.661575592946905,0.3368055555555556
500m_25178_7937,8,26.33987968292211,7.2138593399662305,3.403492010073053,15.133596089308291,0.5381944444444444
500m_25209_7924,8,24.298638315235888,8.678460418047731,2.487157663888808,13.614736916848546,0.48958333333333337
500m_25182_7907,8,29.374137343468043,9.449831085923652,5.776333023391609,14.769837690252439,0.6354166666666667
500m_25220_7933,8,27.630215539117863,12.414738217392038,2.7540938842466858,12.611219258774227,0.5104166666666667
500m_25193_7916,8,33.908220259569944,9.870977572775159,2.0393393366102828,15.351908381943343,0.736111111111111
500m_25212_7929,8,21.762819039270962,9.411023432814464,2.2597231491001684,11.74524135706992,0.4340277777777778
500m_25170_7932,8,26.624052263719598,9.588320199367818,2.6391586363315582,12.546882247281001,0.5208333333333333
500m_25182_7943,8,25.30353077334246,6.328526705080131,3.42209974190428,15.740986789085856,0.5381944444444444
500m_25215_7940,8,17.88261757584946,4.653133235933144,2.3465419733292947,13.660183279970767,0.31597222222222227
500m_25194_7917,8,32.0603662521805,13.21726400034714,1.9512044130378985,13.390677247569933,0.7048611111111112
500m_25186_7913,8,18.2050366672448,5.02612903482253,1.6228532114868615,14.121983033749974,0.3298611111111111
500m_25205_7926,8,22.610995204466573,5.229781517091754,1.918708838573366,14.932578037089964,0.3923611111111111
500m_25171_7933,8,19.83729282527603,6.528662383800547,2.1930285026256415,13.471113904998784,0.3958333333333333
500m_25163_7929,8,28.06916372279614,15.381611257456836,2.5329271257258967,10.319223285769937,0.5555555555555556
500m_25204_7930,8,16.065919948261232,4.316850951124872,2.1244500370739843,13.737762156161786,0.22916666666666666
500m_25183_7907,8,19.89813393670157,5.589557628246028,2.097281340866175,13.366204605719282,0.375
500m_25174_7938,8,23.77631743363031,7.172034696003809,2.3786641699152824,13.394528384256912,0.45833333333333337
500m_25178_7914,8,23.306358385586268,4.905389919346948,3.02944190291078,15.435816281922571,0.4444444444444444
500m_25197_7927,8,27.325022720600373,7.590962533641264,2.795345361701435,15.382351350325726,0.5416666666666666
500m_25216_7940,8,25.839081594788667,7.3619235556498825,2.8530568310253908,14.994303238503587,0.5555555555555556
500m_25189_7923,8,13.421353591061761,3.1549085153659178,2.045674368861716,10.579675047918364,0.2465277777777778
500m_25166_7939,8,27.56072736880155,9.618718927561641,3.530264042557974,12.291047293773483,0.5520833333333333
500m_25170_7909,8,31.60708859544293,18.941111667998975,2.4509752211455784,10.619928842293358,0.625
500m_25190_7924,8,29.422237025259914,16.0115053409204,1.7176888330923248,10.159058666533001,0.5625
500m_25182_7920,8,20.5192092439545,5.459913272113438,1.2772953670733853,12.616126135001114,0.40625
500m_25201_7933,8,16.330365295792767,4.698034662769064,1.9279766696097802,11.803157588067787,0.2847222222222222
500m_25193_7929,8,23.45476659015455,8.363349785952302,1.1038959279374225,13.062077344337927,0.4375
500m_25186_7890,8,19.307215579089046,4.371173524622958,1.5595780793793341,15.099081374384212,0.33333333333333337
500m_25200_7937,8,32.884340855905776,12.497788795327391,3.6622860482120814,13.36200155015505,0.7048611111111112
500m_25171_7910,8,35.82046250859243,12.168142177733298,6.234881518104459,13.786251807599868,0.7152777777777778
500m_25174_7915,8,20.311778506147796,6.288821008224279,4.048153671377804,13.015994682399382,0.4027777777777778
500m_25219_7923,8,17.71386398551028,4.391008946741891,2.055690011712926,13.51794828790356,0.29861111111111116
500m_25185_7930,8,14.503648947207234,4.541255313749927,0.4815564521067109,11.688838283349309,0.23958333333333334
500m_25204_7943,8,24.589535457368154,5.837905028706841,2.557459588702426,15.995082032853794,0.46875
500m_25177_7926,8,18.434472519177536,4.900703179008419,1.5880636591391522,12.036205532104546,0.3263888888888889
500m_25196_7939,8,46.22424960577291,32.911197348184174,7.891582640873652,5.634198019181126,0.9618055555555556
500m_25216_7917,8,21.722563228060004,6.8790893488098686,1.2152525080456424,13.59774463144841,0.39583333333333337
500m_25167_7912,8,25.256444043058714,7.791831370405678,3.25626406989043,14.106715982843287,0.5104166666666667
500m_25166_7916,8,21.641168241935517,4.339472876414034,2.408074777896318,15.952605261486525,0.3715277777777778
500m_25197_7940,8,25.716061043252097,6.011396030349525,1.7971329505817266,14.72844328945151,0.53125
500m_25189_7936,8,20.346714678846958,6.84127805049335,0.6333533374730687,12.295385531920504,0.3715277777777778
500m_25190_7901,8,22.339213392865595,6.216245026379227,2.6830070920775353,13.791211340131074,0.4444444444444444
500m_25209_7914,8,30.79853102975552,10.817911701522835,0.49707705134101593,12.669458070164493,0.6180555555555556
500m_25182_7897,8,23.06828562558763,6.967661360455799,1.4135659401180776,14.053249490458406,0.4340277777777778
500m_25220_7923,8,22.0751152580656,5.679258849414178,2.328651239247423,13.902808910504616,0.4548611111111111
500m_25193_7906,8,21.967477416942835,6.184792253611941,1.6119721745199058,13.802300222788315,0.4305555555555556
500m_25212_7919,8,40.401325338566025,25.281633995713747,3.665979863711694,9.284005215205447,0.8055555555555556
500m_25170_7922,8,26.134508045291735,10.37146958649871,2.7364438189057356,12.35189571549001,0.5104166666666667
500m_25215_7930,8,26.322519524685504,8.09614242494933,1.822693435537788,14.806152810647813,0.5208333333333333
500m_25181_7937,8,28.85290197920508,13.953663308119724,3.40697324971552,13.708007815500384,0.53125
500m_25186_7903,8,11.574258947226397,3.3642579243206154,1.0336945538826718,10.71994676156031,0.13541666666666669
500m_25173_7933,8,22.87345760622138,5.451388202377555,3.9538868150030764,15.138552858728017,0.4409722222222222
500m_25184_7942,8,27.164622377274963,9.587461425473752,3.6794946467016416,13.133432778895791,0.5486111111111112
500m_25163_7919,8,50.0,50.0,50.0,0.0,1.0
500m_25204_7920,8,23.419268477247385,8.359852858105324,3.0995270670900936,13.694720049677613,0.4166666666666667
500m_25196_7916,8,43.71072173874096,25.91291125124504,5.872403554274686,9.18731853313253,0.8819444444444444
500m_25177_7939,8,26.417978090028953,16.15076777196862,2.6749399137112158,8.936521054259835,0.5208333333333333
500m_25178_7904,8,14.190919219468896,3.558969246276434,1.5787379335078982,10.89740191586899,0.21527777777777776
500m_25197_7917,8,38.15387855594641,17.88192620272992,3.6562762963438815,12.04858990908467,0.78125
500m_25208_7926,8,27.78799538534403,11.125328267805365,3.1783095214469705,13.890098619546393,0.5347222222222222
500m_25166_7929,8,21.154128842973243,4.8787523283897025,2.315625227720371,12.902098350599774,0.3993055555555556
500m_25211_7937,8,23.461505691283904,7.1445700535444665,3.436004059048855,15.007473603548668,0.4375
500m_25203_7933,8,27.20251525460699,11.293933280557543,1.1312798613783681,12.216140523436692,0.6006944444444444
500m_25182_7910,8,12.503429761188471,3.53322275328679,1.6101675837508382,11.101407254511422,0.1909722222222222
500m_25193_7919,8,48.60779233450481,42.1613292715507,23.433319958394566,2.694184598308865,1.0
500m_25200_7927,8,16.466267444354628,4.7702745275163565,2.25600507922627,12.840837906524616,0.2847222222222222
500m_25174_7905,8,21.88676642032211,5.617018372795535,4.0411827399470495,15.217072541690916,0.4375
500m_25204_7933,8,35.08438175126989,15.841825839355032,4.38267060722319,12.625709427729388,0.7569444444444444
500m_25177_7916,8,15.393751553379154,3.300806451986843,2.1510167710144525,12.816301587091942,0.22569444444444445
500m_25196_7929,8,21.81665027716223,3.944055463383952,0.29714230245122414,14.897423012828263,0.40625
500m_25178_7917,8,12.921360279876076,2.782633189143656,1.3648011640841764,12.33719857651965,0.1701388888888889
500m_25189_7926,8,21.427903817580933,5.921256307368864,2.242180247089206,13.952412843865838,0.4131944444444445
500m_25222_7923,8,17.929578398876565,5.55316679231401,2.468184182578198,13.04303727498472,0.29513888888888884
500m_25188_7930,8,32.1816682752465,11.677061792591061,1.7709923090272062,11.517638113215945,0.6388888888888888
500m_25199_7939,8,19.88051843226907,3.7682245343453578,1.641233254312522,15.883339115831049,0.3576388888888889
500m_25191_7935,8,16.271959319289245,3.8685376534745117,0.776957472700199,12.596524655639987,0.2881944444444444
500m_25170_7912,8,17.976298317485718,4.223563914562909,1.9791025899782644,13.426803327668537,0.3194444444444444
500m_25203_7946,8,19.202663117990618,5.464119021372846,3.262988948780385,14.328655966985288,0.3506944444444445
500m_25223_7924,8,17.044975992244012,6.315924510404463,2.010105289693456,12.714737177161288,0.30208333333333337
500m_25215_7920,8,17.22331436050886,4.935310407878534,2.8587474814854548,13.520904788415988,0.2881944444444445
500m_25200_7940,8,14.868545133559007,3.831897475142241,1.381036636036697,11.78781112774939,0.22916666666666669
500m_25173_7923,8,23.11640870727556,5.514837903202938,3.020880983378924,15.544892957310793,0.4652777777777778
500m_25192_7936,8,31.65516688076281,15.214135801668512,1.5197195449618448,12.195532744001142,0.6597222222222223
500m_25165_7919,8,28.790399165161794,7.861912205158103,0.4612982030784166,14.878624689285807,0.5729166666666667
500m_25185_7897,8,22.933939183742417,6.244331330964724,3.5139918810839093,14.720986643621195,0.4652777777777778
500m_25185_7933,8,16.85561391920202,4.387490668786922,2.30671203676361,13.257629073469364,0.2916666666666667
500m_25177_7929,8,15.555891052206892,3.8466891327261226,2.864389918748202,12.160859248990826,0.2847222222222222
500m_25218_7930,8,20.074965287237944,5.998480013879998,2.9827182270800687,13.938610734054345,0.36458333333333337
500m_25189_7903,8,20.520709379859746,6.34060913373304,0.669016233175739,11.235415562322494,0.38888888888888884
500m_25187_7942,8,24.869776253669794,9.40149289560185,1.011313136651745,13.331264358994337,0.4861111111111111
500m_25166_7919,8,25.29263164608566,6.324925863900631,2.4617700421816227,15.774142315632197,0.48611111111111116
500m_25203_7923,8,15.986763559985997,3.969783153581353,1.7528465782534113,13.745224914191454,0.2743055555555555
500m_25169_7930,8,19.76197091126119,5.147928081934005,2.6372812676069968,13.270433261097743,0.38888888888888884
500m_25180_7939,8,21.408894205786858,4.96210632075238,1.4446999132102025,15.453629869840888,0.4131944444444445
500m_25181_7904,8,21.845581099555503,6.260147655488172,1.1923857101098814,13.795034164745655,0.4444444444444444
500m_25200_7917,8,26.493020733919955,8.252272494673756,2.4384051908237163,14.158652345217956,0.5243055555555556
500m_25172_7935,8,22.091090640612187,7.6143106363137925,2.3881425133106626,12.46770422477197,0.4340277777777778
500m_25181_7940,8,16.89068842144397,3.8543160324709382,1.8212021384642867,13.402793871377089,0.3125
500m_25214_7937,8,27.776199354686298,11.321705616587948,2.8727465758587662,13.441951267634998,0.548611111111111
500m_25165_7932,8,25.529739534626508,7.093513492124,1.9360536325266533,14.98942210804178,0.4930555555555556
500m_25184_7945,8,32.38868176277219,11.240911697915585,3.323252489747281,13.918959743673208,0.6527777777777778
500m_25185_7910,8,14.14524576555094,4.1345012502251475,1.9566878385669384,11.364462647946254,0.20833333333333334
500m_25177_7906,8,15.12927336423073,4.563272439346533,1.3675467352368287,12.303799246332463,0.26041666666666663
500m_25196_7919,8,33.753194831211786,15.372823712943767,1.686683991393759,12.171713527128702,0.6840277777777778
500m_25210_7939,8,24.414388241290133,6.802530197737498,2.1406140068581045,14.964760418412798,0.48958333333333326
500m_25180_7916,8,10.737836738627717,2.7601356189896142,1.202291855383123,10.649186458291783,0.14930555555555558
500m_25199_7929,8,34.40718624208694,10.605728464080169,2.8566430514975862,15.20278922989959,0.71875
500m_25191_7925,8,15.865260322034889,4.247017127400261,1.5264979033157124,12.291882991090237,0.2534722222222222
500m_25211_7940,8,21.33374217840203,5.612940902801407,3.3255712407800395,14.288129085787421,0.3888888888888889
500m_25203_7936,8,17.052721650287413,4.456128080168893,2.4115152558232,13.034611236954582,0.2951388888888889
500m_25181_7917,8,20.568192417997707,7.166510961282643,1.7310200049713977,12.20776839864996,0.3611111111111111
500m_25173_7913,8,15.334556706846854,3.3320111510229506,0.8865607457555598,12.780774185357828,0.2604166666666667
500m_25192_7926,8,17.241044447627196,5.291633442804717,1.1188549403232173,12.28398688227378,0.3715277777777778
500m_25184_7922,8,30.530259524847196,10.992782901896856,2.2138769034879875,14.609264812131308,0.6006944444444444
500m_25198_7942,8,22.69855272568745,4.545078424699437,2.4487453696454544,15.881432402360964,0.4479166666666667
500m_25210_7916,8,40.4561327209243,20.607972770269548,6.469229456050755,10.66766833511305,0.8298611111111112
500m_25189_7893,8,26.360304311604533,9.477813376672898,0.9247444840829122,13.158715523423076,0.5416666666666666
500m_25176_7923,8,14.817061208508026,3.2436298487806097,2.2858326656741865,12.772197601717563,0.24305555555555558
500m_25195_7936,8,19.437863152715146,4.367353414976566,3.2751594170440512,14.84124558508774,0.34375
500m_25187_7932,8,36.588992696943606,14.747057094946328,7.625208470518199,12.407831223179869,0.8159722222222222
500m_25188_7897,8,13.841715563168485,3.882045988458369,2.4997379566677984,12.032065520421451,0.2222222222222222
500m_25179_7928,8,13.320902242812881,3.608701412282284,2.0672375633311932,11.888028389191035,0.2048611111111111
500m_25191_7902,8,20.570889456598884,5.831756248566613,0.7725204151500072,13.299068765697651,0.41666666666666663
500m_25211_7917,8,39.91077596503218,14.997470415429035,4.0738771894860974,12.287799131562274,0.798611111111111
500m_25222_7926,8,28.39082983242074,9.734651935839235,3.6469566621317204,13.691849878644067,0.5763888888888888
500m_25169_7920,8,22.309833005320385,7.483956043401188,2.8524627138636203,11.70134629475797,0.4479166666666667
500m_25188_7933,8,21.389644914679806,4.440388678177339,1.7345399850522136,15.106540889955632,0.375
500m_25180_7929,8,14.194002659678915,3.264535476532095,1.3135580833288891,12.538310447795556,0.21875
500m_25199_7942,8,13.209393993276763,3.416993465082086,1.7517887377887975,12.076526449109803,0.2013888888888889
500m_25172_7925,8,16.27611281903194,4.770108362423075,2.755757346058793,12.020425662540479,0.2881944444444445
500m_25191_7938,8,12.203932145746943,3.3827567899265034,0.0,10.724257635757287,0.2013888888888889
500m_25192_7903,8,15.068686392549427,3.4780640352566996,1.7428231089870678,12.346875334601108,0.23958333333333334
500m_25184_7899,8,23.5679685879589,5.613569584807216,3.5463303823403445,15.108904797920564,0.5069444444444444
500m_25206_7923,8,32.565688560417826,11.862941920387934,3.8607143335179512,14.1483854978826,0.6388888888888888
500m_25185_7900,8,23.434021780906754,5.3849783469052195,3.042377473825267,15.344769856692293,0.4756944444444444
500m_25217_7932,8,19.44934586004335,5.38485980502441,2.2292715736397484,13.389466299428676,0.38541666666666663
500m_25183_7939,8,18.05034371742039,4.733929528268208,2.801046190744254,14.041574914104398,0.32986111111111116
500m_25175_7935,8,26.374456937690674,7.753964267074745,0.0,13.085995541239337,0.5243055555555556
500m_25187_7909,8,19.582289233312565,6.887610022771803,1.6437307011772306,12.969910597898162,0.42361111111111116
500m_25207_7924,8,29.018237592932067,8.26629343387928,5.314661280301607,15.25957576015615,0.5833333333333333
500m_25218_7933,8,19.78043343658581,4.09697699605091,1.8101566607706856,14.67477904754418,0.3645833333333333
500m_25210_7929,8,29.993744340414622,10.301599923671198,1.5598327466384607,13.431805955228228,0.5694444444444444
500m_25168_7932,8,15.177088696165026,4.540746371989625,0.0,11.450976004941571,0.2743055555555555
500m_25179_7941,8,20.9343374375641,6.073236993156177,2.9048553117311724,14.36245585785191,0.3819444444444444
500m_25180_7906,8,18.04244780610669,4.665160654170155,3.0162344770243807,13.860371741286531,0.33333333333333337
500m_25199_7919,8,25.414519234871847,11.747847519632028,5.450476397126211,12.273432256602089,0.4756944444444444
500m_25191_7915,8,19.930176057264305,5.749037952739821,1.5581371603757777,15.14868919419294,0.35763888888888884
500m_25202_7930,8,15.756309861024278,3.7924772725770786,1.985283572904968,12.560157335353152,0.2881944444444444
500m_25181_7907,8,25.535390057896176,8.47544462449126,0.3924090554873642,14.550665112664916,0.5
500m_25213_7939,8,22.413048598853383,3.9754281212788065,1.8242276271278115,15.552937263140358,0.4270833333333333
500m_25205_7935,8,27.178539638815884,6.258038933733367,3.4842696593277878,16.015077874785028,0.5868055555555556
500m_25184_7912,8,10.435043553100417,3.3666348366399896,1.5316498527569484,8.808956625347125,0.11458333333333331
500m_25214_7940,8,31.200486326140137,14.953711417335597,2.5014461479480445,12.223076010686357,0.6076388888888888
500m_25206_7936,7,28.742847746976093,8.4001250965304,2.486408128384143,14.684708632876692,0.5634920634920635
500m_25198_7932,8,15.012756732709967,3.2317610925118156,0.0,12.282093958995532,0.23263888888888887
500m_25164_7939,8,26.08748383705609,9.337633039135051,2.7349215083853577,13.728179701539402,0.4895833333333333
500m_25176_7913,8,20.247508613076338,4.679795680747969,2.4922303298017936,15.576910324806002,0.34722222222222227
500m_25195_7926,8,26.75656844661188,9.28765290041061,2.176201421748759,12.940164570933309,0.5520833333333333
500m_25168_7909,8,26.047426245684214,7.409521478414017,1.8723051717711063,14.90220123084897,0.4756944444444445
500m_25187_7922,8,28.86476217638802,7.526294476239094,0.0,13.908681411740996,0.6076388888888888
500m_25179_7918,8,14.444737446718493,3.167497469825424,1.9796801950269582,12.33392433255941,0.21527777777777776
500m_25169_7910,8,33.463396757067095,10.671995098042366,5.779858881785913,15.492069344738164,0.6631944444444444
500m_25201_7942,8,18.493989652804963,4.67549656199216,1.4044694414629897,11.998863822169074,0.3819444444444444
500m_25180_7919,8,23.09115967526197,6.579571220677465,0.0005585639859766311,13.155280376995927,0.4548611111111111
500m_25172_7915,8,19.46854945081922,3.3540469340384993,2.056041489456787,14.659998319128912,0.3645833333333333
500m_25213_7916,8,34.32684870487715,11.97237128565149,5.610994138002752,14.174622611118332,0.71875
500m_25192_7893,8,21.605323242225236,5.5290278291735895,2.616495122880224,13.893030946309405,0.3993055555555556
500m_25202_7943,8,19.272249025472632,4.784736626078626,2.647534398431162,13.362038257184803,0.36111111111111116
500m_25194_7939,8,27.49463925613449,8.343916903536588,2.468243254855134,13.745902812620622,0.5416666666666667
500m_25186_7935,8,22.179689771002742,7.649177147078408,2.5981864720169034,12.424954154326999,0.4375
500m_25214_7917,8,25.900450386921918,7.714397162601904,2.5962814293238625,14.00316613955501,0.5069444444444444
500m_25206_7913,8,43.670674497723454,32.231519733093066,6.605178688549557,6.947404671074301,0.8576388888888888
500m_25217_7922,8,22.544107832157607,4.803201603533742,1.4598958776405198,16.56524625416057,0.4444444444444445
500m_25183_7929,8,15.691771105593556,4.188953733237842,2.0335624805331767,12.209550485711974,0.26041666666666663
500m_25175_7925,8,12.445138892231368,2.5675310010442827,1.529219235657365,11.834264097827024,0.1909722222222222
500m_25167_7921,8,29.25296675168942,10.01679628081196,2.934775239351673,12.901928495862608,0.6215277777777778
500m_25187_7899,8,20.316619391227924,4.045899651731403,1.7738383389602426,14.153057543099761,0.4097222222222222
500m_25207_7914,8,48.55680489684529,27.918676009950815,8.51619250147779,4.9033002899925275,0.9756944444444444
500m_25210_7919,8,24.58739851851811,12.333719814252952,0.0,8.983359844741734,0.5173611111111112
500m_25197_7949,8,28.228699935445857,8.495494477239832,2.8314972624466463,14.219291354444572,0.6006944444444444
500m_25176_7926,8,19.66487778016358,5.7201093564135626,1.5336275461025628,12.517530406372812,0.36458333333333337
500m_25168_7922,8,16.93607230886836,4.138314421574215,1.949410792901995,12.66300254651902,0.32638888888888884
500m_25209_7923,8,27.08615050642088,9.818995960044369,0.0,12.352165856155638,0.607638888888889
500m_25188_7900,8,20.60686554812212,5.426706145298553,2.7366783936320975,14.169063165533673,0.38888888888888884
500m_25179_7931,8,33.67889814731324,8.450650825586317,2.379959037317536,15.142889362996108,0.7083333333333333
500m_25212_7928,8,49.05213341050666,42.50964454244421,25.25886970710576,2.2361076259952863,1.0
500m_25191_7905,8,31.06307835226141,12.007981075539432,0.7044123545043424,13.385688012616129,0.6597222222222223
500m_25182_7942,8,27.03983406668652,9.030750172571526,2.6828297997631503,14.047298243638576,0.5486111111111112
500m_25194_7916,8,35.7415215307575,14.24935220734234,0.09707154020215114,14.316535649130545,0.71875
500m_25213_7929,8,34.28124302777505,10.430889617128857,2.9272612389299613,14.316473963498858,0.7534722222222222
500m_25186_7912,8,34.39723101391574,17.9855957263173,3.337546095704091,12.708613025245384,0.6875
500m_25205_7925,8,21.998587729432398,6.730344998655074,4.212542426856089,14.430663062683742,0.4236111111111111
500m_25171_7932,8,16.85745191201748,3.641729898105151,2.3511504712044773,13.326887883854827,0.2951388888888889
500m_25163_7928,8,41.75153539048608,38.19992462856169,2.7003784684854835,3.372652247289806,0.8229166666666666
500m_25183_7906,8,17.114959686922063,5.627796149863469,2.9994442238123415,11.967954970909672,0.2881944444444444
500m_25174_7937,8,19.141353625226344,7.507919634858294,1.508031603134441,11.117105095666858,0.3645833333333333
500m_25206_7926,8,22.126198531660553,7.414781802637867,0.0,12.6983481758203,0.4340277777777778
500m_25198_7922,8,26.264369188040348,10.049784213874233,0.0,11.359152933150643,0.513888888888889
500m_25164_7929,8,20.926316990239055,6.141520468459484,2.2433776889102703,14.507454303558248,0.4166666666666667
500m_25175_7938,8,20.204075347188336,4.916159987329917,0.7721732857829985,15.0636220767704,0.4236111111111111
500m_25216_7939,8,24.110507883333185,9.380209479374418,3.530077920181535,12.880058268277022,0.4305555555555556
500m_25195_7916,8,28.484589721850405,10.002899164941251,3.5105191399963487,14.113287900609578,0.5833333333333333
500m_25167_7934,8,23.6541114208961,7.690878901947546,0.5190935565620423,12.565329302414309,0.45138888888888884
500m_25208_7935,8,13.235032231468423,3.7017545192400663,2.919740697293691,11.298850281983949,0.22222222222222224
500m_25187_7912,8,19.95894011538105,3.6600329277994224,0.8202432698235498,14.77276388611331,0.3680555555555556
500m_25179_7908,8,35.6303308930392,13.333245749663654,4.4567498443441735,12.546386095511362,0.7326388888888888
500m_25190_7923,8,29.422358585101986,17.232936665991645,2.963319315489805,9.538630331075414,0.5381944444444444
500m_25182_7919,8,13.243814931902367,3.2925059818549753,1.9986130824714952,12.261472184009122,0.2152777777777778
500m_25201_7932,8,24.3003309895656,6.884014748503816,2.8456221897070413,14.253113783159826,0.48611111111111116
500m_25193_7928,8,20.288826618767725,7.178976560652384,2.3438922206103436,14.001023280125981,0.36458333333333326
500m_25212_7941,8,29.250025879824022,9.513686900991544,3.7451546179368997,12.527940456407697,0.5798611111111112
500m_25171_7909,8,31.228994631541703,8.199486510042995,2.48739035166081,15.772548573368866,0.5972222222222222
500m_25202_7933,8,21.589255629966672,6.944006611983841,1.832144421601912,13.391887885821177,0.3819444444444444
500m_25174_7914,8,20.314483816343404,5.557967404758522,1.374290917050237,13.934388095842792,0.4027777777777778
500m_25194_7929,8,20.627704003430694,7.331630024118802,1.8570291809836823,11.62568290762642,0.4027777777777778
500m_25186_7925,8,17.60076902198196,5.670798866059527,2.2969138528606,12.945036643222249,0.3125
500m_25205_7938,8,34.9220319087718,18.660716068193395,1.855124759607861,11.11407057412168,0.6909722222222223
500m_25175_7915,8,17.2225899284596,4.323766140956883,1.9116040628653879,12.840494844981663,0.2916666666666667
500m_25167_7911,8,21.684335049566336,6.949693339344975,3.268386828521336,13.676840813969037,0.4131944444444444
500m_25195_7893,8,45.409861340444905,28.271320191390256,7.156579791484343,7.517430659872478,0.9270833333333333
500m_25178_7926,8,22.22189575126702,9.82217400351816,1.491831047096639,12.216547508308546,0.41666666666666663
500m_25197_7939,8,25.71835974015506,7.134342673979962,1.6645340840197334,15.640165731071844,0.5277777777777778
500m_25189_7935,8,15.937218308764821,4.368655183591451,1.2089503636543126,12.448442689135405,0.2847222222222222
500m_25168_7912,8,16.236647828110087,4.051280903893753,2.323542397108005,12.47467339025665,0.2604166666666667
500m_25220_7922,8,21.3695150401753,5.736817708673934,2.878047775509522,14.984106732077553,0.4131944444444444
500m_25212_7918,8,34.79833515716027,14.236836858911637,3.0490616566603004,12.899806861941375,0.6979166666666666
500m_25170_7921,8,28.42991685203799,8.627356058524189,3.6664191671548014,14.875891556756864,0.5555555555555556
500m_25190_7936,8,21.525034911929346,6.913184754571423,1.697192539371583,12.706812812695517,0.4097222222222222
500m_25182_7932,8,11.40359448717478,2.5329545332427883,1.9289927420573914,11.550449168323684,0.1701388888888889
500m_25201_7945,8,28.83843241858592,9.046848599011101,3.475692465289004,15.433138764760644,0.6180555555555556
500m_25193_7941,8,24.358656473761403,9.138054785392109,2.5755794612482927,12.648811939792449,0.4930555555555556
500m_25221_7923,8,27.6805061970516,7.969212568779191,3.585754715199486,15.237838711466711,0.5520833333333334
500m_25213_7919,8,26.516026997560786,7.413047047041454,3.158040091585848,15.03879644367786,0.5555555555555556
500m_25186_7902,8,17.570668114986447,4.417636615985126,2.5547716955334367,13.959681187445128,0.29166666666666663
500m_25205_7915,8,41.213749952140844,21.215596675177093,7.827830033499467,8.942456234039403,0.8645833333333334
500m_25171_7922,8,15.435852144577137,3.9388041104029066,1.6747594441258966,10.434875570188645,0.2604166666666667
500m_25163_7918,8,50.0,50.0,50.0,0.0,1.0
500m_25183_7896,8,22.514356352701185,8.429053062287418,1.4140271589895472,13.09246298849176,0.4618055555555555
500m_25185_7942,8,20.865561136386688,6.403653779521095,4.52612957704941,13.915727373908563,0.4027777777777778
500m_25164_7919,8,48.517999584908154,43.04503935795182,20.14675559947708,2.4834351723615704,1.0
500m_25177_7938,8,33.55935858191306,12.838086348280351,4.451877280191237,14.031156234582442,0.6701388888888888
500m_25167_7924,8,18.696520132869658,4.867806149622545,2.79261961683369,14.962897157289522,0.3263888888888889
500m_25208_7925,8,15.36440772407775,4.52452167984049,2.95805993455234,12.147608395179828,0.22222222222222224
500m_25187_7902,8,16.469163744597594,4.3269617194303525,2.395657166864112,11.612243472525865,0.2881944444444444
500m_25166_7928,8,17.672486188764722,4.669400816345121,0.0,12.435522962577796,0.3402777777777778
500m_25178_7939,8,48.0761152790752,41.42176245558276,8.703654870575328,3.047461306937466,0.9652777777777778
500m_25209_7926,8,20.73901259704457,4.734495723584968,1.3869926035399327,13.107137623215085,0.38541666666666663
500m_25182_7909,8,16.38890505351851,3.855372676433271,1.2229316060544069,11.43471258244665,0.29861111111111116
500m_25201_7922,8,29.323742353104972,8.806320327578199,3.995534551387425,15.186407767447838,0.5729166666666667
500m_25193_7918,8,34.13128788083732,11.463231879057334,2.2391861935432145,14.45090201403136,0.71875
500m_25212_7931,8,22.653161946698805,4.834953460370832,1.984972092412363,15.457017646888312,0.4236111111111111
500m_25170_7934,8,32.20876041292258,7.938382200325199,1.755145835705781,16.211981975225807,0.6631944444444444
500m_25215_7942,8,23.46553553689887,7.496788648745325,3.5389602134200686,14.842416448145654,0.4201388888888889
500m_25194_7919,8,49.37410475398479,46.44484664736321,26.059637727707845,1.14325007878225,1.0
500m_25186_7915,8,22.64240467297648,5.9264460997435116,3.1878730546075906,13.95847413182683,0.4722222222222222
500m_25163_7931,8,21.45910553024226,7.018294271580495,2.293238598467448,13.366265708122082,0.4131944444444444
500m_25204_7932,8,30.26698596091516,12.329218606090965,0.6746941143719533,13.488258587082285,0.5972222222222222
500m_25183_7909,8,13.015186471303252,2.9185488006105746,1.6275624598685436,11.529566265234305,0.22222222222222224
500m_25196_7928,8,22.015413546918918,6.508424369532192,3.055818163283631,14.249841633909073,0.4097222222222222
500m_25162_7935,8,16.791916759253215,4.756447667157593,1.9014338136557871,12.892824273596482,0.3090277777777778
500m_25178_7916,8,16.953559482704406,3.7822026489323695,1.1716989174055925,12.951061840886553,0.2916666666666667
500m_25197_7929,8,18.900310272045672,5.512044338484533,1.6837689037960826,12.099833936564803,0.3472222222222222
500m_25216_7942,8,20.562239252452564,4.983371150440602,1.9957449402777456,15.165544348657665,0.3784722222222222
500m_25189_7925,8,11.11280989217844,2.9657171963823927,0.8419566939737826,8.81990969696535,0.1736111111111111
500m_25208_7938,8,23.84370225247742,6.338485715133225,1.7088726347290755,14.311074527408788,0.4618055555555556
500m_25170_7911,8,19.63843403647182,4.544969113363193,2.1223553856437034,13.660672121415757,0.3506944444444444
500m_25190_7926,8,14.202984616067194,3.8307555200478385,0.6342491637908875,11.62018190670171,0.24305555555555558
500m_25203_7945,8,27.671318215595534,7.689362260454357,3.7385600116255895,15.969902477953832,0.5729166666666666
500m_25182_7922,8,16.6854196098281,5.174137074582851,2.4177396348959506,10.630310456892385,0.27083333333333337
500m_25193_7931,8,16.81529510611805,5.2333947825432094,2.31275460841877,11.947649842062708,0.3055555555555556
500m_25200_7939,8,15.041182933794191,3.553155997457619,1.197418688643637,11.835860661309944,0.27083333333333337
500m_25192_7935,8,13.544924457088543,3.325713102310684,1.551509052294257,12.3172533586688,0.2048611111111111
500m_25171_7912,8,17.112859219117965,3.77508677266959,2.4300293015705208,13.736363291777952,0.30208333333333337
500m_25174_7917,8,16.13824323663254,3.1394453758567717,1.2773311135815963,13.09563894954321,0.2881944444444445
500m_25219_7925,8,26.001432440892657,7.890745121920553,3.258611819490567,14.166005426583325,0.53125
500m_25185_7932,8,26.86024732674979,7.7139216838313,2.268718029719368,14.776763257677464,0.5347222222222222
500m_25204_7945,8,30.010376267877326,9.173446102150267,3.5336112701845384,14.451141840197327,0.6354166666666667
500m_25177_7928,8,10.86323955304402,2.887866186740666,1.2033731547813495,10.327677848823386,0.1527777777777778
500m_25196_7941,8,25.016465846079186,6.534224936416175,2.6386367239173163,14.71032490413483,0.4930555555555556
500m_25216_7919,8,28.977405453662225,5.426228736886264,2.4518061051955358,16.833677640512807,0.5902777777777778
500m_25189_7902,8,13.61014721357735,3.3419659137463373,2.292593996993604,11.436417401174417,0.19097222222222224
500m_25208_7915,1,50.0,50.0,50.0,0.0,1.0
500m_25166_7918,8,20.77443328129536,5.34063744668085,1.0796108719605395,13.302147295705003,0.39583333333333337
500m_25178_7929,8,14.616714672187893,2.7262735394024036,1.1535060302190658,13.021220667551258,0.2326388888888889
500m_25189_7938,8,15.960872785446817,3.322493898744803,1.7757084200901185,12.210495892487568,0.2777777777777778
500m_25190_7903,8,17.347322333808147,3.65151868089516,0.7823956135818131,13.988957357363775,0.3020833333333333
500m_25209_7916,8,42.46534005104668,23.23468174831992,4.789744083727792,10.036679967967002,0.875
500m_25182_7899,8,21.003384201363957,5.143735246608873,3.7204030863188873,14.612493028177656,0.375
500m_25188_7942,8,26.115396534292962,8.930676196424749,2.151691922979173,13.772296188982402,0.5381944444444444
500m_25212_7921,2,49.73983210007559,40.633955602721244,31.26791120544248,1.5391740529542863,1.0
500m_25170_7924,8,14.782577249301637,3.993067507586665,2.4883418252112537,12.87208795531103,0.22569444444444442
500m_25215_7932,8,31.22999991875925,10.406577734894936,5.193340763805153,14.791756351915568,0.6458333333333333
500m_25181_7939,8,15.841644437579383,4.409376451329724,2.0286765604406907,12.991598387108649,0.25
500m_25186_7905,8,16.73261398254712,4.358351212428753,1.6238687262132847,12.852205681951533,0.2986111111111111
500m_25173_7935,8,16.911355409759487,3.8285591528967284,1.5553641754471363,13.888811480635102,0.3055555555555556
500m_25165_7931,8,17.358908047900318,4.667861999274273,2.9104606429064006,13.02614040535322,0.3194444444444444
500m_25184_7944,8,23.167525108704922,6.231687873843905,2.9586145159714152,15.292411175210486,0.4340277777777778
500m_25185_7909,8,16.604173807461343,4.318019762507238,2.189046972266733,12.64295517148394,0.3090277777777778
500m_25204_7922,8,25.41805876793617,7.137393078922956,3.0886502950065733,14.933594978419023,0.5034722222222222
500m_25196_7918,8,26.46735402244666,8.463827989775899,0.42423769091777197,14.403142308460435,0.5104166666666666
500m_25185_7945,8,27.93743369794769,9.189064147138067,4.391559077156352,13.89104993231049,0.625
500m_25177_7941,8,22.36953116960327,7.438434076936314,0.0,11.093692507088067,0.48958333333333337
500m_25178_7906,8,20.84350562469508,6.374155037475159,3.343308987132332,13.718913908591002,0.40625
500m_25197_7919,8,30.860210956802128,10.654538991111504,4.3196995453562534,14.536156892379669,0.6284722222222222
500m_25208_7928,8,14.355718404568272,2.9563877434363235,1.4338533212538422,13.057456453969522,0.2534722222222222
500m_25166_7931,8,20.4723981509295,5.268183027679084,2.9162697387910157,14.10223503948804,0.3784722222222222
500m_25211_7939,8,25.601650897854146,8.33033773431339,2.476812578890531,14.09097029437876,0.5381944444444444
500m_25203_7935,8,19.889453771455692,6.327681222027353,2.784562932050088,11.69086909077572,0.3888888888888889
500m_25181_7916,8,17.723633805346427,3.2810698471705493,2.054781537544783,14.497807217439071,0.3055555555555556
500m_25200_7929,8,19.54983095982567,5.328460389298254,2.9246411339008773,14.203444936178062,0.35416666666666663
500m_25184_7921,8,15.68065116644552,4.442696410936292,2.1767240940258703,12.501745660152906,0.24305555555555555
500m_25174_7907,8,15.98203976521869,4.47809602981299,1.9086239595210344,12.97015846726543,0.2951388888888889
500m_25215_7945,8,25.28003688603413,6.913393254772979,3.6918964194656074,14.032389832900362,0.45138888888888884
500m_25185_7922,8,16.917060627725157,6.464446683227262,0.0,8.131790739332391,0.3333333333333333
500m_25204_7935,8,22.416477456463852,5.350687200157084,1.184657916564447,15.2483209670054,0.4340277777777778
500m_25177_7918,8,23.678024951395024,8.272931670119052,2.6026172829779157,12.55178202020537,0.4513888888888889
500m_25196_7931,8,17.022180353796557,6.085884747462046,1.353275291748801,11.747092185513223,0.3090277777777778
500m_25189_7892,8,15.50305589709416,4.165504250763018,1.6322531005107859,12.863824267928873,0.23263888888888887
500m_25166_7908,8,27.163399146360995,7.95983580746345,2.9124696374222094,13.325610400699803,0.5277777777777778
500m_25178_7919,8,18.45078298243328,6.233945682594035,1.343937442911855,11.953048887619598,0.34375
500m_25211_7916,5,49.37014175430373,34.22298113604762,6.299643883915969,3.0323540575613075,0.9833333333333334
500m_25190_7893,8,15.38341752978685,4.614576343593559,1.6706407709380235,11.573046283920332,0.2777777777777778
500m_25222_7925,8,26.647645801530004,7.830702898024954,4.6113106669881745,14.31644781371819,0.5729166666666667
500m_25188_7932,8,32.6119378610244,9.254242064758586,3.6965223494351673,15.32120279198413,0.6875
500m_25193_7898,8,39.22693899897101,19.83955570587402,4.576228528983862,11.29149851174979,0.8506944444444444
500m_25180_7928,8,15.360331846756882,3.2573937266952937,1.8777160438640035,12.557736981973814,0.2743055555555556
500m_25199_7941,8,20.74759365390927,5.370863146990397,1.9364845031349038,13.599466779850253,0.38888888888888895
500m_25191_7937,8,19.227520245637727,4.941389507113854,0.8888120834377012,13.205255013339354,0.35763888888888884
500m_25170_7914,8,27.475990257253756,9.29306980923738,2.2187395828554473,13.076464990006109,0.6006944444444444
500m_25223_7926,8,24.44818258562824,7.036675364843755,2.364816639601486,15.24089393998301,0.4618055555555555
500m_25215_7922,8,25.6876166912413,8.703830258831855,3.181396204894727,14.002873366290377,0.5208333333333333
500m_25181_7929,8,20.934173392914552,5.783800644672035,1.9732820525101826,12.809080096511543,0.3888888888888889
500m_25200_7942,8,25.065991526024018,6.869298646724259,1.4284961956299387,13.302482796209027,0.5243055555555556
500m_25173_7925,8,20.111493833722715,5.215512141127631,2.325752015852945,13.733889226272606,0.4131944444444444
500m_25192_7938,8,25.117795297777782,8.652431203761514,2.7425372933175822,13.614549716594375,0.5277777777777777
500m_25165_7921,8,38.39867816661167,28.156690808019352,1.901627003123375,7.459750336159599,0.7534722222222223
500m_25185_7899,8,26.790763428363793,7.13452944032416,4.001622737931409,15.637980275503429,0.5138888888888888
500m_25207_7923,8,22.37374342070174,6.65028320671388,1.9155964153164837,12.68630233667293,0.41666666666666663
500m_25177_7931,8,23.163062336844618,6.741716805925314,2.1163405549497005,13.955648508618061,0.44791666666666663
500m_25218_7932,8,19.419083796539248,6.685312520371488,2.9722706673962183,13.110804504875276,0.3541666666666667
500m_25210_7928,8,24.852576230738723,7.527654809232789,2.5834249692650233,13.526589336303507,0.5034722222222222
500m_25189_7905,8,21.307112701229677,5.468888463226143,2.2548152755828945,13.646978049695763,0.4131944444444445
500m_25176_7935,8,26.476850822377635,7.042013091976415,2.108576678449026,14.05355029484223,0.5555555555555556
500m_25187_7944,8,30.768496567938993,10.627647388733806,2.6411226524796803,13.145493681834225,0.65625
500m_25166_7921,8,28.819614624504013,7.356368209704048,2.8024606001645562,14.51915256289296,0.59375
500m_25179_7940,8,22.020652511748217,9.058651904284961,1.8845231588623814,11.364807619603223,0.4444444444444444
500m_25199_7918,8,25.85014458859036,8.953717607273127,1.9197043735082202,12.219175378736129,0.5104166666666667
500m_25211_7929,6,39.48693099722202,34.44029991984218,2.809951876500817,4.258035803122003,0.763888888888889
500m_25203_7925,8,20.716682522027007,5.27253321251229,1.9497059962227468,13.597973548320251,0.3611111111111111
500m_25169_7932,8,19.802131606990887,4.976288803465766,0.7207351616427561,13.681638090235666,0.4236111111111111
500m_25180_7941,8,29.514529086054672,8.422027768604,1.5476987848524004,15.285020514550169,0.5729166666666667
500m_25181_7906,8,18.588334904445013,5.145338225037058,1.2662953606395604,13.196172520365696,0.3402777777777778
500m_25172_7937,8,25.395516402983716,8.356326270842036,2.1448126390605466,12.96939471428183,0.48958333333333337
500m_25200_7919,8,30.97163613114759,13.684703313825993,3.668956259282817,12.907797377857168,0.6354166666666667
500m_25173_7938,8,27.977245433090914,7.863772963980116,1.9386771497302107,14.71935054336803,0.545138888888889
500m_25214_7939,8,32.6479819554224,12.69108297518423,2.044136044808054,12.82321681594373,0.6979166666666666
500m_25165_7934,8,22.662016807526637,7.089587416587596,2.96651201947148,13.780069120103478,0.48611111111111105
500m_25206_7935,8,15.888720901863453,3.356859461384234,2.0126351232774424,14.303185935840268,0.26041666666666663
500m_25185_7912,8,31.005024376773807,10.94299727429965,3.981675063412567,13.753505032910699,0.6527777777777778
500m_25177_7908,8,21.45497087978901,4.88030890556413,1.8187936127696718,15.237617221732295,0.42013888888888895
500m_25195_7925,8,26.068019783603464,8.649584257380377,1.2117893182653154,13.82921634404054,0.5069444444444444
500m_25207_7936,8,22.22945387976696,14.143378791602206,2.252977570978203,8.505134965427445,0.3923611111111111
500m_25210_7941,8,22.721409294028923,5.782666467606422,3.20499701949969,14.197836277040789,0.4444444444444444
500m_25169_7909,8,28.122039522408294,10.825190149390744,5.062626328960164,12.417911257763521,0.5659722222222222
500m_25188_7922,8,27.67882802297224,9.200929942925434,1.9696716949909352,14.249367892473114,0.59375
500m_25180_7918,8,22.152400015934635,6.282204191034523,2.5627826209939943,14.39304340317895,0.4444444444444444
500m_25199_7931,8,16.09234815079071,4.278594270000253,1.3336984670081855,11.977533402921708,0.2673611111111111
500m_25172_7914,8,14.443056745749752,3.889515498324137,2.047413298190086,11.848034120552356,0.21180555555555555
500m_25191_7927,8,17.45977474938104,5.576459875485751,1.7463367630877027,11.791326764867438,0.3298611111111111
500m_25192_7892,8,22.4946568223794,5.677066111549111,1.7973722446422473,14.196059412786973,0.4479166666666667
500m_25203_7938,8,25.615729470685004,8.211492949058254,2.0980516253335644,12.539122583740632,0.4826388888888889
500m_25202_7942,8,23.15790660288608,6.374721643791869,2.6172947510778553,12.745342064349519,0.4375
500m_25181_7919,8,13.351985916040114,2.8676065656086793,1.180175112612686,13.018927249283218,0.21180555555555555
500m_25173_7915,8,17.02055668090056,5.0318470718367845,2.279413526477583,12.878176269659432,0.3055555555555555
500m_25192_7928,8,20.693588696332753,3.9938126735706883,1.941110861038886,14.351793814278906,0.3993055555555556
500m_25165_7911,8,27.582589672201408,11.474756517724721,2.662887263831903,13.026651114786482,0.5451388888888888
500m_25205_7947,8,25.99270398472477,7.515977991198001,3.9072924238280393,14.810224341966848,0.548611111111111
500m_25184_7924,8,21.846821426781748,6.908832842116404,1.8622085027358315,13.948557312028193,0.46875
500m_25198_7944,8,25.37485832818802,8.204882686145401,3.579204525824025,14.20086935499947,0.4722222222222222
500m_25218_7922,8,30.92765004305656,13.991066888115675,3.2591229584206367,11.960323266111546,0.6388888888888888
500m_25210_7918,8,20.10772911535284,6.136995296857012,1.3872561509129164,11.58764288725064,0.3680555555555556
500m_25176_7925,8,18.027078803593625,5.52858931976709,1.7490721534477998,12.514964913193982,0.3298611111111111
500m_25195_7938,8,25.723563000197892,6.561775080115499,4.574586545699777,14.964072308681144,0.5277777777777778
500m_25168_7921,8,30.607190033514385,12.323069982911772,2.5225572304475734,12.470665194170916,0.6041666666666666
500m_25187_7934,8,18.955555032556532,6.733546912672018,0.9862443338206504,11.619999511899461,0.36458333333333337
500m_25188_7899,8,15.228958848830086,3.483420537839131,2.3252146329274783,12.898846900950105,0.2743055555555556
500m_25179_7930,8,19.739401504995783,4.876914906892715,1.9418413502809968,12.676590246689294,0.3715277777777778
500m_25191_7904,8,26.342768557537084,7.1075582107174045,3.3505053790210213,14.712299258594571,0.5138888888888888
500m_25211_7919,8,30.384704796290197,11.09835999663239,3.0447600592096933,14.374401407397926,0.6111111111111112
500m_25203_7915,8,33.3287749259354,12.677970329539223,2.725561550879357,13.233018797536543,0.7361111111111112
500m_25169_7922,8,16.620792475953944,3.5275564117127587,2.091306150013781,14.096857715435556,0.30208333333333337
500m_25188_7935,8,19.649380871111173,5.968969585811118,1.721821163911175,13.582077233607464,0.35763888888888884
500m_25180_7931,8,17.298438944615608,4.5069017770165605,0.0,13.064512853548033,0.2916666666666667
500m_25191_7940,8,16.428417336687094,3.951832236580474,0.651019028481373,12.414835271239163,0.3090277777777778
500m_25192_7905,8,14.908976297096675,3.803872879398936,0.6444192589517873,11.978118333243103,0.24305555555555555
500m_25184_7901,8,18.296647241846305,6.525654940779075,1.9527770775002022,12.350502445803912,0.34375
500m_25214_7929,8,28.67253095410802,8.558528784126906,1.8066442820024162,13.773809793989031,0.5763888888888888
500m_25206_7925,8,24.33972752061089,6.497443988410956,2.0510721172738613,15.26267181398563,0.4722222222222222
500m_25198_7921,8,31.556817076365395,13.504327869175576,0.813552386631266,13.1337178790468,0.6423611111111112
500m_25217_7934,8,21.471649238528926,6.029076714878698,3.66848248683106,15.00595138477941,0.3715277777777778
500m_25164_7928,8,26.01109428009934,16.511697893718555,2.1643122150599083,9.171754218924663,0.5243055555555556
500m_25183_7941,8,22.80382459080847,6.17040324572222,1.043539386320514,12.76651721228319,0.43402777777777773
500m_25175_7937,8,26.538203772410114,9.686410934247974,2.838645034656529,12.807182008328237,0.5555555555555556
500m_25195_7915,8,18.88797423559373,4.89043757729746,2.6754448778107585,13.78557021052448,0.34375
500m_25167_7933,8,26.76412866525422,10.014216364103213,3.1038603614979365,12.555161490838294,0.5347222222222222
500m_25207_7926,8,14.042792877074985,3.769240059056746,1.6796237294537848,11.549495081071505,0.2048611111111111
500m_25210_7931,8,15.150673460089124,2.960440474410195,1.476742689170824,11.951085787360187,0.27083333333333337
500m_25176_7938,8,20.16644237762149,6.900389491487669,0.3771157353757743,11.887565981902238,0.4236111111111111
500m_25168_7934,8,24.461899020927834,6.052787280511065,2.6227093828337824,14.475736675185273,0.4861111111111111
500m_25179_7943,8,23.711636069421846,6.647253200780424,2.036585126175209,14.993538015384603,0.4756944444444444
500m_25180_7908,8,14.983030277702747,3.374735345648042,1.0001368164159852,13.208820845450207,0.2361111111111111
500m_25199_7921,8,35.532982028749416,12.246600453490098,3.832508556985246,14.256182566963837,0.7395833333333333
500m_25191_7917,8,25.364567497732317,7.243480105750725,1.6543375411614796,14.039954000748487,0.49999999999999994
500m_25202_7932,8,16.02713405401815,4.57087010681998,0.7389305604479387,11.537127730775357,0.2777777777777778
500m_25194_7928,8,21.628346603595027,7.401356455936656,2.199882478910841,12.339999417979561,0.4583333333333333
500m_25213_7941,8,19.002644939106837,4.563526799146913,2.5338162369873514,14.32211075093619,0.3090277777777778
500m_25205_7937,8,26.87673899141137,13.773750830540262,1.526612746923234,10.658204973309257,0.5173611111111112
500m_25206_7902,8,50.0,50.0,50.0,0.0,1.0
500m_25195_7892,8,47.06363562490887,33.37841125694686,7.862722585001966,5.4652523680609955,0.9618055555555556
500m_25206_7938,8,28.56228378075517,9.514276454200969,2.915410857435248,14.023233802384748,0.5833333333333333
500m_25198_7934,8,13.278943125880744,3.1813616456603997,1.588509686023528,11.626899198233914,0.18055555555555555
500m_25176_7915,8,20.95040916678185,5.182780765996617,2.4172766605936733,15.083514536113867,0.40625
500m_25195_7928,8,16.306236638173026,3.891561447126028,1.524389381592428,12.29911510915641,0.2951388888888889
500m_25168_7911,8,20.746180227960654,4.832532190325528,2.856658643857413,13.423418785132055,0.4166666666666667
500m_25187_7924,8,18.770047669810076,6.608316823371076,1.9057344665839318,11.939977029487096,0.3784722222222222
500m_25179_7920,8,15.61188489988914,4.166778659361397,1.2844790375392863,12.782239462621924,0.2638888888888889
500m_25190_7935,8,15.426663985431976,3.910428704540004,1.14018528383648,12.894647549407669,0.27083333333333337
500m_25169_7912,8,15.550441863663984,4.0036537215744605,2.6268878341357276,12.307904318606948,0.2534722222222222
500m_25201_7944,8,30.54038779669506,8.274557287325587,3.5481305758958155,15.27263541566996,0.6423611111111112
500m_25193_7940,8,16.260986085336814,3.9448580199057695,1.993335258472375,12.612904843257539,0.2465277777777778
500m_25172_7917,8,19.35662209787343,3.9876730633687196,3.2756232632673346,14.248798948950121,0.3611111111111111
500m_25213_7918,8,25.124203701047527,7.032152379729679,2.518140408547865,15.87587378174998,0.5243055555555556
500m_25192_7895,8,15.66161131830044,4.331895175040277,2.7389158538280753,12.10298755359565,0.2986111111111111
500m_25205_7914,8,37.68866198791211,16.415493159715247,4.211994155477765,11.35844740978941,0.8055555555555556
500m_25202_7945,8,23.985588891078333,7.561707208682057,2.4167291355406633,14.405055766370927,0.4965277777777778
500m_25194_7941,5,40.09174524011801,26.812165724750706,10.105600192506888,8.80643289701357,0.8444444444444444
500m_25186_7937,8,13.513503829891796,3.7012179974451516,2.260187720733371,12.24900863918368,0.2048611111111111
500m_25214_7919,8,24.039939141579218,5.699809073652811,1.8967473861564625,13.876384574097688,0.4548611111111111
500m_25206_7915,8,42.20104022742892,28.713494620987134,4.402851990036863,7.273435588996021,0.8923611111111112
500m_25217_7924,8,23.441690778995962,7.413981516979771,3.3534526035115233,13.789961419508286,0.5034722222222223
500m_25164_7918,8,50.0,50.0,50.0,0.0,1.0
500m_25183_7931,8,9.049180789762078,2.5549815256762494,0.531703691032486,9.561116201211517,0.09375
500m_25167_7923,8,21.083549220882844,6.381215295211004,1.596474366689567,13.713242712594008,0.39583333333333337
500m_25187_7901,8,21.215648112643176,7.057999788696362,2.5497945207005883,12.438184783044283,0.4027777777777778
500m_25168_7924,8,13.359434407638513,3.9611332493040883,2.2938858617791373,11.395903605101541,0.19097222222222224
500m_25209_7925,8,26.334514803984675,17.79125405996237,1.3737212080120493,6.36957356274562,0.48263888888888884
500m_25188_7902,8,14.01453599012504,3.342091197031907,1.2853848390864793,12.206102114738194,0.2361111111111111
500m_25220_7934,8,15.022840191231495,3.868410437886975,1.9050411130339147,12.720900344568166,0.23958333333333331
500m_25212_7930,8,14.428227497642952,3.9529037157501925,0.7092290382750883,11.364653183366242,0.2465277777777778
500m_25182_7944,8,28.564615684806306,10.025780508669673,3.27829025792627,13.19022438655795,0.6284722222222222
500m_25194_7918,8,24.120034381627864,9.1677710152576,0.0,9.632340332242208,0.5243055555555556
500m_25213_7931,8,21.849679349182182,5.3484662015325934,3.341768445188035,14.628393011070887,0.4409722222222222
500m_25186_7914,8,19.17635523941447,5.8460285429433085,1.3714052305456508,13.623423331021204,0.3715277777777778
500m_25205_7927,8,18.926383950008407,6.46960308195225,0.0,11.153512103172332,0.3576388888888889
500m_25171_7934,8,17.02283597272429,5.147162115420491,1.4291325621597935,10.815979990292984,0.3020833333333333
500m_25163_7930,8,20.222591844103075,6.407921019990629,0.9339354574185563,13.358541451679214,0.3854166666666667
500m_25183_7908,8,24.118856875873853,7.283931514918342,1.7152013272364042,14.007736123785353,0.5138888888888888
500m_25174_7939,8,15.00307829117413,4.208090466370059,2.2966166882713073,11.901669177054348,0.23958333333333331
500m_25198_7924,8,28.32109626111238,8.677251469546128,4.155721184480968,15.461012194424516,0.5520833333333334
500m_25164_7931,8,21.029371293444246,5.355794871620067,1.7137513225575687,13.965898699181452,0.4027777777777778
500m_25197_7928,8,26.199204749561787,6.724610472087699,0.22813328542724776,16.394416880094163,0.5208333333333334
500m_25216_7941,8,23.931199099355855,6.649585462626007,2.456868113127063,14.59607315814251,0.4444444444444444
500m_25176_7905,8,21.285672841549577,5.232900742320749,3.4552712069701452,13.546755641675947,0.40625
500m_25208_7937,8,17.573944271154335,3.9156689602798447,2.022361547969922,13.171134978372752,0.3055555555555556
500m_25187_7914,8,22.764087936661596,6.216901655171002,1.7722682924359106,14.304192736527368,0.4618055555555556
500m_25179_7910,8,12.752127857480403,3.3173171042031893,1.8001338317126443,11.60997471621487,0.2222222222222222
500m_25190_7925,8,20.91532513560005,6.460177027249745,2.190626660413896,13.22358383627483,0.3993055555555555
500m_25209_7938,8,18.593216335124612,5.35585159748123,1.9547257535110822,12.750319737702164,0.3611111111111111
500m_25182_7921,8,17.657562283003628,4.385042235123778,1.462237367591165,12.76642223232297,0.3055555555555556
500m_25201_7934,8,24.988574869804907,7.016705458038022,3.0846674223103037,14.080014591140412,0.5069444444444444
500m_25193_7930,8,18.312502104272127,4.968370669065107,2.3980214661014374,11.115257019117571,0.3055555555555556
500m_25171_7911,8,24.538380648295547,6.476732770260885,2.6040406220945087,15.047407525517105,0.4965277777777778
500m_25174_7916,8,22.255933722946516,6.363722388783856,2.576725629004415,14.132035835971342,0.4409722222222222
500m_25194_7931,8,18.390820983062035,6.44715158096818,3.178502892082321,11.85291238229654,0.36458333333333337
500m_25186_7927,8,14.614731608951422,4.151099093758916,1.2586194200140555,11.117699466493978,0.2361111111111111
500m_25217_7914,8,29.757070504213473,9.794333639754768,3.7718650186136196,14.088201672268964,0.6180555555555556
500m_25204_7944,8,29.23379780776598,9.471293224684029,2.2143865416752537,13.567170200600518,0.6145833333333334
500m_25183_7921,8,27.479644522387716,10.257833703632805,1.2641308564052451,13.19243264165921,0.5520833333333334
500m_25175_7917,8,12.91650045054461,2.847452067928641,1.4773345535739395,11.124890073851354,0.19791666666666666
500m_25216_7918,8,27.976241259739027,7.593750193153163,1.9448727732194218,14.311307207283928,0.5590277777777777
500m_25167_7913,8,16.93116409573064,4.410297331620262,2.877154045133462,13.158953962429312,0.3090277777777778
500m_25187_7891,8,22.31807943000297,6.756400121050934,2.2405306875807582,14.109964628058194,0.4444444444444444
500m_25178_7928,8,13.403577868393533,3.091960018471646,1.867202307006778,11.460203202358716,0.1909722222222222
500m_25197_7941,8,26.241558014552368,9.091747135595071,2.4934585901137325,12.574674328720556,0.5
500m_25189_7937,8,31.27145751277064,11.685702959963066,2.700339806712782,12.854662743110705,0.65625
500m_25190_7902,8,15.677810648670782,3.46838517283591,0.8047675930822109,12.42058016072789,0.2743055555555556
500m_25209_7915,8,44.078857168721335,20.452480435622974,4.904931709780093,9.868341514897612,0.9097222222222222
500m_25220_7924,8,27.177732043137212,9.3914391343807,5.634433766432392,13.976688071776625,0.5347222222222222
500m_25212_7920,8,46.280324527035205,35.32139182062842,7.765027725945828,5.598772233031253,0.9166666666666666
500m_25170_7923,8,22.806336716831133,6.0095349553147015,0.9805350357594663,12.81984124504422,0.4513888888888889
500m_25190_7938,8,21.55693372922132,10.636861219764521,0.4219817184372388,9.752189913119548,0.3854166666666667
500m_25182_7934,8,19.009055460445758,5.724045484347973,2.1693729403226722,13.82746039814079,0.3506944444444445
500m_25213_7921,8,30.151371698965153,13.119112556632086,1.621591091563248,12.383319276475028,0.6180555555555556
500m_25186_7904,8,15.126954381484625,3.5681003273230614,1.3481390002161788,11.727738557490358,0.2465277777777778
500m_25205_7917,8,21.35176824724687,6.631837120537755,2.415565164900525,13.325259756534003,0.4375
500m_25171_7924,8,17.16690655625093,4.978238078437766,1.5429059304529509,13.325469243286529,0.30208333333333337
500m_25163_7920,8,50.0,50.0,50.0,0.0,1.0
500m_25183_7898,8,17.35075898991851,4.701950596805388,3.642629351718667,14.028663319403641,0.27083333333333337
500m_25174_7929,8,20.903786578207086,6.311643279536041,3.126730390357575,13.283400224570425,0.4027777777777778
500m_25185_7944,8,25.807593079938567,8.231163320229268,1.7069099409878712,13.962952004582448,0.4965277777777778
500m_25177_7940,8,22.889504548375907,5.849499441663211,2.671847606778101,14.17568132096262,0.4201388888888889
500m_25197_7918,8,21.451415350769334,7.357613259047875,0.0,11.757377649942676,0.41666666666666663
500m_25166_7930,8,11.804805628271335,3.262012320401664,1.6449371825193357,11.277615116581643,0.16319444444444442
500m_25178_7941,8,24.462450395755848,6.952346524185401,2.979549565558201,14.268265287535097,0.5381944444444444
500m_25190_7915,8,18.66986519428204,4.610582171532787,2.3047308964120132,13.859921488974367,0.3680555555555556
500m_25209_7928,8,23.307161914452863,7.1256561883250615,1.2376300513134946,12.053488350157942,0.46527777777777785
500m_25182_7911,8,23.922067058267523,7.43205264061992,3.8624663716896697,14.380100890155255,0.4930555555555555
500m_25202_7889,8,47.599107305774254,40.467725701067096,15.578244874314185,3.379130695484154,0.9652777777777777
500m_25193_7920,8,50.0,50.0,50.0,0.0,1.0
500m_25212_7933,8,14.510452134156877,3.548082278820427,0.1571316876436011,11.347091246991358,0.21875
500m_25174_7906,8,22.675694799886845,5.9189435745748185,1.9660753807705857,15.42741197236187,0.4375
500m_25186_7917,8,17.88333888503488,5.005945514888608,2.333203701342407,12.778453031998865,0.3125
500m_25198_7891,8,45.124453531274334,36.60190841792404,7.337832304687851,5.127454252055404,0.9236111111111112
500m_25185_7921,8,20.70266445991855,4.734047734030988,2.009360747882344,13.63740251492616,0.38541666666666663
500m_25204_7934,8,32.02890188825005,10.780920988926486,4.21321598363329,14.488826265876023,0.6840277777777778
500m_25196_7930,8,15.690329744037449,3.9459724192173797,1.8417642016764242,12.640078507833085,0.2604166666666667
500m_25162_7937,8,19.389350932154663,5.011399318612709,2.4769740020546376,13.85712667414844,0.375
500m_25178_7918,8,17.13186558128614,4.805523689956936,2.3720005760556835,13.29510978612301,0.3055555555555556
500m_25197_7931,8,13.105963733287368,3.474911265762579,2.5637526340744987,11.791356180149432,0.1875
500m_25189_7927,8,28.27677500347491,9.363779580723591,1.5341861937523134,13.068618011828448,0.59375
500m_25190_7892,8,16.436321561488224,4.539053400909992,1.6166052673288505,12.591188925395276,0.2951388888888889
500m_25208_7940,8,22.85624417227382,6.358120280557065,2.3982234900843196,14.691762671960024,0.4305555555555555
500m_25193_7897,8,35.148381714565616,10.940934569413002,3.990186199209578,15.162698647314542,0.7604166666666666
500m_25170_7913,8,24.640791615366798,6.80850914013117,2.2477497592768394,14.621687010377562,0.4861111111111111
500m_25203_7947,8,26.314206713836676,9.182628385872247,2.6751857618546637,12.763987843630865,0.5625
500m_25182_7924,8,23.21334377927838,5.046123123720462,2.182295268504947,14.842634738672565,0.4201388888888889
500m_25223_7925,8,16.625880011476255,4.864068297636999,1.536807090398688,12.83062055950947,0.2847222222222222
500m_25215_7921,8,24.623501687509606,7.310076386709168,3.291580834391845,14.592603780907789,0.48958333333333337
