{"type": "FeatureCollection", "features": [{"type": "Feature", "properties": {"station_name": "お台場海浜公園", "station_code": "004091"}, "geometry": {"type": "Point", "coordinates": [139.77853, 35.629805000000005]}}, {"type": "Feature", "properties": {"station_name": "東京国際クルーズターミナル", "station_code": "004128"}, "geometry": {"type": "Point", "coordinates": [139.77310318000002, 35.621357445]}}, {"type": "Feature", "properties": {"station_name": "テレコムセンター", "station_code": "004144"}, "geometry": {"type": "Point", "coordinates": [139.77966500000002, 35.617725]}}, {"type": "Feature", "properties": {"station_name": "汐留", "station_code": "003896"}, "geometry": {"type": "Point", "coordinates": [139.760075, 35.662985]}}, {"type": "Feature", "properties": {"station_name": "台場", "station_code": "004112"}, "geometry": {"type": "Point", "coordinates": [139.77137499999998, 35.625870000000006]}}, {"type": "Feature", "properties": {"station_name": "有明", "station_code": "004064"}, "geometry": {"type": "Point", "coordinates": [139.79334, 35.63455]}}, {"type": "Feature", "properties": {"station_name": "東京ビッグサイト", "station_code": "004087"}, "geometry": {"type": "Point", "coordinates": [139.7913, 35.63021]}}, {"type": "Feature", "properties": {"station_name": "新橋", "station_code": "003882"}, "geometry": {"type": "Point", "coordinates": [139.75958666666668, 35.66558333333333]}}, {"type": "Feature", "properties": {"station_name": "竹芝", "station_code": "003958"}, "geometry": {"type": "Point", "coordinates": [139.762015, 35.654065]}}, {"type": "Feature", "properties": {"station_name": "芝浦ふ頭", "station_code": "004030"}, "geometry": {"type": "Point", "coordinates": [139.75787, 35.64222]}}, {"type": "Feature", "properties": {"station_name": "日の出", "station_code": "003979"}, "geometry": {"type": "Point", "coordinates": [139.75916, 35.64926]}}, {"type": "Feature", "properties": {"station_name": "青海", "station_code": "004119"}, "geometry": {"type": "Point", "coordinates": [139.781315, 35.6248]}}, {"type": "Feature", "properties": {"station_name": "新豊洲", "station_code": "003981"}, "geometry": {"type": "Point", "coordinates": [139.79011500000001, 35.64871]}}, {"type": "Feature", "properties": {"station_name": "市場前", "station_code": "004001"}, "geometry": {"type": "Point", "coordinates": [139.78565, 35.64569]}}, {"type": "Feature", "properties": {"station_name": "有明テニスの森", "station_code": "004037"}, "geometry": {"type": "Point", "coordinates": [139.788895, 35.63998]}}, {"type": "Feature", "properties": {"station_name": "豊洲", "station_code": "003961"}, "geometry": {"type": "Point", "coordinates": [139.795435, 35.653705]}}, {"type": "Feature", "properties": {"station_name": "十国登り口", "station_code": "005594"}, "geometry": {"type": "Point", "coordinates": [139.03743, 35.12768]}}, {"type": "Feature", "properties": {"station_name": "十国峠", "station_code": "005595"}, "geometry": {"type": "Point", "coordinates": [139.04083, 35.12768]}}, {"type": "Feature", "properties": {"station_name": "三島", "station_code": "005603"}, "geometry": {"type": "Point", "coordinates": [138.910635, 35.125855]}}, {"type": "Feature", "properties": {"station_name": "韮山", "station_code": "005823"}, "geometry": {"type": "Point", "coordinates": [138.94552, 35.053285]}}, {"type": "Feature", "properties": {"station_name": "伊豆長岡", "station_code": "005856"}, "geometry": {"type": "Point", "coordinates": [138.94751, 35.039805]}}, {"type": "Feature", "properties": {"station_name": "三島二日町", "station_code": "005663"}, "geometry": {"type": "Point", "coordinates": [138.92593499999998, 35.11103]}}, {"type": "Feature", "properties": {"station_name": "原木", "station_code": "005782"}, "geometry": {"type": "Point", "coordinates": [138.943705, 35.06549]}}, {"type": "Feature", "properties": {"station_name": "大場", "station_code": "005718"}, "geometry": {"type": "Point", "coordinates": [138.93938, 35.0922]}}, {"type": "Feature", "properties": {"station_name": "三島田町", "station_code": "005642"}, "geometry": {"type": "Point", "coordinates": [138.9185625, 35.1162025]}}, {"type": "Feature", "properties": {"station_name": "田京", "station_code": "005936"}, "geometry": {"type": "Point", "coordinates": [138.94577500000003, 35.014565]}}, {"type": "Feature", "properties": {"station_name": "伊豆仁田", "station_code": "005744"}, "geometry": {"type": "Point", "coordinates": [138.941565, 35.078755]}}, {"type": "Feature", "properties": {"station_name": "三島広小路", "station_code": "005631"}, "geometry": {"type": "Point", "coordinates": [138.911215, 35.119344999999996]}}, {"type": "Feature", "properties": {"station_name": "穴部", "station_code": "005162"}, "geometry": {"type": "Point", "coordinates": [139.14878, 35.27986]}}, {"type": "Feature", "properties": {"station_name": "和田河原", "station_code": "005064"}, "geometry": {"type": "Point", "coordinates": [139.11821999999998, 35.31594666666667]}}, {"type": "Feature", "properties": {"station_name": "小田原", "station_code": "005214"}, "geometry": {"type": "Point", "coordinates": [139.15650499999998, 35.256405]}}, {"type": "Feature", "properties": {"station_name": "岩原", "station_code": "005117"}, "geometry": {"type": "Point", "coordinates": [139.12881, 35.298829999999995]}}, {"type": "Feature", "properties": {"station_name": "大雄山", "station_code": "005057"}, "geometry": {"type": "Point", "coordinates": [139.10370333333333, 35.31904333333333]}}, {"type": "Feature", "properties": {"station_name": "井細田", "station_code": "005183"}, "geometry": {"type": "Point", "coordinates": [139.157395, 35.268969999999996]}}, {"type": "Feature", "properties": {"station_name": "緑町", "station_code": "005208"}, "geometry": {"type": "Point", "coordinates": [139.15861, 35.25927]}}, {"type": "Feature", "properties": {"station_name": "相模沼田", "station_code": "005135"}, "geometry": {"type": "Point", "coordinates": [139.133905, 35.292345]}}, {"type": "Feature", "properties": {"station_name": "五百羅漢", "station_code": "005172"}, "geometry": {"type": "Point", "coordinates": [139.15555999999998, 35.275165]}}, {"type": "Feature", "properties": {"station_name": "塚原", "station_code": "005112"}, "geometry": {"type": "Point", "coordinates": [139.12672, 35.301345]}}, {"type": "Feature", "properties": {"station_name": "飯田岡", "station_code": "005140"}, "geometry": {"type": "Point", "coordinates": [139.13932, 35.287904999999995]}}, {"type": "Feature", "properties": {"station_name": "富士フイルム前", "station_code": "005060"}, "geometry": {"type": "Point", "coordinates": [139.10951, 35.317703333333334]}}, {"type": "Feature", "properties": {"station_name": "みなとみらい", "station_code": "004656"}, "geometry": {"type": "Point", "coordinates": [139.63246, 35.457674999999995]}}, {"type": "Feature", "properties": {"station_name": "元町・中華街", "station_code": "004704"}, "geometry": {"type": "Point", "coordinates": [139.65073999999998, 35.442305000000005]}}, {"type": "Feature", "properties": {"station_name": "新高島", "station_code": "004647"}, "geometry": {"type": "Point", "coordinates": [139.626485, 35.461955]}}, {"type": "Feature", "properties": {"station_name": "馬車道", "station_code": "004679"}, "geometry": {"type": "Point", "coordinates": [139.6362, 35.450075]}}, {"type": "Feature", "properties": {"station_name": "日本大通り", "station_code": "004686"}, "geometry": {"type": "Point", "coordinates": [139.64272499999998, 35.446795]}}, {"type": "Feature", "properties": {"station_name": "横浜", "station_code": "004629"}, "geometry": {"type": "Point", "coordinates": [139.62234999999998, 35.466435000000004]}}, {"type": "Feature", "properties": {"station_name": "吉野町", "station_code": "004721"}, "geometry": {"type": "Point", "coordinates": [139.61856666666668, 35.435390000000005]}}, {"type": "Feature", "properties": {"station_name": "阪東橋", "station_code": "004718"}, "geometry": {"type": "Point", "coordinates": [139.62497, 35.43754]}}, {"type": "Feature", "properties": {"station_name": "港南中央", "station_code": "004816"}, "geometry": {"type": "Point", "coordinates": [139.59121499999998, 35.40123]}}, {"type": "Feature", "properties": {"station_name": "伊勢佐木長者町", "station_code": "004708"}, "geometry": {"type": "Point", "coordinates": [139.63266, 35.440945]}}, {"type": "Feature", "properties": {"station_name": "上大岡", "station_code": "004791"}, "geometry": {"type": "Point", "coordinates": [139.59598, 35.409205]}}, {"type": "Feature", "properties": {"station_name": "弘明寺", "station_code": "004761"}, "geometry": {"type": "Point", "coordinates": [139.6019975, 35.422979999999995]}}, {"type": "Feature", "properties": {"station_name": "蒔田", "station_code": "004737"}, "geometry": {"type": "Point", "coordinates": [139.61052999999998, 35.43031]}}, {"type": "Feature", "properties": {"station_name": "関内", "station_code": "004691"}, "geometry": {"type": "Point", "coordinates": [139.63602, 35.445769999999996]}}, {"type": "Feature", "properties": {"station_name": "湘南台", "station_code": "004842"}, "geometry": {"type": "Point", "coordinates": [139.46612, 35.39624]}}, {"type": "Feature", "properties": {"station_name": "踊場", "station_code": "004796"}, "geometry": {"type": "Point", "coordinates": [139.51857666666666, 35.40555]}}, {"type": "Feature", "properties": {"station_name": "舞岡", "station_code": "004810"}, "geometry": {"type": "Point", "coordinates": [139.551265, 35.402535]}}, {"type": "Feature", "properties": {"station_name": "上永谷", "station_code": "004815"}, "geometry": {"type": "Point", "coordinates": [139.57279, 35.40137]}}, {"type": "Feature", "properties": {"station_name": "下永谷", "station_code": "004808"}, "geometry": {"type": "Point", "coordinates": [139.559045, 35.40276]}}, {"type": "Feature", "properties": {"station_name": "中田", "station_code": "004786"}, "geometry": {"type": "Point", "coordinates": [139.51121999999998, 35.411155]}}, {"type": "Feature", "properties": {"station_name": "立場", "station_code": "004775"}, "geometry": {"type": "Point", "coordinates": [139.5007, 35.41438]}}, {"type": "Feature", "properties": {"station_name": "戸塚", "station_code": "004818"}, "geometry": {"type": "Point", "coordinates": [139.53489000000002, 35.401089999999996]}}, {"type": "Feature", "properties": {"station_name": "下飯田", "station_code": "004805"}, "geometry": {"type": "Point", "coordinates": [139.482885, 35.403375]}}, {"type": "Feature", "properties": {"station_name": "仲町台", "station_code": "004416"}, "geometry": {"type": "Point", "coordinates": [139.589515, 35.535315]}}, {"type": "Feature", "properties": {"station_name": "高島町", "station_code": "004654"}, "geometry": {"type": "Point", "coordinates": [139.62365, 35.458695000000006]}}, {"type": "Feature", "properties": {"station_name": "北新横浜", "station_code": "004459"}, "geometry": {"type": "Point", "coordinates": [139.61284999999998, 35.519215]}}, {"type": "Feature", "properties": {"station_name": "三ツ沢上町", "station_code": "004602"}, "geometry": {"type": "Point", "coordinates": [139.60553000000002, 35.47642]}}, {"type": "Feature", "properties": {"station_name": "新羽", "station_code": "004439"}, "geometry": {"type": "Point", "coordinates": [139.61205333333334, 35.527260000000005]}}, {"type": "Feature", "properties": {"station_name": "岸根公園", "station_code": "004539"}, "geometry": {"type": "Point", "coordinates": [139.616545, 35.49551]}}, {"type": "Feature", "properties": {"station_name": "片倉町", "station_code": "004551"}, "geometry": {"type": "Point", "coordinates": [139.60643, 35.489999999999995]}}, {"type": "Feature", "properties": {"station_name": "三ツ沢下町", "station_code": "004601"}, "geometry": {"type": "Point", "coordinates": [139.61521499999998, 35.476485]}}, {"type": "Feature", "properties": {"station_name": "横浜", "station_code": "004636"}, "geometry": {"type": "Point", "coordinates": [139.62014399999998, 35.465406]}}, {"type": "Feature", "properties": {"station_name": "センター北", "station_code": "004353"}, "geometry": {"type": "Point", "coordinates": [139.578215, 35.553205]}}, {"type": "Feature", "properties": {"station_name": "新横浜", "station_code": "004493"}, "geometry": {"type": "Point", "coordinates": [139.617245, 35.509055000000004]}}, {"type": "Feature", "properties": {"station_name": "桜木町", "station_code": "004682"}, "geometry": {"type": "Point", "coordinates": [139.63074333333336, 35.44963666666667]}}, {"type": "Feature", "properties": {"station_name": "関内", "station_code": "004692"}, "geometry": {"type": "Point", "coordinates": [139.63602, 35.445769999999996]}}, {"type": "Feature", "properties": {"station_name": "センター南", "station_code": "004380"}, "geometry": {"type": "Point", "coordinates": [139.574215, 35.5451675]}}, {"type": "Feature", "properties": {"station_name": "あざみ野", "station_code": "004316"}, "geometry": {"type": "Point", "coordinates": [139.55415499999998, 35.567955]}}, {"type": "Feature", "properties": {"station_name": "中川", "station_code": "004325"}, "geometry": {"type": "Point", "coordinates": [139.56968, 35.563085]}}, {"type": "Feature", "properties": {"station_name": "八景島", "station_code": "004993"}, "geometry": {"type": "Point", "coordinates": [139.64083, 35.340895]}}, {"type": "Feature", "properties": {"station_name": "産業振興センター", "station_code": "004962"}, "geometry": {"type": "Point", "coordinates": [139.646325, 35.353425]}}, {"type": "Feature", "properties": {"station_name": "野島公園", "station_code": "005025"}, "geometry": {"type": "Point", "coordinates": [139.631555, 35.330595]}}, {"type": "Feature", "properties": {"station_name": "幸浦", "station_code": "004951"}, "geometry": {"type": "Point", "coordinates": [139.64369, 35.358395]}}, {"type": "Feature", "properties": {"station_name": "海の公園柴口", "station_code": "004988"}, "geometry": {"type": "Point", "coordinates": [139.63591000000002, 35.34212]}}, {"type": "Feature", "properties": {"station_name": "並木北", "station_code": "004910"}, "geometry": {"type": "Point", "coordinates": [139.64273, 35.372015000000005]}}, {"type": "Feature", "properties": {"station_name": "鳥浜", "station_code": "004896"}, "geometry": {"type": "Point", "coordinates": [139.6418, 35.37718]}}, {"type": "Feature", "properties": {"station_name": "金沢八景", "station_code": "005019"}, "geometry": {"type": "Point", "coordinates": [139.620734815, 35.33160604]}}, {"type": "Feature", "properties": {"station_name": "並木中央", "station_code": "004930"}, "geometry": {"type": "Point", "coordinates": [139.642985, 35.365449999999996]}}, {"type": "Feature", "properties": {"station_name": "新杉田", "station_code": "004876"}, "geometry": {"type": "Point", "coordinates": [139.620745, 35.38571]}}, {"type": "Feature", "properties": {"station_name": "海の公園南口", "station_code": "005003"}, "geometry": {"type": "Point", "coordinates": [139.63214, 35.337199999999996]}}, {"type": "Feature", "properties": {"station_name": "南部市場", "station_code": "004886"}, "geometry": {"type": "Point", "coordinates": [139.633205, 35.380185]}}, {"type": "Feature", "properties": {"station_name": "福浦", "station_code": "004968"}, "geometry": {"type": "Point", "coordinates": [139.64853499999998, 35.34961]}}, {"type": "Feature", "properties": {"station_name": "市大医学部", "station_code": "004984"}, "geometry": {"type": "Point", "coordinates": [139.65013, 35.343905]}}, {"type": "Feature", "properties": {"station_name": "井の頭公園", "station_code": "003642"}, "geometry": {"type": "Point", "coordinates": [139.58312, 35.697295]}}, {"type": "Feature", "properties": {"station_name": "吉祥寺", "station_code": "003588"}, "geometry": {"type": "Point", "coordinates": [139.58031, 35.702290000000005]}}, {"type": "Feature", "properties": {"station_name": "三鷹台", "station_code": "003674"}, "geometry": {"type": "Point", "coordinates": [139.589295, 35.692049999999995]}}, {"type": "Feature", "properties": {"station_name": "駒場東大前", "station_code": "003929"}, "geometry": {"type": "Point", "coordinates": [139.684075, 35.65867]}}, {"type": "Feature", "properties": {"station_name": "神泉", "station_code": "003938"}, "geometry": {"type": "Point", "coordinates": [139.6932525, 35.65718]}}, {"type": "Feature", "properties": {"station_name": "明大前", "station_code": "003846"}, "geometry": {"type": "Point", "coordinates": [139.65037999999998, 35.669084999999995]}}, {"type": "Feature", "properties": {"station_name": "渋谷", "station_code": "003930"}, "geometry": {"type": "Point", "coordinates": [139.699863, 35.65855066666666]}}, {"type": "Feature", "properties": {"station_name": "永福町", "station_code": "003794"}, "geometry": {"type": "Point", "coordinates": [139.64267, 35.676225]}}, {"type": "Feature", "properties": {"station_name": "東松原", "station_code": "003899"}, "geometry": {"type": "Point", "coordinates": [139.655758, 35.662636]}}, {"type": "Feature", "properties": {"station_name": "浜田山", "station_code": "003763"}, "geometry": {"type": "Point", "coordinates": [139.627575, 35.681575]}}, {"type": "Feature", "properties": {"station_name": "新代田", "station_code": "003901"}, "geometry": {"type": "Point", "coordinates": [139.66138999999998, 35.662495]}}, {"type": "Feature", "properties": {"station_name": "高井戸", "station_code": "003752"}, "geometry": {"type": "Point", "coordinates": [139.61523, 35.683260000000004]}}, {"type": "Feature", "properties": {"station_name": "久我山", "station_code": "003710"}, "geometry": {"type": "Point", "coordinates": [139.59932500000002, 35.688140000000004]}}, {"type": "Feature", "properties": {"station_name": "富士見ヶ丘", "station_code": "003736"}, "geometry": {"type": "Point", "coordinates": [139.6072325, 35.684805]}}, {"type": "Feature", "properties": {"station_name": "下北沢", "station_code": "003908"}, "geometry": {"type": "Point", "coordinates": [139.66656999999998, 35.661604999999994]}}, {"type": "Feature", "properties": {"station_name": "池ノ上", "station_code": "003914"}, "geometry": {"type": "Point", "coordinates": [139.673455, 35.66037]}}, {"type": "Feature", "properties": {"station_name": "西永福", "station_code": "003777"}, "geometry": {"type": "Point", "coordinates": [139.635155, 35.678875000000005]}}, {"type": "Feature", "properties": {"station_name": "仙川", "station_code": "003903"}, "geometry": {"type": "Point", "coordinates": [139.58522333333335, 35.66237]}}, {"type": "Feature", "properties": {"station_name": "代田橋", "station_code": "003830"}, "geometry": {"type": "Point", "coordinates": [139.65939500000002, 35.671075]}}, {"type": "Feature", "properties": {"station_name": "笹塚", "station_code": "003806"}, "geometry": {"type": "Point", "coordinates": [139.667175, 35.67366]}}, {"type": "Feature", "properties": {"station_name": "幡ヶ谷", "station_code": "003791"}, "geometry": {"type": "Point", "coordinates": [139.67772000000002, 35.67676]}}, {"type": "Feature", "properties": {"station_name": "桜上水", "station_code": "003862"}, "geometry": {"type": "Point", "coordinates": [139.631465, 35.66764]}}, {"type": "Feature", "properties": {"station_name": "八幡山", "station_code": "003836"}, "geometry": {"type": "Point", "coordinates": [139.61448000000001, 35.670075]}}, {"type": "Feature", "properties": {"station_name": "芦花公園", "station_code": "003832"}, "geometry": {"type": "Point", "coordinates": [139.6084025, 35.6705475]}}, {"type": "Feature", "properties": {"station_name": "新宿", "station_code": "003700"}, "geometry": {"type": "Point", "coordinates": [139.6989125, 35.689207499999995]}}, {"type": "Feature", "properties": {"station_name": "下高井戸", "station_code": "003874"}, "geometry": {"type": "Point", "coordinates": [139.64202555555556, 35.66611666666667]}}, {"type": "Feature", "properties": {"station_name": "上北沢", "station_code": "003849"}, "geometry": {"type": "Point", "coordinates": [139.623415, 35.668845000000005]}}, {"type": "Feature", "properties": {"station_name": "明大前", "station_code": "003855"}, "geometry": {"type": "Point", "coordinates": [139.65055, 35.6683575]}}, {"type": "Feature", "properties": {"station_name": "初台", "station_code": "003764"}, "geometry": {"type": "Point", "coordinates": [139.68827, 35.68142]}}, {"type": "Feature", "properties": {"station_name": "千歳烏山", "station_code": "003861"}, "geometry": {"type": "Point", "coordinates": [139.60037499999999, 35.667835]}}, {"type": "Feature", "properties": {"station_name": "調布", "station_code": "003966"}, "geometry": {"type": "Point", "coordinates": [139.544735, 35.65177]}}, {"type": "Feature", "properties": {"station_name": "高幡不動", "station_code": "003904"}, "geometry": {"type": "Point", "coordinates": [139.4131, 35.662274999999994]}}, {"type": "Feature", "properties": {"station_name": "北野", "station_code": "004007"}, "geometry": {"type": "Point", "coordinates": [139.354154, 35.644496000000004]}}, {"type": "Feature", "properties": {"station_name": "飛田給", "station_code": "003916"}, "geometry": {"type": "Point", "coordinates": [139.52366, 35.659985]}}, {"type": "Feature", "properties": {"station_name": "長沼", "station_code": "004027"}, "geometry": {"type": "Point", "coordinates": [139.36588, 35.64278]}}, {"type": "Feature", "properties": {"station_name": "つつじヶ丘", "station_code": "003933"}, "geometry": {"type": "Point", "coordinates": [139.57519000000002, 35.658]}}, {"type": "Feature", "properties": {"station_name": "柴崎", "station_code": "003959"}, "geometry": {"type": "Point", "coordinates": [139.566625, 35.65399]}}, {"type": "Feature", "properties": {"station_name": "中河原", "station_code": "003920"}, "geometry": {"type": "Point", "coordinates": [139.457505, 35.6595025]}}, {"type": "Feature", "properties": {"station_name": "東府中", "station_code": "003850"}, "geometry": {"type": "Point", "coordinates": [139.4954, 35.668769999999995]}}, {"type": "Feature", "properties": {"station_name": "武蔵野台", "station_code": "003891"}, "geometry": {"type": "Point", "coordinates": [139.511305, 35.664135]}}, {"type": "Feature", "properties": {"station_name": "百草園", "station_code": "003936"}, "geometry": {"type": "Point", "coordinates": [139.431375, 35.657375]}}, {"type": "Feature", "properties": {"station_name": "布田", "station_code": "003975"}, "geometry": {"type": "Point", "coordinates": [139.551715, 35.649860000000004]}}, {"type": "Feature", "properties": {"station_name": "平山城址公園", "station_code": "003990"}, "geometry": {"type": "Point", "coordinates": [139.379895, 35.647310000000004]}}, {"type": "Feature", "properties": {"station_name": "多磨霊園", "station_code": "003871"}, "geometry": {"type": "Point", "coordinates": [139.50212, 35.66636]}}, {"type": "Feature", "properties": {"station_name": "国領", "station_code": "003973"}, "geometry": {"type": "Point", "coordinates": [139.55843, 35.650185]}}, {"type": "Feature", "properties": {"station_name": "京王八王子", "station_code": "003934"}, "geometry": {"type": "Point", "coordinates": [139.3429775, 35.65805]}}, {"type": "Feature", "properties": {"station_name": "分倍河原", "station_code": "003858"}, "geometry": {"type": "Point", "coordinates": [139.468355, 35.668065]}}, {"type": "Feature", "properties": {"station_name": "西調布", "station_code": "003937"}, "geometry": {"type": "Point", "coordinates": [139.529505, 35.65732]}}, {"type": "Feature", "properties": {"station_name": "南平", "station_code": "003952"}, "geometry": {"type": "Point", "coordinates": [139.39257500000002, 35.65514]}}, {"type": "Feature", "properties": {"station_name": "聖蹟桜ヶ丘", "station_code": "003971"}, "geometry": {"type": "Point", "coordinates": [139.44687333333331, 35.65078666666667]}}, {"type": "Feature", "properties": {"station_name": "府中", "station_code": "003821"}, "geometry": {"type": "Point", "coordinates": [139.4801, 35.67219]}}, {"type": "Feature", "properties": {"station_name": "東府中", "station_code": "003851"}, "geometry": {"type": "Point", "coordinates": [139.4954, 35.668769999999995]}}, {"type": "Feature", "properties": {"station_name": "府中競馬正門前", "station_code": "003856"}, "geometry": {"type": "Point", "coordinates": [139.485165, 35.668355]}}, {"type": "Feature", "properties": {"station_name": "高尾", "station_code": "004033"}, "geometry": {"type": "Point", "coordinates": [139.28170999999998, 35.641655]}}, {"type": "Feature", "properties": {"station_name": "山田", "station_code": "004010"}, "geometry": {"type": "Point", "coordinates": [139.320755, 35.644355]}}, {"type": "Feature", "properties": {"station_name": "めじろ台", "station_code": "004019"}, "geometry": {"type": "Point", "coordinates": [139.308514, 35.643644]}}, {"type": "Feature", "properties": {"station_name": "京王片倉", "station_code": "004009"}, "geometry": {"type": "Point", "coordinates": [139.33696, 35.644360000000006]}}, {"type": "Feature", "properties": {"station_name": "北野", "station_code": "004008"}, "geometry": {"type": "Point", "coordinates": [139.354154, 35.644496000000004]}}, {"type": "Feature", "properties": {"station_name": "高尾山口", "station_code": "004075"}, "geometry": {"type": "Point", "coordinates": [139.269815, 35.63238]}}, {"type": "Feature", "properties": {"station_name": "狭間", "station_code": "004035"}, "geometry": {"type": "Point", "coordinates": [139.293645, 35.64059]}}, {"type": "Feature", "properties": {"station_name": "京王よみうりランド", "station_code": "004070"}, "geometry": {"type": "Point", "coordinates": [139.5172025, 35.632965]}}, {"type": "Feature", "properties": {"station_name": "橋本", "station_code": "004250"}, "geometry": {"type": "Point", "coordinates": [139.34354000000002, 35.59521]}}, {"type": "Feature", "properties": {"station_name": "京王堀之内", "station_code": "004120"}, "geometry": {"type": "Point", "coordinates": [139.400325, 35.624475000000004]}}, {"type": "Feature", "properties": {"station_name": "南大沢", "station_code": "004163"}, "geometry": {"type": "Point", "coordinates": [139.3798, 35.6140725]}}, {"type": "Feature", "properties": {"station_name": "京王多摩センター", "station_code": "004116"}, "geometry": {"type": "Point", "coordinates": [139.42416500000002, 35.625225]}}, {"type": "Feature", "properties": {"station_name": "多摩境", "station_code": "004234"}, "geometry": {"type": "Point", "coordinates": [139.36696999999998, 35.6017975]}}, {"type": "Feature", "properties": {"station_name": "若葉台", "station_code": "004139"}, "geometry": {"type": "Point", "coordinates": [139.47234, 35.619365]}}, {"type": "Feature", "properties": {"station_name": "京王永山", "station_code": "004086"}, "geometry": {"type": "Point", "coordinates": [139.448165, 35.6302525]}}, {"type": "Feature", "properties": {"station_name": "稲城", "station_code": "004056"}, "geometry": {"type": "Point", "coordinates": [139.5002342857143, 35.63614428571429]}}, {"type": "Feature", "properties": {"station_name": "調布", "station_code": "003967"}, "geometry": {"type": "Point", "coordinates": [139.544735, 35.65177]}}, {"type": "Feature", "properties": {"station_name": "京王稲田堤", "station_code": "004066"}, "geometry": {"type": "Point", "coordinates": [139.5319427272727, 35.63416818181818]}}, {"type": "Feature", "properties": {"station_name": "京王多摩川", "station_code": "004013"}, "geometry": {"type": "Point", "coordinates": [139.53616333333332, 35.64394166666667]}}, {"type": "Feature", "properties": {"station_name": "多摩動物公園", "station_code": "003977"}, "geometry": {"type": "Point", "coordinates": [139.40570666666667, 35.64964]}}, {"type": "Feature", "properties": {"station_name": "高幡不動", "station_code": "003905"}, "geometry": {"type": "Point", "coordinates": [139.4131, 35.662274999999994]}}, {"type": "Feature", "properties": {"station_name": "青砥", "station_code": "003280"}, "geometry": {"type": "Point", "coordinates": [139.85627, 35.74587]}}, {"type": "Feature", "properties": {"station_name": "京成曳舟", "station_code": "003477"}, "geometry": {"type": "Point", "coordinates": [139.82028, 35.71864]}}, {"type": "Feature", "properties": {"station_name": "押上", "station_code": "003527"}, "geometry": {"type": "Point", "coordinates": [139.81241, 35.71022]}}, {"type": "Feature", "properties": {"station_name": "八広", "station_code": "003422"}, "geometry": {"type": "Point", "coordinates": [139.82831666666667, 35.727196666666664]}}, {"type": "Feature", "properties": {"station_name": "四ツ木", "station_code": "003376"}, "geometry": {"type": "Point", "coordinates": [139.834655, 35.731715]}}, {"type": "Feature", "properties": {"station_name": "京成立石", "station_code": "003323"}, "geometry": {"type": "Point", "coordinates": [139.84816, 35.73819]}}, {"type": "Feature", "properties": {"station_name": "京成高砂", "station_code": "003248"}, "geometry": {"type": "Point", "coordinates": [139.86659, 35.75087]}}, {"type": "Feature", "properties": {"station_name": "京成金町", "station_code": "003195"}, "geometry": {"type": "Point", "coordinates": [139.87034999999997, 35.76845]}}, {"type": "Feature", "properties": {"station_name": "柴又", "station_code": "003232"}, "geometry": {"type": "Point", "coordinates": [139.87528333333333, 35.75643]}}, {"type": "Feature", "properties": {"station_name": "京成西船", "station_code": "003516"}, "geometry": {"type": "Point", "coordinates": [139.958845, 35.711690000000004]}}, {"type": "Feature", "properties": {"station_name": "大神宮下", "station_code": "003664"}, "geometry": {"type": "Point", "coordinates": [139.99137, 35.69396666666666]}}, {"type": "Feature", "properties": {"station_name": "京成八幡", "station_code": "003445"}, "geometry": {"type": "Point", "coordinates": [139.92817, 35.72386]}}, {"type": "Feature", "properties": {"station_name": "船橋競馬場", "station_code": "003699"}, "geometry": {"type": "Point", "coordinates": [139.997955, 35.6896425]}}, {"type": "Feature", "properties": {"station_name": "海神", "station_code": "003567"}, "geometry": {"type": "Point", "coordinates": [139.971785, 35.70592499999999]}}, {"type": "Feature", "properties": {"station_name": "東中山", "station_code": "003496"}, "geometry": {"type": "Point", "coordinates": [139.952635, 35.714420000000004]}}, {"type": "Feature", "properties": {"station_name": "鬼越", "station_code": "003472"}, "geometry": {"type": "Point", "coordinates": [139.937865, 35.719764999999995]}}, {"type": "Feature", "properties": {"station_name": "京成中山", "station_code": "003485"}, "geometry": {"type": "Point", "coordinates": [139.94438, 35.71695]}}, {"type": "Feature", "properties": {"station_name": "京成船橋", "station_code": "003609"}, "geometry": {"type": "Point", "coordinates": [139.98493666666667, 35.699963333333336]}}, {"type": "Feature", "properties": {"station_name": "京成関屋", "station_code": "003290"}, "geometry": {"type": "Point", "coordinates": [139.81185, 35.743965]}}, {"type": "Feature", "properties": {"station_name": "堀切菖蒲園", "station_code": "003273"}, "geometry": {"type": "Point", "coordinates": [139.82754, 35.74765]}}, {"type": "Feature", "properties": {"station_name": "菅野", "station_code": "003412"}, "geometry": {"type": "Point", "coordinates": [139.919395, 35.728275]}}, {"type": "Feature", "properties": {"station_name": "千住大橋", "station_code": "003301"}, "geometry": {"type": "Point", "coordinates": [139.79705, 35.74241]}}, {"type": "Feature", "properties": {"station_name": "京成上野", "station_code": "003521"}, "geometry": {"type": "Point", "coordinates": [139.77351, 35.71131]}}, {"type": "Feature", "properties": {"station_name": "江戸川", "station_code": "003331"}, "geometry": {"type": "Point", "coordinates": [139.8958725, 35.737835000000004]}}, {"type": "Feature", "properties": {"station_name": "日暮里", "station_code": "003414"}, "geometry": {"type": "Point", "coordinates": [139.77136666666667, 35.728123333333336]}}, {"type": "Feature", "properties": {"station_name": "青砥", "station_code": "003281"}, "geometry": {"type": "Point", "coordinates": [139.85627, 35.74587]}}, {"type": "Feature", "properties": {"station_name": "新三河島", "station_code": "003339"}, "geometry": {"type": "Point", "coordinates": [139.7741675, 35.7373425]}}, {"type": "Feature", "properties": {"station_name": "国府台", "station_code": "003346"}, "geometry": {"type": "Point", "coordinates": [139.90354, 35.73631]}}, {"type": "Feature", "properties": {"station_name": "町屋", "station_code": "003302"}, "geometry": {"type": "Point", "coordinates": [139.78157, 35.742340000000006]}}, {"type": "Feature", "properties": {"station_name": "京成小岩", "station_code": "003303"}, "geometry": {"type": "Point", "coordinates": [139.883615, 35.742215]}}, {"type": "Feature", "properties": {"station_name": "京成高砂", "station_code": "003250"}, "geometry": {"type": "Point", "coordinates": [139.86659, 35.75087]}}, {"type": "Feature", "properties": {"station_name": "市川真間", "station_code": "003380"}, "geometry": {"type": "Point", "coordinates": [139.91178, 35.7312675]}}, {"type": "Feature", "properties": {"station_name": "お花茶屋", "station_code": "003274"}, "geometry": {"type": "Point", "coordinates": [139.83988499999998, 35.747614999999996]}}, {"type": "Feature", "properties": {"station_name": "三崎口", "station_code": "005419"}, "geometry": {"type": "Point", "coordinates": [139.633358, 35.178218]}}, {"type": "Feature", "properties": {"station_name": "北久里浜", "station_code": "005241"}, "geometry": {"type": "Point", "coordinates": [139.68639000000002, 35.249162]}}, {"type": "Feature", "properties": {"station_name": "YRP野比", "station_code": "005320"}, "geometry": {"type": "Point", "coordinates": [139.68525499999998, 35.21257]}}, {"type": "Feature", "properties": {"station_name": "新大津", "station_code": "005211"}, "geometry": {"type": "Point", "coordinates": [139.69019666666668, 35.25697]}}, {"type": "Feature", "properties": {"station_name": "津久井浜", "station_code": "005356"}, "geometry": {"type": "Point", "coordinates": [139.66485, 35.19812]}}, {"type": "Feature", "properties": {"station_name": "京急長沢", "station_code": "005333"}, "geometry": {"type": "Point", "coordinates": [139.674125, 35.205445]}}, {"type": "Feature", "properties": {"station_name": "三浦海岸", "station_code": "005401"}, "geometry": {"type": "Point", "coordinates": [139.65337499999998, 35.188285]}}, {"type": "Feature", "properties": {"station_name": "堀ノ内", "station_code": "005199"}, "geometry": {"type": "Point", "coordinates": [139.687035, 35.263149999999996]}}, {"type": "Feature", "properties": {"station_name": "京急久里浜", "station_code": "005277"}, "geometry": {"type": "Point", "coordinates": [139.702215, 35.23147]}}, {"type": "Feature", "properties": {"station_name": "京急蒲田", "station_code": "004331"}, "geometry": {"type": "Point", "coordinates": [139.724329318, 35.56169946600001]}}, {"type": "Feature", "properties": {"station_name": "穴守稲荷", "station_code": "004364"}, "geometry": {"type": "Point", "coordinates": [139.74671666666666, 35.550333333333334]}}, {"type": "Feature", "properties": {"station_name": "糀谷", "station_code": "004349"}, "geometry": {"type": "Point", "coordinates": [139.72959, 35.55445]}}, {"type": "Feature", "properties": {"station_name": "大鳥居", "station_code": "004356"}, "geometry": {"type": "Point", "coordinates": [139.740225, 35.552319999999995]}}, {"type": "Feature", "properties": {"station_name": "天空橋", "station_code": "004374"}, "geometry": {"type": "Point", "coordinates": [139.75462000000002, 35.54815333333334]}}, {"type": "Feature", "properties": {"station_name": "羽田空港第1・第2ターミナル", "station_code": "004368"}, "geometry": {"type": "Point", "coordinates": [139.786025, 35.5498]}}, {"type": "Feature", "properties": {"station_name": "逗子・葉山", "station_code": "005130"}, "geometry": {"type": "Point", "coordinates": [139.580522, 35.294225]}}, {"type": "Feature", "properties": {"station_name": "神武寺", "station_code": "005098"}, "geometry": {"type": "Point", "coordinates": [139.59289, 35.30628]}}, {"type": "Feature", "properties": {"station_name": "六浦", "station_code": "005043"}, "geometry": {"type": "Point", "coordinates": [139.61149, 35.322725]}}, {"type": "Feature", "properties": {"station_name": "金沢八景", "station_code": "005020"}, "geometry": {"type": "Point", "coordinates": [139.620125, 35.33113]}}, {"type": "Feature", "properties": {"station_name": "京急川崎", "station_code": "004424"}, "geometry": {"type": "Point", "coordinates": [139.70094, 35.533010000000004]}}, {"type": "Feature", "properties": {"station_name": "鈴木町", "station_code": "004415"}, "geometry": {"type": "Point", "coordinates": [139.72065500000002, 35.53538]}}, {"type": "Feature", "properties": {"station_name": "小島新田", "station_code": "004418"}, "geometry": {"type": "Point", "coordinates": [139.747555, 35.534639999999996]}}, {"type": "Feature", "properties": {"station_name": "東門前", "station_code": "004408"}, "geometry": {"type": "Point", "coordinates": [139.734325, 35.53659]}}, {"type": "Feature", "properties": {"station_name": "港町", "station_code": "004417"}, "geometry": {"type": "Point", "coordinates": [139.71262000000002, 35.535065]}}, {"type": "Feature", "properties": {"station_name": "大師橋", "station_code": "004407"}, "geometry": {"type": "Point", "coordinates": [139.740445, 35.536605]}}, {"type": "Feature", "properties": {"station_name": "川崎大師", "station_code": "004413"}, "geometry": {"type": "Point", "coordinates": [139.725995, 35.53577]}}, {"type": "Feature", "properties": {"station_name": "大森海岸", "station_code": "004268"}, "geometry": {"type": "Point", "coordinates": [139.7353075, 35.58741]}}, {"type": "Feature", "properties": {"station_name": "立会川", "station_code": "004244"}, "geometry": {"type": "Point", "coordinates": [139.738945, 35.598505]}}, {"type": "Feature", "properties": {"station_name": "青物横丁", "station_code": "004184"}, "geometry": {"type": "Point", "coordinates": [139.743135, 35.60919]}}, {"type": "Feature", "properties": {"station_name": "北品川", "station_code": "004125"}, "geometry": {"type": "Point", "coordinates": [139.73931, 35.622426000000004]}}, {"type": "Feature", "properties": {"station_name": "品川", "station_code": "004101"}, "geometry": {"type": "Point", "coordinates": [139.738094, 35.627714000000005]}}, {"type": "Feature", "properties": {"station_name": "新馬場", "station_code": "004153"}, "geometry": {"type": "Point", "coordinates": [139.741498, 35.616662]}}, {"type": "Feature", "properties": {"station_name": "鮫洲", "station_code": "004220"}, "geometry": {"type": "Point", "coordinates": [139.742445, 35.60507]}}, {"type": "Feature", "properties": {"station_name": "泉岳寺", "station_code": "004043"}, "geometry": {"type": "Point", "coordinates": [139.73973, 35.638130000000004]}}, {"type": "Feature", "properties": {"station_name": "堀ノ内", "station_code": "005200"}, "geometry": {"type": "Point", "coordinates": [139.687035, 35.263149999999996]}}, {"type": "Feature", "properties": {"station_name": "金沢八景", "station_code": "005021"}, "geometry": {"type": "Point", "coordinates": [139.620125, 35.33113]}}, {"type": "Feature", "properties": {"station_name": "京急川崎", "station_code": "004425"}, "geometry": {"type": "Point", "coordinates": [139.70094, 35.533010000000004]}}, {"type": "Feature", "properties": {"station_name": "京急蒲田", "station_code": "004332"}, "geometry": {"type": "Point", "coordinates": [139.724329318, 35.56169946600001]}}, {"type": "Feature", "properties": {"station_name": "安針塚", "station_code": "005144"}, "geometry": {"type": "Point", "coordinates": [139.642822, 35.286682]}}, {"type": "Feature", "properties": {"station_name": "京急鶴見", "station_code": "004506"}, "geometry": {"type": "Point", "coordinates": [139.6775875, 35.506665]}}, {"type": "Feature", "properties": {"station_name": "杉田", "station_code": "004877"}, "geometry": {"type": "Point", "coordinates": [139.61561, 35.383905]}}, {"type": "Feature", "properties": {"station_name": "南太田", "station_code": "004719"}, "geometry": {"type": "Point", "coordinates": [139.613635, 35.436890000000005]}}, {"type": "Feature", "properties": {"station_name": "汐入", "station_code": "005161"}, "geometry": {"type": "Point", "coordinates": [139.66251499999998, 35.280315]}}, {"type": "Feature", "properties": {"station_name": "逸見", "station_code": "005159"}, "geometry": {"type": "Point", "coordinates": [139.6526075, 35.2806225]}}, {"type": "Feature", "properties": {"station_name": "大森町", "station_code": "004307"}, "geometry": {"type": "Point", "coordinates": [139.73201, 35.5725]}}, {"type": "Feature", "properties": {"station_name": "京急新子安", "station_code": "004560"}, "geometry": {"type": "Point", "coordinates": [139.65585, 35.48721999999999]}}, {"type": "Feature", "properties": {"station_name": "八丁畷", "station_code": "004449"}, "geometry": {"type": "Point", "coordinates": [139.69145, 35.523025000000004]}}, {"type": "Feature", "properties": {"station_name": "追浜", "station_code": "005066"}, "geometry": {"type": "Point", "coordinates": [139.62488333333334, 35.315691666666666]}}, {"type": "Feature", "properties": {"station_name": "雑色", "station_code": "004367"}, "geometry": {"type": "Point", "coordinates": [139.715035, 35.549775]}}, {"type": "Feature", "properties": {"station_name": "生麦", "station_code": "004538"}, "geometry": {"type": "Point", "coordinates": [139.66733499999998, 35.495599999999996]}}, {"type": "Feature", "properties": {"station_name": "弘明寺", "station_code": "004756"}, "geometry": {"type": "Point", "coordinates": [139.59690999999998, 35.424099999999996]}}, {"type": "Feature", "properties": {"station_name": "花月総持寺", "station_code": "004520"}, "geometry": {"type": "Point", "coordinates": [139.67286000000001, 35.500325000000004]}}, {"type": "Feature", "properties": {"station_name": "横須賀中央", "station_code": "005163"}, "geometry": {"type": "Point", "coordinates": [139.66978857142857, 35.27883714285714]}}, {"type": "Feature", "properties": {"station_name": "能見台", "station_code": "004944"}, "geometry": {"type": "Point", "coordinates": [139.62923, 35.3605575]}}, {"type": "Feature", "properties": {"station_name": "上大岡", "station_code": "004790"}, "geometry": {"type": "Point", "coordinates": [139.59661, 35.409345]}}, {"type": "Feature", "properties": {"station_name": "金沢文庫", "station_code": "004986"}, "geometry": {"type": "Point", "coordinates": [139.62177666666665, 35.34326333333333]}}, {"type": "Feature", "properties": {"station_name": "馬堀海岸", "station_code": "005206"}, "geometry": {"type": "Point", "coordinates": [139.707915, 35.25956]}}, {"type": "Feature", "properties": {"station_name": "神奈川", "station_code": "004612"}, "geometry": {"type": "Point", "coordinates": [139.627415, 35.47125]}}, {"type": "Feature", "properties": {"station_name": "浦賀", "station_code": "005227"}, "geometry": {"type": "Point", "coordinates": [139.71504, 35.251875999999996]}}, {"type": "Feature", "properties": {"station_name": "黄金町", "station_code": "004712"}, "geometry": {"type": "Point", "coordinates": [139.62256000000002, 35.439705000000004]}}, {"type": "Feature", "properties": {"station_name": "戸部", "station_code": "004660"}, "geometry": {"type": "Point", "coordinates": [139.61956, 35.45666]}}, {"type": "Feature", "properties": {"station_name": "井土ヶ谷", "station_code": "004724"}, "geometry": {"type": "Point", "coordinates": [139.600525, 35.433875]}}, {"type": "Feature", "properties": {"station_name": "京急東神奈川", "station_code": "004598"}, "geometry": {"type": "Point", "coordinates": [139.634925, 35.477554999999995]}}, {"type": "Feature", "properties": {"station_name": "屏風浦", "station_code": "004852"}, "geometry": {"type": "Point", "coordinates": [139.61043999999998, 35.394130000000004]}}, {"type": "Feature", "properties": {"station_name": "鶴見市場", "station_code": "004465"}, "geometry": {"type": "Point", "coordinates": [139.68649, 35.51759]}}, {"type": "Feature", "properties": {"station_name": "横浜", "station_code": "004631"}, "geometry": {"type": "Point", "coordinates": [139.62312500000002, 35.46625]}}, {"type": "Feature", "properties": {"station_name": "京急富岡", "station_code": "004927"}, "geometry": {"type": "Point", "coordinates": [139.62976, 35.36671]}}, {"type": "Feature", "properties": {"station_name": "子安", "station_code": "004569"}, "geometry": {"type": "Point", "coordinates": [139.64504, 35.484575]}}, {"type": "Feature", "properties": {"station_name": "県立大学", "station_code": "005181"}, "geometry": {"type": "Point", "coordinates": [139.67697, 35.269816666666664]}}, {"type": "Feature", "properties": {"station_name": "京急田浦", "station_code": "005113"}, "geometry": {"type": "Point", "coordinates": [139.62521333333333, 35.30099666666666]}}, {"type": "Feature", "properties": {"station_name": "神奈川新町", "station_code": "004579"}, "geometry": {"type": "Point", "coordinates": [139.64017, 35.481515]}}, {"type": "Feature", "properties": {"station_name": "京急大津", "station_code": "005202"}, "geometry": {"type": "Point", "coordinates": [139.69537000000003, 35.261005]}}, {"type": "Feature", "properties": {"station_name": "梅屋敷", "station_code": "004319"}, "geometry": {"type": "Point", "coordinates": [139.72816999999998, 35.566784999999996]}}, {"type": "Feature", "properties": {"station_name": "六郷土手", "station_code": "004399"}, "geometry": {"type": "Point", "coordinates": [139.707565, 35.540530000000004]}}, {"type": "Feature", "properties": {"station_name": "日ノ出町", "station_code": "004696"}, "geometry": {"type": "Point", "coordinates": [139.62666, 35.44563]}}, {"type": "Feature", "properties": {"station_name": "平和島", "station_code": "004294"}, "geometry": {"type": "Point", "coordinates": [139.734934, 35.578654]}}, {"type": "Feature", "properties": {"station_name": "御岳山", "station_code": "003114"}, "geometry": {"type": "Point", "coordinates": [139.153765, 35.78963]}}, {"type": "Feature", "properties": {"station_name": "滝本", "station_code": "003099"}, "geometry": {"type": "Point", "coordinates": [139.16155, 35.79603]}}, {"type": "Feature", "properties": {"station_name": "七里ヶ浜", "station_code": "005099"}, "geometry": {"type": "Point", "coordinates": [139.510044, 35.306292]}}, {"type": "Feature", "properties": {"station_name": "鎌倉", "station_code": "005059"}, "geometry": {"type": "Point", "coordinates": [139.55009, 35.318295]}}, {"type": "Feature", "properties": {"station_name": "柳小路", "station_code": "005035"}, "geometry": {"type": "Point", "coordinates": [139.485225, 35.327290000000005]}}, {"type": "Feature", "properties": {"station_name": "鵠沼", "station_code": "005048"}, "geometry": {"type": "Point", "coordinates": [139.48266999999998, 35.3214]}}, {"type": "Feature", "properties": {"station_name": "湘南海岸公園", "station_code": "005071"}, "geometry": {"type": "Point", "coordinates": [139.48332, 35.315200000000004]}}, {"type": "Feature", "properties": {"station_name": "由比ヶ浜", "station_code": "005081"}, "geometry": {"type": "Point", "coordinates": [139.54157500000002, 35.31288]}}, {"type": "Feature", "properties": {"station_name": "鎌倉高校前", "station_code": "005096"}, "geometry": {"type": "Point", "coordinates": [139.500495, 35.30676]}}, {"type": "Feature", "properties": {"station_name": "和田塚", "station_code": "005080"}, "geometry": {"type": "Point", "coordinates": [139.54537, 35.3137425]}}, {"type": "Feature", "properties": {"station_name": "極楽寺", "station_code": "005091"}, "geometry": {"type": "Point", "coordinates": [139.52853, 35.309205000000006]}}, {"type": "Feature", "properties": {"station_name": "石上", "station_code": "005017"}, "geometry": {"type": "Point", "coordinates": [139.48558, 35.33246]}}, {"type": "Feature", "properties": {"station_name": "稲村ヶ崎", "station_code": "005103"}, "geometry": {"type": "Point", "coordinates": [139.522265, 35.30433]}}, {"type": "Feature", "properties": {"station_name": "長谷", "station_code": "005086"}, "geometry": {"type": "Point", "coordinates": [139.53626, 35.311325]}}, {"type": "Feature", "properties": {"station_name": "藤沢", "station_code": "005001"}, "geometry": {"type": "Point", "coordinates": [139.48723, 35.337222]}}, {"type": "Feature", "properties": {"station_name": "腰越", "station_code": "005093"}, "geometry": {"type": "Point", "coordinates": [139.493355, 35.30834]}}, {"type": "Feature", "properties": {"station_name": "江ノ島", "station_code": "005087"}, "geometry": {"type": "Point", "coordinates": [139.48762499999998, 35.311025]}}, {"type": "Feature", "properties": {"station_name": "高尾山", "station_code": "004084"}, "geometry": {"type": "Point", "coordinates": [139.256075, 35.631074999999996]}}, {"type": "Feature", "properties": {"station_name": "清滝", "station_code": "004083"}, "geometry": {"type": "Point", "coordinates": [139.26670000000001, 35.63108]}}, {"type": "Feature", "properties": {"station_name": "戸塚安行", "station_code": "002988"}, "geometry": {"type": "Point", "coordinates": [139.75377500000002, 35.85907]}}, {"type": "Feature", "properties": {"station_name": "東川口", "station_code": "002956"}, "geometry": {"type": "Point", "coordinates": [139.74367, 35.87662]}}, {"type": "Feature", "properties": {"station_name": "南鳩ヶ谷", "station_code": "003054"}, "geometry": {"type": "Point", "coordinates": [139.736095, 35.81608]}}, {"type": "Feature", "properties": {"station_name": "鳩ヶ谷", "station_code": "003036"}, "geometry": {"type": "Point", "coordinates": [139.73615999999998, 35.830799999999996]}}, {"type": "Feature", "properties": {"station_name": "浦和美園", "station_code": "002933"}, "geometry": {"type": "Point", "coordinates": [139.727825, 35.893675]}}, {"type": "Feature", "properties": {"station_name": "赤羽岩淵", "station_code": "003142"}, "geometry": {"type": "Point", "coordinates": [139.72211, 35.783355]}}, {"type": "Feature", "properties": {"station_name": "川口元郷", "station_code": "003092"}, "geometry": {"type": "Point", "coordinates": [139.72986333333333, 35.79996]}}, {"type": "Feature", "properties": {"station_name": "新井宿", "station_code": "003017"}, "geometry": {"type": "Point", "coordinates": [139.738115, 35.84295]}}, {"type": "Feature", "properties": {"station_name": "流山おおたかの森", "station_code": "002970"}, "geometry": {"type": "Point", "coordinates": [139.924955, 35.871755]}}, {"type": "Feature", "properties": {"station_name": "柏の葉キャンパス", "station_code": "002935"}, "geometry": {"type": "Point", "coordinates": [139.952525, 35.893315]}}, {"type": "Feature", "properties": {"station_name": "北千住", "station_code": "003260"}, "geometry": {"type": "Point", "coordinates": [139.80517500000002, 35.749865]}}, {"type": "Feature", "properties": {"station_name": "三郷中央", "station_code": "003047"}, "geometry": {"type": "Point", "coordinates": [139.87837000000002, 35.824484999999996]}}, {"type": "Feature", "properties": {"station_name": "六町", "station_code": "003133"}, "geometry": {"type": "Point", "coordinates": [139.82180499999998, 35.78478]}}, {"type": "Feature", "properties": {"station_name": "浅草", "station_code": "003502"}, "geometry": {"type": "Point", "coordinates": [139.79245500000002, 35.71393]}}, {"type": "Feature", "properties": {"station_name": "八潮", "station_code": "003073"}, "geometry": {"type": "Point", "coordinates": [139.84473500000001, 35.807765]}}, {"type": "Feature", "properties": {"station_name": "南流山", "station_code": "003024"}, "geometry": {"type": "Point", "coordinates": [139.902795, 35.83843]}}, {"type": "Feature", "properties": {"station_name": "青井", "station_code": "003177"}, "geometry": {"type": "Point", "coordinates": [139.820245, 35.772]}}, {"type": "Feature", "properties": {"station_name": "秋葉原", "station_code": "003624"}, "geometry": {"type": "Point", "coordinates": [139.77428333333333, 35.69897]}}, {"type": "Feature", "properties": {"station_name": "南千住", "station_code": "003363"}, "geometry": {"type": "Point", "coordinates": [139.79895, 35.732985]}}, {"type": "Feature", "properties": {"station_name": "流山セントラルパーク", "station_code": "002993"}, "geometry": {"type": "Point", "coordinates": [139.91518, 35.85459]}}, {"type": "Feature", "properties": {"station_name": "新御徒町", "station_code": "003557"}, "geometry": {"type": "Point", "coordinates": [139.78234, 35.70688]}}, {"type": "Feature", "properties": {"station_name": "相模大野", "station_code": "004426"}, "geometry": {"type": "Point", "coordinates": [139.437885, 35.5322]}}, {"type": "Feature", "properties": {"station_name": "鶴間", "station_code": "004549"}, "geometry": {"type": "Point", "coordinates": [139.45064, 35.490570000000005]}}, {"type": "Feature", "properties": {"station_name": "中央林間", "station_code": "004498"}, "geometry": {"type": "Point", "coordinates": [139.4441, 35.508005]}}, {"type": "Feature", "properties": {"station_name": "東林間", "station_code": "004457"}, "geometry": {"type": "Point", "coordinates": [139.43902500000002, 35.5201925]}}, {"type": "Feature", "properties": {"station_name": "南林間", "station_code": "004537"}, "geometry": {"type": "Point", "coordinates": [139.448005, 35.495599999999996]}}, {"type": "Feature", "properties": {"station_name": "湘南台", "station_code": "004840"}, "geometry": {"type": "Point", "coordinates": [139.46647000000002, 35.396545]}}, {"type": "Feature", "properties": {"station_name": "長後", "station_code": "004782"}, "geometry": {"type": "Point", "coordinates": [139.465325, 35.41225]}}, {"type": "Feature", "properties": {"station_name": "藤沢", "station_code": "004997"}, "geometry": {"type": "Point", "coordinates": [139.48712, 35.338595]}}, {"type": "Feature", "properties": {"station_name": "鵠沼海岸", "station_code": "005049"}, "geometry": {"type": "Point", "coordinates": [139.47122000000002, 35.320750000000004]}}, {"type": "Feature", "properties": {"station_name": "本鵠沼", "station_code": "005022"}, "geometry": {"type": "Point", "coordinates": [139.47529, 35.331035]}}, {"type": "Feature", "properties": {"station_name": "桜ヶ丘", "station_code": "004676"}, "geometry": {"type": "Point", "coordinates": [139.46573999999998, 35.45053]}}, {"type": "Feature", "properties": {"station_name": "大和", "station_code": "004618"}, "geometry": {"type": "Point", "coordinates": [139.46147000000002, 35.469845]}}, {"type": "Feature", "properties": {"station_name": "六会日大前", "station_code": "004878"}, "geometry": {"type": "Point", "coordinates": [139.47072, 35.38376]}}, {"type": "Feature", "properties": {"station_name": "藤沢本町", "station_code": "004973"}, "geometry": {"type": "Point", "coordinates": [139.47584, 35.34821]}}, {"type": "Feature", "properties": {"station_name": "善行", "station_code": "004937"}, "geometry": {"type": "Point", "coordinates": [139.473265, 35.36259]}}, {"type": "Feature", "properties": {"station_name": "片瀬江ノ島", "station_code": "005090"}, "geometry": {"type": "Point", "coordinates": [139.482925, 35.309309999999996]}}, {"type": "Feature", "properties": {"station_name": "高座渋谷", "station_code": "004729"}, "geometry": {"type": "Point", "coordinates": [139.46471, 35.432145]}}, {"type": "Feature", "properties": {"station_name": "代々木八幡", "station_code": "003837"}, "geometry": {"type": "Point", "coordinates": [139.6890442857143, 35.669715714285715]}}, {"type": "Feature", "properties": {"station_name": "喜多見", "station_code": "004053"}, "geometry": {"type": "Point", "coordinates": [139.58674333333332, 35.63648666666666]}}, {"type": "Feature", "properties": {"station_name": "豪徳寺", "station_code": "003960"}, "geometry": {"type": "Point", "coordinates": [139.64699666666667, 35.65370333333333]}}, {"type": "Feature", "properties": {"station_name": "下北沢", "station_code": "003909"}, "geometry": {"type": "Point", "coordinates": [139.667345, 35.661445]}}, {"type": "Feature", "properties": {"station_name": "南新宿", "station_code": "003750"}, "geometry": {"type": "Point", "coordinates": [139.69871666666666, 35.68361]}}, {"type": "Feature", "properties": {"station_name": "千歳船橋", "station_code": "003988"}, "geometry": {"type": "Point", "coordinates": [139.62453, 35.64767500000001]}}, {"type": "Feature", "properties": {"station_name": "参宮橋", "station_code": "003778"}, "geometry": {"type": "Point", "coordinates": [139.69358499999998, 35.678605000000005]}}, {"type": "Feature", "properties": {"station_name": "祖師ヶ谷大蔵", "station_code": "004024"}, "geometry": {"type": "Point", "coordinates": [139.609795, 35.643265]}}, {"type": "Feature", "properties": {"station_name": "梅ヶ丘", "station_code": "003945"}, "geometry": {"type": "Point", "coordinates": [139.65355, 35.65602]}}, {"type": "Feature", "properties": {"station_name": "新宿", "station_code": "003683"}, "geometry": {"type": "Point", "coordinates": [139.69966666666667, 35.69124]}}, {"type": "Feature", "properties": {"station_name": "世田谷代田", "station_code": "003931"}, "geometry": {"type": "Point", "coordinates": [139.66160000000002, 35.658355]}}, {"type": "Feature", "properties": {"station_name": "東北沢", "station_code": "003880"}, "geometry": {"type": "Point", "coordinates": [139.67304000000001, 35.665440000000004]}}, {"type": "Feature", "properties": {"station_name": "経堂", "station_code": "003970"}, "geometry": {"type": "Point", "coordinates": [139.6370825, 35.6513075]}}, {"type": "Feature", "properties": {"station_name": "成城学園前", "station_code": "004036"}, "geometry": {"type": "Point", "coordinates": [139.59908000000001, 35.640135]}}, {"type": "Feature", "properties": {"station_name": "代々木上原", "station_code": "003848"}, "geometry": {"type": "Point", "coordinates": [139.6796325, 35.6688975]}}, {"type": "Feature", "properties": {"station_name": "町田", "station_code": "004387"}, "geometry": {"type": "Point", "coordinates": [139.4450025, 35.543845000000005]}}, {"type": "Feature", "properties": {"station_name": "狛江", "station_code": "004076"}, "geometry": {"type": "Point", "coordinates": [139.577384, 35.63225]}}, {"type": "Feature", "properties": {"station_name": "読売ランド前", "station_code": "004160"}, "geometry": {"type": "Point", "coordinates": [139.52804, 35.614734999999996]}}, {"type": "Feature", "properties": {"station_name": "生田", "station_code": "004159"}, "geometry": {"type": "Point", "coordinates": [139.5418, 35.614940000000004]}}, {"type": "Feature", "properties": {"station_name": "和泉多摩川", "station_code": "004105"}, "geometry": {"type": "Point", "coordinates": [139.57371999999998, 35.627415]}}, {"type": "Feature", "properties": {"station_name": "百合ヶ丘", "station_code": "004185"}, "geometry": {"type": "Point", "coordinates": [139.51608, 35.609025]}}, {"type": "Feature", "properties": {"station_name": "柿生", "station_code": "004263"}, "geometry": {"type": "Point", "coordinates": [139.49755, 35.589569999999995]}}, {"type": "Feature", "properties": {"station_name": "玉川学園前", "station_code": "004324"}, "geometry": {"type": "Point", "coordinates": [139.46344, 35.563509999999994]}}, {"type": "Feature", "properties": {"station_name": "相模大野", "station_code": "004427"}, "geometry": {"type": "Point", "coordinates": [139.437885, 35.5322]}}, {"type": "Feature", "properties": {"station_name": "小田急相模原", "station_code": "004470"}, "geometry": {"type": "Point", "coordinates": [139.423025, 35.515555]}}, {"type": "Feature", "properties": {"station_name": "登戸", "station_code": "004130"}, "geometry": {"type": "Point", "coordinates": [139.5693925, 35.6208825]}}, {"type": "Feature", "properties": {"station_name": "相武台前", "station_code": "004525"}, "geometry": {"type": "Point", "coordinates": [139.408545, 35.499359999999996]}}, {"type": "Feature", "properties": {"station_name": "向ヶ丘遊園", "station_code": "004150"}, "geometry": {"type": "Point", "coordinates": [139.56461000000002, 35.61728]}}, {"type": "Feature", "properties": {"station_name": "鶴川", "station_code": "004278"}, "geometry": {"type": "Point", "coordinates": [139.48182500000001, 35.583110000000005]}}, {"type": "Feature", "properties": {"station_name": "新百合ヶ丘", "station_code": "004227"}, "geometry": {"type": "Point", "coordinates": [139.507475, 35.603705]}}, {"type": "Feature", "properties": {"station_name": "小田原", "station_code": "005215"}, "geometry": {"type": "Point", "coordinates": [139.15543, 35.256355]}}, {"type": "Feature", "properties": {"station_name": "海老名", "station_code": "004672"}, "geometry": {"type": "Point", "coordinates": [139.3910975, 35.4529475]}}, {"type": "Feature", "properties": {"station_name": "愛甲石田", "station_code": "004771"}, "geometry": {"type": "Point", "coordinates": [139.344155, 35.417770000000004]}}, {"type": "Feature", "properties": {"station_name": "新松田", "station_code": "004981"}, "geometry": {"type": "Point", "coordinates": [139.13945, 35.34461]}}, {"type": "Feature", "properties": {"station_name": "足柄", "station_code": "005178"}, "geometry": {"type": "Point", "coordinates": [139.154505, 35.271770000000004]}}, {"type": "Feature", "properties": {"station_name": "座間", "station_code": "004584"}, "geometry": {"type": "Point", "coordinates": [139.39988499999998, 35.48099]}}, {"type": "Feature", "properties": {"station_name": "栢山", "station_code": "005088"}, "geometry": {"type": "Point", "coordinates": [139.142575, 35.310649999999995]}}, {"type": "Feature", "properties": {"station_name": "厚木", "station_code": "004703"}, "geometry": {"type": "Point", "coordinates": [139.37796333333333, 35.44307666666666]}}, {"type": "Feature", "properties": {"station_name": "本厚木", "station_code": "004715"}, "geometry": {"type": "Point", "coordinates": [139.364375, 35.43921]}}, {"type": "Feature", "properties": {"station_name": "秦野", "station_code": "004913"}, "geometry": {"type": "Point", "coordinates": [139.22608000000002, 35.37007]}}, {"type": "Feature", "properties": {"station_name": "鶴巻温泉", "station_code": "004885"}, "geometry": {"type": "Point", "coordinates": [139.277135, 35.3805525]}}, {"type": "Feature", "properties": {"station_name": "開成", "station_code": "005037"}, "geometry": {"type": "Point", "coordinates": [139.13581, 35.326495]}}, {"type": "Feature", "properties": {"station_name": "伊勢原", "station_code": "004844"}, "geometry": {"type": "Point", "coordinates": [139.313795, 35.39609]}}, {"type": "Feature", "properties": {"station_name": "富水", "station_code": "005123"}, "geometry": {"type": "Point", "coordinates": [139.14516, 35.29677]}}, {"type": "Feature", "properties": {"station_name": "渋沢", "station_code": "004906"}, "geometry": {"type": "Point", "coordinates": [139.1845475, 35.374055]}}, {"type": "Feature", "properties": {"station_name": "東海大学前", "station_code": "004909"}, "geometry": {"type": "Point", "coordinates": [139.27094, 35.372915000000006]}}, {"type": "Feature", "properties": {"station_name": "螢田", "station_code": "005146"}, "geometry": {"type": "Point", "coordinates": [139.151955, 35.28507]}}, {"type": "Feature", "properties": {"station_name": "五月台", "station_code": "004237"}, "geometry": {"type": "Point", "coordinates": [139.493385, 35.600229999999996]}}, {"type": "Feature", "properties": {"station_name": "新百合ヶ丘", "station_code": "004228"}, "geometry": {"type": "Point", "coordinates": [139.507475, 35.603705]}}, {"type": "Feature", "properties": {"station_name": "唐木田", "station_code": "004154"}, "geometry": {"type": "Point", "coordinates": [139.411675, 35.616565]}}, {"type": "Feature", "properties": {"station_name": "小田急多摩センター", "station_code": "004118"}, "geometry": {"type": "Point", "coordinates": [139.424375, 35.62493]}}, {"type": "Feature", "properties": {"station_name": "黒川", "station_code": "004168"}, "geometry": {"type": "Point", "coordinates": [139.47075, 35.6131375]}}, {"type": "Feature", "properties": {"station_name": "栗平", "station_code": "004214"}, "geometry": {"type": "Point", "coordinates": [139.481295, 35.60575]}}, {"type": "Feature", "properties": {"station_name": "はるひ野", "station_code": "004141"}, "geometry": {"type": "Point", "coordinates": [139.46498, 35.61841]}}, {"type": "Feature", "properties": {"station_name": "小田急永山", "station_code": "004090"}, "geometry": {"type": "Point", "coordinates": [139.44813249999999, 35.6298975]}}, {"type": "Feature", "properties": {"station_name": "西鎌倉", "station_code": "005053"}, "geometry": {"type": "Point", "coordinates": [139.50430666666668, 35.31939666666667]}}, {"type": "Feature", "properties": {"station_name": "目白山下", "station_code": "005078"}, "geometry": {"type": "Point", "coordinates": [139.491515, 35.31407]}}, {"type": "Feature", "properties": {"station_name": "大船", "station_code": "004964"}, "geometry": {"type": "Point", "coordinates": [139.53139333333334, 35.35252]}}, {"type": "Feature", "properties": {"station_name": "湘南深沢", "station_code": "005015"}, "geometry": {"type": "Point", "coordinates": [139.51891, 35.332975000000005]}}, {"type": "Feature", "properties": {"station_name": "湘南江の島", "station_code": "005083"}, "geometry": {"type": "Point", "coordinates": [139.487815, 35.311875]}}, {"type": "Feature", "properties": {"station_name": "富士見町", "station_code": "004978"}, "geometry": {"type": "Point", "coordinates": [139.52931999999998, 35.345349999999996]}}, {"type": "Feature", "properties": {"station_name": "湘南町屋", "station_code": "004999"}, "geometry": {"type": "Point", "coordinates": [139.52272, 35.337855000000005]}}, {"type": "Feature", "properties": {"station_name": "片瀬山", "station_code": "005062"}, "geometry": {"type": "Point", "coordinates": [139.49627, 35.317315]}}, {"type": "Feature", "properties": {"station_name": "新鎌ヶ谷", "station_code": "003149"}, "geometry": {"type": "Point", "coordinates": [139.99865499999999, 35.77924]}}, {"type": "Feature", "properties": {"station_name": "みのり台", "station_code": "003116"}, "geometry": {"type": "Point", "coordinates": [139.928785, 35.789345]}}, {"type": "Feature", "properties": {"station_name": "北初富", "station_code": "003164"}, "geometry": {"type": "Point", "coordinates": [139.989805, 35.776555]}}, {"type": "Feature", "properties": {"station_name": "元山", "station_code": "003111"}, "geometry": {"type": "Point", "coordinates": [139.975675, 35.790324999999996]}}, {"type": "Feature", "properties": {"station_name": "くぬぎ山", "station_code": "003143"}, "geometry": {"type": "Point", "coordinates": [139.975675, 35.78233]}}, {"type": "Feature", "properties": {"station_name": "松戸新田", "station_code": "003109"}, "geometry": {"type": "Point", "coordinates": [139.92233, 35.790655]}}, {"type": "Feature", "properties": {"station_name": "八柱", "station_code": "003105"}, "geometry": {"type": "Point", "coordinates": [139.93749666666668, 35.79141666666666]}}, {"type": "Feature", "properties": {"station_name": "五香", "station_code": "003095"}, "geometry": {"type": "Point", "coordinates": [139.96577000000002, 35.797285]}}, {"type": "Feature", "properties": {"station_name": "常盤平", "station_code": "003085"}, "geometry": {"type": "Point", "coordinates": [139.949435, 35.80315]}}, {"type": "Feature", "properties": {"station_name": "松戸", "station_code": "003138"}, "geometry": {"type": "Point", "coordinates": [139.90082999999998, 35.784345]}}, {"type": "Feature", "properties": {"station_name": "上本郷", "station_code": "003115"}, "geometry": {"type": "Point", "coordinates": [139.91583500000002, 35.78938]}}, {"type": "Feature", "properties": {"station_name": "西所沢", "station_code": "003118"}, "geometry": {"type": "Point", "coordinates": [139.456245, 35.7887575]}}, {"type": "Feature", "properties": {"station_name": "下山口", "station_code": "003148"}, "geometry": {"type": "Point", "coordinates": [139.441165, 35.779444999999996]}}, {"type": "Feature", "properties": {"station_name": "西武球場前", "station_code": "003181"}, "geometry": {"type": "Point", "coordinates": [139.42044, 35.771575]}}, {"type": "Feature", "properties": {"station_name": "東村山", "station_code": "003220"}, "geometry": {"type": "Point", "coordinates": [139.46586000000002, 35.759965]}}, {"type": "Feature", "properties": {"station_name": "小川", "station_code": "003333"}, "geometry": {"type": "Point", "coordinates": [139.46349500000002, 35.737565000000004]}}, {"type": "Feature", "properties": {"station_name": "鷹の台", "station_code": "003450"}, "geometry": {"type": "Point", "coordinates": [139.46106, 35.72301]}}, {"type": "Feature", "properties": {"station_name": "国分寺", "station_code": "003607"}, "geometry": {"type": "Point", "coordinates": [139.480558, 35.700132]}}, {"type": "Feature", "properties": {"station_name": "恋ヶ窪", "station_code": "003520"}, "geometry": {"type": "Point", "coordinates": [139.46389, 35.711349999999996]}}, {"type": "Feature", "properties": {"station_name": "多摩湖", "station_code": "003202"}, "geometry": {"type": "Point", "coordinates": [139.44271500000002, 35.765785]}}, {"type": "Feature", "properties": {"station_name": "西武球場前", "station_code": "003182"}, "geometry": {"type": "Point", "coordinates": [139.420235, 35.77078]}}, {"type": "Feature", "properties": {"station_name": "西武園ゆうえんち", "station_code": "003192"}, "geometry": {"type": "Point", "coordinates": [139.44019, 35.76903]}}, {"type": "Feature", "properties": {"station_name": "下井草", "station_code": "003444"}, "geometry": {"type": "Point", "coordinates": [139.624735, 35.723870000000005]}}, {"type": "Feature", "properties": {"station_name": "下落合", "station_code": "003491"}, "geometry": {"type": "Point", "coordinates": [139.69529, 35.715695]}}, {"type": "Feature", "properties": {"station_name": "高田馬場", "station_code": "003510"}, "geometry": {"type": "Point", "coordinates": [139.70399999999998, 35.71248333333333]}}, {"type": "Feature", "properties": {"station_name": "野方", "station_code": "003473"}, "geometry": {"type": "Point", "coordinates": [139.65349333333333, 35.719586666666665]}}, {"type": "Feature", "properties": {"station_name": "鷺ノ宮", "station_code": "003451"}, "geometry": {"type": "Point", "coordinates": [139.63984499999998, 35.722620000000006]}}, {"type": "Feature", "properties": {"station_name": "上井草", "station_code": "003437"}, "geometry": {"type": "Point", "coordinates": [139.602955, 35.725255]}}, {"type": "Feature", "properties": {"station_name": "中井", "station_code": "003495"}, "geometry": {"type": "Point", "coordinates": [139.686645, 35.71507]}}, {"type": "Feature", "properties": {"station_name": "都立家政", "station_code": "003453"}, "geometry": {"type": "Point", "coordinates": [139.64543, 35.72219]}}, {"type": "Feature", "properties": {"station_name": "新井薬師前", "station_code": "003489"}, "geometry": {"type": "Point", "coordinates": [139.6724975, 35.715802499999995]}}, {"type": "Feature", "properties": {"station_name": "井荻", "station_code": "003440"}, "geometry": {"type": "Point", "coordinates": [139.61554666666666, 35.72466333333333]}}, {"type": "Feature", "properties": {"station_name": "上石神井", "station_code": "003427"}, "geometry": {"type": "Point", "coordinates": [139.59229, 35.726195000000004]}}, {"type": "Feature", "properties": {"station_name": "沼袋", "station_code": "003475"}, "geometry": {"type": "Point", "coordinates": [139.66484, 35.71916]}}, {"type": "Feature", "properties": {"station_name": "西武新宿", "station_code": "003648"}, "geometry": {"type": "Point", "coordinates": [139.70006666666666, 35.696130000000004]}}, {"type": "Feature", "properties": {"station_name": "小平", "station_code": "003340"}, "geometry": {"type": "Point", "coordinates": [139.488445, 35.736914999999996]}}, {"type": "Feature", "properties": {"station_name": "東村山", "station_code": "003221"}, "geometry": {"type": "Point", "coordinates": [139.46586000000002, 35.759965]}}, {"type": "Feature", "properties": {"station_name": "狭山市", "station_code": "002991"}, "geometry": {"type": "Point", "coordinates": [139.413392, 35.85734]}}, {"type": "Feature", "properties": {"station_name": "入曽", "station_code": "003033"}, "geometry": {"type": "Point", "coordinates": [139.427185, 35.832385]}}, {"type": "Feature", "properties": {"station_name": "南大塚", "station_code": "002940"}, "geometry": {"type": "Point", "coordinates": [139.45418999999998, 35.889695]}}, {"type": "Feature", "properties": {"station_name": "航空公園", "station_code": "003094"}, "geometry": {"type": "Point", "coordinates": [139.46559000000002, 35.798339999999996]}}, {"type": "Feature", "properties": {"station_name": "新狭山", "station_code": "002963"}, "geometry": {"type": "Point", "coordinates": [139.43379, 35.874155]}}, {"type": "Feature", "properties": {"station_name": "新所沢", "station_code": "003077"}, "geometry": {"type": "Point", "coordinates": [139.45717, 35.805805]}}, {"type": "Feature", "properties": {"station_name": "所沢", "station_code": "003131"}, "geometry": {"type": "Point", "coordinates": [139.47328, 35.78682]}}, {"type": "Feature", "properties": {"station_name": "久米川", "station_code": "003262"}, "geometry": {"type": "Point", "coordinates": [139.472695, 35.749525000000006]}}, {"type": "Feature", "properties": {"station_name": "武蔵関", "station_code": "003419"}, "geometry": {"type": "Point", "coordinates": [139.576365, 35.727615]}}, {"type": "Feature", "properties": {"station_name": "田無", "station_code": "003423"}, "geometry": {"type": "Point", "coordinates": [139.538985, 35.727195]}}, {"type": "Feature", "properties": {"station_name": "花小金井", "station_code": "003430"}, "geometry": {"type": "Point", "coordinates": [139.51332, 35.726145]}}, {"type": "Feature", "properties": {"station_name": "西武柳沢", "station_code": "003409"}, "geometry": {"type": "Point", "coordinates": [139.5524, 35.72858]}}, {"type": "Feature", "properties": {"station_name": "東伏見", "station_code": "003408"}, "geometry": {"type": "Point", "coordinates": [139.56357500000001, 35.728755]}}, {"type": "Feature", "properties": {"station_name": "東村山", "station_code": "003222"}, "geometry": {"type": "Point", "coordinates": [139.46586000000002, 35.759965]}}, {"type": "Feature", "properties": {"station_name": "西武園", "station_code": "003197"}, "geometry": {"type": "Point", "coordinates": [139.448895, 35.767735]}}, {"type": "Feature", "properties": {"station_name": "小竹向原", "station_code": "003296"}, "geometry": {"type": "Point", "coordinates": [139.67952000000002, 35.743395]}}, {"type": "Feature", "properties": {"station_name": "練馬", "station_code": "003328"}, "geometry": {"type": "Point", "coordinates": [139.65444000000002, 35.737935]}}, {"type": "Feature", "properties": {"station_name": "新桜台", "station_code": "003311"}, "geometry": {"type": "Point", "coordinates": [139.66857333333334, 35.74098]}}, {"type": "Feature", "properties": {"station_name": "八坂", "station_code": "003287"}, "geometry": {"type": "Point", "coordinates": [139.46775, 35.74489]}}, {"type": "Feature", "properties": {"station_name": "国分寺", "station_code": "003599"}, "geometry": {"type": "Point", "coordinates": [139.479276, 35.701071999999996]}}, {"type": "Feature", "properties": {"station_name": "一橋学園", "station_code": "003455"}, "geometry": {"type": "Point", "coordinates": [139.480065, 35.722105]}}, {"type": "Feature", "properties": {"station_name": "萩山", "station_code": "003312"}, "geometry": {"type": "Point", "coordinates": [139.47687, 35.7407625]}}, {"type": "Feature", "properties": {"station_name": "多摩湖", "station_code": "003201"}, "geometry": {"type": "Point", "coordinates": [139.44271500000002, 35.765785]}}, {"type": "Feature", "properties": {"station_name": "武蔵大和", "station_code": "003231"}, "geometry": {"type": "Point", "coordinates": [139.44404, 35.756434999999996]}}, {"type": "Feature", "properties": {"station_name": "青梅街道", "station_code": "003382"}, "geometry": {"type": "Point", "coordinates": [139.47656999999998, 35.730990000000006]}}, {"type": "Feature", "properties": {"station_name": "武蔵境", "station_code": "003592"}, "geometry": {"type": "Point", "coordinates": [139.544265, 35.70191]}}, {"type": "Feature", "properties": {"station_name": "新小金井", "station_code": "003653"}, "geometry": {"type": "Point", "coordinates": [139.526745, 35.69592]}}, {"type": "Feature", "properties": {"station_name": "競艇場前", "station_code": "003943"}, "geometry": {"type": "Point", "coordinates": [139.49966, 35.65621]}}, {"type": "Feature", "properties": {"station_name": "多磨", "station_code": "003790"}, "geometry": {"type": "Point", "coordinates": [139.51715000000002, 35.676825]}}, {"type": "Feature", "properties": {"station_name": "白糸台", "station_code": "003873"}, "geometry": {"type": "Point", "coordinates": [139.509525, 35.666305]}}, {"type": "Feature", "properties": {"station_name": "是政", "station_code": "003944"}, "geometry": {"type": "Point", "coordinates": [139.48864, 35.656185]}}, {"type": "Feature", "properties": {"station_name": "池袋", "station_code": "003418"}, "geometry": {"type": "Point", "coordinates": [139.71083, 35.72766]}}, {"type": "Feature", "properties": {"station_name": "練馬", "station_code": "003329"}, "geometry": {"type": "Point", "coordinates": [139.65444000000002, 35.737935]}}, {"type": "Feature", "properties": {"station_name": "石神井公園", "station_code": "003292"}, "geometry": {"type": "Point", "coordinates": [139.60655500000001, 35.74364]}}, {"type": "Feature", "properties": {"station_name": "江古田", "station_code": "003337"}, "geometry": {"type": "Point", "coordinates": [139.672785, 35.737465]}}, {"type": "Feature", "properties": {"station_name": "富士見台", "station_code": "003349"}, "geometry": {"type": "Point", "coordinates": [139.629815, 35.73585]}}, {"type": "Feature", "properties": {"station_name": "中村橋", "station_code": "003345"}, "geometry": {"type": "Point", "coordinates": [139.63717, 35.736670000000004]}}, {"type": "Feature", "properties": {"station_name": "桜台", "station_code": "003321"}, "geometry": {"type": "Point", "coordinates": [139.6624, 35.738745]}}, {"type": "Feature", "properties": {"station_name": "東長崎", "station_code": "003393"}, "geometry": {"type": "Point", "coordinates": [139.68318499999998, 35.729969999999994]}}, {"type": "Feature", "properties": {"station_name": "練馬高野台", "station_code": "003314"}, "geometry": {"type": "Point", "coordinates": [139.616835, 35.740615000000005]}}, {"type": "Feature", "properties": {"station_name": "椎名町", "station_code": "003426"}, "geometry": {"type": "Point", "coordinates": [139.69431500000002, 35.726495]}}, {"type": "Feature", "properties": {"station_name": "大泉学園", "station_code": "003263"}, "geometry": {"type": "Point", "coordinates": [139.5866525, 35.7494075]}}, {"type": "Feature", "properties": {"station_name": "小手指", "station_code": "003088"}, "geometry": {"type": "Point", "coordinates": [139.43804, 35.800585]}}, {"type": "Feature", "properties": {"station_name": "東吾野", "station_code": "002936"}, "geometry": {"type": "Point", "coordinates": [139.26027499999998, 35.89247]}}, {"type": "Feature", "properties": {"station_name": "元加治", "station_code": "003020"}, "geometry": {"type": "Point", "coordinates": [139.3453066666667, 35.840583333333335]}}, {"type": "Feature", "properties": {"station_name": "清瀬", "station_code": "003179"}, "geometry": {"type": "Point", "coordinates": [139.5199233333333, 35.77195666666666]}}, {"type": "Feature", "properties": {"station_name": "仏子", "station_code": "003028"}, "geometry": {"type": "Point", "coordinates": [139.36019, 35.837675000000004]}}, {"type": "Feature", "properties": {"station_name": "狭山ヶ丘", "station_code": "003068"}, "geometry": {"type": "Point", "coordinates": [139.41702, 35.810405]}}, {"type": "Feature", "properties": {"station_name": "飯能", "station_code": "002999"}, "geometry": {"type": "Point", "coordinates": [139.318842, 35.851204]}}, {"type": "Feature", "properties": {"station_name": "秋津", "station_code": "003151"}, "geometry": {"type": "Point", "coordinates": [139.4968425, 35.7784925]}}, {"type": "Feature", "properties": {"station_name": "東久留米", "station_code": "003217"}, "geometry": {"type": "Point", "coordinates": [139.53375, 35.76045]}}, {"type": "Feature", "properties": {"station_name": "武蔵横手", "station_code": "002945"}, "geometry": {"type": "Point", "coordinates": [139.28071599999998, 35.885220000000004]}}, {"type": "Feature", "properties": {"station_name": "武蔵藤沢", "station_code": "003050"}, "geometry": {"type": "Point", "coordinates": [139.412755, 35.82085]}}, {"type": "Feature", "properties": {"station_name": "高麗", "station_code": "002950"}, "geometry": {"type": "Point", "coordinates": [139.30434, 35.882062857142856]}}, {"type": "Feature", "properties": {"station_name": "東飯能", "station_code": "002998"}, "geometry": {"type": "Point", "coordinates": [139.32598000000002, 35.85302]}}, {"type": "Feature", "properties": {"station_name": "西所沢", "station_code": "003119"}, "geometry": {"type": "Point", "coordinates": [139.456245, 35.7887575]}}, {"type": "Feature", "properties": {"station_name": "稲荷山公園", "station_code": "003011"}, "geometry": {"type": "Point", "coordinates": [139.39936666666668, 35.84468833333333]}}, {"type": "Feature", "properties": {"station_name": "入間市", "station_code": "003018"}, "geometry": {"type": "Point", "coordinates": [139.39032, 35.8428825]}}, {"type": "Feature", "properties": {"station_name": "ひばりヶ丘", "station_code": "003242"}, "geometry": {"type": "Point", "coordinates": [139.54576500000002, 35.7514375]}}, {"type": "Feature", "properties": {"station_name": "所沢", "station_code": "003132"}, "geometry": {"type": "Point", "coordinates": [139.473445, 35.786685]}}, {"type": "Feature", "properties": {"station_name": "保谷", "station_code": "003271"}, "geometry": {"type": "Point", "coordinates": [139.56823666666665, 35.748263333333334]}}, {"type": "Feature", "properties": {"station_name": "萩山", "station_code": "003313"}, "geometry": {"type": "Point", "coordinates": [139.47687, 35.7407625]}}, {"type": "Feature", "properties": {"station_name": "小平", "station_code": "003341"}, "geometry": {"type": "Point", "coordinates": [139.488445, 35.736914999999996]}}, {"type": "Feature", "properties": {"station_name": "小川", "station_code": "003334"}, "geometry": {"type": "Point", "coordinates": [139.46349500000002, 35.737565000000004]}}, {"type": "Feature", "properties": {"station_name": "拝島", "station_code": "003466"}, "geometry": {"type": "Point", "coordinates": [139.34416666666667, 35.72111]}}, {"type": "Feature", "properties": {"station_name": "東大和市", "station_code": "003365"}, "geometry": {"type": "Point", "coordinates": [139.434295, 35.732905]}}, {"type": "Feature", "properties": {"station_name": "西武立川", "station_code": "003428"}, "geometry": {"type": "Point", "coordinates": [139.369655, 35.72618]}}, {"type": "Feature", "properties": {"station_name": "武蔵砂川", "station_code": "003404"}, "geometry": {"type": "Point", "coordinates": [139.39234499999998, 35.728825]}}, {"type": "Feature", "properties": {"station_name": "玉川上水", "station_code": "003377"}, "geometry": {"type": "Point", "coordinates": [139.418775, 35.731705000000005]}}, {"type": "Feature", "properties": {"station_name": "練馬", "station_code": "003330"}, "geometry": {"type": "Point", "coordinates": [139.65444000000002, 35.737935]}}, {"type": "Feature", "properties": {"station_name": "豊島園", "station_code": "003305"}, "geometry": {"type": "Point", "coordinates": [139.64802, 35.742035]}}, {"type": "Feature", "properties": {"station_name": "南万騎が原", "station_code": "004674"}, "geometry": {"type": "Point", "coordinates": [139.52634749999999, 35.452545]}}, {"type": "Feature", "properties": {"station_name": "いずみ野", "station_code": "004745"}, "geometry": {"type": "Point", "coordinates": [139.49512, 35.429495]}}, {"type": "Feature", "properties": {"station_name": "弥生台", "station_code": "004742"}, "geometry": {"type": "Point", "coordinates": [139.50663500000002, 35.42993]}}, {"type": "Feature", "properties": {"station_name": "緑園都市", "station_code": "004714"}, "geometry": {"type": "Point", "coordinates": [139.52177749999998, 35.439305]}}, {"type": "Feature", "properties": {"station_name": "ゆめが丘", "station_code": "004797"}, "geometry": {"type": "Point", "coordinates": [139.48236, 35.405645]}}, {"type": "Feature", "properties": {"station_name": "二俣川", "station_code": "004642"}, "geometry": {"type": "Point", "coordinates": [139.53237000000001, 35.463390000000004]}}, {"type": "Feature", "properties": {"station_name": "湘南台", "station_code": "004843"}, "geometry": {"type": "Point", "coordinates": [139.46612, 35.39624]}}, {"type": "Feature", "properties": {"station_name": "いずみ中央", "station_code": "004773"}, "geometry": {"type": "Point", "coordinates": [139.487185, 35.415099999999995]}}, {"type": "Feature", "properties": {"station_name": "西横浜", "station_code": "004669"}, "geometry": {"type": "Point", "coordinates": [139.60897, 35.453595]}}, {"type": "Feature", "properties": {"station_name": "天王町", "station_code": "004668"}, "geometry": {"type": "Point", "coordinates": [139.60253, 35.45401]}}, {"type": "Feature", "properties": {"station_name": "和田町", "station_code": "004640"}, "geometry": {"type": "Point", "coordinates": [139.58638, 35.463710000000006]}}, {"type": "Feature", "properties": {"station_name": "星川", "station_code": "004655"}, "geometry": {"type": "Point", "coordinates": [139.595195, 35.458235]}}, {"type": "Feature", "properties": {"station_name": "平沼橋", "station_code": "004653"}, "geometry": {"type": "Point", "coordinates": [139.616465, 35.459845]}}, {"type": "Feature", "properties": {"station_name": "横浜", "station_code": "004633"}, "geometry": {"type": "Point", "coordinates": [139.62205, 35.465756666666664]}}, {"type": "Feature", "properties": {"station_name": "上星川", "station_code": "004624"}, "geometry": {"type": "Point", "coordinates": [139.58045370000002, 35.467370155]}}, {"type": "Feature", "properties": {"station_name": "三ツ境", "station_code": "004623"}, "geometry": {"type": "Point", "coordinates": [139.50257, 35.467785]}}, {"type": "Feature", "properties": {"station_name": "相模大塚", "station_code": "004614"}, "geometry": {"type": "Point", "coordinates": [139.44115499999998, 35.47054]}}, {"type": "Feature", "properties": {"station_name": "鶴ヶ峰", "station_code": "004604"}, "geometry": {"type": "Point", "coordinates": [139.549985, 35.47509]}}, {"type": "Feature", "properties": {"station_name": "西谷", "station_code": "004595"}, "geometry": {"type": "Point", "coordinates": [139.56552083, 35.478064814999996]}}, {"type": "Feature", "properties": {"station_name": "瀬谷", "station_code": "004615"}, "geometry": {"type": "Point", "coordinates": [139.48259000000002, 35.4704]}}, {"type": "Feature", "properties": {"station_name": "かしわ台", "station_code": "004626"}, "geometry": {"type": "Point", "coordinates": [139.415885, 35.466845]}}, {"type": "Feature", "properties": {"station_name": "大和", "station_code": "004617"}, "geometry": {"type": "Point", "coordinates": [139.461, 35.469930000000005]}}, {"type": "Feature", "properties": {"station_name": "希望ヶ丘", "station_code": "004652"}, "geometry": {"type": "Point", "coordinates": [139.513475, 35.460539999999995]}}, {"type": "Feature", "properties": {"station_name": "さがみ野", "station_code": "004611"}, "geometry": {"type": "Point", "coordinates": [139.428696, 35.47151]}}, {"type": "Feature", "properties": {"station_name": "海老名", "station_code": "004670"}, "geometry": {"type": "Point", "coordinates": [139.392235, 35.45344]}}, {"type": "Feature", "properties": {"station_name": "二俣川", "station_code": "004643"}, "geometry": {"type": "Point", "coordinates": [139.53237000000001, 35.463390000000004]}}, {"type": "Feature", "properties": {"station_name": "幸谷", "station_code": "003043"}, "geometry": {"type": "Point", "coordinates": [139.92005999999998, 35.827045]}}, {"type": "Feature", "properties": {"station_name": "鰭ヶ崎", "station_code": "003019"}, "geometry": {"type": "Point", "coordinates": [139.911115, 35.84097]}}, {"type": "Feature", "properties": {"station_name": "馬橋", "station_code": "003064"}, "geometry": {"type": "Point", "coordinates": [139.917035, 35.812095]}}, {"type": "Feature", "properties": {"station_name": "流山", "station_code": "002992"}, "geometry": {"type": "Point", "coordinates": [139.90183000000002, 35.8558]}}, {"type": "Feature", "properties": {"station_name": "小金城趾", "station_code": "003029"}, "geometry": {"type": "Point", "coordinates": [139.916875, 35.836025]}}, {"type": "Feature", "properties": {"station_name": "平和台", "station_code": "003000"}, "geometry": {"type": "Point", "coordinates": [139.901225, 35.85112]}}, {"type": "Feature", "properties": {"station_name": "高幡不動", "station_code": "003910"}, "geometry": {"type": "Point", "coordinates": [139.415235, 35.66129]}}, {"type": "Feature", "properties": {"station_name": "立川北", "station_code": "003617"}, "geometry": {"type": "Point", "coordinates": [139.412665, 35.699525]}}, {"type": "Feature", "properties": {"station_name": "松が谷", "station_code": "004077"}, "geometry": {"type": "Point", "coordinates": [139.422035, 35.631795]}}, {"type": "Feature", "properties": {"station_name": "程久保", "station_code": "003950"}, "geometry": {"type": "Point", "coordinates": [139.410755, 35.65523]}}, {"type": "Feature", "properties": {"station_name": "桜街道", "station_code": "003320"}, "geometry": {"type": "Point", "coordinates": [139.41655500000002, 35.739035]}}, {"type": "Feature", "properties": {"station_name": "多摩動物公園", "station_code": "003983"}, "geometry": {"type": "Point", "coordinates": [139.403815, 35.648534999999995]}}, {"type": "Feature", "properties": {"station_name": "泉体育館", "station_code": "003476"}, "geometry": {"type": "Point", "coordinates": [139.419565, 35.718845]}}, {"type": "Feature", "properties": {"station_name": "多摩センター", "station_code": "004121"}, "geometry": {"type": "Point", "coordinates": [139.422785, 35.623855]}}, {"type": "Feature", "properties": {"station_name": "高松", "station_code": "003528"}, "geometry": {"type": "Point", "coordinates": [139.413275, 35.710045]}}, {"type": "Feature", "properties": {"station_name": "玉川上水", "station_code": "003371"}, "geometry": {"type": "Point", "coordinates": [139.41774333333333, 35.732123333333334]}}, {"type": "Feature", "properties": {"station_name": "上北台", "station_code": "003283"}, "geometry": {"type": "Point", "coordinates": [139.415865, 35.74576]}}, {"type": "Feature", "properties": {"station_name": "甲州街道", "station_code": "003783"}, "geometry": {"type": "Point", "coordinates": [139.409155, 35.67825]}}, {"type": "Feature", "properties": {"station_name": "中央大学・明星大学", "station_code": "004031"}, "geometry": {"type": "Point", "coordinates": [139.408725, 35.641885]}}, {"type": "Feature", "properties": {"station_name": "立飛", "station_code": "003499"}, "geometry": {"type": "Point", "coordinates": [139.41707, 35.71427]}}, {"type": "Feature", "properties": {"station_name": "立川南", "station_code": "003649"}, "geometry": {"type": "Point", "coordinates": [139.412575, 35.696169999999995]}}, {"type": "Feature", "properties": {"station_name": "砂川七番", "station_code": "003447"}, "geometry": {"type": "Point", "coordinates": [139.41810500000003, 35.723385]}}, {"type": "Feature", "properties": {"station_name": "万願寺", "station_code": "003829"}, "geometry": {"type": "Point", "coordinates": [139.41986, 35.671315]}}, {"type": "Feature", "properties": {"station_name": "柴崎体育館", "station_code": "003697"}, "geometry": {"type": "Point", "coordinates": [139.40928000000002, 35.689800000000005]}}, {"type": "Feature", "properties": {"station_name": "大塚・帝京大学", "station_code": "004051"}, "geometry": {"type": "Point", "coordinates": [139.416445, 35.63686]}}, {"type": "Feature", "properties": {"station_name": "大山寺", "station_code": "004743"}, "geometry": {"type": "Point", "coordinates": [139.24098666666666, 35.42979666666667]}}, {"type": "Feature", "properties": {"station_name": "大山ケーブル", "station_code": "004749"}, "geometry": {"type": "Point", "coordinates": [139.24451, 35.42789]}}, {"type": "Feature", "properties": {"station_name": "阿夫利神社", "station_code": "004732"}, "geometry": {"type": "Point", "coordinates": [139.237595, 35.431794999999994]}}, {"type": "Feature", "properties": {"station_name": "国府津", "station_code": "005157"}, "geometry": {"type": "Point", "coordinates": [139.21495499999997, 35.281395]}}, {"type": "Feature", "properties": {"station_name": "御殿場", "station_code": "005115"}, "geometry": {"type": "Point", "coordinates": [138.93422, 35.29994666666666]}}, {"type": "Feature", "properties": {"station_name": "山北", "station_code": "004941"}, "geometry": {"type": "Point", "coordinates": [139.08077, 35.36081333333333]}}, {"type": "Feature", "properties": {"station_name": "富士岡", "station_code": "005222"}, "geometry": {"type": "Point", "coordinates": [138.9196433333333, 35.254886666666664]}}, {"type": "Feature", "properties": {"station_name": "東山北", "station_code": "004952"}, "geometry": {"type": "Point", "coordinates": [139.10772999999998, 35.35761]}}, {"type": "Feature", "properties": {"station_name": "松田", "station_code": "004977"}, "geometry": {"type": "Point", "coordinates": [139.139135, 35.346000000000004]}}, {"type": "Feature", "properties": {"station_name": "上大井", "station_code": "005047"}, "geometry": {"type": "Point", "coordinates": [139.16363, 35.32179]}}, {"type": "Feature", "properties": {"station_name": "相模金子", "station_code": "005013"}, "geometry": {"type": "Point", "coordinates": [139.1504325, 35.3338825]}}, {"type": "Feature", "properties": {"station_name": "下曽我", "station_code": "005105"}, "geometry": {"type": "Point", "coordinates": [139.18342, 35.30355]}}, {"type": "Feature", "properties": {"station_name": "駿河小山", "station_code": "004949"}, "geometry": {"type": "Point", "coordinates": [138.9975825, 35.35924]}}, {"type": "Feature", "properties": {"station_name": "南御殿場", "station_code": "005166"}, "geometry": {"type": "Point", "coordinates": [138.9257233333333, 35.27722666666667]}}, {"type": "Feature", "properties": {"station_name": "岩波", "station_code": "005311"}, "geometry": {"type": "Point", "coordinates": [138.91925833333335, 35.215129999999995]}}, {"type": "Feature", "properties": {"station_name": "裾野", "station_code": "005446"}, "geometry": {"type": "Point", "coordinates": [138.90926, 35.171326666666666]}}, {"type": "Feature", "properties": {"station_name": "谷峨", "station_code": "004929"}, "geometry": {"type": "Point", "coordinates": [139.03834666666668, 35.36647]}}, {"type": "Feature", "properties": {"station_name": "足柄", "station_code": "005018"}, "geometry": {"type": "Point", "coordinates": [138.98175333333333, 35.332069999999995]}}, {"type": "Feature", "properties": {"station_name": "東京", "station_code": "003768"}, "geometry": {"type": "Point", "coordinates": [139.76788, 35.68110333333333]}}, {"type": "Feature", "properties": {"station_name": "品川", "station_code": "004092"}, "geometry": {"type": "Point", "coordinates": [139.74006875, 35.62956375]}}, {"type": "Feature", "properties": {"station_name": "新横浜", "station_code": "004501"}, "geometry": {"type": "Point", "coordinates": [139.61719499999998, 35.5069825]}}, {"type": "Feature", "properties": {"station_name": "小田原", "station_code": "005217"}, "geometry": {"type": "Point", "coordinates": [139.154765, 35.256209999999996]}}, {"type": "Feature", "properties": {"station_name": "三島", "station_code": "005600"}, "geometry": {"type": "Point", "coordinates": [138.90969, 35.12671]}}, {"type": "Feature", "properties": {"station_name": "熱海", "station_code": "005684"}, "geometry": {"type": "Point", "coordinates": [139.0781675, 35.1044125]}}, {"type": "Feature", "properties": {"station_name": "三島", "station_code": "005601"}, "geometry": {"type": "Point", "coordinates": [138.91060333333334, 35.12615333333333]}}, {"type": "Feature", "properties": {"station_name": "函南", "station_code": "005668"}, "geometry": {"type": "Point", "coordinates": [138.970984, 35.108716]}}, {"type": "Feature", "properties": {"station_name": "熱海", "station_code": "005685"}, "geometry": {"type": "Point", "coordinates": [139.077805, 35.103790000000004]}}, {"type": "Feature", "properties": {"station_name": "天王洲アイル", "station_code": "004123"}, "geometry": {"type": "Point", "coordinates": [139.750905, 35.62287]}}, {"type": "Feature", "properties": {"station_name": "大井競馬場前", "station_code": "004251"}, "geometry": {"type": "Point", "coordinates": [139.74720000000002, 35.59503]}}, {"type": "Feature", "properties": {"station_name": "モノレール浜松町", "station_code": "003946"}, "geometry": {"type": "Point", "coordinates": [139.75666999999999, 35.655745]}}, {"type": "Feature", "properties": {"station_name": "羽田空港第1ターミナル", "station_code": "004372"}, "geometry": {"type": "Point", "coordinates": [139.78461000000001, 35.54914]}}, {"type": "Feature", "properties": {"station_name": "天空橋", "station_code": "004373"}, "geometry": {"type": "Point", "coordinates": [139.75459999999998, 35.548355]}}, {"type": "Feature", "properties": {"station_name": "整備場", "station_code": "004348"}, "geometry": {"type": "Point", "coordinates": [139.75336, 35.555099999999996]}}, {"type": "Feature", "properties": {"station_name": "羽田空港第2ターミナル", "station_code": "004361"}, "geometry": {"type": "Point", "coordinates": [139.78820000000002, 35.550795]}}, {"type": "Feature", "properties": {"station_name": "流通センター", "station_code": "004285"}, "geometry": {"type": "Point", "coordinates": [139.749185, 35.581445]}}, {"type": "Feature", "properties": {"station_name": "昭和島", "station_code": "004312"}, "geometry": {"type": "Point", "coordinates": [139.74992666666665, 35.57067]}}, {"type": "Feature", "properties": {"station_name": "新整備場", "station_code": "004393"}, "geometry": {"type": "Point", "coordinates": [139.7867975, 35.542792500000004]}}, {"type": "Feature", "properties": {"station_name": "こどもの国", "station_code": "004341"}, "geometry": {"type": "Point", "coordinates": [139.48666500000002, 35.558]}}, {"type": "Feature", "properties": {"station_name": "恩田", "station_code": "004377"}, "geometry": {"type": "Point", "coordinates": [139.49218, 35.54558]}}, {"type": "Feature", "properties": {"station_name": "長津田", "station_code": "004429"}, "geometry": {"type": "Point", "coordinates": [139.4941, 35.53193]}}, {"type": "Feature", "properties": {"station_name": "下高井戸", "station_code": "003877"}, "geometry": {"type": "Point", "coordinates": [139.64156000000003, 35.66585499999999]}}, {"type": "Feature", "properties": {"station_name": "若林", "station_code": "003996"}, "geometry": {"type": "Point", "coordinates": [139.65991, 35.645925000000005]}}, {"type": "Feature", "properties": {"station_name": "宮の坂", "station_code": "003989"}, "geometry": {"type": "Point", "coordinates": [139.64492, 35.64755]}}, {"type": "Feature", "properties": {"station_name": "山下", "station_code": "003957"}, "geometry": {"type": "Point", "coordinates": [139.64643714285714, 35.654245714285715]}}, {"type": "Feature", "properties": {"station_name": "世田谷", "station_code": "004021"}, "geometry": {"type": "Point", "coordinates": [139.65084000000002, 35.643495]}}, {"type": "Feature", "properties": {"station_name": "松原", "station_code": "003915"}, "geometry": {"type": "Point", "coordinates": [139.64189499999998, 35.6602]}}, {"type": "Feature", "properties": {"station_name": "松陰神社前", "station_code": "004017"}, "geometry": {"type": "Point", "coordinates": [139.65499, 35.643885]}}, {"type": "Feature", "properties": {"station_name": "三軒茶屋", "station_code": "004016"}, "geometry": {"type": "Point", "coordinates": [139.669185, 35.644104999999996]}}, {"type": "Feature", "properties": {"station_name": "上町", "station_code": "004020"}, "geometry": {"type": "Point", "coordinates": [139.6463775, 35.6436]}}, {"type": "Feature", "properties": {"station_name": "西太子堂", "station_code": "004006"}, "geometry": {"type": "Point", "coordinates": [139.66635, 35.64452]}}, {"type": "Feature", "properties": {"station_name": "大井町", "station_code": "004193"}, "geometry": {"type": "Point", "coordinates": [139.73401, 35.60771666666667]}}, {"type": "Feature", "properties": {"station_name": "戸越公園", "station_code": "004186"}, "geometry": {"type": "Point", "coordinates": [139.71839, 35.60893]}}, {"type": "Feature", "properties": {"station_name": "下神明", "station_code": "004188"}, "geometry": {"type": "Point", "coordinates": [139.72631, 35.60871]}}, {"type": "Feature", "properties": {"station_name": "二子玉川", "station_code": "004177"}, "geometry": {"type": "Point", "coordinates": [139.626494, 35.611515]}}, {"type": "Feature", "properties": {"station_name": "北千束", "station_code": "004212"}, "geometry": {"type": "Point", "coordinates": [139.69326999999998, 35.60628]}}, {"type": "Feature", "properties": {"station_name": "上野毛", "station_code": "004175"}, "geometry": {"type": "Point", "coordinates": [139.63891333333333, 35.61199]}}, {"type": "Feature", "properties": {"station_name": "旗の台", "station_code": "004221"}, "geometry": {"type": "Point", "coordinates": [139.70221, 35.604929999999996]}}, {"type": "Feature", "properties": {"station_name": "等々力", "station_code": "004191"}, "geometry": {"type": "Point", "coordinates": [139.64796, 35.60837]}}, {"type": "Feature", "properties": {"station_name": "緑が丘", "station_code": "004210"}, "geometry": {"type": "Point", "coordinates": [139.67915, 35.606475]}}, {"type": "Feature", "properties": {"station_name": "九品仏", "station_code": "004216"}, "geometry": {"type": "Point", "coordinates": [139.66101, 35.605375]}}, {"type": "Feature", "properties": {"station_name": "大岡山", "station_code": "004202"}, "geometry": {"type": "Point", "coordinates": [139.68485666666666, 35.60707]}}, {"type": "Feature", "properties": {"station_name": "自由が丘", "station_code": "004196"}, "geometry": {"type": "Point", "coordinates": [139.66897, 35.607395]}}, {"type": "Feature", "properties": {"station_name": "中延", "station_code": "004215"}, "geometry": {"type": "Point", "coordinates": [139.71255, 35.605720000000005]}}, {"type": "Feature", "properties": {"station_name": "尾山台", "station_code": "004205"}, "geometry": {"type": "Point", "coordinates": [139.65412, 35.606935]}}, {"type": "Feature", "properties": {"station_name": "荏原町", "station_code": "004225"}, "geometry": {"type": "Point", "coordinates": [139.707545, 35.603809999999996]}}, {"type": "Feature", "properties": {"station_name": "大崎広小路", "station_code": "004127"}, "geometry": {"type": "Point", "coordinates": [139.722355, 35.622305]}}, {"type": "Feature", "properties": {"station_name": "五反田", "station_code": "004117"}, "geometry": {"type": "Point", "coordinates": [139.72406666666666, 35.62507]}}, {"type": "Feature", "properties": {"station_name": "戸越銀座", "station_code": "004155"}, "geometry": {"type": "Point", "coordinates": [139.715, 35.61601]}}, {"type": "Feature", "properties": {"station_name": "旗の台", "station_code": "004219"}, "geometry": {"type": "Point", "coordinates": [139.703315, 35.605135000000004]}}, {"type": "Feature", "properties": {"station_name": "荏原中延", "station_code": "004181"}, "geometry": {"type": "Point", "coordinates": [139.71203, 35.609899999999996]}}, {"type": "Feature", "properties": {"station_name": "雪が谷大塚", "station_code": "004259"}, "geometry": {"type": "Point", "coordinates": [139.681125, 35.591965]}}, {"type": "Feature", "properties": {"station_name": "石川台", "station_code": "004247"}, "geometry": {"type": "Point", "coordinates": [139.68509, 35.59686]}}, {"type": "Feature", "properties": {"station_name": "御嶽山", "station_code": "004273"}, "geometry": {"type": "Point", "coordinates": [139.68242, 35.58515333333333]}}, {"type": "Feature", "properties": {"station_name": "長原", "station_code": "004232"}, "geometry": {"type": "Point", "coordinates": [139.69797, 35.60223]}}, {"type": "Feature", "properties": {"station_name": "洗足池", "station_code": "004239"}, "geometry": {"type": "Point", "coordinates": [139.690925, 35.599675000000005]}}, {"type": "Feature", "properties": {"station_name": "蓮沼", "station_code": "004323"}, "geometry": {"type": "Point", "coordinates": [139.7086, 35.563959999999994]}}, {"type": "Feature", "properties": {"station_name": "久が原", "station_code": "004292"}, "geometry": {"type": "Point", "coordinates": [139.68567000000002, 35.579454999999996]}}, {"type": "Feature", "properties": {"station_name": "池上", "station_code": "004309"}, "geometry": {"type": "Point", "coordinates": [139.7028425, 35.571945]}}, {"type": "Feature", "properties": {"station_name": "蒲田", "station_code": "004330"}, "geometry": {"type": "Point", "coordinates": [139.71459, 35.56177]}}, {"type": "Feature", "properties": {"station_name": "千鳥町", "station_code": "004305"}, "geometry": {"type": "Point", "coordinates": [139.69142, 35.573]}}, {"type": "Feature", "properties": {"station_name": "渋谷", "station_code": "003923"}, "geometry": {"type": "Point", "coordinates": [139.701035, 35.65945]}}, {"type": "Feature", "properties": {"station_name": "三軒茶屋", "station_code": "004022"}, "geometry": {"type": "Point", "coordinates": [139.67115833333332, 35.643343333333334]}}, {"type": "Feature", "properties": {"station_name": "二子玉川", "station_code": "004178"}, "geometry": {"type": "Point", "coordinates": [139.626494, 35.611515]}}, {"type": "Feature", "properties": {"station_name": "二子新地", "station_code": "004198"}, "geometry": {"type": "Point", "coordinates": [139.62268333333333, 35.60727333333333]}}, {"type": "Feature", "properties": {"station_name": "駒沢大学", "station_code": "004069"}, "geometry": {"type": "Point", "coordinates": [139.66096499999998, 35.633035]}}, {"type": "Feature", "properties": {"station_name": "梶が谷", "station_code": "004257"}, "geometry": {"type": "Point", "coordinates": [139.6057175, 35.593785]}}, {"type": "Feature", "properties": {"station_name": "高津", "station_code": "004230"}, "geometry": {"type": "Point", "coordinates": [139.617665, 35.60346]}}, {"type": "Feature", "properties": {"station_name": "用賀", "station_code": "004109"}, "geometry": {"type": "Point", "coordinates": [139.63424666666666, 35.62658]}}, {"type": "Feature", "properties": {"station_name": "宮崎台", "station_code": "004271"}, "geometry": {"type": "Point", "coordinates": [139.59085000000002, 35.587089999999996]}}, {"type": "Feature", "properties": {"station_name": "池尻大橋", "station_code": "003972"}, "geometry": {"type": "Point", "coordinates": [139.68471, 35.65071]}}, {"type": "Feature", "properties": {"station_name": "宮前平", "station_code": "004274"}, "geometry": {"type": "Point", "coordinates": [139.582255, 35.58496]}}, {"type": "Feature", "properties": {"station_name": "桜新町", "station_code": "004078"}, "geometry": {"type": "Point", "coordinates": [139.64536666666666, 35.6317]}}, {"type": "Feature", "properties": {"station_name": "溝の口", "station_code": "004238"}, "geometry": {"type": "Point", "coordinates": [139.61054, 35.59977714285714]}}, {"type": "Feature", "properties": {"station_name": "青葉台", "station_code": "004392"}, "geometry": {"type": "Point", "coordinates": [139.5173, 35.542855]}}, {"type": "Feature", "properties": {"station_name": "つきみ野", "station_code": "004486"}, "geometry": {"type": "Point", "coordinates": [139.45855666666668, 35.51051666666667]}}, {"type": "Feature", "properties": {"station_name": "市が尾", "station_code": "004360"}, "geometry": {"type": "Point", "coordinates": [139.54126, 35.551265]}}, {"type": "Feature", "properties": {"station_name": "中央林間", "station_code": "004500"}, "geometry": {"type": "Point", "coordinates": [139.445115, 35.50781]}}, {"type": "Feature", "properties": {"station_name": "長津田", "station_code": "004430"}, "geometry": {"type": "Point", "coordinates": [139.494245, 35.53183]}}, {"type": "Feature", "properties": {"station_name": "たまプラーザ", "station_code": "004296"}, "geometry": {"type": "Point", "coordinates": [139.55865, 35.577405]}}, {"type": "Feature", "properties": {"station_name": "あざみ野", "station_code": "004314"}, "geometry": {"type": "Point", "coordinates": [139.55354666666668, 35.56878]}}, {"type": "Feature", "properties": {"station_name": "すずかけ台", "station_code": "004466"}, "geometry": {"type": "Point", "coordinates": [139.48174749999998, 35.5170975]}}, {"type": "Feature", "properties": {"station_name": "田奈", "station_code": "004412"}, "geometry": {"type": "Point", "coordinates": [139.5045925, 35.5359225]}}, {"type": "Feature", "properties": {"station_name": "藤が丘", "station_code": "004391"}, "geometry": {"type": "Point", "coordinates": [139.52758, 35.5434]}}, {"type": "Feature", "properties": {"station_name": "鷺沼", "station_code": "004290"}, "geometry": {"type": "Point", "coordinates": [139.573025, 35.5796125]}}, {"type": "Feature", "properties": {"station_name": "江田", "station_code": "004340"}, "geometry": {"type": "Point", "coordinates": [139.55140999999998, 35.558535]}}, {"type": "Feature", "properties": {"station_name": "つくし野", "station_code": "004441"}, "geometry": {"type": "Point", "coordinates": [139.48494, 35.527065]}}, {"type": "Feature", "properties": {"station_name": "南町田グランベリーパーク", "station_code": "004484"}, "geometry": {"type": "Point", "coordinates": [139.47044, 35.511515]}}, {"type": "Feature", "properties": {"station_name": "多摩川", "station_code": "004262"}, "geometry": {"type": "Point", "coordinates": [139.66872, 35.5895275]}}, {"type": "Feature", "properties": {"station_name": "代官山", "station_code": "003985"}, "geometry": {"type": "Point", "coordinates": [139.70349, 35.64825]}}, {"type": "Feature", "properties": {"station_name": "中目黒", "station_code": "004015"}, "geometry": {"type": "Point", "coordinates": [139.6989275, 35.6441875]}}, {"type": "Feature", "properties": {"station_name": "祐天寺", "station_code": "004050"}, "geometry": {"type": "Point", "coordinates": [139.69074999999998, 35.63717]}}, {"type": "Feature", "properties": {"station_name": "自由が丘", "station_code": "004199"}, "geometry": {"type": "Point", "coordinates": [139.6687125, 35.6072975]}}, {"type": "Feature", "properties": {"station_name": "学芸大学", "station_code": "004094"}, "geometry": {"type": "Point", "coordinates": [139.68524, 35.62877]}}, {"type": "Feature", "properties": {"station_name": "都立大学", "station_code": "004143"}, "geometry": {"type": "Point", "coordinates": [139.67644, 35.617850000000004]}}, {"type": "Feature", "properties": {"station_name": "渋谷", "station_code": "003926"}, "geometry": {"type": "Point", "coordinates": [139.70258433333333, 35.659098666666665]}}, {"type": "Feature", "properties": {"station_name": "田園調布", "station_code": "004245"}, "geometry": {"type": "Point", "coordinates": [139.667285, 35.59729]}}, {"type": "Feature", "properties": {"station_name": "反町", "station_code": "004608"}, "geometry": {"type": "Point", "coordinates": [139.625358, 35.47421799999999]}}, {"type": "Feature", "properties": {"station_name": "綱島", "station_code": "004406"}, "geometry": {"type": "Point", "coordinates": [139.634795, 35.536815000000004]}}, {"type": "Feature", "properties": {"station_name": "元住吉", "station_code": "004322"}, "geometry": {"type": "Point", "coordinates": [139.654715, 35.565704999999994]}}, {"type": "Feature", "properties": {"station_name": "大倉山", "station_code": "004452"}, "geometry": {"type": "Point", "coordinates": [139.629824, 35.5225]}}, {"type": "Feature", "properties": {"station_name": "武蔵小杉", "station_code": "004298"}, "geometry": {"type": "Point", "coordinates": [139.65972666666667, 35.575943333333335]}}, {"type": "Feature", "properties": {"station_name": "横浜", "station_code": "004628"}, "geometry": {"type": "Point", "coordinates": [139.62234999999998, 35.466435000000004]}}, {"type": "Feature", "properties": {"station_name": "日吉", "station_code": "004351"}, "geometry": {"type": "Point", "coordinates": [139.64703, 35.55399]}}, {"type": "Feature", "properties": {"station_name": "菊名", "station_code": "004487"}, "geometry": {"type": "Point", "coordinates": [139.63130666666666, 35.510513333333336]}}, {"type": "Feature", "properties": {"station_name": "新丸子", "station_code": "004287"}, "geometry": {"type": "Point", "coordinates": [139.66194000000002, 35.58046]}}, {"type": "Feature", "properties": {"station_name": "東白楽", "station_code": "004572"}, "geometry": {"type": "Point", "coordinates": [139.629525, 35.4834]}}, {"type": "Feature", "properties": {"station_name": "白楽", "station_code": "004554"}, "geometry": {"type": "Point", "coordinates": [139.62792142857143, 35.48950285714285]}}, {"type": "Feature", "properties": {"station_name": "妙蓮寺", "station_code": "004528"}, "geometry": {"type": "Point", "coordinates": [139.633305, 35.498775]}}, {"type": "Feature", "properties": {"station_name": "多摩川", "station_code": "004261"}, "geometry": {"type": "Point", "coordinates": [139.66876, 35.58941]}}, {"type": "Feature", "properties": {"station_name": "沼部", "station_code": "004279"}, "geometry": {"type": "Point", "coordinates": [139.67317, 35.58249]}}, {"type": "Feature", "properties": {"station_name": "武蔵新田", "station_code": "004317"}, "geometry": {"type": "Point", "coordinates": [139.692435, 35.567755000000005]}}, {"type": "Feature", "properties": {"station_name": "矢口渡", "station_code": "004329"}, "geometry": {"type": "Point", "coordinates": [139.70033999999998, 35.56245]}}, {"type": "Feature", "properties": {"station_name": "鵜の木", "station_code": "004299"}, "geometry": {"type": "Point", "coordinates": [139.68054999999998, 35.575385]}}, {"type": "Feature", "properties": {"station_name": "蒲田", "station_code": "004333"}, "geometry": {"type": "Point", "coordinates": [139.71468000000002, 35.56165]}}, {"type": "Feature", "properties": {"station_name": "下丸子", "station_code": "004310"}, "geometry": {"type": "Point", "coordinates": [139.68549000000002, 35.571325]}}, {"type": "Feature", "properties": {"station_name": "目黒", "station_code": "004074"}, "geometry": {"type": "Point", "coordinates": [139.71566, 35.632485]}}, {"type": "Feature", "properties": {"station_name": "田園調布", "station_code": "004246"}, "geometry": {"type": "Point", "coordinates": [139.667285, 35.59729]}}, {"type": "Feature", "properties": {"station_name": "不動前", "station_code": "004114"}, "geometry": {"type": "Point", "coordinates": [139.71315, 35.62542333333334]}}, {"type": "Feature", "properties": {"station_name": "洗足", "station_code": "004180"}, "geometry": {"type": "Point", "coordinates": [139.69410499999998, 35.61009]}}, {"type": "Feature", "properties": {"station_name": "奥沢", "station_code": "004223"}, "geometry": {"type": "Point", "coordinates": [139.67241, 35.603944999999996]}}, {"type": "Feature", "properties": {"station_name": "西小山", "station_code": "004157"}, "geometry": {"type": "Point", "coordinates": [139.69871, 35.615435000000005]}}, {"type": "Feature", "properties": {"station_name": "武蔵小山", "station_code": "004133"}, "geometry": {"type": "Point", "coordinates": [139.70447000000001, 35.620509999999996]}}, {"type": "Feature", "properties": {"station_name": "大岡山", "station_code": "004200"}, "geometry": {"type": "Point", "coordinates": [139.68482666666668, 35.6072]}}, {"type": "Feature", "properties": {"station_name": "仲御徒町", "station_code": "003560"}, "geometry": {"type": "Point", "coordinates": [139.77618999999999, 35.706655]}}, {"type": "Feature", "properties": {"station_name": "入谷", "station_code": "003469"}, "geometry": {"type": "Point", "coordinates": [139.78455, 35.720675]}}, {"type": "Feature", "properties": {"station_name": "南千住", "station_code": "003369"}, "geometry": {"type": "Point", "coordinates": [139.79878, 35.73231]}}, {"type": "Feature", "properties": {"station_name": "上野", "station_code": "003517"}, "geometry": {"type": "Point", "coordinates": [139.77698600000002, 35.711462]}}, {"type": "Feature", "properties": {"station_name": "三ノ輪", "station_code": "003399"}, "geometry": {"type": "Point", "coordinates": [139.791165, 35.729285000000004]}}, {"type": "Feature", "properties": {"station_name": "秋葉原", "station_code": "003629"}, "geometry": {"type": "Point", "coordinates": [139.77552666666668, 35.69793]}}, {"type": "Feature", "properties": {"station_name": "北千住", "station_code": "003257"}, "geometry": {"type": "Point", "coordinates": [139.8055625, 35.74981]}}, {"type": "Feature", "properties": {"station_name": "神谷町", "station_code": "003900"}, "geometry": {"type": "Point", "coordinates": [139.74472500000002, 35.662625]}}, {"type": "Feature", "properties": {"station_name": "銀座", "station_code": "003823"}, "geometry": {"type": "Point", "coordinates": [139.763958, 35.672016]}}, {"type": "Feature", "properties": {"station_name": "広尾", "station_code": "003969"}, "geometry": {"type": "Point", "coordinates": [139.72219333333334, 35.651783333333334]}}, {"type": "Feature", "properties": {"station_name": "東銀座", "station_code": "003843"}, "geometry": {"type": "Point", "coordinates": [139.76741166666667, 35.66932333333333]}}, {"type": "Feature", "properties": {"station_name": "霞ヶ関", "station_code": "003805"}, "geometry": {"type": "Point", "coordinates": [139.75106, 35.673874999999995]}}, {"type": "Feature", "properties": {"station_name": "人形町", "station_code": "003722"}, "geometry": {"type": "Point", "coordinates": [139.782495, 35.686077499999996]}}, {"type": "Feature", "properties": {"station_name": "茅場町", "station_code": "003776"}, "geometry": {"type": "Point", "coordinates": [139.77966, 35.679140000000004]}}, {"type": "Feature", "properties": {"station_name": "六本木", "station_code": "003897"}, "geometry": {"type": "Point", "coordinates": [139.731155, 35.662800000000004]}}, {"type": "Feature", "properties": {"station_name": "小伝馬町", "station_code": "003692"}, "geometry": {"type": "Point", "coordinates": [139.77880799999997, 35.690364]}}, {"type": "Feature", "properties": {"station_name": "八丁堀", "station_code": "003797"}, "geometry": {"type": "Point", "coordinates": [139.77741999999998, 35.675509999999996]}}, {"type": "Feature", "properties": {"station_name": "築地", "station_code": "003860"}, "geometry": {"type": "Point", "coordinates": [139.77254833333333, 35.667985]}}, {"type": "Feature", "properties": {"station_name": "日比谷", "station_code": "003802"}, "geometry": {"type": "Point", "coordinates": [139.7606925, 35.6742075]}}, {"type": "Feature", "properties": {"station_name": "恵比寿", "station_code": "003991"}, "geometry": {"type": "Point", "coordinates": [139.70856, 35.646915]}}, {"type": "Feature", "properties": {"station_name": "中目黒", "station_code": "004014"}, "geometry": {"type": "Point", "coordinates": [139.6989275, 35.6441875]}}, {"type": "Feature", "properties": {"station_name": "上野", "station_code": "003515"}, "geometry": {"type": "Point", "coordinates": [139.77535749999998, 35.7117625]}}, {"type": "Feature", "properties": {"station_name": "浅草", "station_code": "003522"}, "geometry": {"type": "Point", "coordinates": [139.79776666666666, 35.71073666666667]}}, {"type": "Feature", "properties": {"station_name": "末広町", "station_code": "003586"}, "geometry": {"type": "Point", "coordinates": [139.77176999999998, 35.70284]}}, {"type": "Feature", "properties": {"station_name": "稲荷町", "station_code": "003519"}, "geometry": {"type": "Point", "coordinates": [139.78212, 35.71140333333333]}}, {"type": "Feature", "properties": {"station_name": "田原町", "station_code": "003530"}, "geometry": {"type": "Point", "coordinates": [139.79034666666666, 35.70990666666666]}}, {"type": "Feature", "properties": {"station_name": "上野広小路", "station_code": "003545"}, "geometry": {"type": "Point", "coordinates": [139.77296666666666, 35.7076]}}, {"type": "Feature", "properties": {"station_name": "虎ノ門", "station_code": "003835"}, "geometry": {"type": "Point", "coordinates": [139.75012, 35.670159999999996]}}, {"type": "Feature", "properties": {"station_name": "外苑前", "station_code": "003834"}, "geometry": {"type": "Point", "coordinates": [139.717825, 35.670375]}}, {"type": "Feature", "properties": {"station_name": "日本橋", "station_code": "003759"}, "geometry": {"type": "Point", "coordinates": [139.77335000000002, 35.68190333333333]}}, {"type": "Feature", "properties": {"station_name": "溜池山王", "station_code": "003826"}, "geometry": {"type": "Point", "coordinates": [139.74189, 35.671546666666664]}}, {"type": "Feature", "properties": {"station_name": "銀座", "station_code": "003827"}, "geometry": {"type": "Point", "coordinates": [139.76527666666667, 35.671413333333334]}}, {"type": "Feature", "properties": {"station_name": "青山一丁目", "station_code": "003817"}, "geometry": {"type": "Point", "coordinates": [139.72411666666667, 35.672779999999996]}}, {"type": "Feature", "properties": {"station_name": "京橋", "station_code": "003792"}, "geometry": {"type": "Point", "coordinates": [139.77017, 35.6767975]}}, {"type": "Feature", "properties": {"station_name": "新橋", "station_code": "003864"}, "geometry": {"type": "Point", "coordinates": [139.75819166666668, 35.66748833333333]}}, {"type": "Feature", "properties": {"station_name": "神田", "station_code": "003666"}, "geometry": {"type": "Point", "coordinates": [139.77089, 35.693715]}}, {"type": "Feature", "properties": {"station_name": "赤坂見附", "station_code": "003788"}, "geometry": {"type": "Point", "coordinates": [139.737365, 35.6768325]}}, {"type": "Feature", "properties": {"station_name": "三越前", "station_code": "003716"}, "geometry": {"type": "Point", "coordinates": [139.7735925, 35.687152499999996]}}, {"type": "Feature", "properties": {"station_name": "表参道", "station_code": "003885"}, "geometry": {"type": "Point", "coordinates": [139.71249, 35.665063333333336]}}, {"type": "Feature", "properties": {"station_name": "渋谷", "station_code": "003924"}, "geometry": {"type": "Point", "coordinates": [139.702705, 35.659107]}}, {"type": "Feature", "properties": {"station_name": "後楽園", "station_code": "003550"}, "geometry": {"type": "Point", "coordinates": [139.75106, 35.707315]}}, {"type": "Feature", "properties": {"station_name": "御茶ノ水", "station_code": "003605"}, "geometry": {"type": "Point", "coordinates": [139.764405, 35.70043]}}, {"type": "Feature", "properties": {"station_name": "本郷三丁目", "station_code": "003559"}, "geometry": {"type": "Point", "coordinates": [139.76011000000003, 35.70675333333333]}}, {"type": "Feature", "properties": {"station_name": "新高円寺", "station_code": "003632"}, "geometry": {"type": "Point", "coordinates": [139.64851, 35.69786]}}, {"type": "Feature", "properties": {"station_name": "南阿佐ヶ谷", "station_code": "003619"}, "geometry": {"type": "Point", "coordinates": [139.635575, 35.699455]}}, {"type": "Feature", "properties": {"station_name": "荻窪", "station_code": "003577"}, "geometry": {"type": "Point", "coordinates": [139.61975999999999, 35.704175]}}, {"type": "Feature", "properties": {"station_name": "茗荷谷", "station_code": "003484"}, "geometry": {"type": "Point", "coordinates": [139.736895, 35.7172]}}, {"type": "Feature", "properties": {"station_name": "新中野", "station_code": "003638"}, "geometry": {"type": "Point", "coordinates": [139.66951, 35.697475]}}, {"type": "Feature", "properties": {"station_name": "東高円寺", "station_code": "003628"}, "geometry": {"type": "Point", "coordinates": [139.658295, 35.697964999999996]}}, {"type": "Feature", "properties": {"station_name": "池袋", "station_code": "003389"}, "geometry": {"type": "Point", "coordinates": [139.71115, 35.730345]}}, {"type": "Feature", "properties": {"station_name": "新大塚", "station_code": "003431"}, "geometry": {"type": "Point", "coordinates": [139.72940666666668, 35.72609333333333]}}, {"type": "Feature", "properties": {"station_name": "中野坂上", "station_code": "003643"}, "geometry": {"type": "Point", "coordinates": [139.682205, 35.697085]}}, {"type": "Feature", "properties": {"station_name": "東京", "station_code": "003758"}, "geometry": {"type": "Point", "coordinates": [139.76479999999998, 35.681934999999996]}}, {"type": "Feature", "properties": {"station_name": "国会議事堂前", "station_code": "003799"}, "geometry": {"type": "Point", "coordinates": [139.7453416666667, 35.674845]}}, {"type": "Feature", "properties": {"station_name": "淡路町", "station_code": "003661"}, "geometry": {"type": "Point", "coordinates": [139.76745499999998, 35.694869999999995]}}, {"type": "Feature", "properties": {"station_name": "四谷三丁目", "station_code": "003713"}, "geometry": {"type": "Point", "coordinates": [139.719325, 35.687835]}}, {"type": "Feature", "properties": {"station_name": "銀座", "station_code": "003809"}, "geometry": {"type": "Point", "coordinates": [139.7639025, 35.673195]}}, {"type": "Feature", "properties": {"station_name": "霞ヶ関", "station_code": "003803"}, "geometry": {"type": "Point", "coordinates": [139.75268, 35.674234999999996]}}, {"type": "Feature", "properties": {"station_name": "四ツ谷", "station_code": "003740"}, "geometry": {"type": "Point", "coordinates": [139.73004, 35.68425125]}}, {"type": "Feature", "properties": {"station_name": "大手町", "station_code": "003717"}, "geometry": {"type": "Point", "coordinates": [139.76617666666667, 35.68677]}}, {"type": "Feature", "properties": {"station_name": "赤坂見附", "station_code": "003789"}, "geometry": {"type": "Point", "coordinates": [139.737365, 35.6768325]}}, {"type": "Feature", "properties": {"station_name": "西新宿", "station_code": "003662"}, "geometry": {"type": "Point", "coordinates": [139.69256000000001, 35.694514999999996]}}, {"type": "Feature", "properties": {"station_name": "新宿三丁目", "station_code": "003684"}, "geometry": {"type": "Point", "coordinates": [139.70421, 35.69118]}}, {"type": "Feature", "properties": {"station_name": "新宿御苑前", "station_code": "003707"}, "geometry": {"type": "Point", "coordinates": [139.710915, 35.688525]}}, {"type": "Feature", "properties": {"station_name": "新宿", "station_code": "003672"}, "geometry": {"type": "Point", "coordinates": [139.70059, 35.69244]}}, {"type": "Feature", "properties": {"station_name": "中野坂上", "station_code": "003644"}, "geometry": {"type": "Point", "coordinates": [139.682205, 35.697085]}}, {"type": "Feature", "properties": {"station_name": "中野新橋", "station_code": "003679"}, "geometry": {"type": "Point", "coordinates": [139.674005, 35.691697500000004]}}, {"type": "Feature", "properties": {"station_name": "方南町", "station_code": "003751"}, "geometry": {"type": "Point", "coordinates": [139.657935, 35.683515]}}, {"type": "Feature", "properties": {"station_name": "中野富士見町", "station_code": "003688"}, "geometry": {"type": "Point", "coordinates": [139.668155, 35.69082]}}, {"type": "Feature", "properties": {"station_name": "原木中山", "station_code": "003582"}, "geometry": {"type": "Point", "coordinates": [139.941915, 35.7033]}}, {"type": "Feature", "properties": {"station_name": "妙典", "station_code": "003686"}, "geometry": {"type": "Point", "coordinates": [139.924115, 35.690867499999996]}}, {"type": "Feature", "properties": {"station_name": "飯田橋", "station_code": "003596"}, "geometry": {"type": "Point", "coordinates": [139.7466557142857, 35.70133285714286]}}, {"type": "Feature", "properties": {"station_name": "中野", "station_code": "003569"}, "geometry": {"type": "Point", "coordinates": [139.665605, 35.70574]}}, {"type": "Feature", "properties": {"station_name": "落合", "station_code": "003523"}, "geometry": {"type": "Point", "coordinates": [139.685965, 35.710634999999996]}}, {"type": "Feature", "properties": {"station_name": "神楽坂", "station_code": "003578"}, "geometry": {"type": "Point", "coordinates": [139.73452, 35.703865]}}, {"type": "Feature", "properties": {"station_name": "高田馬場", "station_code": "003506"}, "geometry": {"type": "Point", "coordinates": [139.70504499999998, 35.71328]}}, {"type": "Feature", "properties": {"station_name": "早稲田", "station_code": "003570"}, "geometry": {"type": "Point", "coordinates": [139.72219, 35.70568]}}, {"type": "Feature", "properties": {"station_name": "大手町", "station_code": "003738"}, "geometry": {"type": "Point", "coordinates": [139.76590666666667, 35.68472333333333]}}, {"type": "Feature", "properties": {"station_name": "茅場町", "station_code": "003773"}, "geometry": {"type": "Point", "coordinates": [139.77933666666667, 35.68032]}}, {"type": "Feature", "properties": {"station_name": "門前仲町", "station_code": "003824"}, "geometry": {"type": "Point", "coordinates": [139.79624800000002, 35.671828000000005]}}, {"type": "Feature", "properties": {"station_name": "木場", "station_code": "003840"}, "geometry": {"type": "Point", "coordinates": [139.80712333333335, 35.66935333333333]}}, {"type": "Feature", "properties": {"station_name": "浦安", "station_code": "003875"}, "geometry": {"type": "Point", "coordinates": [139.89314000000002, 35.665855]}}, {"type": "Feature", "properties": {"station_name": "九段下", "station_code": "003650"}, "geometry": {"type": "Point", "coordinates": [139.751265, 35.696085000000004]}}, {"type": "Feature", "properties": {"station_name": "竹橋", "station_code": "003691"}, "geometry": {"type": "Point", "coordinates": [139.75767000000002, 35.69044]}}, {"type": "Feature", "properties": {"station_name": "葛西", "station_code": "003894"}, "geometry": {"type": "Point", "coordinates": [139.87230875, 35.66363]}}, {"type": "Feature", "properties": {"station_name": "南砂町", "station_code": "003854"}, "geometry": {"type": "Point", "coordinates": [139.831695, 35.668414999999996]}}, {"type": "Feature", "properties": {"station_name": "行徳", "station_code": "003755"}, "geometry": {"type": "Point", "coordinates": [139.9144625, 35.6828475]}}, {"type": "Feature", "properties": {"station_name": "南行徳", "station_code": "003819"}, "geometry": {"type": "Point", "coordinates": [139.9023975, 35.6728325]}}, {"type": "Feature", "properties": {"station_name": "西葛西", "station_code": "003890"}, "geometry": {"type": "Point", "coordinates": [139.859355, 35.66458333333333]}}, {"type": "Feature", "properties": {"station_name": "日本橋", "station_code": "003756"}, "geometry": {"type": "Point", "coordinates": [139.77397666666667, 35.68242333333333]}}, {"type": "Feature", "properties": {"station_name": "東陽町", "station_code": "003839"}, "geometry": {"type": "Point", "coordinates": [139.81768, 35.66959]}}, {"type": "Feature", "properties": {"station_name": "西船橋", "station_code": "003551"}, "geometry": {"type": "Point", "coordinates": [139.95875, 35.707315]}}, {"type": "Feature", "properties": {"station_name": "本駒込", "station_code": "003441"}, "geometry": {"type": "Point", "coordinates": [139.75380333333334, 35.72441333333333]}}, {"type": "Feature", "properties": {"station_name": "飯田橋", "station_code": "003595"}, "geometry": {"type": "Point", "coordinates": [139.74369142857142, 35.70149]}}, {"type": "Feature", "properties": {"station_name": "後楽園", "station_code": "003542"}, "geometry": {"type": "Point", "coordinates": [139.75178666666667, 35.70842666666667]}}, {"type": "Feature", "properties": {"station_name": "西ヶ原", "station_code": "003279"}, "geometry": {"type": "Point", "coordinates": [139.74226, 35.745945]}}, {"type": "Feature", "properties": {"station_name": "駒込", "station_code": "003348"}, "geometry": {"type": "Point", "coordinates": [139.74685333333332, 35.73601]}}, {"type": "Feature", "properties": {"station_name": "東大前", "station_code": "003481"}, "geometry": {"type": "Point", "coordinates": [139.757832, 35.718112]}}, {"type": "Feature", "properties": {"station_name": "王子", "station_code": "003236"}, "geometry": {"type": "Point", "coordinates": [139.7374111111111, 35.75438666666666]}}, {"type": "Feature", "properties": {"station_name": "志茂", "station_code": "003153"}, "geometry": {"type": "Point", "coordinates": [139.73250000000002, 35.778025]}}, {"type": "Feature", "properties": {"station_name": "王子神谷", "station_code": "003207"}, "geometry": {"type": "Point", "coordinates": [139.7357, 35.76509]}}, {"type": "Feature", "properties": {"station_name": "赤羽岩淵", "station_code": "003141"}, "geometry": {"type": "Point", "coordinates": [139.72211, 35.783355]}}, {"type": "Feature", "properties": {"station_name": "永田町", "station_code": "003782"}, "geometry": {"type": "Point", "coordinates": [139.739238, 35.678364]}}, {"type": "Feature", "properties": {"station_name": "四ツ谷", "station_code": "003723"}, "geometry": {"type": "Point", "coordinates": [139.72966, 35.68597666666667]}}, {"type": "Feature", "properties": {"station_name": "麻布十番", "station_code": "003955"}, "geometry": {"type": "Point", "coordinates": [139.73704500000002, 35.65481]}}, {"type": "Feature", "properties": {"station_name": "溜池山王", "station_code": "003810"}, "geometry": {"type": "Point", "coordinates": [139.74129000000002, 35.67293333333333]}}, {"type": "Feature", "properties": {"station_name": "市ヶ谷", "station_code": "003670"}, "geometry": {"type": "Point", "coordinates": [139.7364575, 35.693025]}}, {"type": "Feature", "properties": {"station_name": "六本木一丁目", "station_code": "003884"}, "geometry": {"type": "Point", "coordinates": [139.7389, 35.665075]}}, {"type": "Feature", "properties": {"station_name": "白金高輪", "station_code": "004026"}, "geometry": {"type": "Point", "coordinates": [139.734285, 35.643145000000004]}}, {"type": "Feature", "properties": {"station_name": "飯田橋", "station_code": "003598"}, "geometry": {"type": "Point", "coordinates": [139.7433075, 35.701475]}}, {"type": "Feature", "properties": {"station_name": "池袋", "station_code": "003379"}, "geometry": {"type": "Point", "coordinates": [139.70772, 35.731480000000005]}}, {"type": "Feature", "properties": {"station_name": "千川", "station_code": "003325"}, "geometry": {"type": "Point", "coordinates": [139.6894, 35.738175]}}, {"type": "Feature", "properties": {"station_name": "地下鉄成増", "station_code": "003163"}, "geometry": {"type": "Point", "coordinates": [139.63117, 35.776740000000004]}}, {"type": "Feature", "properties": {"station_name": "東池袋", "station_code": "003432"}, "geometry": {"type": "Point", "coordinates": [139.718865, 35.72595]}}, {"type": "Feature", "properties": {"station_name": "池袋", "station_code": "003400"}, "geometry": {"type": "Point", "coordinates": [139.71088500000002, 35.729185]}}, {"type": "Feature", "properties": {"station_name": "江戸川橋", "station_code": "003534"}, "geometry": {"type": "Point", "coordinates": [139.73413, 35.709295]}}, {"type": "Feature", "properties": {"station_name": "平和台", "station_code": "003228"}, "geometry": {"type": "Point", "coordinates": [139.65429999999998, 35.757554999999996]}}, {"type": "Feature", "properties": {"station_name": "小竹向原", "station_code": "003295"}, "geometry": {"type": "Point", "coordinates": [139.67952000000002, 35.743395]}}, {"type": "Feature", "properties": {"station_name": "氷川台", "station_code": "003261"}, "geometry": {"type": "Point", "coordinates": [139.66547, 35.74962]}}, {"type": "Feature", "properties": {"station_name": "護国寺", "station_code": "003474"}, "geometry": {"type": "Point", "coordinates": [139.72744999999998, 35.71918]}}, {"type": "Feature", "properties": {"station_name": "要町", "station_code": "003362"}, "geometry": {"type": "Point", "coordinates": [139.69848000000002, 35.733215]}}, {"type": "Feature", "properties": {"station_name": "地下鉄赤塚", "station_code": "003186"}, "geometry": {"type": "Point", "coordinates": [139.64359666666667, 35.77021666666667]}}, {"type": "Feature", "properties": {"station_name": "和光市", "station_code": "003123"}, "geometry": {"type": "Point", "coordinates": [139.612865, 35.78835]}}, {"type": "Feature", "properties": {"station_name": "新富町", "station_code": "003833"}, "geometry": {"type": "Point", "coordinates": [139.77377333333334, 35.67045666666667]}}, {"type": "Feature", "properties": {"station_name": "麹町", "station_code": "003737"}, "geometry": {"type": "Point", "coordinates": [139.73735, 35.684785000000005]}}, {"type": "Feature", "properties": {"station_name": "市ヶ谷", "station_code": "003671"}, "geometry": {"type": "Point", "coordinates": [139.73701499999999, 35.69276]}}, {"type": "Feature", "properties": {"station_name": "豊洲", "station_code": "003951"}, "geometry": {"type": "Point", "coordinates": [139.79602, 35.65512833333333]}}, {"type": "Feature", "properties": {"station_name": "有楽町", "station_code": "003795"}, "geometry": {"type": "Point", "coordinates": [139.762342, 35.675962]}}, {"type": "Feature", "properties": {"station_name": "月島", "station_code": "003889"}, "geometry": {"type": "Point", "coordinates": [139.78452333333334, 35.6646]}}, {"type": "Feature", "properties": {"station_name": "桜田門", "station_code": "003787"}, "geometry": {"type": "Point", "coordinates": [139.751814, 35.677442]}}, {"type": "Feature", "properties": {"station_name": "銀座一丁目", "station_code": "003801"}, "geometry": {"type": "Point", "coordinates": [139.76681499999998, 35.67449833333333]}}, {"type": "Feature", "properties": {"station_name": "辰巳", "station_code": "003999"}, "geometry": {"type": "Point", "coordinates": [139.81033, 35.645775]}}, {"type": "Feature", "properties": {"station_name": "新木場", "station_code": "003998"}, "geometry": {"type": "Point", "coordinates": [139.82660499999997, 35.64578]}}, {"type": "Feature", "properties": {"station_name": "永田町", "station_code": "003784"}, "geometry": {"type": "Point", "coordinates": [139.74189666666666, 35.677861666666665]}}, {"type": "Feature", "properties": {"station_name": "西日暮里", "station_code": "003368"}, "geometry": {"type": "Point", "coordinates": [139.76696333333334, 35.73239]}}, {"type": "Feature", "properties": {"station_name": "千駄木", "station_code": "003434"}, "geometry": {"type": "Point", "coordinates": [139.763375, 35.7259875]}}, {"type": "Feature", "properties": {"station_name": "新御茶ノ水", "station_code": "003645"}, "geometry": {"type": "Point", "coordinates": [139.76545, 35.696925]}}, {"type": "Feature", "properties": {"station_name": "北綾瀬", "station_code": "003162"}, "geometry": {"type": "Point", "coordinates": [139.83209499999998, 35.77689]}}, {"type": "Feature", "properties": {"station_name": "町屋", "station_code": "003304"}, "geometry": {"type": "Point", "coordinates": [139.78010799999998, 35.74216199999999]}}, {"type": "Feature", "properties": {"station_name": "北千住", "station_code": "003264"}, "geometry": {"type": "Point", "coordinates": [139.80438666666666, 35.74912666666666]}}, {"type": "Feature", "properties": {"station_name": "湯島", "station_code": "003558"}, "geometry": {"type": "Point", "coordinates": [139.76998, 35.706786666666666]}}, {"type": "Feature", "properties": {"station_name": "根津", "station_code": "003483"}, "geometry": {"type": "Point", "coordinates": [139.76575000000003, 35.717325]}}, {"type": "Feature", "properties": {"station_name": "綾瀬", "station_code": "003214"}, "geometry": {"type": "Point", "coordinates": [139.82489, 35.762285000000006]}}, {"type": "Feature", "properties": {"station_name": "二重橋前", "station_code": "003772"}, "geometry": {"type": "Point", "coordinates": [139.76178, 35.680505]}}, {"type": "Feature", "properties": {"station_name": "日比谷", "station_code": "003804"}, "geometry": {"type": "Point", "coordinates": [139.75876499999998, 35.673955]}}, {"type": "Feature", "properties": {"station_name": "乃木坂", "station_code": "003868"}, "geometry": {"type": "Point", "coordinates": [139.72621500000002, 35.6665925]}}, {"type": "Feature", "properties": {"station_name": "赤坂", "station_code": "003822"}, "geometry": {"type": "Point", "coordinates": [139.73644, 35.67211333333333]}}, {"type": "Feature", "properties": {"station_name": "大手町", "station_code": "003730"}, "geometry": {"type": "Point", "coordinates": [139.763285, 35.685249999999996]}}, {"type": "Feature", "properties": {"station_name": "国会議事堂前", "station_code": "003807"}, "geometry": {"type": "Point", "coordinates": [139.74305333333334, 35.673543333333335]}}, {"type": "Feature", "properties": {"station_name": "霞ヶ関", "station_code": "003820"}, "geometry": {"type": "Point", "coordinates": [139.75177000000002, 35.672560000000004]}}, {"type": "Feature", "properties": {"station_name": "代々木公園", "station_code": "003845"}, "geometry": {"type": "Point", "coordinates": [139.68965, 35.66912333333334]}}, {"type": "Feature", "properties": {"station_name": "表参道", "station_code": "003879"}, "geometry": {"type": "Point", "coordinates": [139.71140333333332, 35.665623333333336]}}, {"type": "Feature", "properties": {"station_name": "代々木上原", "station_code": "003847"}, "geometry": {"type": "Point", "coordinates": [139.6796325, 35.6688975]}}, {"type": "Feature", "properties": {"station_name": "明治神宮前", "station_code": "003844"}, "geometry": {"type": "Point", "coordinates": [139.70379666666668, 35.669183333333336]}}, {"type": "Feature", "properties": {"station_name": "押上", "station_code": "003540"}, "geometry": {"type": "Point", "coordinates": [139.81369, 35.70868333333333]}}, {"type": "Feature", "properties": {"station_name": "錦糸町", "station_code": "003639"}, "geometry": {"type": "Point", "coordinates": [139.81493666666668, 35.69770333333333]}}, {"type": "Feature", "properties": {"station_name": "神保町", "station_code": "003652"}, "geometry": {"type": "Point", "coordinates": [139.75782676999998, 35.69591476333333]}}, {"type": "Feature", "properties": {"station_name": "水天宮前", "station_code": "003753"}, "geometry": {"type": "Point", "coordinates": [139.7851275, 35.6830475]}}, {"type": "Feature", "properties": {"station_name": "九段下", "station_code": "003658"}, "geometry": {"type": "Point", "coordinates": [139.75121, 35.695519999999995]}}, {"type": "Feature", "properties": {"station_name": "住吉", "station_code": "003705"}, "geometry": {"type": "Point", "coordinates": [139.81568000000001, 35.6886025]}}, {"type": "Feature", "properties": {"station_name": "永田町", "station_code": "003781"}, "geometry": {"type": "Point", "coordinates": [139.73897, 35.67841666666667]}}, {"type": "Feature", "properties": {"station_name": "半蔵門", "station_code": "003729"}, "geometry": {"type": "Point", "coordinates": [139.741695, 35.685379999999995]}}, {"type": "Feature", "properties": {"station_name": "三越前", "station_code": "003735"}, "geometry": {"type": "Point", "coordinates": [139.7734375, 35.6848625]}}, {"type": "Feature", "properties": {"station_name": "大手町", "station_code": "003719"}, "geometry": {"type": "Point", "coordinates": [139.764905, 35.686745]}}, {"type": "Feature", "properties": {"station_name": "清澄白河", "station_code": "003757"}, "geometry": {"type": "Point", "coordinates": [139.79974166666668, 35.682115]}}, {"type": "Feature", "properties": {"station_name": "青山一丁目", "station_code": "003812"}, "geometry": {"type": "Point", "coordinates": [139.72404666666668, 35.67294666666667]}}, {"type": "Feature", "properties": {"station_name": "渋谷", "station_code": "003922"}, "geometry": {"type": "Point", "coordinates": [139.701035, 35.65945]}}, {"type": "Feature", "properties": {"station_name": "表参道", "station_code": "003883"}, "geometry": {"type": "Point", "coordinates": [139.7124, 35.66516333333333]}}, {"type": "Feature", "properties": {"station_name": "浅草", "station_code": "003537"}, "geometry": {"type": "Point", "coordinates": [139.796595, 35.70899]}}, {"type": "Feature", "properties": {"station_name": "蔵前", "station_code": "003583"}, "geometry": {"type": "Point", "coordinates": [139.791065, 35.7033225]}}, {"type": "Feature", "properties": {"station_name": "本所吾妻橋", "station_code": "003538"}, "geometry": {"type": "Point", "coordinates": [139.80447333333333, 35.70859333333333]}}, {"type": "Feature", "properties": {"station_name": "浅草橋", "station_code": "003636"}, "geometry": {"type": "Point", "coordinates": [139.786455, 35.697604999999996]}}, {"type": "Feature", "properties": {"station_name": "押上", "station_code": "003526"}, "geometry": {"type": "Point", "coordinates": [139.81241, 35.71022]}}, {"type": "Feature", "properties": {"station_name": "高輪台", "station_code": "004079"}, "geometry": {"type": "Point", "coordinates": [139.7301925, 35.631545]}}, {"type": "Feature", "properties": {"station_name": "三田", "station_code": "003987"}, "geometry": {"type": "Point", "coordinates": [139.749344, 35.647842]}}, {"type": "Feature", "properties": {"station_name": "戸越", "station_code": "004161"}, "geometry": {"type": "Point", "coordinates": [139.716375, 35.614425]}}, {"type": "Feature", "properties": {"station_name": "日本橋", "station_code": "003762"}, "geometry": {"type": "Point", "coordinates": [139.7757775, 35.681605000000005]}}, {"type": "Feature", "properties": {"station_name": "新橋", "station_code": "003888"}, "geometry": {"type": "Point", "coordinates": [139.7590175, 35.664915]}}, {"type": "Feature", "properties": {"station_name": "五反田", "station_code": "004107"}, "geometry": {"type": "Point", "coordinates": [139.72418499999998, 35.62711]}}, {"type": "Feature", "properties": {"station_name": "宝町", "station_code": "003796"}, "geometry": {"type": "Point", "coordinates": [139.772092, 35.675666]}}, {"type": "Feature", "properties": {"station_name": "泉岳寺", "station_code": "004042"}, "geometry": {"type": "Point", "coordinates": [139.73973, 35.638130000000004]}}, {"type": "Feature", "properties": {"station_name": "東銀座", "station_code": "003838"}, "geometry": {"type": "Point", "coordinates": [139.76715166666665, 35.66965166666667]}}, {"type": "Feature", "properties": {"station_name": "東日本橋", "station_code": "003676"}, "geometry": {"type": "Point", "coordinates": [139.78477875, 35.69171]}}, {"type": "Feature", "properties": {"station_name": "大門", "station_code": "003940"}, "geometry": {"type": "Point", "coordinates": [139.754682, 35.65672]}}, {"type": "Feature", "properties": {"station_name": "人形町", "station_code": "003721"}, "geometry": {"type": "Point", "coordinates": [139.78204000000002, 35.68627]}}, {"type": "Feature", "properties": {"station_name": "中延", "station_code": "004218"}, "geometry": {"type": "Point", "coordinates": [139.71359, 35.605175]}}, {"type": "Feature", "properties": {"station_name": "西馬込", "station_code": "004270"}, "geometry": {"type": "Point", "coordinates": [139.70632, 35.587305]}}, {"type": "Feature", "properties": {"station_name": "馬込", "station_code": "004248"}, "geometry": {"type": "Point", "coordinates": [139.71183666666667, 35.59636666666667]}}, {"type": "Feature", "properties": {"station_name": "水道橋", "station_code": "003580"}, "geometry": {"type": "Point", "coordinates": [139.755102, 35.703704]}}, {"type": "Feature", "properties": {"station_name": "白山", "station_code": "003461"}, "geometry": {"type": "Point", "coordinates": [139.75229666666667, 35.72155]}}, {"type": "Feature", "properties": {"station_name": "千石", "station_code": "003415"}, "geometry": {"type": "Point", "coordinates": [139.744745, 35.727965]}}, {"type": "Feature", "properties": {"station_name": "春日", "station_code": "003529"}, "geometry": {"type": "Point", "coordinates": [139.75322799999998, 35.709998]}}, {"type": "Feature", "properties": {"station_name": "巣鴨", "station_code": "003354"}, "geometry": {"type": "Point", "coordinates": [139.738035, 35.733779999999996]}}, {"type": "Feature", "properties": {"station_name": "新板橋", "station_code": "003268"}, "geometry": {"type": "Point", "coordinates": [139.71936499999998, 35.74884]}}, {"type": "Feature", "properties": {"station_name": "西高島平", "station_code": "003104"}, "geometry": {"type": "Point", "coordinates": [139.64568500000001, 35.791895]}}, {"type": "Feature", "properties": {"station_name": "板橋区役所前", "station_code": "003245"}, "geometry": {"type": "Point", "coordinates": [139.710055, 35.751305]}}, {"type": "Feature", "properties": {"station_name": "新高島平", "station_code": "003112"}, "geometry": {"type": "Point", "coordinates": [139.65433000000002, 35.79022]}}, {"type": "Feature", "properties": {"station_name": "本蓮沼", "station_code": "003193"}, "geometry": {"type": "Point", "coordinates": [139.70211, 35.768985]}}, {"type": "Feature", "properties": {"station_name": "西巣鴨", "station_code": "003293"}, "geometry": {"type": "Point", "coordinates": [139.728725, 35.743415]}}, {"type": "Feature", "properties": {"station_name": "高島平", "station_code": "003117"}, "geometry": {"type": "Point", "coordinates": [139.661295, 35.788934999999995]}}, {"type": "Feature", "properties": {"station_name": "志村坂上", "station_code": "003165"}, "geometry": {"type": "Point", "coordinates": [139.69473, 35.77634]}}, {"type": "Feature", "properties": {"station_name": "板橋本町", "station_code": "003216"}, "geometry": {"type": "Point", "coordinates": [139.705605, 35.7611]}}, {"type": "Feature", "properties": {"station_name": "西台", "station_code": "003128"}, "geometry": {"type": "Point", "coordinates": [139.67268, 35.78708]}}, {"type": "Feature", "properties": {"station_name": "蓮根", "station_code": "003140"}, "geometry": {"type": "Point", "coordinates": [139.67906, 35.784054999999995]}}, {"type": "Feature", "properties": {"station_name": "志村三丁目", "station_code": "003158"}, "geometry": {"type": "Point", "coordinates": [139.68586, 35.777465]}}, {"type": "Feature", "properties": {"station_name": "目黒", "station_code": "004072"}, "geometry": {"type": "Point", "coordinates": [139.71566, 35.632485]}}, {"type": "Feature", "properties": {"station_name": "日比谷", "station_code": "003793"}, "geometry": {"type": "Point", "coordinates": [139.76014500000002, 35.67662]}}, {"type": "Feature", "properties": {"station_name": "内幸町", "station_code": "003842"}, "geometry": {"type": "Point", "coordinates": [139.75541, 35.669322]}}, {"type": "Feature", "properties": {"station_name": "白金高輪", "station_code": "004025"}, "geometry": {"type": "Point", "coordinates": [139.734285, 35.643145000000004]}}, {"type": "Feature", "properties": {"station_name": "白金台", "station_code": "004044"}, "geometry": {"type": "Point", "coordinates": [139.72586, 35.63777]}}, {"type": "Feature", "properties": {"station_name": "神保町", "station_code": "003660"}, "geometry": {"type": "Point", "coordinates": [139.75830982, 35.69502554]}}, {"type": "Feature", "properties": {"station_name": "大手町", "station_code": "003742"}, "geometry": {"type": "Point", "coordinates": [139.76261, 35.68407]}}, {"type": "Feature", "properties": {"station_name": "御成門", "station_code": "003911"}, "geometry": {"type": "Point", "coordinates": [139.75148666666666, 35.66097666666667]}}, {"type": "Feature", "properties": {"station_name": "芝公園", "station_code": "003962"}, "geometry": {"type": "Point", "coordinates": [139.749765, 35.6537475]}}, {"type": "Feature", "properties": {"station_name": "三田", "station_code": "003986"}, "geometry": {"type": "Point", "coordinates": [139.74890000000002, 35.64822]}}, {"type": "Feature", "properties": {"station_name": "本八幡", "station_code": "003449"}, "geometry": {"type": "Point", "coordinates": [139.92687999999998, 35.723349999999996]}}, {"type": "Feature", "properties": {"station_name": "神保町", "station_code": "003651"}, "geometry": {"type": "Point", "coordinates": [139.75799486333332, 35.69599897]}}, {"type": "Feature", "properties": {"station_name": "篠崎", "station_code": "003565"}, "geometry": {"type": "Point", "coordinates": [139.903885, 35.70612]}}, {"type": "Feature", "properties": {"station_name": "九段下", "station_code": "003657"}, "geometry": {"type": "Point", "coordinates": [139.75121, 35.695519999999995]}}, {"type": "Feature", "properties": {"station_name": "西大島", "station_code": "003702"}, "geometry": {"type": "Point", "coordinates": [139.82629666666665, 35.68934333333333]}}, {"type": "Feature", "properties": {"station_name": "曙橋", "station_code": "003673"}, "geometry": {"type": "Point", "coordinates": [139.72258, 35.69233]}}, {"type": "Feature", "properties": {"station_name": "東大島", "station_code": "003695"}, "geometry": {"type": "Point", "coordinates": [139.84728, 35.689864]}}, {"type": "Feature", "properties": {"station_name": "岩本町", "station_code": "003655"}, "geometry": {"type": "Point", "coordinates": [139.77528833333335, 35.695568333333334]}}, {"type": "Feature", "properties": {"station_name": "菊川", "station_code": "003709"}, "geometry": {"type": "Point", "coordinates": [139.80610333333334, 35.688406666666666]}}, {"type": "Feature", "properties": {"station_name": "大島", "station_code": "003698"}, "geometry": {"type": "Point", "coordinates": [139.834384, 35.689766]}}, {"type": "Feature", "properties": {"station_name": "船堀", "station_code": "003745"}, "geometry": {"type": "Point", "coordinates": [139.863855, 35.683785]}}, {"type": "Feature", "properties": {"station_name": "小川町", "station_code": "003659"}, "geometry": {"type": "Point", "coordinates": [139.766742, 35.695168]}}, {"type": "Feature", "properties": {"station_name": "市ヶ谷", "station_code": "003680"}, "geometry": {"type": "Point", "coordinates": [139.73738500000002, 35.691455000000005]}}, {"type": "Feature", "properties": {"station_name": "瑞江", "station_code": "003667"}, "geometry": {"type": "Point", "coordinates": [139.89781, 35.69339]}}, {"type": "Feature", "properties": {"station_name": "馬喰横山", "station_code": "003675"}, "geometry": {"type": "Point", "coordinates": [139.782845, 35.692074999999996]}}, {"type": "Feature", "properties": {"station_name": "浜町", "station_code": "003706"}, "geometry": {"type": "Point", "coordinates": [139.788125, 35.68859]}}, {"type": "Feature", "properties": {"station_name": "一之江", "station_code": "003724"}, "geometry": {"type": "Point", "coordinates": [139.88289, 35.68594]}}, {"type": "Feature", "properties": {"station_name": "森下", "station_code": "003711"}, "geometry": {"type": "Point", "coordinates": [139.7979775, 35.688050000000004]}}, {"type": "Feature", "properties": {"station_name": "住吉", "station_code": "003704"}, "geometry": {"type": "Point", "coordinates": [139.815875, 35.6889575]}}, {"type": "Feature", "properties": {"station_name": "新宿", "station_code": "003708"}, "geometry": {"type": "Point", "coordinates": [139.69861500000002, 35.68843]}}, {"type": "Feature", "properties": {"station_name": "新宿三丁目", "station_code": "003687"}, "geometry": {"type": "Point", "coordinates": [139.706535, 35.690839999999994]}}, {"type": "Feature", "properties": {"station_name": "本郷三丁目", "station_code": "003546"}, "geometry": {"type": "Point", "coordinates": [139.76072, 35.707570000000004]}}, {"type": "Feature", "properties": {"station_name": "春日", "station_code": "003539"}, "geometry": {"type": "Point", "coordinates": [139.75204333333332, 35.70849666666667]}}, {"type": "Feature", "properties": {"station_name": "両国", "station_code": "003646"}, "geometry": {"type": "Point", "coordinates": [139.79742666666667, 35.69682]}}, {"type": "Feature", "properties": {"station_name": "上野御徒町", "station_code": "003543"}, "geometry": {"type": "Point", "coordinates": [139.772914, 35.707974]}}, {"type": "Feature", "properties": {"station_name": "蔵前", "station_code": "003571"}, "geometry": {"type": "Point", "coordinates": [139.79229333333333, 35.70549166666667]}}, {"type": "Feature", "properties": {"station_name": "新御徒町", "station_code": "003556"}, "geometry": {"type": "Point", "coordinates": [139.78187, 35.707008]}}, {"type": "Feature", "properties": {"station_name": "飯田橋", "station_code": "003585"}, "geometry": {"type": "Point", "coordinates": [139.74573333333333, 35.70309666666667]}}, {"type": "Feature", "properties": {"station_name": "東新宿", "station_code": "003630"}, "geometry": {"type": "Point", "coordinates": [139.70769, 35.697895]}}, {"type": "Feature", "properties": {"station_name": "牛込柳町", "station_code": "003618"}, "geometry": {"type": "Point", "coordinates": [139.72519, 35.69946]}}, {"type": "Feature", "properties": {"station_name": "新江古田", "station_code": "003367"}, "geometry": {"type": "Point", "coordinates": [139.67056666666667, 35.732490000000006]}}, {"type": "Feature", "properties": {"station_name": "練馬", "station_code": "003338"}, "geometry": {"type": "Point", "coordinates": [139.65456999999998, 35.737314999999995]}}, {"type": "Feature", "properties": {"station_name": "落合南長崎", "station_code": "003448"}, "geometry": {"type": "Point", "coordinates": [139.6834575, 35.723435]}}, {"type": "Feature", "properties": {"station_name": "牛込神楽坂", "station_code": "003602"}, "geometry": {"type": "Point", "coordinates": [139.73604, 35.700915]}}, {"type": "Feature", "properties": {"station_name": "光が丘", "station_code": "003225"}, "geometry": {"type": "Point", "coordinates": [139.62923999999998, 35.75847]}}, {"type": "Feature", "properties": {"station_name": "豊島園", "station_code": "003309"}, "geometry": {"type": "Point", "coordinates": [139.649205, 35.74161]}}, {"type": "Feature", "properties": {"station_name": "東中野", "station_code": "003549"}, "geometry": {"type": "Point", "coordinates": [139.68325, 35.70737]}}, {"type": "Feature", "properties": {"station_name": "練馬春日町", "station_code": "003243"}, "geometry": {"type": "Point", "coordinates": [139.64076, 35.751360000000005]}}, {"type": "Feature", "properties": {"station_name": "若松河田", "station_code": "003623"}, "geometry": {"type": "Point", "coordinates": [139.718185, 35.699164999999994]}}, {"type": "Feature", "properties": {"station_name": "中井", "station_code": "003503"}, "geometry": {"type": "Point", "coordinates": [139.68631, 35.713865]}}, {"type": "Feature", "properties": {"station_name": "中野坂上", "station_code": "003631"}, "geometry": {"type": "Point", "coordinates": [139.68295999999998, 35.697874999999996]}}, {"type": "Feature", "properties": {"station_name": "大門", "station_code": "003939"}, "geometry": {"type": "Point", "coordinates": [139.7557225, 35.6566775]}}, {"type": "Feature", "properties": {"station_name": "六本木", "station_code": "003892"}, "geometry": {"type": "Point", "coordinates": [139.73127499999998, 35.664064999999994]}}, {"type": "Feature", "properties": {"station_name": "汐留", "station_code": "003887"}, "geometry": {"type": "Point", "coordinates": [139.76133249999998, 35.66499]}}, {"type": "Feature", "properties": {"station_name": "門前仲町", "station_code": "003818"}, "geometry": {"type": "Point", "coordinates": [139.795106, 35.672752]}}, {"type": "Feature", "properties": {"station_name": "森下", "station_code": "003712"}, "geometry": {"type": "Point", "coordinates": [139.798198, 35.687982]}}, {"type": "Feature", "properties": {"station_name": "築地市場", "station_code": "003886"}, "geometry": {"type": "Point", "coordinates": [139.76675, 35.66496]}}, {"type": "Feature", "properties": {"station_name": "青山一丁目", "station_code": "003813"}, "geometry": {"type": "Point", "coordinates": [139.72400666666667, 35.672866666666664]}}, {"type": "Feature", "properties": {"station_name": "麻布十番", "station_code": "003941"}, "geometry": {"type": "Point", "coordinates": [139.736105, 35.65649]}}, {"type": "Feature", "properties": {"station_name": "勝どき", "station_code": "003927"}, "geometry": {"type": "Point", "coordinates": [139.77713333333335, 35.65893333333333]}}, {"type": "Feature", "properties": {"station_name": "清澄白河", "station_code": "003754"}, "geometry": {"type": "Point", "coordinates": [139.798654, 35.683018]}}, {"type": "Feature", "properties": {"station_name": "月島", "station_code": "003893"}, "geometry": {"type": "Point", "coordinates": [139.78401833333334, 35.663846666666664]}}, {"type": "Feature", "properties": {"station_name": "赤羽橋", "station_code": "003954"}, "geometry": {"type": "Point", "coordinates": [139.744195, 35.654970000000006]}}, {"type": "Feature", "properties": {"station_name": "新宿", "station_code": "003715"}, "geometry": {"type": "Point", "coordinates": [139.69935, 35.687625]}}, {"type": "Feature", "properties": {"station_name": "西新宿五丁目", "station_code": "003696"}, "geometry": {"type": "Point", "coordinates": [139.684665, 35.689899999999994]}}, {"type": "Feature", "properties": {"station_name": "都庁前", "station_code": "003690"}, "geometry": {"type": "Point", "coordinates": [139.69262500000002, 35.69059]}}, {"type": "Feature", "properties": {"station_name": "新宿西口", "station_code": "003669"}, "geometry": {"type": "Point", "coordinates": [139.69916, 35.693160000000006]}}, {"type": "Feature", "properties": {"station_name": "国立競技場", "station_code": "003775"}, "geometry": {"type": "Point", "coordinates": [139.71472, 35.67989333333333]}}, {"type": "Feature", "properties": {"station_name": "代々木", "station_code": "003746"}, "geometry": {"type": "Point", "coordinates": [139.701525, 35.68378]}}, {"type": "Feature", "properties": {"station_name": "荒川車庫前", "station_code": "003252"}, "geometry": {"type": "Point", "coordinates": [139.752805, 35.75086]}}, {"type": "Feature", "properties": {"station_name": "王子駅前", "station_code": "003239"}, "geometry": {"type": "Point", "coordinates": [139.73822666666666, 35.75273000000001]}}, {"type": "Feature", "properties": {"station_name": "梶原", "station_code": "003246"}, "geometry": {"type": "Point", "coordinates": [139.7473, 35.75107]}}, {"type": "Feature", "properties": {"station_name": "荒川遊園地前", "station_code": "003254"}, "geometry": {"type": "Point", "coordinates": [139.75745333333333, 35.75065]}}, {"type": "Feature", "properties": {"station_name": "荒川七丁目", "station_code": "003306"}, "geometry": {"type": "Point", "coordinates": [139.784045, 35.742000000000004]}}, {"type": "Feature", "properties": {"station_name": "熊野前", "station_code": "003266"}, "geometry": {"type": "Point", "coordinates": [139.76928, 35.749179999999996]}}, {"type": "Feature", "properties": {"station_name": "三ノ輪橋", "station_code": "003370"}, "geometry": {"type": "Point", "coordinates": [139.791505, 35.73222]}}, {"type": "Feature", "properties": {"station_name": "荒川二丁目", "station_code": "003322"}, "geometry": {"type": "Point", "coordinates": [139.78469, 35.738600000000005]}}, {"type": "Feature", "properties": {"station_name": "町屋二丁目", "station_code": "003291"}, "geometry": {"type": "Point", "coordinates": [139.776425, 35.743915]}}, {"type": "Feature", "properties": {"station_name": "宮ノ前", "station_code": "003259"}, "geometry": {"type": "Point", "coordinates": [139.765765, 35.749885]}}, {"type": "Feature", "properties": {"station_name": "荒川区役所前", "station_code": "003350"}, "geometry": {"type": "Point", "coordinates": [139.78601, 35.735365]}}, {"type": "Feature", "properties": {"station_name": "小台", "station_code": "003255"}, "geometry": {"type": "Point", "coordinates": [139.761735, 35.75049]}}, {"type": "Feature", "properties": {"station_name": "東尾久三丁目", "station_code": "003284"}, "geometry": {"type": "Point", "coordinates": [139.77381666666668, 35.745646666666666]}}, {"type": "Feature", "properties": {"station_name": "町屋駅前", "station_code": "003299"}, "geometry": {"type": "Point", "coordinates": [139.780775, 35.742775]}}, {"type": "Feature", "properties": {"station_name": "荒川一中前", "station_code": "003357"}, "geometry": {"type": "Point", "coordinates": [139.788805, 35.733689999999996]}}, {"type": "Feature", "properties": {"station_name": "栄町", "station_code": "003253"}, "geometry": {"type": "Point", "coordinates": [139.74222, 35.75084]}}, {"type": "Feature", "properties": {"station_name": "早稲田", "station_code": "003514"}, "geometry": {"type": "Point", "coordinates": [139.719055, 35.711875]}}, {"type": "Feature", "properties": {"station_name": "庚申塚", "station_code": "003319"}, "geometry": {"type": "Point", "coordinates": [139.729555, 35.739125]}}, {"type": "Feature", "properties": {"station_name": "滝野川一丁目", "station_code": "003276"}, "geometry": {"type": "Point", "coordinates": [139.735415, 35.747299999999996]}}, {"type": "Feature", "properties": {"station_name": "面影橋", "station_code": "003509"}, "geometry": {"type": "Point", "coordinates": [139.714675, 35.712855]}}, {"type": "Feature", "properties": {"station_name": "西ヶ原四丁目", "station_code": "003289"}, "geometry": {"type": "Point", "coordinates": [139.732685, 35.744235]}}, {"type": "Feature", "properties": {"station_name": "学習院下", "station_code": "003490"}, "geometry": {"type": "Point", "coordinates": [139.71231, 35.71575]}}, {"type": "Feature", "properties": {"station_name": "新庚申塚", "station_code": "003310"}, "geometry": {"type": "Point", "coordinates": [139.73035, 35.741105000000005]}}, {"type": "Feature", "properties": {"station_name": "東池袋四丁目", "station_code": "003436"}, "geometry": {"type": "Point", "coordinates": [139.720735, 35.7255]}}, {"type": "Feature", "properties": {"station_name": "向原", "station_code": "003407"}, "geometry": {"type": "Point", "coordinates": [139.724805, 35.728764999999996]}}, {"type": "Feature", "properties": {"station_name": "飛鳥山", "station_code": "003256"}, "geometry": {"type": "Point", "coordinates": [139.73732, 35.750065]}}, {"type": "Feature", "properties": {"station_name": "大塚駅前", "station_code": "003378"}, "geometry": {"type": "Point", "coordinates": [139.729455, 35.73162]}}, {"type": "Feature", "properties": {"station_name": "巣鴨新田", "station_code": "003351"}, "geometry": {"type": "Point", "coordinates": [139.72791, 35.73516]}}, {"type": "Feature", "properties": {"station_name": "都電雑司ヶ谷", "station_code": "003443"}, "geometry": {"type": "Point", "coordinates": [139.71781666666666, 35.724066666666666]}}, {"type": "Feature", "properties": {"station_name": "鬼子母神前", "station_code": "003468"}, "geometry": {"type": "Point", "coordinates": [139.715155, 35.72058]}}, {"type": "Feature", "properties": {"station_name": "上野動物園西園", "station_code": "003497"}, "geometry": {"type": "Point", "coordinates": [139.76969000000003, 35.714315]}}, {"type": "Feature", "properties": {"station_name": "上野動物園東園", "station_code": "003488"}, "geometry": {"type": "Point", "coordinates": [139.76999999999998, 35.71588]}}, {"type": "Feature", "properties": {"station_name": "天王洲アイル", "station_code": "004129"}, "geometry": {"type": "Point", "coordinates": [139.75088499999998, 35.62072]}}, {"type": "Feature", "properties": {"station_name": "東京テレポート", "station_code": "004108"}, "geometry": {"type": "Point", "coordinates": [139.77805999999998, 35.627085]}}, {"type": "Feature", "properties": {"station_name": "大崎", "station_code": "004136"}, "geometry": {"type": "Point", "coordinates": [139.727895, 35.619749999999996]}}, {"type": "Feature", "properties": {"station_name": "東雲", "station_code": "004034"}, "geometry": {"type": "Point", "coordinates": [139.80416, 35.640820000000005]}}, {"type": "Feature", "properties": {"station_name": "新木場", "station_code": "003997"}, "geometry": {"type": "Point", "coordinates": [139.82659999999998, 35.645830000000004]}}, {"type": "Feature", "properties": {"station_name": "大井町", "station_code": "004197"}, "geometry": {"type": "Point", "coordinates": [139.734355, 35.607385]}}, {"type": "Feature", "properties": {"station_name": "国際展示場", "station_code": "004065"}, "geometry": {"type": "Point", "coordinates": [139.791695, 35.63441]}}, {"type": "Feature", "properties": {"station_name": "品川シーサイド", "station_code": "004182"}, "geometry": {"type": "Point", "coordinates": [139.749795, 35.609790000000004]}}, {"type": "Feature", "properties": {"station_name": "来宮", "station_code": "005702"}, "geometry": {"type": "Point", "coordinates": [139.06556999999998, 35.09872]}}, {"type": "Feature", "properties": {"station_name": "伊豆多賀", "station_code": "005803"}, "geometry": {"type": "Point", "coordinates": [139.06691, 35.05948333333333]}}, {"type": "Feature", "properties": {"station_name": "宇佐美", "station_code": "005986"}, "geometry": {"type": "Point", "coordinates": [139.079785, 35.005635]}}, {"type": "Feature", "properties": {"station_name": "網代", "station_code": "005850"}, "geometry": {"type": "Point", "coordinates": [139.08106857142857, 35.043510000000005]}}, {"type": "Feature", "properties": {"station_name": "熱海", "station_code": "005688"}, "geometry": {"type": "Point", "coordinates": [139.078078, 35.10373]}}, {"type": "Feature", "properties": {"station_name": "衣笠", "station_code": "005210"}, "geometry": {"type": "Point", "coordinates": [139.66099, 35.25711]}}, {"type": "Feature", "properties": {"station_name": "久里浜", "station_code": "005273"}, "geometry": {"type": "Point", "coordinates": [139.70095999999998, 35.233066666666666]}}, {"type": "Feature", "properties": {"station_name": "横須賀", "station_code": "005149"}, "geometry": {"type": "Point", "coordinates": [139.65481333333332, 35.284240000000004]}}, {"type": "Feature", "properties": {"station_name": "田浦", "station_code": "005133"}, "geometry": {"type": "Point", "coordinates": [139.63752499999998, 35.29284]}}, {"type": "Feature", "properties": {"station_name": "東逗子", "station_code": "005118"}, "geometry": {"type": "Point", "coordinates": [139.60182, 35.298765]}}, {"type": "Feature", "properties": {"station_name": "逗子", "station_code": "005121"}, "geometry": {"type": "Point", "coordinates": [139.57835375, 35.29740625]}}, {"type": "Feature", "properties": {"station_name": "北鎌倉", "station_code": "004998"}, "geometry": {"type": "Point", "coordinates": [139.54456499999998, 35.33794]}}, {"type": "Feature", "properties": {"station_name": "鎌倉", "station_code": "005055"}, "geometry": {"type": "Point", "coordinates": [139.55042714285713, 35.31927142857143]}}, {"type": "Feature", "properties": {"station_name": "大船", "station_code": "004961"}, "geometry": {"type": "Point", "coordinates": [139.531299235, 35.3538019425]}}, {"type": "Feature", "properties": {"station_name": "新横浜", "station_code": "004504"}, "geometry": {"type": "Point", "coordinates": [139.617425, 35.506765]}}, {"type": "Feature", "properties": {"station_name": "東神奈川", "station_code": "004596"}, "geometry": {"type": "Point", "coordinates": [139.633165, 35.477875]}}, {"type": "Feature", "properties": {"station_name": "小机", "station_code": "004495"}, "geometry": {"type": "Point", "coordinates": [139.59962000000002, 35.508635]}}, {"type": "Feature", "properties": {"station_name": "大口", "station_code": "004546"}, "geometry": {"type": "Point", "coordinates": [139.64633500000002, 35.492295]}}, {"type": "Feature", "properties": {"station_name": "菊名", "station_code": "004490"}, "geometry": {"type": "Point", "coordinates": [139.63024, 35.509634999999996]}}, {"type": "Feature", "properties": {"station_name": "橋本", "station_code": "004253"}, "geometry": {"type": "Point", "coordinates": [139.34502, 35.59488]}}, {"type": "Feature", "properties": {"station_name": "中山", "station_code": "004473"}, "geometry": {"type": "Point", "coordinates": [139.5393875, 35.51468]}}, {"type": "Feature", "properties": {"station_name": "成瀬", "station_code": "004414"}, "geometry": {"type": "Point", "coordinates": [139.47296666666668, 35.535379999999996]}}, {"type": "Feature", "properties": {"station_name": "相模原", "station_code": "004284"}, "geometry": {"type": "Point", "coordinates": [139.3706225, 35.5814875]}}, {"type": "Feature", "properties": {"station_name": "町田", "station_code": "004396"}, "geometry": {"type": "Point", "coordinates": [139.44659000000001, 35.541545]}}, {"type": "Feature", "properties": {"station_name": "淵野辺", "station_code": "004315"}, "geometry": {"type": "Point", "coordinates": [139.395334, 35.568494]}}, {"type": "Feature", "properties": {"station_name": "相原", "station_code": "004206"}, "geometry": {"type": "Point", "coordinates": [139.33168, 35.60693]}}, {"type": "Feature", "properties": {"station_name": "八王子みなみ野", "station_code": "004082"}, "geometry": {"type": "Point", "coordinates": [139.330965, 35.63126]}}, {"type": "Feature", "properties": {"station_name": "十日市場", "station_code": "004443"}, "geometry": {"type": "Point", "coordinates": [139.51667, 35.52621]}}, {"type": "Feature", "properties": {"station_name": "長津田", "station_code": "004431"}, "geometry": {"type": "Point", "coordinates": [139.4952575, 35.5316325]}}, {"type": "Feature", "properties": {"station_name": "矢部", "station_code": "004304"}, "geometry": {"type": "Point", "coordinates": [139.38655, 35.57309]}}, {"type": "Feature", "properties": {"station_name": "鴨居", "station_code": "004485"}, "geometry": {"type": "Point", "coordinates": [139.56695000000002, 35.510850000000005]}}, {"type": "Feature", "properties": {"station_name": "片倉", "station_code": "004038"}, "geometry": {"type": "Point", "coordinates": [139.341165, 35.639675]}}, {"type": "Feature", "properties": {"station_name": "古淵", "station_code": "004345"}, "geometry": {"type": "Point", "coordinates": [139.41924, 35.555980000000005]}}, {"type": "Feature", "properties": {"station_name": "八王子", "station_code": "003953"}, "geometry": {"type": "Point", "coordinates": [139.34025, 35.655045]}}, {"type": "Feature", "properties": {"station_name": "木更津", "station_code": "004882"}, "geometry": {"type": "Point", "coordinates": [139.926144, 35.38174]}}, {"type": "Feature", "properties": {"station_name": "上総清川", "station_code": "004857"}, "geometry": {"type": "Point", "coordinates": [139.96564333333333, 35.390836666666665]}}, {"type": "Feature", "properties": {"station_name": "東清川", "station_code": "004860"}, "geometry": {"type": "Point", "coordinates": [139.98582, 35.38999999999999]}}, {"type": "Feature", "properties": {"station_name": "祇園", "station_code": "004856"}, "geometry": {"type": "Point", "coordinates": [139.948385, 35.391615]}}, {"type": "Feature", "properties": {"station_name": "西船橋", "station_code": "003553"}, "geometry": {"type": "Point", "coordinates": [139.9595325, 35.707225]}}, {"type": "Feature", "properties": {"station_name": "市川塩浜", "station_code": "003870"}, "geometry": {"type": "Point", "coordinates": [139.92352499999998, 35.6662325]}}, {"type": "Feature", "properties": {"station_name": "南船橋", "station_code": "003761"}, "geometry": {"type": "Point", "coordinates": [139.9957, 35.681665]}}, {"type": "Feature", "properties": {"station_name": "二俣新町", "station_code": "003682"}, "geometry": {"type": "Point", "coordinates": [139.959555, 35.69132]}}, {"type": "Feature", "properties": {"station_name": "舞浜", "station_code": "004055"}, "geometry": {"type": "Point", "coordinates": [139.88371999999998, 35.636160000000004]}}, {"type": "Feature", "properties": {"station_name": "東京", "station_code": "003785"}, "geometry": {"type": "Point", "coordinates": [139.76520666666667, 35.67769333333333]}}, {"type": "Feature", "properties": {"station_name": "越中島", "station_code": "003859"}, "geometry": {"type": "Point", "coordinates": [139.792495, 35.668]}}, {"type": "Feature", "properties": {"station_name": "新浦安", "station_code": "003978"}, "geometry": {"type": "Point", "coordinates": [139.91253, 35.649519999999995]}}, {"type": "Feature", "properties": {"station_name": "葛西臨海公園", "station_code": "004012"}, "geometry": {"type": "Point", "coordinates": [139.861485, 35.64417]}}, {"type": "Feature", "properties": {"station_name": "八丁堀", "station_code": "003800"}, "geometry": {"type": "Point", "coordinates": [139.77819, 35.67462]}}, {"type": "Feature", "properties": {"station_name": "新木場", "station_code": "003995"}, "geometry": {"type": "Point", "coordinates": [139.826845, 35.645995]}}, {"type": "Feature", "properties": {"station_name": "潮見", "station_code": "003928"}, "geometry": {"type": "Point", "coordinates": [139.81717, 35.658865000000006]}}, {"type": "Feature", "properties": {"station_name": "武蔵引田", "station_code": "003395"}, "geometry": {"type": "Point", "coordinates": [139.270085, 35.72969]}}, {"type": "Feature", "properties": {"station_name": "武蔵五日市", "station_code": "003372"}, "geometry": {"type": "Point", "coordinates": [139.22812, 35.732145]}}, {"type": "Feature", "properties": {"station_name": "武蔵増戸", "station_code": "003383"}, "geometry": {"type": "Point", "coordinates": [139.256305, 35.730955]}}, {"type": "Feature", "properties": {"station_name": "熊川", "station_code": "003411"}, "geometry": {"type": "Point", "coordinates": [139.33573, 35.72829]}}, {"type": "Feature", "properties": {"station_name": "秋川", "station_code": "003413"}, "geometry": {"type": "Point", "coordinates": [139.28674999999998, 35.728049999999996]}}, {"type": "Feature", "properties": {"station_name": "拝島", "station_code": "003464"}, "geometry": {"type": "Point", "coordinates": [139.34337666666667, 35.72131666666667]}}, {"type": "Feature", "properties": {"station_name": "東秋留", "station_code": "003433"}, "geometry": {"type": "Point", "coordinates": [139.31167499999998, 35.725935]}}, {"type": "Feature", "properties": {"station_name": "山手", "station_code": "004752"}, "geometry": {"type": "Point", "coordinates": [139.64647, 35.4268]}}, {"type": "Feature", "properties": {"station_name": "横浜", "station_code": "004635"}, "geometry": {"type": "Point", "coordinates": [139.6222525, 35.4654075]}}, {"type": "Feature", "properties": {"station_name": "石川町", "station_code": "004716"}, "geometry": {"type": "Point", "coordinates": [139.64291666666668, 35.43890666666667]}}, {"type": "Feature", "properties": {"station_name": "洋光台", "station_code": "004894"}, "geometry": {"type": "Point", "coordinates": [139.59693666666666, 35.37881]}}, {"type": "Feature", "properties": {"station_name": "関内", "station_code": "004699"}, "geometry": {"type": "Point", "coordinates": [139.6359875, 35.44422]}}, {"type": "Feature", "properties": {"station_name": "新杉田", "station_code": "004872"}, "geometry": {"type": "Point", "coordinates": [139.619435, 35.3868]}}, {"type": "Feature", "properties": {"station_name": "根岸", "station_code": "004772"}, "geometry": {"type": "Point", "coordinates": [139.636095, 35.41586]}}, {"type": "Feature", "properties": {"station_name": "磯子", "station_code": "004821"}, "geometry": {"type": "Point", "coordinates": [139.61847, 35.400575]}}, {"type": "Feature", "properties": {"station_name": "桜木町", "station_code": "004675"}, "geometry": {"type": "Point", "coordinates": [139.63088, 35.4511]}}, {"type": "Feature", "properties": {"station_name": "本郷台", "station_code": "004919"}, "geometry": {"type": "Point", "coordinates": [139.550115, 35.367855000000006]}}, {"type": "Feature", "properties": {"station_name": "大船", "station_code": "004960"}, "geometry": {"type": "Point", "coordinates": [139.53145375000003, 35.35391025]}}, {"type": "Feature", "properties": {"station_name": "港南台", "station_code": "004900"}, "geometry": {"type": "Point", "coordinates": [139.57617666666667, 35.375146666666666]}}, {"type": "Feature", "properties": {"station_name": "田端", "station_code": "003335"}, "geometry": {"type": "Point", "coordinates": [139.761575, 35.737475]}}, {"type": "Feature", "properties": {"station_name": "巣鴨", "station_code": "003356"}, "geometry": {"type": "Point", "coordinates": [139.74035, 35.73372]}}, {"type": "Feature", "properties": {"station_name": "駒込", "station_code": "003343"}, "geometry": {"type": "Point", "coordinates": [139.7484, 35.73702666666667]}}, {"type": "Feature", "properties": {"station_name": "池袋", "station_code": "003390"}, "geometry": {"type": "Point", "coordinates": [139.711085, 35.730275000000006]}}, {"type": "Feature", "properties": {"station_name": "高田馬場", "station_code": "003508"}, "geometry": {"type": "Point", "coordinates": [139.70396499999998, 35.7133125]}}, {"type": "Feature", "properties": {"station_name": "目白", "station_code": "003470"}, "geometry": {"type": "Point", "coordinates": [139.70628, 35.720389999999995]}}, {"type": "Feature", "properties": {"station_name": "新大久保", "station_code": "003601"}, "geometry": {"type": "Point", "coordinates": [139.700255, 35.70093]}}, {"type": "Feature", "properties": {"station_name": "大塚", "station_code": "003375"}, "geometry": {"type": "Point", "coordinates": [139.72794, 35.731785]}}, {"type": "Feature", "properties": {"station_name": "大崎", "station_code": "004135"}, "geometry": {"type": "Point", "coordinates": [139.72824500000002, 35.619945]}}, {"type": "Feature", "properties": {"station_name": "五反田", "station_code": "004110"}, "geometry": {"type": "Point", "coordinates": [139.723696, 35.62606]}}, {"type": "Feature", "properties": {"station_name": "品川", "station_code": "004097"}, "geometry": {"type": "Point", "coordinates": [139.738535, 35.628135]}}, {"type": "Feature", "properties": {"station_name": "目黒", "station_code": "004071"}, "geometry": {"type": "Point", "coordinates": [139.71572714285713, 35.633405714285715]}}, {"type": "Feature", "properties": {"station_name": "恵比寿", "station_code": "003992"}, "geometry": {"type": "Point", "coordinates": [139.710125, 35.64668]}}, {"type": "Feature", "properties": {"station_name": "渋谷", "station_code": "003932"}, "geometry": {"type": "Point", "coordinates": [139.701724, 35.658082]}}, {"type": "Feature", "properties": {"station_name": "新宿", "station_code": "003701"}, "geometry": {"type": "Point", "coordinates": [139.70064250000001, 35.68987425]}}, {"type": "Feature", "properties": {"station_name": "代々木", "station_code": "003743"}, "geometry": {"type": "Point", "coordinates": [139.70221, 35.683795]}}, {"type": "Feature", "properties": {"station_name": "原宿", "station_code": "003828"}, "geometry": {"type": "Point", "coordinates": [139.7027125, 35.67132]}}, {"type": "Feature", "properties": {"station_name": "南柏", "station_code": "003012"}, "geometry": {"type": "Point", "coordinates": [139.9541925, 35.844645]}}, {"type": "Feature", "properties": {"station_name": "柏", "station_code": "002984"}, "geometry": {"type": "Point", "coordinates": [139.971025, 35.86219]}}, {"type": "Feature", "properties": {"station_name": "北柏", "station_code": "002959"}, "geometry": {"type": "Point", "coordinates": [139.988035, 35.875675]}}, {"type": "Feature", "properties": {"station_name": "新松戸", "station_code": "003046"}, "geometry": {"type": "Point", "coordinates": [139.92119333333332, 35.82543666666667]}}, {"type": "Feature", "properties": {"station_name": "北小金", "station_code": "003032"}, "geometry": {"type": "Point", "coordinates": [139.93075, 35.833169999999996]}}, {"type": "Feature", "properties": {"station_name": "北松戸", "station_code": "003089"}, "geometry": {"type": "Point", "coordinates": [139.91162500000002, 35.800365]}}, {"type": "Feature", "properties": {"station_name": "日暮里", "station_code": "003417"}, "geometry": {"type": "Point", "coordinates": [139.77119000000002, 35.727986666666666]}}, {"type": "Feature", "properties": {"station_name": "馬橋", "station_code": "003066"}, "geometry": {"type": "Point", "coordinates": [139.91732000000002, 35.811685]}}, {"type": "Feature", "properties": {"station_name": "南千住", "station_code": "003352"}, "geometry": {"type": "Point", "coordinates": [139.7998075, 35.7346475]}}, {"type": "Feature", "properties": {"station_name": "北千住", "station_code": "003267"}, "geometry": {"type": "Point", "coordinates": [139.80464, 35.748845]}}, {"type": "Feature", "properties": {"station_name": "綾瀬", "station_code": "003215"}, "geometry": {"type": "Point", "coordinates": [139.82493499999998, 35.762164999999996]}}, {"type": "Feature", "properties": {"station_name": "三河島", "station_code": "003359"}, "geometry": {"type": "Point", "coordinates": [139.77728666666667, 35.73335333333333]}}, {"type": "Feature", "properties": {"station_name": "亀有", "station_code": "003199"}, "geometry": {"type": "Point", "coordinates": [139.84756000000002, 35.76654]}}, {"type": "Feature", "properties": {"station_name": "松戸", "station_code": "003136"}, "geometry": {"type": "Point", "coordinates": [139.90082666666666, 35.784729999999996]}}, {"type": "Feature", "properties": {"station_name": "金町", "station_code": "003191"}, "geometry": {"type": "Point", "coordinates": [139.87039, 35.76951]}}, {"type": "Feature", "properties": {"station_name": "拝島", "station_code": "003465"}, "geometry": {"type": "Point", "coordinates": [139.34337666666667, 35.72131666666667]}}, {"type": "Feature", "properties": {"station_name": "立川", "station_code": "003627"}, "geometry": {"type": "Point", "coordinates": [139.41396874999998, 35.6981525]}}, {"type": "Feature", "properties": {"station_name": "鳩ノ巣", "station_code": "003058"}, "geometry": {"type": "Point", "coordinates": [139.12894, 35.815105]}}, {"type": "Feature", "properties": {"station_name": "西立川", "station_code": "003581"}, "geometry": {"type": "Point", "coordinates": [139.39339, 35.703546]}}, {"type": "Feature", "properties": {"station_name": "古里", "station_code": "003053"}, "geometry": {"type": "Point", "coordinates": [139.15114, 35.816320000000005]}}, {"type": "Feature", "properties": {"station_name": "小作", "station_code": "003168"}, "geometry": {"type": "Point", "coordinates": [139.302275, 35.776055]}}, {"type": "Feature", "properties": {"station_name": "軍畑", "station_code": "003074"}, "geometry": {"type": "Point", "coordinates": [139.20765, 35.80758]}}, {"type": "Feature", "properties": {"station_name": "白丸", "station_code": "003065"}, "geometry": {"type": "Point", "coordinates": [139.11482999999998, 35.81172]}}, {"type": "Feature", "properties": {"station_name": "奥多摩", "station_code": "003069"}, "geometry": {"type": "Point", "coordinates": [139.09694000000002, 35.809395]}}, {"type": "Feature", "properties": {"station_name": "沢井", "station_code": "003076"}, "geometry": {"type": "Point", "coordinates": [139.1934, 35.805949999999996]}}, {"type": "Feature", "properties": {"station_name": "川井", "station_code": "003062"}, "geometry": {"type": "Point", "coordinates": [139.16430599999998, 35.813766]}}, {"type": "Feature", "properties": {"station_name": "東青梅", "station_code": "003113"}, "geometry": {"type": "Point", "coordinates": [139.272805, 35.789815000000004]}}, {"type": "Feature", "properties": {"station_name": "青梅", "station_code": "003110"}, "geometry": {"type": "Point", "coordinates": [139.258125, 35.790545]}}, {"type": "Feature", "properties": {"station_name": "河辺", "station_code": "003134"}, "geometry": {"type": "Point", "coordinates": [139.28405500000002, 35.784774999999996]}}, {"type": "Feature", "properties": {"station_name": "御嶽", "station_code": "003087"}, "geometry": {"type": "Point", "coordinates": [139.182752, 35.80142]}}, {"type": "Feature", "properties": {"station_name": "日向和田", "station_code": "003121"}, "geometry": {"type": "Point", "coordinates": [139.229535, 35.788645]}}, {"type": "Feature", "properties": {"station_name": "牛浜", "station_code": "003353"}, "geometry": {"type": "Point", "coordinates": [139.33379000000002, 35.734335]}}, {"type": "Feature", "properties": {"station_name": "中神", "station_code": "003536"}, "geometry": {"type": "Point", "coordinates": [139.37571, 35.709]}}, {"type": "Feature", "properties": {"station_name": "福生", "station_code": "003300"}, "geometry": {"type": "Point", "coordinates": [139.327745, 35.742485]}}, {"type": "Feature", "properties": {"station_name": "東中神", "station_code": "003562"}, "geometry": {"type": "Point", "coordinates": [139.384595, 35.706275]}}, {"type": "Feature", "properties": {"station_name": "二俣尾", "station_code": "003080"}, "geometry": {"type": "Point", "coordinates": [139.21614499999998, 35.803945]}}, {"type": "Feature", "properties": {"station_name": "昭島", "station_code": "003507"}, "geometry": {"type": "Point", "coordinates": [139.361635, 35.71322]}}, {"type": "Feature", "properties": {"station_name": "宮ノ平", "station_code": "003127"}, "geometry": {"type": "Point", "coordinates": [139.23731500000002, 35.78759]}}, {"type": "Feature", "properties": {"station_name": "石神前", "station_code": "003096"}, "geometry": {"type": "Point", "coordinates": [139.225135, 35.79683]}}, {"type": "Feature", "properties": {"station_name": "羽村", "station_code": "003226"}, "geometry": {"type": "Point", "coordinates": [139.3163, 35.757940000000005]}}, {"type": "Feature", "properties": {"station_name": "池袋", "station_code": "003391"}, "geometry": {"type": "Point", "coordinates": [139.71134, 35.730199999999996]}}, {"type": "Feature", "properties": {"station_name": "赤羽", "station_code": "003155"}, "geometry": {"type": "Point", "coordinates": [139.72095, 35.777550000000005]}}, {"type": "Feature", "properties": {"station_name": "十条", "station_code": "003218"}, "geometry": {"type": "Point", "coordinates": [139.72225, 35.76039]}}, {"type": "Feature", "properties": {"station_name": "板橋", "station_code": "003286"}, "geometry": {"type": "Point", "coordinates": [139.71919666666668, 35.74502666666667]}}, {"type": "Feature", "properties": {"station_name": "高麗川", "station_code": "002927"}, "geometry": {"type": "Point", "coordinates": [139.33813, 35.896370000000005]}}, {"type": "Feature", "properties": {"station_name": "上溝", "station_code": "004342"}, "geometry": {"type": "Point", "coordinates": [139.36315, 35.55761666666667]}}, {"type": "Feature", "properties": {"station_name": "番田", "station_code": "004379"}, "geometry": {"type": "Point", "coordinates": [139.36311, 35.545383333333334]}}, {"type": "Feature", "properties": {"station_name": "南橋本", "station_code": "004288"}, "geometry": {"type": "Point", "coordinates": [139.35242, 35.5804]}}, {"type": "Feature", "properties": {"station_name": "原当麻", "station_code": "004437"}, "geometry": {"type": "Point", "coordinates": [139.375365, 35.528994999999995]}}, {"type": "Feature", "properties": {"station_name": "橋本", "station_code": "004254"}, "geometry": {"type": "Point", "coordinates": [139.34502, 35.59488]}}, {"type": "Feature", "properties": {"station_name": "下溝", "station_code": "004462"}, "geometry": {"type": "Point", "coordinates": [139.38051000000002, 35.51832]}}, {"type": "Feature", "properties": {"station_name": "相武台下", "station_code": "004544"}, "geometry": {"type": "Point", "coordinates": [139.38632, 35.492775]}}, {"type": "Feature", "properties": {"station_name": "香川", "station_code": "004953"}, "geometry": {"type": "Point", "coordinates": [139.39983, 35.3566]}}, {"type": "Feature", "properties": {"station_name": "門沢橋", "station_code": "004795"}, "geometry": {"type": "Point", "coordinates": [139.380055, 35.4067]}}, {"type": "Feature", "properties": {"station_name": "社家", "station_code": "004765"}, "geometry": {"type": "Point", "coordinates": [139.377185, 35.420410000000004]}}, {"type": "Feature", "properties": {"station_name": "倉見", "station_code": "004850"}, "geometry": {"type": "Point", "coordinates": [139.37838499999998, 35.395055]}}, {"type": "Feature", "properties": {"station_name": "茅ヶ崎", "station_code": "005023"}, "geometry": {"type": "Point", "coordinates": [139.40699333333333, 35.33067]}}, {"type": "Feature", "properties": {"station_name": "北茅ヶ崎", "station_code": "004995"}, "geometry": {"type": "Point", "coordinates": [139.40747, 35.33968]}}, {"type": "Feature", "properties": {"station_name": "入谷", "station_code": "004593"}, "geometry": {"type": "Point", "coordinates": [139.39186999999998, 35.47838]}}, {"type": "Feature", "properties": {"station_name": "宮山", "station_code": "004880"}, "geometry": {"type": "Point", "coordinates": [139.379665, 35.382215]}}, {"type": "Feature", "properties": {"station_name": "海老名", "station_code": "004666"}, "geometry": {"type": "Point", "coordinates": [139.3893, 35.45423]}}, {"type": "Feature", "properties": {"station_name": "寒川", "station_code": "004920"}, "geometry": {"type": "Point", "coordinates": [139.387315, 35.367705]}}, {"type": "Feature", "properties": {"station_name": "厚木", "station_code": "004701"}, "geometry": {"type": "Point", "coordinates": [139.378605, 35.44382]}}, {"type": "Feature", "properties": {"station_name": "西船橋", "station_code": "003547"}, "geometry": {"type": "Point", "coordinates": [139.95896666666667, 35.707505833333336]}}, {"type": "Feature", "properties": {"station_name": "下総中山", "station_code": "003498"}, "geometry": {"type": "Point", "coordinates": [139.94307, 35.714285000000004]}}, {"type": "Feature", "properties": {"station_name": "本八幡", "station_code": "003467"}, "geometry": {"type": "Point", "coordinates": [139.92740500000002, 35.72085]}}, {"type": "Feature", "properties": {"station_name": "船橋", "station_code": "003593"}, "geometry": {"type": "Point", "coordinates": [139.9840725, 35.701792499999996]}}, {"type": "Feature", "properties": {"station_name": "御茶ノ水", "station_code": "003615"}, "geometry": {"type": "Point", "coordinates": [139.76503000000002, 35.699605000000005]}}, {"type": "Feature", "properties": {"station_name": "新小岩", "station_code": "003486"}, "geometry": {"type": "Point", "coordinates": [139.857735, 35.716845]}}, {"type": "Feature", "properties": {"station_name": "浅草橋", "station_code": "003640"}, "geometry": {"type": "Point", "coordinates": [139.78449, 35.69739]}}, {"type": "Feature", "properties": {"station_name": "錦糸町", "station_code": "003647"}, "geometry": {"type": "Point", "coordinates": [139.81463666666664, 35.696733333333334]}}, {"type": "Feature", "properties": {"station_name": "亀戸", "station_code": "003641"}, "geometry": {"type": "Point", "coordinates": [139.82633, 35.69733]}}, {"type": "Feature", "properties": {"station_name": "平井", "station_code": "003561"}, "geometry": {"type": "Point", "coordinates": [139.8425825, 35.7065725]}}, {"type": "Feature", "properties": {"station_name": "市川", "station_code": "003403"}, "geometry": {"type": "Point", "coordinates": [139.90816999999998, 35.72887]}}, {"type": "Feature", "properties": {"station_name": "小岩", "station_code": "003360"}, "geometry": {"type": "Point", "coordinates": [139.88185, 35.733329999999995]}}, {"type": "Feature", "properties": {"station_name": "秋葉原", "station_code": "003626"}, "geometry": {"type": "Point", "coordinates": [139.773215, 35.698319999999995]}}, {"type": "Feature", "properties": {"station_name": "東京", "station_code": "003760"}, "geometry": {"type": "Point", "coordinates": [139.76536666666667, 35.68167333333333]}}, {"type": "Feature", "properties": {"station_name": "両国", "station_code": "003654"}, "geometry": {"type": "Point", "coordinates": [139.79335, 35.695755]}}, {"type": "Feature", "properties": {"station_name": "馬喰町", "station_code": "003668"}, "geometry": {"type": "Point", "coordinates": [139.782385, 35.6933375]}}, {"type": "Feature", "properties": {"station_name": "新日本橋", "station_code": "003703"}, "geometry": {"type": "Point", "coordinates": [139.7741625, 35.688995]}}, {"type": "Feature", "properties": {"station_name": "水道橋", "station_code": "003591"}, "geometry": {"type": "Point", "coordinates": [139.753745, 35.702]}}, {"type": "Feature", "properties": {"station_name": "飯田橋", "station_code": "003608"}, "geometry": {"type": "Point", "coordinates": [139.74364666666668, 35.70016666666667]}}, {"type": "Feature", "properties": {"station_name": "御茶ノ水", "station_code": "003616"}, "geometry": {"type": "Point", "coordinates": [139.76503000000002, 35.699605000000005]}}, {"type": "Feature", "properties": {"station_name": "中野", "station_code": "003568"}, "geometry": {"type": "Point", "coordinates": [139.66575833333334, 35.70575]}}, {"type": "Feature", "properties": {"station_name": "東中野", "station_code": "003563"}, "geometry": {"type": "Point", "coordinates": [139.68508, 35.70625]}}, {"type": "Feature", "properties": {"station_name": "吉祥寺", "station_code": "003584"}, "geometry": {"type": "Point", "coordinates": [139.57998999999998, 35.70314666666667]}}, {"type": "Feature", "properties": {"station_name": "西荻窪", "station_code": "003579"}, "geometry": {"type": "Point", "coordinates": [139.599705, 35.7037975]}}, {"type": "Feature", "properties": {"station_name": "荻窪", "station_code": "003575"}, "geometry": {"type": "Point", "coordinates": [139.620245, 35.70443]}}, {"type": "Feature", "properties": {"station_name": "阿佐ヶ谷", "station_code": "003574"}, "geometry": {"type": "Point", "coordinates": [139.6362575, 35.7048875]}}, {"type": "Feature", "properties": {"station_name": "高円寺", "station_code": "003573"}, "geometry": {"type": "Point", "coordinates": [139.6497175, 35.705325]}}, {"type": "Feature", "properties": {"station_name": "大久保", "station_code": "003604"}, "geometry": {"type": "Point", "coordinates": [139.69744500000002, 35.700635]}}, {"type": "Feature", "properties": {"station_name": "神田", "station_code": "003677"}, "geometry": {"type": "Point", "coordinates": [139.770875, 35.69177]}}, {"type": "Feature", "properties": {"station_name": "四ツ谷", "station_code": "003728"}, "geometry": {"type": "Point", "coordinates": [139.73056200000002, 35.685732]}}, {"type": "Feature", "properties": {"station_name": "市ヶ谷", "station_code": "003685"}, "geometry": {"type": "Point", "coordinates": [139.73532, 35.691154999999995]}}, {"type": "Feature", "properties": {"station_name": "信濃町", "station_code": "003774"}, "geometry": {"type": "Point", "coordinates": [139.7212925, 35.6799375]}}, {"type": "Feature", "properties": {"station_name": "代々木", "station_code": "003744"}, "geometry": {"type": "Point", "coordinates": [139.70221, 35.683795]}}, {"type": "Feature", "properties": {"station_name": "新宿", "station_code": "003693"}, "geometry": {"type": "Point", "coordinates": [139.70061, 35.690110000000004]}}, {"type": "Feature", "properties": {"station_name": "千駄ヶ谷", "station_code": "003767"}, "geometry": {"type": "Point", "coordinates": [139.71145333333334, 35.68120666666667]}}, {"type": "Feature", "properties": {"station_name": "八王子", "station_code": "003947"}, "geometry": {"type": "Point", "coordinates": [139.33888, 35.65549333333333]}}, {"type": "Feature", "properties": {"station_name": "国分寺", "station_code": "003606"}, "geometry": {"type": "Point", "coordinates": [139.480558, 35.700132]}}, {"type": "Feature", "properties": {"station_name": "西国分寺", "station_code": "003614"}, "geometry": {"type": "Point", "coordinates": [139.46577, 35.6997225]}}, {"type": "Feature", "properties": {"station_name": "武蔵境", "station_code": "003590"}, "geometry": {"type": "Point", "coordinates": [139.543555, 35.70209]}}, {"type": "Feature", "properties": {"station_name": "東小金井", "station_code": "003594"}, "geometry": {"type": "Point", "coordinates": [139.52375999999998, 35.70156]}}, {"type": "Feature", "properties": {"station_name": "鳥沢", "station_code": "004192"}, "geometry": {"type": "Point", "coordinates": [139.003485, 35.60804]}}, {"type": "Feature", "properties": {"station_name": "武蔵小金井", "station_code": "003600"}, "geometry": {"type": "Point", "coordinates": [139.50592999999998, 35.701035]}}, {"type": "Feature", "properties": {"station_name": "上野原", "station_code": "004140"}, "geometry": {"type": "Point", "coordinates": [139.115405, 35.618444999999994]}}, {"type": "Feature", "properties": {"station_name": "大月", "station_code": "004166"}, "geometry": {"type": "Point", "coordinates": [138.94215333333332, 35.61308333333333]}}, {"type": "Feature", "properties": {"station_name": "藤野", "station_code": "004156"}, "geometry": {"type": "Point", "coordinates": [139.15133, 35.615995]}}, {"type": "Feature", "properties": {"station_name": "西八王子", "station_code": "003942"}, "geometry": {"type": "Point", "coordinates": [139.312005, 35.656275]}}, {"type": "Feature", "properties": {"station_name": "国立", "station_code": "003622"}, "geometry": {"type": "Point", "coordinates": [139.446415, 35.699195]}}, {"type": "Feature", "properties": {"station_name": "四方津", "station_code": "004162"}, "geometry": {"type": "Point", "coordinates": [139.07357, 35.614133333333335]}}, {"type": "Feature", "properties": {"station_name": "豊田", "station_code": "003921"}, "geometry": {"type": "Point", "coordinates": [139.3814875, 35.6594725]}}, {"type": "Feature", "properties": {"station_name": "梁川", "station_code": "004213"}, "geometry": {"type": "Point", "coordinates": [139.0373, 35.606265]}}, {"type": "Feature", "properties": {"station_name": "相模湖", "station_code": "004148"}, "geometry": {"type": "Point", "coordinates": [139.188525, 35.617315]}}, {"type": "Feature", "properties": {"station_name": "高尾", "station_code": "004029"}, "geometry": {"type": "Point", "coordinates": [139.282635, 35.642375]}}, {"type": "Feature", "properties": {"station_name": "猿橋", "station_code": "004170"}, "geometry": {"type": "Point", "coordinates": [138.96792333333335, 35.61272333333333]}}, {"type": "Feature", "properties": {"station_name": "立川", "station_code": "003634"}, "geometry": {"type": "Point", "coordinates": [139.41378375, 35.697895]}}, {"type": "Feature", "properties": {"station_name": "三鷹", "station_code": "003587"}, "geometry": {"type": "Point", "coordinates": [139.560708, 35.702693999999994]}}, {"type": "Feature", "properties": {"station_name": "日野", "station_code": "003779"}, "geometry": {"type": "Point", "coordinates": [139.39349750000002, 35.678675]}}, {"type": "Feature", "properties": {"station_name": "鶴見", "station_code": "004499"}, "geometry": {"type": "Point", "coordinates": [139.67579, 35.507940000000005]}}, {"type": "Feature", "properties": {"station_name": "鶴見小野", "station_code": "004532"}, "geometry": {"type": "Point", "coordinates": [139.681275, 35.49702]}}, {"type": "Feature", "properties": {"station_name": "扇町", "station_code": "004518"}, "geometry": {"type": "Point", "coordinates": [139.72242, 35.50174]}}, {"type": "Feature", "properties": {"station_name": "浜川崎", "station_code": "004489"}, "geometry": {"type": "Point", "coordinates": [139.71353499999998, 35.50966]}}, {"type": "Feature", "properties": {"station_name": "安善", "station_code": "004522"}, "geometry": {"type": "Point", "coordinates": [139.701245, 35.49984]}}, {"type": "Feature", "properties": {"station_name": "弁天橋", "station_code": "004536"}, "geometry": {"type": "Point", "coordinates": [139.689485, 35.495795]}}, {"type": "Feature", "properties": {"station_name": "大川", "station_code": "004540"}, "geometry": {"type": "Point", "coordinates": [139.71138, 35.495405]}}, {"type": "Feature", "properties": {"station_name": "新芝浦", "station_code": "004547"}, "geometry": {"type": "Point", "coordinates": [139.700125, 35.491915000000006]}}, {"type": "Feature", "properties": {"station_name": "昭和", "station_code": "004503"}, "geometry": {"type": "Point", "coordinates": [139.723932, 35.506892]}}, {"type": "Feature", "properties": {"station_name": "浅野", "station_code": "004531"}, "geometry": {"type": "Point", "coordinates": [139.69571, 35.497445]}}, {"type": "Feature", "properties": {"station_name": "国道", "station_code": "004519"}, "geometry": {"type": "Point", "coordinates": [139.67571, 35.50077]}}, {"type": "Feature", "properties": {"station_name": "武蔵白石", "station_code": "004517"}, "geometry": {"type": "Point", "coordinates": [139.70653, 35.50193]}}, {"type": "Feature", "properties": {"station_name": "海芝浦", "station_code": "004564"}, "geometry": {"type": "Point", "coordinates": [139.700675, 35.48613]}}, {"type": "Feature", "properties": {"station_name": "品川", "station_code": "004095"}, "geometry": {"type": "Point", "coordinates": [139.73902023809524, 35.628548571428574]}}, {"type": "Feature", "properties": {"station_name": "新橋", "station_code": "003872"}, "geometry": {"type": "Point", "coordinates": [139.758465, 35.6662975]}}, {"type": "Feature", "properties": {"station_name": "大森", "station_code": "004264"}, "geometry": {"type": "Point", "coordinates": [139.72810666666666, 35.58885]}}, {"type": "Feature", "properties": {"station_name": "浜松町", "station_code": "003949"}, "geometry": {"type": "Point", "coordinates": [139.757125, 35.65541]}}, {"type": "Feature", "properties": {"station_name": "田町", "station_code": "004000"}, "geometry": {"type": "Point", "coordinates": [139.74760500000002, 35.64574]}}, {"type": "Feature", "properties": {"station_name": "東京", "station_code": "003770"}, "geometry": {"type": "Point", "coordinates": [139.76670875, 35.68124708333333]}}, {"type": "Feature", "properties": {"station_name": "西大井", "station_code": "004235"}, "geometry": {"type": "Point", "coordinates": [139.7216357142857, 35.60176571428571]}}, {"type": "Feature", "properties": {"station_name": "大井町", "station_code": "004207"}, "geometry": {"type": "Point", "coordinates": [139.73501333333334, 35.60707]}}, {"type": "Feature", "properties": {"station_name": "有楽町", "station_code": "003798"}, "geometry": {"type": "Point", "coordinates": [139.76326, 35.67504]}}, {"type": "Feature", "properties": {"station_name": "川崎", "station_code": "004432"}, "geometry": {"type": "Point", "coordinates": [139.69681, 35.531364999999994]}}, {"type": "Feature", "properties": {"station_name": "横浜", "station_code": "004634"}, "geometry": {"type": "Point", "coordinates": [139.62217958333332, 35.46553708333333]}}, {"type": "Feature", "properties": {"station_name": "新川崎", "station_code": "004358"}, "geometry": {"type": "Point", "coordinates": [139.671604, 35.551587999999995]}}, {"type": "Feature", "properties": {"station_name": "新子安", "station_code": "004562"}, "geometry": {"type": "Point", "coordinates": [139.65409, 35.486826666666666]}}, {"type": "Feature", "properties": {"station_name": "鶴見", "station_code": "004496"}, "geometry": {"type": "Point", "coordinates": [139.6762575, 35.508539999999996]}}, {"type": "Feature", "properties": {"station_name": "蒲田", "station_code": "004328"}, "geometry": {"type": "Point", "coordinates": [139.71603, 35.562484999999995]}}, {"type": "Feature", "properties": {"station_name": "保土ヶ谷", "station_code": "004685"}, "geometry": {"type": "Point", "coordinates": [139.60037, 35.44722]}}, {"type": "Feature", "properties": {"station_name": "国府津", "station_code": "005158"}, "geometry": {"type": "Point", "coordinates": [139.21495499999997, 35.281395]}}, {"type": "Feature", "properties": {"station_name": "熱海", "station_code": "005686"}, "geometry": {"type": "Point", "coordinates": [139.0779415, 35.10376]}}, {"type": "Feature", "properties": {"station_name": "戸塚", "station_code": "004824"}, "geometry": {"type": "Point", "coordinates": [139.53441285714285, 35.40009857142857]}}, {"type": "Feature", "properties": {"station_name": "平塚", "station_code": "005034"}, "geometry": {"type": "Point", "coordinates": [139.34946666666667, 35.32763333333333]}}, {"type": "Feature", "properties": {"station_name": "大磯", "station_code": "005085"}, "geometry": {"type": "Point", "coordinates": [139.31334, 35.3115]}}, {"type": "Feature", "properties": {"station_name": "早川", "station_code": "005261"}, "geometry": {"type": "Point", "coordinates": [139.14504, 35.238797999999996]}}, {"type": "Feature", "properties": {"station_name": "辻堂", "station_code": "005004"}, "geometry": {"type": "Point", "coordinates": [139.445895, 35.336845]}}, {"type": "Feature", "properties": {"station_name": "茅ヶ崎", "station_code": "005024"}, "geometry": {"type": "Point", "coordinates": [139.40738249999998, 35.330420000000004]}}, {"type": "Feature", "properties": {"station_name": "東戸塚", "station_code": "004741"}, "geometry": {"type": "Point", "coordinates": [139.556504, 35.430008]}}, {"type": "Feature", "properties": {"station_name": "大船", "station_code": "004959"}, "geometry": {"type": "Point", "coordinates": [139.53116, 35.35414333333333]}}, {"type": "Feature", "properties": {"station_name": "二宮", "station_code": "005120"}, "geometry": {"type": "Point", "coordinates": [139.25675, 35.29867]}}, {"type": "Feature", "properties": {"station_name": "小田原", "station_code": "005218"}, "geometry": {"type": "Point", "coordinates": [139.1557675, 35.256105000000005]}}, {"type": "Feature", "properties": {"station_name": "根府川", "station_code": "005342"}, "geometry": {"type": "Point", "coordinates": [139.138622, 35.202554]}}, {"type": "Feature", "properties": {"station_name": "鴨宮", "station_code": "005170"}, "geometry": {"type": "Point", "coordinates": [139.1799133333333, 35.275686666666665]}}, {"type": "Feature", "properties": {"station_name": "湯河原", "station_code": "005541"}, "geometry": {"type": "Point", "coordinates": [139.10219999999998, 35.146125]}}, {"type": "Feature", "properties": {"station_name": "藤沢", "station_code": "004996"}, "geometry": {"type": "Point", "coordinates": [139.48667, 35.3388425]}}, {"type": "Feature", "properties": {"station_name": "真鶴", "station_code": "005510"}, "geometry": {"type": "Point", "coordinates": [139.1321325, 35.15675375]}}, {"type": "Feature", "properties": {"station_name": "上野", "station_code": "003505"}, "geometry": {"type": "Point", "coordinates": [139.77738499999998, 35.713315]}}, {"type": "Feature", "properties": {"station_name": "東京", "station_code": "003769"}, "geometry": {"type": "Point", "coordinates": [139.76788, 35.68110333333333]}}, {"type": "Feature", "properties": {"station_name": "田端", "station_code": "003336"}, "geometry": {"type": "Point", "coordinates": [139.761575, 35.737475]}}, {"type": "Feature", "properties": {"station_name": "日暮里", "station_code": "003420"}, "geometry": {"type": "Point", "coordinates": [139.77103357142857, 35.727689761904756]}}, {"type": "Feature", "properties": {"station_name": "西日暮里", "station_code": "003373"}, "geometry": {"type": "Point", "coordinates": [139.766715, 35.732175]}}, {"type": "Feature", "properties": {"station_name": "上野", "station_code": "003504"}, "geometry": {"type": "Point", "coordinates": [139.77671416666666, 35.71370125]}}, {"type": "Feature", "properties": {"station_name": "秋葉原", "station_code": "003625"}, "geometry": {"type": "Point", "coordinates": [139.773045, 35.698535]}}, {"type": "Feature", "properties": {"station_name": "尾久", "station_code": "003278"}, "geometry": {"type": "Point", "coordinates": [139.753725, 35.74687]}}, {"type": "Feature", "properties": {"station_name": "御徒町", "station_code": "003555"}, "geometry": {"type": "Point", "coordinates": [139.77471500000001, 35.707195]}}, {"type": "Feature", "properties": {"station_name": "鶯谷", "station_code": "003460"}, "geometry": {"type": "Point", "coordinates": [139.77803, 35.721455]}}, {"type": "Feature", "properties": {"station_name": "王子", "station_code": "003241"}, "geometry": {"type": "Point", "coordinates": [139.73820999999998, 35.752325]}}, {"type": "Feature", "properties": {"station_name": "上中里", "station_code": "003277"}, "geometry": {"type": "Point", "coordinates": [139.746286, 35.746888]}}, {"type": "Feature", "properties": {"station_name": "赤羽", "station_code": "003157"}, "geometry": {"type": "Point", "coordinates": [139.721105, 35.77753714285714]}}, {"type": "Feature", "properties": {"station_name": "浦和", "station_code": "002989"}, "geometry": {"type": "Point", "coordinates": [139.657145, 35.858565]}}, {"type": "Feature", "properties": {"station_name": "南浦和", "station_code": "003004"}, "geometry": {"type": "Point", "coordinates": [139.668615, 35.848335000000006]}}, {"type": "Feature", "properties": {"station_name": "北戸田", "station_code": "003044"}, "geometry": {"type": "Point", "coordinates": [139.66144500000001, 35.826755000000006]}}, {"type": "Feature", "properties": {"station_name": "北与野", "station_code": "002938"}, "geometry": {"type": "Point", "coordinates": [139.6285475, 35.890765]}}, {"type": "Feature", "properties": {"station_name": "与野本町", "station_code": "002951"}, "geometry": {"type": "Point", "coordinates": [139.626005, 35.880925000000005]}}, {"type": "Feature", "properties": {"station_name": "さいたま新都心", "station_code": "002934"}, "geometry": {"type": "Point", "coordinates": [139.63389999999998, 35.893595]}}, {"type": "Feature", "properties": {"station_name": "与野", "station_code": "002947"}, "geometry": {"type": "Point", "coordinates": [139.63899, 35.884375]}}, {"type": "Feature", "properties": {"station_name": "西川口", "station_code": "003055"}, "geometry": {"type": "Point", "coordinates": [139.70436, 35.815515000000005]}}, {"type": "Feature", "properties": {"station_name": "北浦和", "station_code": "002968"}, "geometry": {"type": "Point", "coordinates": [139.64575000000002, 35.8722]}}, {"type": "Feature", "properties": {"station_name": "武蔵浦和", "station_code": "003008"}, "geometry": {"type": "Point", "coordinates": [139.64686, 35.845414]}}, {"type": "Feature", "properties": {"station_name": "東十条", "station_code": "003210"}, "geometry": {"type": "Point", "coordinates": [139.726745, 35.76383]}}, {"type": "Feature", "properties": {"station_name": "川口", "station_code": "003086"}, "geometry": {"type": "Point", "coordinates": [139.71748, 35.801795]}}, {"type": "Feature", "properties": {"station_name": "戸田公園", "station_code": "003072"}, "geometry": {"type": "Point", "coordinates": [139.67835000000002, 35.807765]}}, {"type": "Feature", "properties": {"station_name": "南与野", "station_code": "002975"}, "geometry": {"type": "Point", "coordinates": [139.631055, 35.867355]}}, {"type": "Feature", "properties": {"station_name": "浮間舟渡", "station_code": "003107"}, "geometry": {"type": "Point", "coordinates": [139.69149142857142, 35.791264285714284]}}, {"type": "Feature", "properties": {"station_name": "北赤羽", "station_code": "003130"}, "geometry": {"type": "Point", "coordinates": [139.705834, 35.786974]}}, {"type": "Feature", "properties": {"station_name": "戸田", "station_code": "003052"}, "geometry": {"type": "Point", "coordinates": [139.66960999999998, 35.817595]}}, {"type": "Feature", "properties": {"station_name": "蕨", "station_code": "003041"}, "geometry": {"type": "Point", "coordinates": [139.690415, 35.82793]}}, {"type": "Feature", "properties": {"station_name": "中浦和", "station_code": "002995"}, "geometry": {"type": "Point", "coordinates": [139.6373025, 35.853915]}}, {"type": "Feature", "properties": {"station_name": "東京", "station_code": "003766"}, "geometry": {"type": "Point", "coordinates": [139.76715611111112, 35.681105]}}, {"type": "Feature", "properties": {"station_name": "神田", "station_code": "003678"}, "geometry": {"type": "Point", "coordinates": [139.770875, 35.69177]}}, {"type": "Feature", "properties": {"station_name": "岩井", "station_code": "005717"}, "geometry": {"type": "Point", "coordinates": [139.84987, 35.093050000000005]}}, {"type": "Feature", "properties": {"station_name": "巌根", "station_code": "004774"}, "geometry": {"type": "Point", "coordinates": [139.933805, 35.414784999999995]}}, {"type": "Feature", "properties": {"station_name": "保田", "station_code": "005558"}, "geometry": {"type": "Point", "coordinates": [139.83816000000002, 35.141465]}}, {"type": "Feature", "properties": {"station_name": "木更津", "station_code": "004883"}, "geometry": {"type": "Point", "coordinates": [139.926144, 35.38174]}}, {"type": "Feature", "properties": {"station_name": "上総湊", "station_code": "005302"}, "geometry": {"type": "Point", "coordinates": [139.870995, 35.22183]}}, {"type": "Feature", "properties": {"station_name": "大貫", "station_code": "005137"}, "geometry": {"type": "Point", "coordinates": [139.855625, 35.291624999999996]}}, {"type": "Feature", "properties": {"station_name": "袖ヶ浦", "station_code": "004730"}, "geometry": {"type": "Point", "coordinates": [139.95721, 35.431905]}}, {"type": "Feature", "properties": {"station_name": "佐貫町", "station_code": "005205"}, "geometry": {"type": "Point", "coordinates": [139.87614, 35.259985]}}, {"type": "Feature", "properties": {"station_name": "南三原", "station_code": "005909"}, "geometry": {"type": "Point", "coordinates": [139.97906999999998, 35.021195]}}, {"type": "Feature", "properties": {"station_name": "那古船形", "station_code": "005880"}, "geometry": {"type": "Point", "coordinates": [139.8514, 35.02904]}}, {"type": "Feature", "properties": {"station_name": "青堀", "station_code": "005026"}, "geometry": {"type": "Point", "coordinates": [139.85888, 35.330565]}}, {"type": "Feature", "properties": {"station_name": "竹岡", "station_code": "005359"}, "geometry": {"type": "Point", "coordinates": [139.83003, 35.19759]}}, {"type": "Feature", "properties": {"station_name": "浜金谷", "station_code": "005471"}, "geometry": {"type": "Point", "coordinates": [139.82226, 35.168195]}}, {"type": "Feature", "properties": {"station_name": "安房勝山", "station_code": "005656"}, "geometry": {"type": "Point", "coordinates": [139.83341000000001, 35.114065]}}, {"type": "Feature", "properties": {"station_name": "長浦", "station_code": "004677"}, "geometry": {"type": "Point", "coordinates": [139.995425, 35.450285]}}, {"type": "Feature", "properties": {"station_name": "富浦", "station_code": "005843"}, "geometry": {"type": "Point", "coordinates": [139.83775500000002, 35.046229999999994]}}, {"type": "Feature", "properties": {"station_name": "君津", "station_code": "005014"}, "geometry": {"type": "Point", "coordinates": [139.895515, 35.333645000000004]}}, {"type": "Feature", "properties": {"station_name": "津田山", "station_code": "004229"}, "geometry": {"type": "Point", "coordinates": [139.60072, 35.60365]}}, {"type": "Feature", "properties": {"station_name": "宿河原", "station_code": "004158"}, "geometry": {"type": "Point", "coordinates": [139.579545, 35.61542]}}, {"type": "Feature", "properties": {"station_name": "武蔵新城", "station_code": "004269"}, "geometry": {"type": "Point", "coordinates": [139.62909, 35.587415]}}, {"type": "Feature", "properties": {"station_name": "久地", "station_code": "004179"}, "geometry": {"type": "Point", "coordinates": [139.593075, 35.610105000000004]}}, {"type": "Feature", "properties": {"station_name": "武蔵溝ノ口", "station_code": "004242"}, "geometry": {"type": "Point", "coordinates": [139.611375, 35.598815]}}, {"type": "Feature", "properties": {"station_name": "尻手", "station_code": "004435"}, "geometry": {"type": "Point", "coordinates": [139.6843, 35.530975]}}, {"type": "Feature", "properties": {"station_name": "平間", "station_code": "004336"}, "geometry": {"type": "Point", "coordinates": [139.67109499999998, 35.560565]}}, {"type": "Feature", "properties": {"station_name": "浜川崎", "station_code": "004488"}, "geometry": {"type": "Point", "coordinates": [139.71377999999999, 35.510385]}}, {"type": "Feature", "properties": {"station_name": "矢向", "station_code": "004403"}, "geometry": {"type": "Point", "coordinates": [139.68038, 35.53946]}}, {"type": "Feature", "properties": {"station_name": "川崎", "station_code": "004433"}, "geometry": {"type": "Point", "coordinates": [139.69681, 35.531364999999994]}}, {"type": "Feature", "properties": {"station_name": "川崎新町", "station_code": "004461"}, "geometry": {"type": "Point", "coordinates": [139.69925999999998, 35.518325000000004]}}, {"type": "Feature", "properties": {"station_name": "八丁畷", "station_code": "004448"}, "geometry": {"type": "Point", "coordinates": [139.691375, 35.523070000000004]}}, {"type": "Feature", "properties": {"station_name": "向河原", "station_code": "004308"}, "geometry": {"type": "Point", "coordinates": [139.667295, 35.572175]}}, {"type": "Feature", "properties": {"station_name": "武蔵小杉", "station_code": "004297"}, "geometry": {"type": "Point", "coordinates": [139.65980666666667, 35.57656333333333]}}, {"type": "Feature", "properties": {"station_name": "鹿島田", "station_code": "004359"}, "geometry": {"type": "Point", "coordinates": [139.67498, 35.551455000000004]}}, {"type": "Feature", "properties": {"station_name": "武蔵中原", "station_code": "004286"}, "geometry": {"type": "Point", "coordinates": [139.64213999999998, 35.58056]}}, {"type": "Feature", "properties": {"station_name": "矢川", "station_code": "003733"}, "geometry": {"type": "Point", "coordinates": [139.43159, 35.685075]}}, {"type": "Feature", "properties": {"station_name": "立川", "station_code": "003637"}, "geometry": {"type": "Point", "coordinates": [139.414305, 35.697535]}}, {"type": "Feature", "properties": {"station_name": "稲田堤", "station_code": "004067"}, "geometry": {"type": "Point", "coordinates": [139.535935, 35.63341]}}, {"type": "Feature", "properties": {"station_name": "矢野口", "station_code": "004032"}, "geometry": {"type": "Point", "coordinates": [139.520435, 35.641735]}}, {"type": "Feature", "properties": {"station_name": "中野島", "station_code": "004089"}, "geometry": {"type": "Point", "coordinates": [139.55107500000003, 35.63002]}}, {"type": "Feature", "properties": {"station_name": "西国立", "station_code": "003665"}, "geometry": {"type": "Point", "coordinates": [139.423905, 35.69379]}}, {"type": "Feature", "properties": {"station_name": "登戸", "station_code": "004131"}, "geometry": {"type": "Point", "coordinates": [139.57020666666668, 35.62071]}}, {"type": "Feature", "properties": {"station_name": "分倍河原", "station_code": "003853"}, "geometry": {"type": "Point", "coordinates": [139.46891499999998, 35.66842]}}, {"type": "Feature", "properties": {"station_name": "府中本町", "station_code": "003876"}, "geometry": {"type": "Point", "coordinates": [139.47726333333333, 35.66584666666666]}}, {"type": "Feature", "properties": {"station_name": "稲城長沼", "station_code": "004011"}, "geometry": {"type": "Point", "coordinates": [139.50261, 35.644275]}}, {"type": "Feature", "properties": {"station_name": "谷保", "station_code": "003765"}, "geometry": {"type": "Point", "coordinates": [139.44678, 35.68138]}}, {"type": "Feature", "properties": {"station_name": "南多摩", "station_code": "003980"}, "geometry": {"type": "Point", "coordinates": [139.48954500000002, 35.649215]}}, {"type": "Feature", "properties": {"station_name": "高麗川", "station_code": "002928"}, "geometry": {"type": "Point", "coordinates": [139.33813, 35.896370000000005]}}, {"type": "Feature", "properties": {"station_name": "拝島", "station_code": "003462"}, "geometry": {"type": "Point", "coordinates": [139.34380249999998, 35.7212425]}}, {"type": "Feature", "properties": {"station_name": "金子", "station_code": "003067"}, "geometry": {"type": "Point", "coordinates": [139.32861, 35.810815000000005]}}, {"type": "Feature", "properties": {"station_name": "小宮", "station_code": "003726"}, "geometry": {"type": "Point", "coordinates": [139.36847749999998, 35.685865]}}, {"type": "Feature", "properties": {"station_name": "箱根ヶ崎", "station_code": "003180"}, "geometry": {"type": "Point", "coordinates": [139.346735, 35.771695]}}, {"type": "Feature", "properties": {"station_name": "北八王子", "station_code": "003841"}, "geometry": {"type": "Point", "coordinates": [139.3634, 35.669275]}}, {"type": "Feature", "properties": {"station_name": "東飯能", "station_code": "002997"}, "geometry": {"type": "Point", "coordinates": [139.32613, 35.85302]}}, {"type": "Feature", "properties": {"station_name": "八王子", "station_code": "003948"}, "geometry": {"type": "Point", "coordinates": [139.33888, 35.65549333333333]}}, {"type": "Feature", "properties": {"station_name": "東福生", "station_code": "003282"}, "geometry": {"type": "Point", "coordinates": [139.3358875, 35.7457475]}}, {"type": "Feature", "properties": {"station_name": "東松戸", "station_code": "003183"}, "geometry": {"type": "Point", "coordinates": [139.94377, 35.77076]}}, {"type": "Feature", "properties": {"station_name": "船橋法典", "station_code": "003387"}, "geometry": {"type": "Point", "coordinates": [139.966684, 35.73052]}}, {"type": "Feature", "properties": {"station_name": "市川大野", "station_code": "003234"}, "geometry": {"type": "Point", "coordinates": [139.95128, 35.755405]}}, {"type": "Feature", "properties": {"station_name": "新松戸", "station_code": "003045"}, "geometry": {"type": "Point", "coordinates": [139.92111, 35.82548666666667]}}, {"type": "Feature", "properties": {"station_name": "西船橋", "station_code": "003554"}, "geometry": {"type": "Point", "coordinates": [139.9595325, 35.707225]}}, {"type": "Feature", "properties": {"station_name": "新八柱", "station_code": "003106"}, "geometry": {"type": "Point", "coordinates": [139.938555, 35.791290000000004]}}, {"type": "Feature", "properties": {"station_name": "東川口", "station_code": "002961"}, "geometry": {"type": "Point", "coordinates": [139.74389666666667, 35.87513666666666]}}, {"type": "Feature", "properties": {"station_name": "三郷", "station_code": "003010"}, "geometry": {"type": "Point", "coordinates": [139.88683500000002, 35.844835]}}, {"type": "Feature", "properties": {"station_name": "南流山", "station_code": "003027"}, "geometry": {"type": "Point", "coordinates": [139.90422999999998, 35.837845]}}, {"type": "Feature", "properties": {"station_name": "吉川", "station_code": "002955"}, "geometry": {"type": "Point", "coordinates": [139.8431825, 35.876645]}}, {"type": "Feature", "properties": {"station_name": "南越谷", "station_code": "002958"}, "geometry": {"type": "Point", "coordinates": [139.79136333333335, 35.87604666666667]}}, {"type": "Feature", "properties": {"station_name": "新三郷", "station_code": "002990"}, "geometry": {"type": "Point", "coordinates": [139.86953499999998, 35.85839]}}, {"type": "Feature", "properties": {"station_name": "北朝霞", "station_code": "003056"}, "geometry": {"type": "Point", "coordinates": [139.58722999999998, 35.815470000000005]}}, {"type": "Feature", "properties": {"station_name": "武蔵浦和", "station_code": "003006"}, "geometry": {"type": "Point", "coordinates": [139.647935, 35.846045000000004]}}, {"type": "Feature", "properties": {"station_name": "東浦和", "station_code": "002980"}, "geometry": {"type": "Point", "coordinates": [139.70453666666666, 35.86405666666667]}}, {"type": "Feature", "properties": {"station_name": "南浦和", "station_code": "003005"}, "geometry": {"type": "Point", "coordinates": [139.66894000000002, 35.847584999999995]}}, {"type": "Feature", "properties": {"station_name": "西浦和", "station_code": "003014"}, "geometry": {"type": "Point", "coordinates": [139.627765, 35.844185]}}, {"type": "Feature", "properties": {"station_name": "北府中", "station_code": "003771"}, "geometry": {"type": "Point", "coordinates": [139.471795, 35.680855]}}, {"type": "Feature", "properties": {"station_name": "新秋津", "station_code": "003152"}, "geometry": {"type": "Point", "coordinates": [139.49375500000002, 35.778310000000005]}}, {"type": "Feature", "properties": {"station_name": "東所沢", "station_code": "003100"}, "geometry": {"type": "Point", "coordinates": [139.51454, 35.79489]}}, {"type": "Feature", "properties": {"station_name": "府中本町", "station_code": "003878"}, "geometry": {"type": "Point", "coordinates": [139.47709, 35.665816666666665]}}, {"type": "Feature", "properties": {"station_name": "新小平", "station_code": "003385"}, "geometry": {"type": "Point", "coordinates": [139.47050666666667, 35.730943333333336]}}, {"type": "Feature", "properties": {"station_name": "西国分寺", "station_code": "003611"}, "geometry": {"type": "Point", "coordinates": [139.465985, 35.69991]}}, {"type": "Feature", "properties": {"station_name": "新座", "station_code": "003081"}, "geometry": {"type": "Point", "coordinates": [139.55623, 35.803779999999996]}}, {"type": "Feature", "properties": {"station_name": "堀切", "station_code": "003297"}, "geometry": {"type": "Point", "coordinates": [139.81738, 35.743345]}}, {"type": "Feature", "properties": {"station_name": "新田", "station_code": "002994"}, "geometry": {"type": "Point", "coordinates": [139.795425, 35.85411]}}, {"type": "Feature", "properties": {"station_name": "鐘ヶ淵", "station_code": "003355"}, "geometry": {"type": "Point", "coordinates": [139.82037, 35.733760000000004]}}, {"type": "Feature", "properties": {"station_name": "浅草", "station_code": "003513"}, "geometry": {"type": "Point", "coordinates": [139.798315, 35.71198]}}, {"type": "Feature", "properties": {"station_name": "西新井", "station_code": "003159"}, "geometry": {"type": "Point", "coordinates": [139.790365, 35.77728]}}, {"type": "Feature", "properties": {"station_name": "谷塚", "station_code": "003059"}, "geometry": {"type": "Point", "coordinates": [139.801465, 35.81486]}}, {"type": "Feature", "properties": {"station_name": "竹ノ塚", "station_code": "003101"}, "geometry": {"type": "Point", "coordinates": [139.79072, 35.79437]}}, {"type": "Feature", "properties": {"station_name": "小菅", "station_code": "003224"}, "geometry": {"type": "Point", "coordinates": [139.81265, 35.758685]}}, {"type": "Feature", "properties": {"station_name": "曳舟", "station_code": "003479"}, "geometry": {"type": "Point", "coordinates": [139.81667333333334, 35.71851]}}, {"type": "Feature", "properties": {"station_name": "新越谷", "station_code": "002960"}, "geometry": {"type": "Point", "coordinates": [139.789815, 35.875565]}}, {"type": "Feature", "properties": {"station_name": "草加", "station_code": "003040"}, "geometry": {"type": "Point", "coordinates": [139.80345499999999, 35.82838]}}, {"type": "Feature", "properties": {"station_name": "蒲生", "station_code": "002977"}, "geometry": {"type": "Point", "coordinates": [139.791765, 35.86689]}}, {"type": "Feature", "properties": {"station_name": "東向島", "station_code": "003442"}, "geometry": {"type": "Point", "coordinates": [139.81933500000002, 35.724355]}}, {"type": "Feature", "properties": {"station_name": "とうきょうスカイツリー", "station_code": "003524"}, "geometry": {"type": "Point", "coordinates": [139.809395, 35.710465]}}, {"type": "Feature", "properties": {"station_name": "五反野", "station_code": "003200"}, "geometry": {"type": "Point", "coordinates": [139.80963, 35.765905000000004]}}, {"type": "Feature", "properties": {"station_name": "越谷", "station_code": "002942"}, "geometry": {"type": "Point", "coordinates": [139.78623499999998, 35.88753]}}, {"type": "Feature", "properties": {"station_name": "獨協大学前", "station_code": "003016"}, "geometry": {"type": "Point", "coordinates": [139.800675, 35.8433]}}, {"type": "Feature", "properties": {"station_name": "梅島", "station_code": "003176"}, "geometry": {"type": "Point", "coordinates": [139.79807499999998, 35.772345]}}, {"type": "Feature", "properties": {"station_name": "北千住", "station_code": "003258"}, "geometry": {"type": "Point", "coordinates": [139.8055625, 35.74981]}}, {"type": "Feature", "properties": {"station_name": "牛田", "station_code": "003288"}, "geometry": {"type": "Point", "coordinates": [139.81177000000002, 35.744545]}}, {"type": "Feature", "properties": {"station_name": "曳舟", "station_code": "003480"}, "geometry": {"type": "Point", "coordinates": [139.81667333333334, 35.71851]}}, {"type": "Feature", "properties": {"station_name": "東あずま", "station_code": "003548"}, "geometry": {"type": "Point", "coordinates": [139.831595, 35.707375]}}, {"type": "Feature", "properties": {"station_name": "小村井", "station_code": "003525"}, "geometry": {"type": "Point", "coordinates": [139.82761, 35.710319999999996]}}, {"type": "Feature", "properties": {"station_name": "亀戸", "station_code": "003635"}, "geometry": {"type": "Point", "coordinates": [139.8272, 35.697735]}}, {"type": "Feature", "properties": {"station_name": "亀戸水神", "station_code": "003610"}, "geometry": {"type": "Point", "coordinates": [139.83339, 35.699945]}}, {"type": "Feature", "properties": {"station_name": "西新井", "station_code": "003160"}, "geometry": {"type": "Point", "coordinates": [139.790365, 35.77728]}}, {"type": "Feature", "properties": {"station_name": "大師前", "station_code": "003150"}, "geometry": {"type": "Point", "coordinates": [139.781655, 35.77895]}}, {"type": "Feature", "properties": {"station_name": "池袋", "station_code": "003381"}, "geometry": {"type": "Point", "coordinates": [139.71116999999998, 35.731179999999995]}}, {"type": "Feature", "properties": {"station_name": "大山", "station_code": "003269"}, "geometry": {"type": "Point", "coordinates": [139.70262333333332, 35.74841]}}, {"type": "Feature", "properties": {"station_name": "北池袋", "station_code": "003315"}, "geometry": {"type": "Point", "coordinates": [139.71639499999998, 35.740335]}}, {"type": "Feature", "properties": {"station_name": "成増", "station_code": "003156"}, "geometry": {"type": "Point", "coordinates": [139.6328975, 35.7775925]}}, {"type": "Feature", "properties": {"station_name": "上板橋", "station_code": "003212"}, "geometry": {"type": "Point", "coordinates": [139.67620499999998, 35.763615]}}, {"type": "Feature", "properties": {"station_name": "下赤塚", "station_code": "003184"}, "geometry": {"type": "Point", "coordinates": [139.64485000000002, 35.770485]}}, {"type": "Feature", "properties": {"station_name": "中板橋", "station_code": "003233"}, "geometry": {"type": "Point", "coordinates": [139.694385, 35.756280000000004]}}, {"type": "Feature", "properties": {"station_name": "ときわ台", "station_code": "003223"}, "geometry": {"type": "Point", "coordinates": [139.68876, 35.758905]}}, {"type": "Feature", "properties": {"station_name": "朝霞台", "station_code": "003061"}, "geometry": {"type": "Point", "coordinates": [139.5873, 35.814345]}}, {"type": "Feature", "properties": {"station_name": "朝霞", "station_code": "003097"}, "geometry": {"type": "Point", "coordinates": [139.6003, 35.796765]}}, {"type": "Feature", "properties": {"station_name": "下板橋", "station_code": "003285"}, "geometry": {"type": "Point", "coordinates": [139.71561499999999, 35.7450675]}}, {"type": "Feature", "properties": {"station_name": "東武練馬", "station_code": "003194"}, "geometry": {"type": "Point", "coordinates": [139.66254, 35.768649999999994]}}, {"type": "Feature", "properties": {"station_name": "和光市", "station_code": "003124"}, "geometry": {"type": "Point", "coordinates": [139.612865, 35.78835]}}, {"type": "Feature", "properties": {"station_name": "柳瀬川", "station_code": "003038"}, "geometry": {"type": "Point", "coordinates": [139.56246, 35.830560000000006]}}, {"type": "Feature", "properties": {"station_name": "鶴瀬", "station_code": "003007"}, "geometry": {"type": "Point", "coordinates": [139.53930666666668, 35.84570333333334]}}, {"type": "Feature", "properties": {"station_name": "みずほ台", "station_code": "003025"}, "geometry": {"type": "Point", "coordinates": [139.550785, 35.8382]}}, {"type": "Feature", "properties": {"station_name": "志木", "station_code": "003049"}, "geometry": {"type": "Point", "coordinates": [139.5753, 35.82217]}}, {"type": "Feature", "properties": {"station_name": "ふじみ野", "station_code": "002987"}, "geometry": {"type": "Point", "coordinates": [139.52309, 35.860744999999994]}}, {"type": "Feature", "properties": {"station_name": "上福岡", "station_code": "002964"}, "geometry": {"type": "Point", "coordinates": [139.51187, 35.87387]}}, {"type": "Feature", "properties": {"station_name": "新河岸", "station_code": "002937"}, "geometry": {"type": "Point", "coordinates": [139.4973, 35.89102]}}, {"type": "Feature", "properties": {"station_name": "柏", "station_code": "002985"}, "geometry": {"type": "Point", "coordinates": [139.970465, 35.861985]}}, {"type": "Feature", "properties": {"station_name": "馬込沢", "station_code": "003307"}, "geometry": {"type": "Point", "coordinates": [139.992205, 35.741655]}}, {"type": "Feature", "properties": {"station_name": "増尾", "station_code": "003039"}, "geometry": {"type": "Point", "coordinates": [139.97632499999997, 35.82982]}}, {"type": "Feature", "properties": {"station_name": "鎌ヶ谷", "station_code": "003211"}, "geometry": {"type": "Point", "coordinates": [139.99731, 35.763785]}}, {"type": "Feature", "properties": {"station_name": "逆井", "station_code": "003048"}, "geometry": {"type": "Point", "coordinates": [139.983705, 35.8232825]}}, {"type": "Feature", "properties": {"station_name": "六実", "station_code": "003102"}, "geometry": {"type": "Point", "coordinates": [139.99924499999997, 35.793705]}}, {"type": "Feature", "properties": {"station_name": "高柳", "station_code": "003070"}, "geometry": {"type": "Point", "coordinates": [139.99898, 35.808305]}}, {"type": "Feature", "properties": {"station_name": "塚田", "station_code": "003454"}, "geometry": {"type": "Point", "coordinates": [139.98290500000002, 35.722125]}}, {"type": "Feature", "properties": {"station_name": "新船橋", "station_code": "003518"}, "geometry": {"type": "Point", "coordinates": [139.97982, 35.711565]}}, {"type": "Feature", "properties": {"station_name": "新柏", "station_code": "003026"}, "geometry": {"type": "Point", "coordinates": [139.96704, 35.8381]}}, {"type": "Feature", "properties": {"station_name": "船橋", "station_code": "003589"}, "geometry": {"type": "Point", "coordinates": [139.98436500000003, 35.7021]}}, {"type": "Feature", "properties": {"station_name": "流山おおたかの森", "station_code": "002969"}, "geometry": {"type": "Point", "coordinates": [139.92576000000003, 35.872085]}}, {"type": "Feature", "properties": {"station_name": "豊四季", "station_code": "002978"}, "geometry": {"type": "Point", "coordinates": [139.93928, 35.866535]}}, {"type": "Feature", "properties": {"station_name": "初石", "station_code": "002949"}, "geometry": {"type": "Point", "coordinates": [139.91791, 35.883840000000006]}}, {"type": "Feature", "properties": {"station_name": "江戸川台", "station_code": "002926"}, "geometry": {"type": "Point", "coordinates": [139.91053, 35.89723]}}, {"type": "Feature", "properties": {"station_name": "西船橋", "station_code": "003552"}, "geometry": {"type": "Point", "coordinates": [139.95875, 35.707315]}}, {"type": "Feature", "properties": {"station_name": "東海神", "station_code": "003566"}, "geometry": {"type": "Point", "coordinates": [139.98055499999998, 35.705960000000005]}}, {"type": "Feature", "properties": {"station_name": "公園上", "station_code": "005240"}, "geometry": {"type": "Point", "coordinates": [139.0432966666667, 35.24912333333334]}}, {"type": "Feature", "properties": {"station_name": "強羅", "station_code": "005232"}, "geometry": {"type": "Point", "coordinates": [139.04793999999998, 35.250735]}}, {"type": "Feature", "properties": {"station_name": "公園下", "station_code": "005237"}, "geometry": {"type": "Point", "coordinates": [139.04603500000002, 35.250075]}}, {"type": "Feature", "properties": {"station_name": "中強羅", "station_code": "005242"}, "geometry": {"type": "Point", "coordinates": [139.04032, 35.24808]}}, {"type": "Feature", "properties": {"station_name": "早雲山", "station_code": "005247"}, "geometry": {"type": "Point", "coordinates": [139.035825, 35.24646]}}, {"type": "Feature", "properties": {"station_name": "上強羅", "station_code": "005245"}, "geometry": {"type": "Point", "coordinates": [139.037725, 35.24714]}}, {"type": "Feature", "properties": {"station_name": "宮ノ下", "station_code": "005254"}, "geometry": {"type": "Point", "coordinates": [139.06302499999998, 35.24199]}}, {"type": "Feature", "properties": {"station_name": "箱根湯本", "station_code": "005271"}, "geometry": {"type": "Point", "coordinates": [139.10395, 35.23354]}}, {"type": "Feature", "properties": {"station_name": "大平台", "station_code": "005260"}, "geometry": {"type": "Point", "coordinates": [139.07386, 35.239065]}}, {"type": "Feature", "properties": {"station_name": "彫刻の森", "station_code": "005246"}, "geometry": {"type": "Point", "coordinates": [139.05076, 35.24665]}}, {"type": "Feature", "properties": {"station_name": "強羅", "station_code": "005231"}, "geometry": {"type": "Point", "coordinates": [139.04825666666667, 35.25089333333333]}}, {"type": "Feature", "properties": {"station_name": "塔ノ沢", "station_code": "005269"}, "geometry": {"type": "Point", "coordinates": [139.094025, 35.23446]}}, {"type": "Feature", "properties": {"station_name": "入生田", "station_code": "005256"}, "geometry": {"type": "Point", "coordinates": [139.12106, 35.24078]}}, {"type": "Feature", "properties": {"station_name": "小田原", "station_code": "005216"}, "geometry": {"type": "Point", "coordinates": [139.15543, 35.256355]}}, {"type": "Feature", "properties": {"station_name": "小涌谷", "station_code": "005258"}, "geometry": {"type": "Point", "coordinates": [139.05318499999998, 35.240345000000005]}}, {"type": "Feature", "properties": {"station_name": "箱根板橋", "station_code": "005250"}, "geometry": {"type": "Point", "coordinates": [139.145185, 35.245155]}}, {"type": "Feature", "properties": {"station_name": "風祭", "station_code": "005248"}, "geometry": {"type": "Point", "coordinates": [139.12916, 35.24624]}}, {"type": "Feature", "properties": {"station_name": "谷村町", "station_code": "004362"}, "geometry": {"type": "Point", "coordinates": [138.90463, 35.5506]}}, {"type": "Feature", "properties": {"station_name": "上大月", "station_code": "004183"}, "geometry": {"type": "Point", "coordinates": [138.93806999999998, 35.6094]}}, {"type": "Feature", "properties": {"station_name": "禾生", "station_code": "004300"}, "geometry": {"type": "Point", "coordinates": [138.92924, 35.575194999999994]}}, {"type": "Feature", "properties": {"station_name": "田野倉", "station_code": "004258"}, "geometry": {"type": "Point", "coordinates": [138.931205, 35.593475]}}, {"type": "Feature", "properties": {"station_name": "赤坂", "station_code": "004320"}, "geometry": {"type": "Point", "coordinates": [138.916075, 35.566045]}}, {"type": "Feature", "properties": {"station_name": "都留市", "station_code": "004344"}, "geometry": {"type": "Point", "coordinates": [138.907455, 35.557204999999996]}}, {"type": "Feature", "properties": {"station_name": "大月", "station_code": "004171"}, "geometry": {"type": "Point", "coordinates": [138.941945, 35.612674999999996]}}, {"type": "Feature", "properties": {"station_name": "東京ディズニーシー･ステーション", "station_code": "004106"}, "geometry": {"type": "Point", "coordinates": [139.88949000000002, 35.627235]}}, {"type": "Feature", "properties": {"station_name": "リゾートゲートウェイ･ステーション", "station_code": "004063"}, "geometry": {"type": "Point", "coordinates": [139.88495, 35.63511]}}, {"type": "Feature", "properties": {"station_name": "東京ディズニーランド･ステーション", "station_code": "004058"}, "geometry": {"type": "Point", "coordinates": [139.878445, 35.635845]}}, {"type": "Feature", "properties": {"station_name": "ベイサイド･ステーション", "station_code": "004098"}, "geometry": {"type": "Point", "coordinates": [139.87634500000001, 35.627855]}}, {"type": "Feature", "properties": {"station_name": "秋山", "station_code": "003206"}, "geometry": {"type": "Point", "coordinates": [139.93144333333333, 35.765440000000005]}}, {"type": "Feature", "properties": {"station_name": "大町", "station_code": "003170"}, "geometry": {"type": "Point", "coordinates": [139.97334, 35.775150000000004]}}, {"type": "Feature", "properties": {"station_name": "東松戸", "station_code": "003188"}, "geometry": {"type": "Point", "coordinates": [139.94277499999998, 35.76981]}}, {"type": "Feature", "properties": {"station_name": "新鎌ヶ谷", "station_code": "003147"}, "geometry": {"type": "Point", "coordinates": [139.998355, 35.779610000000005]}}, {"type": "Feature", "properties": {"station_name": "松飛台", "station_code": "003169"}, "geometry": {"type": "Point", "coordinates": [139.95757, 35.7753325]}}, {"type": "Feature", "properties": {"station_name": "京成高砂", "station_code": "003251"}, "geometry": {"type": "Point", "coordinates": [139.86659, 35.75087]}}, {"type": "Feature", "properties": {"station_name": "北国分", "station_code": "003213"}, "geometry": {"type": "Point", "coordinates": [139.91422, 35.76286]}}, {"type": "Feature", "properties": {"station_name": "新柴又", "station_code": "003244"}, "geometry": {"type": "Point", "coordinates": [139.87982, 35.75135]}}, {"type": "Feature", "properties": {"station_name": "矢切", "station_code": "003229"}, "geometry": {"type": "Point", "coordinates": [139.900555, 35.757505]}}, {"type": "Feature", "properties": {"station_name": "新鎌ヶ谷", "station_code": "003145"}, "geometry": {"type": "Point", "coordinates": [139.99947666666665, 35.78077]}}, {"type": "Feature", "properties": {"station_name": "押上", "station_code": "003541"}, "geometry": {"type": "Point", "coordinates": [139.81369, 35.70868333333333]}}, {"type": "Feature", "properties": {"station_name": "白金台", "station_code": "004045"}, "geometry": {"type": "Point", "coordinates": [139.72586, 35.63777]}}, {"type": "Feature", "properties": {"station_name": "目黒", "station_code": "004073"}, "geometry": {"type": "Point", "coordinates": [139.71566, 35.632485]}}, {"type": "Feature", "properties": {"station_name": "渋谷", "station_code": "003925"}, "geometry": {"type": "Point", "coordinates": [139.70258433333333, 35.659098666666665]}}, {"type": "Feature", "properties": {"station_name": "明治神宮前", "station_code": "003857"}, "geometry": {"type": "Point", "coordinates": [139.70525, 35.6682175]}}, {"type": "Feature", "properties": {"station_name": "新宿三丁目", "station_code": "003689"}, "geometry": {"type": "Point", "coordinates": [139.704586, 35.690284]}}, {"type": "Feature", "properties": {"station_name": "東新宿", "station_code": "003612"}, "geometry": {"type": "Point", "coordinates": [139.70789666666667, 35.70010666666666]}}, {"type": "Feature", "properties": {"station_name": "北参道", "station_code": "003780"}, "geometry": {"type": "Point", "coordinates": [139.70564333333334, 35.67823666666667]}}, {"type": "Feature", "properties": {"station_name": "西早稲田", "station_code": "003544"}, "geometry": {"type": "Point", "coordinates": [139.70916, 35.70799333333333]}}, {"type": "Feature", "properties": {"station_name": "雑司が谷", "station_code": "003471"}, "geometry": {"type": "Point", "coordinates": [139.714715, 35.7202]}}, {"type": "Feature", "properties": {"station_name": "日吉", "station_code": "004352"}, "geometry": {"type": "Point", "coordinates": [139.64684, 35.553325]}}, {"type": "Feature", "properties": {"station_name": "日吉本町", "station_code": "004366"}, "geometry": {"type": "Point", "coordinates": [139.633334, 35.549913000000004]}}, {"type": "Feature", "properties": {"station_name": "高田", "station_code": "004370"}, "geometry": {"type": "Point", "coordinates": [139.62059, 35.549549999999996]}}, {"type": "Feature", "properties": {"station_name": "東山田", "station_code": "004350"}, "geometry": {"type": "Point", "coordinates": [139.60604, 35.55421]}}, {"type": "Feature", "properties": {"station_name": "北山田", "station_code": "004334"}, "geometry": {"type": "Point", "coordinates": [139.59274666666667, 35.56109]}}, {"type": "Feature", "properties": {"station_name": "センター北", "station_code": "004354"}, "geometry": {"type": "Point", "coordinates": [139.57834000000003, 35.553005]}}, {"type": "Feature", "properties": {"station_name": "センター南", "station_code": "004381"}, "geometry": {"type": "Point", "coordinates": [139.57451500000002, 35.545215]}}, {"type": "Feature", "properties": {"station_name": "川和町", "station_code": "004438"}, "geometry": {"type": "Point", "coordinates": [139.54897499999998, 35.528445000000005]}}, {"type": "Feature", "properties": {"station_name": "中山", "station_code": "004474"}, "geometry": {"type": "Point", "coordinates": [139.54026499999998, 35.51474]}}, {"type": "Feature", "properties": {"station_name": "見沼代親水公園", "station_code": "003060"}, "geometry": {"type": "Point", "coordinates": [139.7707, 35.814605]}}, {"type": "Feature", "properties": {"station_name": "舎人", "station_code": "003078"}, "geometry": {"type": "Point", "coordinates": [139.77013499999998, 35.80572]}}, {"type": "Feature", "properties": {"station_name": "舎人公園", "station_code": "003098"}, "geometry": {"type": "Point", "coordinates": [139.77012, 35.796665000000004]}}, {"type": "Feature", "properties": {"station_name": "西新井大師西", "station_code": "003144"}, "geometry": {"type": "Point", "coordinates": [139.77014, 35.78116]}}, {"type": "Feature", "properties": {"station_name": "江北", "station_code": "003171"}, "geometry": {"type": "Point", "coordinates": [139.77034500000002, 35.773785000000004]}}, {"type": "Feature", "properties": {"station_name": "高野", "station_code": "003196"}, "geometry": {"type": "Point", "coordinates": [139.77071999999998, 35.768254999999996]}}, {"type": "Feature", "properties": {"station_name": "足立小台", "station_code": "003235"}, "geometry": {"type": "Point", "coordinates": [139.770205, 35.754635]}}, {"type": "Feature", "properties": {"station_name": "谷在家", "station_code": "003120"}, "geometry": {"type": "Point", "coordinates": [139.7701, 35.78868]}}, {"type": "Feature", "properties": {"station_name": "扇大橋", "station_code": "003209"}, "geometry": {"type": "Point", "coordinates": [139.77085, 35.764134999999996]}}, {"type": "Feature", "properties": {"station_name": "西日暮里", "station_code": "003358"}, "geometry": {"type": "Point", "coordinates": [139.76812999999999, 35.733684999999994]}}, {"type": "Feature", "properties": {"station_name": "赤土小学校前", "station_code": "003298"}, "geometry": {"type": "Point", "coordinates": [139.76913000000002, 35.74306]}}, {"type": "Feature", "properties": {"station_name": "熊野前", "station_code": "003270"}, "geometry": {"type": "Point", "coordinates": [139.769925, 35.748245]}}, {"type": "Feature", "properties": {"station_name": "日暮里", "station_code": "003406"}, "geometry": {"type": "Point", "coordinates": [139.77116, 35.728795000000005]}}, {"type": "Feature", "properties": {"station_name": "西府", "station_code": "003831"}, "geometry": {"type": "Point", "coordinates": [139.45738999999998, 35.670935]}}, {"type": "Feature", "properties": {"station_name": "越谷レイクタウン", "station_code": "002957"}, "geometry": {"type": "Point", "coordinates": [139.82253, 35.876115]}}, {"type": "Feature", "properties": {"station_name": "都筑ふれあいの丘", "station_code": "004409"}, "geometry": {"type": "Point", "coordinates": [139.56130100000001, 35.536556000000004]}}, {"type": "Feature", "properties": {"station_name": "武蔵小杉", "station_code": "004301"}, "geometry": {"type": "Point", "coordinates": [139.663382224, 35.574874873]}}, {"type": "Feature", "properties": {"station_name": "羽田空港第3ターミナル", "station_code": "004382"}, "geometry": {"type": "Point", "coordinates": [139.7670665, 35.544979999999995]}}, {"type": "Feature", "properties": {"station_name": "羽田空港第3ターミナル", "station_code": "004388"}, "geometry": {"type": "Point", "coordinates": [139.7685835, 35.543912750000004]}}, {"type": "Feature", "properties": {"station_name": "新鎌ヶ谷", "station_code": "003146"}, "geometry": {"type": "Point", "coordinates": [139.998355, 35.779610000000005]}}, {"type": "Feature", "properties": {"station_name": "東松戸", "station_code": "003187"}, "geometry": {"type": "Point", "coordinates": [139.94277499999998, 35.76981]}}, {"type": "Feature", "properties": {"station_name": "京成高砂", "station_code": "003249"}, "geometry": {"type": "Point", "coordinates": [139.86659, 35.75087]}}, {"type": "Feature", "properties": {"station_name": "東神奈川", "station_code": "004597"}, "geometry": {"type": "Point", "coordinates": [139.633165, 35.477875]}}, {"type": "Feature", "properties": {"station_name": "吉川美南", "station_code": "002974"}, "geometry": {"type": "Point", "coordinates": [139.85812149999998, 35.868087]}}, {"type": "Feature", "properties": {"station_name": "小田栄", "station_code": "004475"}, "geometry": {"type": "Point", "coordinates": [139.70507563, 35.51441689]}}, {"type": "Feature", "properties": {"station_name": "虎ノ門ヒルズ", "station_code": "003866"}, "geometry": {"type": "Point", "coordinates": [139.747775, 35.66733]}}, {"type": "Feature", "properties": {"station_name": "羽沢横浜国大", "station_code": "004582"}, "geometry": {"type": "Point", "coordinates": [139.58613474999999, 35.481229240000005]}}, {"type": "Feature", "properties": {"station_name": "羽沢横浜国大", "station_code": "004581"}, "geometry": {"type": "Point", "coordinates": [139.58613474999999, 35.481229240000005]}}, {"type": "Feature", "properties": {"station_name": "高輪ゲートウェイ", "station_code": "004061"}, "geometry": {"type": "Point", "coordinates": [139.740644455, 35.635378720000006]}}, {"type": "Feature", "properties": {"station_name": "与野", "station_code": "002948"}, "geometry": {"type": "Point", "coordinates": [139.63899, 35.884375]}}, {"type": "Feature", "properties": {"station_name": "要町", "station_code": "003361"}, "geometry": {"type": "Point", "coordinates": [139.69848000000002, 35.733215]}}, {"type": "Feature", "properties": {"station_name": "小竹向原", "station_code": "003294"}, "geometry": {"type": "Point", "coordinates": [139.67952000000002, 35.743395]}}, {"type": "Feature", "properties": {"station_name": "千川", "station_code": "003324"}, "geometry": {"type": "Point", "coordinates": [139.6894, 35.738175]}}, {"type": "Feature", "properties": {"station_name": "西谷", "station_code": "004594"}, "geometry": {"type": "Point", "coordinates": [139.56552083, 35.478064814999996]}}]}