vehicle_length_m,footway_length_m,footway_ratio,signal_count,crossing_count,vehicle_intersection_count,vehicle_footway_intersection_count,signal_nearest_m,crossing_nearest_m,primary_ratio,secondary_ratio,tertiary_ratio,residential_ratio,service_ratio,unclassified_ratio,trunk_ratio,cell_id,accident_count
146.54600970848327,646.0574166951194,4.378684438647844,0,0,0,0,1412.3183922937937,2895.94692937361,0.0,0.0,0.0,0.0,0.0,0.0,0.9932224531047924,500m_25058_7939,0
901.5668724789737,341.4607443766041,0.37832182277946264,0,0,2,0,947.5306152176178,3035.6958116104465,0.0,0.0,0.0,0.0,0.0,0.0,0.9988920488547808,500m_25058_7940,0
637.0618923259977,1158.3569662249945,1.8154304153822876,0,0,2,1,550.2208005973328,3247.483195977743,0.0,0.2533129899191521,0.0,0.0,0.0,0.0,0.7451197640001357,500m_25058_7941,0
590.8204186188258,256.9373907075312,0.43414756001012034,0,0,0,0,457.63438367020154,3518.323856658773,0.0,0.0,0.0,0.0,0.0,0.0,0.9983102982449747,500m_25058_7942,0
0.0,457.7288858942289,457.7288858942289,0,0,0,0,786.0490861882755,3835.7288769101797,0.0,0.0,0.0,0.0,0.0,0.0,0.0,500m_25058_7943,0
0.0,361.4642986032897,361.4642986032897,0,0,0,0,1847.5643375876912,2338.6072748912234,0.0,0.0,0.0,0.0,0.0,0.0,0.0,500m_25059_7938,0
0.0,300.20732535746,300.20732535746,0,0,0,0,1347.1887572518037,2407.574189494031,0.0,0.0,0.0,0.0,0.0,0.0,0.0,500m_25059_7939,0
36.59337901464515,433.742827560993,11.537745180927232,0,0,0,0,847.4070755078666,2574.0047756332187,0.0,0.0,0.0,0.0,0.0,0.0,0.9733995712486916,500m_25059_7940,0
577.284892005751,314.04145680740874,0.5430566510533802,0,0,2,2,350.76714981356633,2820.699435843636,0.0,0.856706425295817,0.0,0.0,0.0,0.0,0.14156432323345616,500m_25059_7941,0
1741.1285662577543,58.209828769260895,0.033413049930236055,1,0,10,2,172.435706767112,3128.7293978667776,0.0,0.0,0.0,0.34430133993522194,0.0,0.0,0.6551246496160849,500m_25059_7942,0
0.0,527.9296850453504,527.9296850453504,0,0,0,0,1356.593816224538,3481.854046066305,0.0,0.0,0.0,0.0,0.0,0.0,0.0,500m_25059_7943,0
0.0,657.4394275110772,657.4394275110772,0,0,0,0,1932.52898107364,1838.4398915240154,0.0,0.0,0.0,0.0,0.0,0.0,0.0,500m_25060_7938,0
0.0,246.91429991823006,246.91429991823006,0,0,0,0,1461.5312662216131,1925.4373564098355,0.0,0.0,0.0,0.0,0.0,0.0,0.0,500m_25060_7939,0
0.0,259.2566994796361,259.2566994796361,0,0,0,0,1019.429574855154,2129.9094854242326,0.0,0.0,0.0,0.0,0.0,0.0,0.0,500m_25060_7940,0
385.3874879404524,135.7541221604102,0.3513419207335507,0,0,2,0,666.4512814337028,2422.287646558893,0.0,0.9974119244768244,0.0,0.0,0.0,0.0,0.0,500m_25060_7941,0
1121.6174402395584,111.31708159631417,0.09915851794762774,0,0,3,0,592.3137677356032,2774.9230787849965,0.0,0.3057669941271478,0.0,0.2105621148879043,0.0,0.0,0.48278011558439243,500m_25060_7942,0
0.0,0.0,0.0,0,0,0,0,861.9102594309968,3167.755730420126,0.0,0.0,0.0,0.0,0.0,0.0,0.0,500m_25060_7943,0
0.0,0.0,0.0,0,0,0,0,3042.9110959121986,1625.378425184751,0.0,0.0,0.0,0.0,0.0,0.0,0.0,500m_25061_7936,0
0.0,0.0,0.0,0,0,0,0,2580.145635396029,1402.097522729283,0.0,0.0,0.0,0.0,0.0,0.0,0.0,500m_25061_7937,0
0.0,120.64124516634556,120.64124516634556,0,0,0,0,2134.6551700879672,1338.528121447423,0.0,0.0,0.0,0.0,0.0,0.0,0.0,500m_25061_7938,0
0.0,571.0783849610541,571.0783849610541,0,0,0,0,1719.9161385409977,1455.7455928296326,0.0,0.0,0.0,0.0,0.0,0.0,0.0,500m_25061_7939,0
0.0,589.3282047878237,589.3282047878237,0,0,0,0,1364.2682966153284,1717.1169327260602,0.0,0.0,0.0,0.0,0.0,0.0,0.0,500m_25061_7940,0
125.42437967149111,441.8716228450477,3.4951456672616,0,0,0,0,1125.2120154833526,2068.7057598268184,0.0,0.9920901332274799,0.0,0.0,0.0,0.0,0.0,500m_25061_7941,0
1391.1335342914304,361.1824246065308,0.2594452440874257,0,0,1,2,1082.928348289504,2472.317558749522,0.0,0.37720691800203404,0.0,0.18998707546178334,0.04105313744849398,0.0,0.39103454719157166,500m_25061_7942,1
84.56848114269873,1163.257761270175,13.594465458961016,0,0,0,0,382.32451825643096,2906.358947607859,0.0,0.0,0.9883134538951048,0.0,0.0,0.0,0.0,500m_25061_7943,0
0.0,0.0,0.0,0,0,0,0,3253.0681414928704,1246.8148545602332,0.0,0.0,0.0,0.0,0.0,0.0,0.0,500m_25062_7936,0
0.0,0.0,0.0,0,0,0,0,2824.9284930708154,937.3533296806952,0.0,0.0,0.0,0.0,0.0,0.0,0.0,500m_25062_7937,0
0.0,0.0,0.0,0,0,0,0,2424.8190193049404,839.3288287252042,0.0,0.0,0.0,0.0,0.0,0.0,0.0,500m_25062_7938,0
446.3132123114934,0.0,0.0,0,0,0,0,2069.0652936658666,1015.9095115954862,0.0,0.9977644299956344,0.0,0.0,0.0,0.0,0.0,500m_25062_7939,0
786.5817723103521,79.11153477638612,0.10044866140605863,0,0,1,0,1784.3970214549595,1364.341974625614,0.0,0.7852744375301627,0.21345585304389847,0.0,0.0,0.0,0.0,500m_25062_7940,0
899.7179969450538,352.6749090621005,0.39154864259208827,0,0,0,2,1608.9971717048459,1786.769024427826,0.0,0.9988897745982742,0.0,0.0,0.0,0.0,0.0,500m_25062_7941,0
948.2215470221795,412.1813194268756,0.4342308923769559,0,0,5,3,1579.6925949637177,2241.7438980709903,0.0,0.09080529074498607,0.0,0.6814694103315402,0.0,0.0,0.22667180408537513,500m_25062_7942,1
932.8143638255083,0.0,0.0,1,0,3,0,224.0424289596515,2712.940378515653,0.0,0.0,0.4115912892736159,0.0,0.0,0.0,0.5873378340738734,500m_25062_7943,0
0.0,672.0489444777513,672.0489444777513,0,0,0,0,3522.295217000849,984.0301428787283,0.0,0.0,0.0,0.0,0.0,0.0,0.0,500m_25063_7936,0
243.35005133242686,163.6320322786943,0.6696623609711485,0,0,0,0,3131.170546106342,540.7702725893938,0.0,0.9959075105794042,0.0,0.0,0.0,0.0,0.0,500m_25063_7937,0
1433.3407189378374,502.5901823783049,0.3503980440229603,0,0,4,2,2775.545352185569,343.95826884747055,0.0,0.5410607349607701,0.0,0.4582420806207744,0.0,0.0,0.0,500m_25063_7938,0
1890.402026603949,508.37119911740297,0.268780085865824,0,0,10,1,1954.0056509205358,667.7871899574502,0.0,0.20726818503151123,0.18194143236211532,0.3840307691900893,0.0,0.2262309050899027,0.0,500m_25063_7939,0
354.1987040254204,2625.5184745948955,7.391689341318643,0,0,1,1,1491.545058726787,1129.305011413449,0.0,0.22075534207338243,0.571818990916936,0.20461034142243364,0.0,0.0,0.0,500m_25063_7940,0
0.0,815.9184202982542,815.9184202982542,0,0,0,0,1064.4401705414,1614.4588950807813,0.0,0.0,0.0,0.0,0.0,0.0,0.0,500m_25063_7941,0
79.82462154616049,232.17950998337773,2.8726334320139757,0,0,0,1,736.9645359032662,2106.984308526537,0.0,0.0,0.0,0.9876275325405777,0.0,0.0,0.0,500m_25063_7942,0
521.7415998544017,442.3941883099126,0.8462961211296975,0,0,4,1,674.5059034310135,2602.6997264806373,0.0,0.0,0.0,0.0,0.0,0.0,0.9980870089537957,500m_25063_7943,0
0.0,0.0,0.0,0,0,0,0,2144.4369200049396,3293.6624003235324,0.0,0.0,0.0,0.0,0.0,0.0,0.0,500m_25072_7944,0
0.0,0.0,0.0,0,0,0,0,1786.9195445206226,2924.791262758836,0.0,0.0,0.0,0.0,0.0,0.0,0.0,500m_25072_7945,0
1642.3163298707686,0.0,0.0,0,0,5,0,1513.046874174531,2600.452551737298,0.0,0.0,0.0,0.4769970474991125,0.0,0.0,0.5223944269347361,500m_25072_7946,0
0.0,1095.1043896261865,1095.1043896261865,0,0,0,0,1373.7895975945012,2339.2436035361447,0.0,0.0,0.0,0.0,0.0,0.0,0.0,500m_25072_7947,0
0.0,372.69070460632565,372.69070460632565,0,0,0,0,1409.6249514033757,2160.8325833832164,0.0,0.0,0.0,0.0,0.0,0.0,0.0,500m_25072_7948,0
757.4783422125075,381.5733335441137,0.5030774279342652,0,0,1,1,1608.8955152306587,2084.529499346071,0.0,0.0,0.0,0.0,0.08628687385683306,0.912394696935178,0.0,500m_25072_7949,0
0.0,860.1336912218102,860.1336912218102,0,0,0,0,1921.4069543929775,2126.7549538739277,0.0,0.0,0.0,0.0,0.0,0.0,0.0,500m_25072_7950,0
0.0,726.0467088625379,726.0467088625379,0,0,0,0,2301.482613447271,2280.935697024472,0.0,0.0,0.0,0.0,0.0,0.0,0.0,500m_25072_7951,0
1341.4269006831732,1414.9039641287834,1.0539895791783715,0,0,2,2,1866.1455795505708,3000.0879739670895,0.0,0.0,0.0,0.0,0.0,0.9992550804818563,0.0,500m_25073_7944,0
777.6255996522325,360.23921535163606,0.46266037940768234,0,0,3,2,1441.1919862381567,2589.753754806614,0.0,0.0,0.0,0.0,0.0,0.998715685689699,0.0,500m_25073_7945,0
892.7117458894755,847.4473247350924,0.948233396990505,0,0,1,0,1083.202193990668,2216.9525923800047,0.0,0.0,0.0,0.2959431652762452,0.0,0.7029379057126954,0.0,500m_25073_7946,0
2211.262633472732,242.33712619048143,0.10954265670078653,0,0,12,1,878.2808660579349,1903.8620513362735,0.0,0.0,0.0,0.6834517077225924,0.08809325019517388,0.03920354076563343,0.18879947542018582,500m_25073_7947,1
432.27944692719376,257.6346045692695,0.5946153375065613,0,0,2,0,933.3730235278248,1683.8111077993324,0.0,0.0,0.0,0.997692020687591,0.0,0.0,0.0,500m_25073_7948,0
805.9117989036931,1234.8898576150611,1.5303901359390684,0,0,1,2,1213.5694282421064,1584.7364574912842,0.0,0.0,0.0,0.0,0.0,0.9987607071784567,0.0,500m_25073_7949,0
0.0,1218.7536293010469,1218.7536293010469,0,0,0,0,1605.0152485339315,1639.9137355855319,0.0,0.0,0.0,0.0,0.0,0.0,0.0,500m_25073_7950,0
0.0,1206.0282907344824,1206.0282907344824,0,0,0,0,1893.7837585875548,1835.4841617754755,0.0,0.0,0.0,0.0,0.0,0.0,0.0,500m_25073_7951,0
0.0,726.3212641671229,726.3212641671229,0,0,0,0,1693.2127888273055,2766.473215965775,0.0,0.0,0.0,0.0,0.0,0.0,0.0,500m_25074_7944,0
0.0,0.0,0.0,0,0,0,0,1208.9414602453148,2315.112756817257,0.0,0.0,0.0,0.0,0.0,0.0,0.0,500m_25074_7945,0
0.0,633.2934479009839,633.2934479009839,0,0,0,0,746.9049455157143,1888.8826675529367,0.0,0.0,0.0,0.0,0.0,0.0,0.0,500m_25074_7946,0
1797.0659307697156,481.65924740922253,0.2678762992873315,0,0,11,6,394.9078098184632,1509.2269609530956,0.0,0.0,0.0,0.19034244705349984,0.046086768678669954,0.4091783451628338,0.3538362859724064,500m_25074_7947,0
628.169515948422,330.7850112173498,0.5257486302697266,0,0,0,0,505.7617978455639,1220.414659218172,0.0,0.0,0.0,0.0,0.0,0.7874896875359897,0.21092091568833748,500m_25074_7948,0
1606.2369898365512,1655.2311896224219,1.0298613086242816,0,0,1,1,925.9565061862256,1085.3121301785638,0.0,0.0,0.0,0.0,0.0,0.9993778142201035,0.0,500m_25074_7949,0
284.55354817727886,569.7650636331377,1.9953002414783976,0,0,1,1,1198.6357572333518,1164.4335437990828,0.0,0.0,0.0,0.0,0.3303432524301626,0.666154777426643,0.0,500m_25074_7950,0
221.90633887484375,1113.4578553460692,4.995182554997897,0,0,2,1,1520.6385808443927,1426.7677347548174,0.0,0.9955138108451843,0.0,0.0,0.0,0.0,0.0,500m_25074_7951,0
0.0,114.65053064017191,114.65053064017191,0,0,0,0,1656.2030160603513,2608.975013483405,0.0,0.0,0.0,0.0,0.0,0.0,0.0,500m_25075_7944,0
0.0,685.8808183844362,685.8808183844362,0,0,0,0,1155.3311180664411,2124.4226589295636,0.0,0.0,0.0,0.0,0.0,0.0,0.0,500m_25075_7945,0
0.0,1546.1778311611797,1546.1778311611797,0,0,0,0,654.4686334505843,1649.6515640993616,0.0,0.0,0.0,0.0,0.0,0.0,0.0,500m_25075_7946,0
1848.8369031213972,68.60996227732589,0.03708973594458738,2,0,15,1,153.7076113973312,1196.363894668789,0.0,0.1432915953937741,0.0,0.34802582889300104,0.0,0.25405119111033125,0.2540907964038399,500m_25075_7947,1
1246.9548486085657,1493.3354178367947,1.1966261595936916,0,0,4,4,347.3909976749463,801.8606427349564,0.0,0.0,0.0,0.04719627952307403,0.0,0.706945482252678,0.2450569271823343,500m_25075_7948,0
839.6710416367063,146.74970646316916,0.17456258059925733,0,0,2,2,525.9795705496485,587.1980743906408,0.0,0.0,0.0,0.0,0.1459458766772019,0.8528645973959232,0.0,500m_25075_7949,0
559.8293374505414,0.0,0.0,0,0,0,0,814.2169499517131,723.0849821471053,0.0,0.4401130029818931,0.0,0.0,0.1214038541417737,0.43670006925085936,0.0,500m_25075_7950,0
752.8331051093588,26.58140301450787,0.03526165517850492,0,0,0,0,1223.9444909639726,1096.6584886277267,0.0,0.6262728491806845,0.0,0.37240059724502667,0.0,0.0,0.0,500m_25075_7951,0
0.0,762.6234925514258,762.6234925514258,0,0,0,0,1728.1317238550926,2541.7823575637212,0.0,0.0,0.0,0.0,0.0,0.0,0.0,500m_25076_7944,0
0.0,0.0,0.0,0,0,0,0,1256.2670970059073,2041.3471493666293,0.0,0.0,0.0,0.0,0.0,0.0,0.0,500m_25076_7945,0
87.28064150896729,600.3324510980576,6.800272866583979,0,0,1,2,819.5928378620772,1541.1996798038595,0.0,0.0,0.0,0.0,0.5906477018726608,0.39802478642254013,0.0,500m_25076_7946,0
1039.2988795171018,669.1204604106675,0.6432002125401383,0,0,0,1,516.7353844666194,1041.75446225248,0.0,0.7099516770463828,0.0,0.0,0.0,0.28908706074360285,0.0,500m_25076_7947,0
2415.0229350478544,2021.0524654732985,0.836520397283922,1,0,14,10,242.05641524803272,544.9457808009171,0.0,0.0,0.0,0.029395386997413262,0.15521182225829894,0.6736318671553367,0.14134702023336032,500m_25076_7948,0
3373.0177364591204,1672.556499590874,0.49571657004570063,2,2,29,15,124.996394922199,102.1620585115072,0.0,0.15826357337749503,0.034649364732302575,0.05165339121108509,0.2340298767628034,0.40118677828687593,0.11992063307365125,500m_25076_7949,1
3033.0073602950356,998.2727396325914,0.32902779099900287,0,0,26,11,554.3559757647181,436.06914964618784,0.0,0.15476652423607104,0.0,0.5009270761410367,0.14590277656499523,0.1980740259669056,0.0,500m_25076_7950,0
800.0003565301798,463.6095486366115,0.578788192610678,0,0,4,3,1044.395833087555,932.728859861654,0.0,0.0,0.0,0.907136791109845,0.09161476999515639,0.0,0.0,500m_25076_7951,0
0.0,1538.1797944464076,1538.1797944464076,0,0,0,0,1931.4374250888918,2571.9826695554766,0.0,0.0,0.0,0.0,0.0,0.0,0.0,500m_25077_7944,0
0.0,556.14677589112,556.14677589112,0,0,0,0,1491.9456570305235,2078.8282106160436,0.0,0.0,0.0,0.0,0.0,0.0,0.0,500m_25077_7945,0
0.0,560.1115216546073,560.1115216546073,0,0,0,0,1093.6425437089567,1590.5081713626878,0.0,0.0,0.0,0.0,0.0,0.0,0.0,500m_25077_7946,0
71.56653125097455,1767.4131166222646,24.355761342781957,0,0,0,0,768.156879428689,1113.4017218636116,0.0,0.0,0.0,0.9862195424976088,0.0,0.0,0.0,500m_25077_7947,0
2516.3109238433626,664.6782667262373,0.26404297555401873,0,0,16,4,646.5461773901346,1158.961725657324,0.0,0.3671547107744593,0.0,0.2648221721880444,0.14140155567960383,0.0681502574779177,0.15807405458092058,500m_25077_7948,0
1421.2972775859278,12.870187959197127,0.009048873369877893,0,0,6,2,864.7176207980476,1074.9428022591808,0.0,0.11338573983883526,0.0,0.13504893612162394,0.21223043450692228,0.20661436375352774,0.33201743788336147,500m_25077_7949,0
3.7835912207781184,155.1878886802205,32.44171199373031,0,0,0,0,1234.9957202696733,1212.2579790651296,0.0,0.0,0.0,0.0,0.7909520371104501,0.0,0.0,500m_25077_7950,0
0.0,0.0,0.0,0,0,0,0,1444.991664479329,1452.8513553226935,0.0,0.0,0.0,0.0,0.0,0.0,0.0,500m_25077_7951,0
0.0,304.8758135704509,304.8758135704509,0,0,0,0,1799.516285305876,2507.585244564017,0.0,0.0,0.0,0.0,0.0,0.0,0.0,500m_25078_7944,0
0.0,0.0,0.0,0,0,0,0,1306.4007147223163,2023.1929357284982,0.0,0.0,0.0,0.0,0.0,0.0,0.0,500m_25078_7945,0
36.69292585848138,856.3221451172597,22.71837819999257,0,0,0,1,822.7177105837601,1549.3202341958854,0.0,0.0,0.0,0.973469822858684,0.0,0.0,0.0,500m_25078_7946,0
2384.103907281113,142.18252717210325,0.05961271822919593,0,0,8,1,385.7507909579382,1099.651925600307,0.0,0.17517715494794903,0.0,0.759176170218778,0.06522740588782056,0.0,0.0,500m_25078_7947,0
1364.4646945616878,1310.2680059935687,0.9595766270721213,1,0,10,4,161.93235784814658,720.9945654053281,0.0,0.20540946842523966,0.0,0.22113493887615893,0.1395635073720475,0.0,0.4331597339124292,500m_25078_7948,0
0.0,564.864170192056,564.864170192056,0,0,0,0,596.6229230723416,576.3589208935975,0.0,0.0,0.0,0.0,0.0,0.0,0.0,500m_25078_7949,0
0.0,437.80444619038525,437.80444619038525,0,0,0,0,761.50464336065,765.9280116221526,0.0,0.0,0.0,0.0,0.0,0.0,0.0,500m_25078_7950,0
0.0,171.92996651490006,171.92996651490006,0,0,0,0,1068.9852342057507,1037.8093935191364,0.0,0.0,0.0,0.0,0.0,0.0,0.0,500m_25078_7951,0
0.0,328.86219935954716,328.86219935954716,0,0,0,0,1794.3198944849523,2442.3295953762245,0.0,0.0,0.0,0.0,0.0,0.0,0.0,500m_25079_7944,0
0.0,864.7278991904902,864.7278991904902,0,0,0,0,1299.2339699296376,1941.7306863966114,0.0,0.0,0.0,0.0,0.0,0.0,0.0,500m_25079_7945,0
0.0,1238.0674099954556,1238.0674099954556,0,0,0,0,811.290065948047,1441.325744704893,0.0,0.0,0.0,0.0,0.0,0.0,0.0,500m_25079_7946,0
2908.9910395584825,432.2450869376221,0.148538287940297,0,0,22,2,360.73795365204876,941.4241254690501,0.0,0.07934905098509012,0.0,0.7690216772544127,0.15128562809066992,0.0,0.0,500m_25079_7947,0
1519.405578316327,427.2816864417575,0.2810313856615302,1,0,13,3,322.2263318177547,443.73021476086103,0.05069533429824123,0.2833033793503996,0.0,0.42744394129051616,0.021898035535066147,0.0,0.21600159028673888,500m_25079_7948,0
1305.2260373723461,2797.6030873089194,2.1417450022177507,1,4,14,8,271.6760612458529,96.28738640627729,0.0,0.0,0.0,0.0,0.25406231717237465,0.29968398677086394,0.44548813177356006,500m_25079_7949,0
1665.4758729573807,615.9809962200019,0.3696309116836253,0,0,10,7,367.3085852190704,338.42732287785594,0.0,0.0,0.0,0.9522739735821215,0.04071619515217973,0.006409762572099377,0.0,500m_25079_7950,0
0.0,0.0,0.0,0,0,0,0,835.3328372414929,694.2942510417565,0.0,0.0,0.0,0.0,0.0,0.0,0.0,500m_25079_7951,0
54.44821862504778,0.0,0.0,0,0,0,0,1923.9236931595685,2478.406727756202,0.0,0.0,0.0,0.0,0.0,0.9819651555127099,0.0,500m_25080_7944,0
431.58222245391704,85.49783723391626,0.19764528636639556,0,0,1,0,1473.0512846363338,1986.9157131785914,0.0,0.0,0.0,0.0,0.0,0.9976883007481738,0.0,500m_25080_7945,0
0.0,1515.3311438437536,1515.3311438437536,0,0,0,0,1067.7244180328908,1501.6410461374114,0.0,0.0,0.0,0.0,0.0,0.0,0.0,500m_25080_7946,0
2146.71775673102,67.26093328798895,0.031317398702502185,0,0,14,1,782.2713175014936,1031.3948073813526,0.0,0.0,0.0,0.47933447742778157,0.27236857362587025,0.2478313384177464,0.0,500m_25080_7947,0
2105.7673543390592,320.2100341251057,0.151991169535453,0,0,4,0,754.878630178243,611.8678803638668,0.16835444049685183,0.32699552113578084,0.0,0.04257638045853911,0.0,0.46159899705083624,0.0,500m_25080_7948,0
425.4270487708594,798.6429905039062,1.8728713218496067,0,0,0,0,359.42827108859495,351.9924278260275,0.9736675654472009,0.0,0.0,0.0,0.0,0.0,0.023987367552752038,500m_25080_7949,0
1004.3220117541957,1161.7935674282871,1.1556432206244671,0,2,12,4,436.22615151342,135.38142949234077,0.0,0.0,0.0,0.19813969673538537,0.08301768336799709,0.1145366553093206,0.6033112584251837,500m_25080_7950,0
0.0,0.0,0.0,0,0,0,0,867.8453006839403,586.9523217729835,0.0,0.0,0.0,0.0,0.0,0.0,0.0,500m_25080_7951,0
644.505567430301,0.0,0.0,0,0,0,0,2164.2445193669314,2611.6205554018757,0.0,0.0,0.0,0.0,0.0,0.9984508266846079,0.0,500m_25081_7944,0
230.07452764487869,526.8544373189344,2.2800195360720066,0,0,0,0,1775.470743643984,2150.780703130714,0.0,0.0,0.0,0.0,0.0,0.9956723918893525,0.0,500m_25081_7945,0
602.7301842107092,0.0,0.0,0,0,7,0,1456.844540450708,1712.5743705918148,0.0,0.0,0.0,0.0,0.0,0.9983436309362147,0.0,500m_25081_7946,0
124.06981468423638,728.7247151830751,5.8265434951101955,0,0,0,0,1262.6374381134679,1319.743138244374,0.0,0.0,0.0,0.0,0.0,0.99200446564565,0.0,500m_25081_7947,0
573.3283835863263,86.47264533943573,0.15056307125109755,0,0,1,1,1336.7965419983086,1370.753432712929,0.0,0.27374845867858033,0.0,0.0,0.0,0.7245103771571912,0.0,500m_25081_7948,0
509.04203764868294,734.3593578394921,1.4398016313026318,0,0,0,0,904.9644647200976,1104.8080873046222,0.9980393772940559,0.0,0.0,0.0,0.0,0.0,0.0,500m_25081_7949,0
919.1072077427564,1559.5877454723143,1.695006551789065,0,0,6,3,593.8467872136918,1031.5010808226582,0.0,0.0,0.0,0.0,0.11728071526321583,0.23964387952271357,0.6419885753407857,500m_25081_7950,0
499.0815230172324,159.11833372966828,0.3181847886913134,0,0,1,1,622.9807120066477,1120.3494519676929,0.0,0.0,0.0,0.35783657713740197,0.0,0.6401637489015075,0.0,500m_25081_7951,0
516.5868141051516,717.7747717455263,1.3867717495594953,0,0,0,2,2483.3444723017587,2828.278611081414,0.0,0.0,0.0,0.0,0.0,0.9980679569634537,0.0,500m_25082_7944,0
0.0,993.4103684369338,993.4103684369338,0,0,0,0,2152.9648693278627,2409.229918742367,0.0,0.0,0.0,0.0,0.0,0.0,0.0,500m_25082_7945,0
0.0,1098.7370544999217,1098.7370544999217,0,0,0,0,1898.7557279644502,1980.761758741738,0.0,0.0,0.0,0.0,0.0,0.0,0.0,500m_25082_7946,0
0.0,1203.1608448804182,1203.1608448804182,0,0,0,0,1684.2687090755496,1503.8556786426964,0.0,0.0,0.0,0.0,0.0,0.0,0.0,500m_25082_7947,0
0.0,410.1590861663846,410.1590861663846,0,0,0,0,1217.9596983968281,1049.5257482144593,0.0,0.0,0.0,0.0,0.0,0.0,0.0,500m_25082_7948,0
549.4102050754908,784.9662416599299,1.42614768843588,0,0,0,1,717.8988325925253,665.7209076144674,0.8973735379169422,0.0,0.0,0.10080963530408693,0.0,0.0,0.0,500m_25082_7949,0
1637.463096924558,1740.4347302628262,1.0622361489432823,1,0,19,10,221.56100419016303,535.3708940476579,0.0,0.0,0.0,0.11594837680457357,0.06888690688132298,0.5599661703461221,0.25458821791001257,500m_25082_7950,0
2400.474914469765,1017.3325663907299,0.4236282295771357,0,0,17,10,290.7876564419831,680.3530074278696,0.0,0.0,0.0,0.6363249071329675,0.038587800261663086,0.25305579455821925,0.07161508728475789,500m_25082_7951,0
0.0,278.8617962971163,278.8617962971163,0,0,0,0,2854.9288358653494,2911.225318051737,0.0,0.0,0.0,0.0,0.0,0.0,0.0,500m_25083_7944,0
0.0,460.12898030344707,460.12898030344707,0,0,0,0,2572.695897981374,2410.373009666397,0.0,0.0,0.0,0.0,0.0,0.0,0.0,500m_25083_7945,0
0.0,63.361941066302826,63.361941066302826,0,0,0,0,2098.008462625949,1909.5342041505962,0.0,0.0,0.0,0.0,0.0,0.0,0.0,500m_25083_7946,0
0.0,0.0,0.0,0,0,0,0,1597.2241410051188,1408.7233034715703,0.0,0.0,0.0,0.0,0.0,0.0,0.0,500m_25083_7947,0
0.0,1087.9151821341661,1087.9151821341661,0,0,0,0,1096.5254405598848,907.9864825509349,0.0,0.0,0.0,0.0,0.0,0.0,0.0,500m_25083_7948,0
63.585192024182405,1519.9525660434629,23.534072105481275,0,0,0,0,596.1281446223495,407.5968560708079,0.9845165746410481,0.0,0.0,0.0,0.0,0.0,0.0,500m_25083_7949,0
2233.704386156597,1629.5901354406997,0.7292195538414744,1,2,16,13,100.63362089541207,97.9212923341584,0.23512856674489385,0.0,0.0,0.14126340846490212,0.16328227614936885,0.1487161916769587,0.3111620704836972,500m_25083_7950,1
93.84868359864905,44.321501912643285,0.46728642118207075,0,0,0,1,408.21945608454246,413.37368863398797,0.0,0.0,0.0,0.0,0.7340455334237304,0.0,0.2554113576784014,500m_25083_7951,0
0.0,910.974797436773,910.974797436773,0,0,0,0,3134.1275456360368,2949.341367050768,0.0,0.0,0.0,0.0,0.0,0.0,0.0,500m_25084_7944,0
0.0,0.0,0.0,0,0,0,0,2639.8320906529275,2456.2709602112795,0.0,0.0,0.0,0.0,0.0,0.0,0.0,500m_25084_7945,0
0.0,0.0,0.0,0,0,0,0,2148.5876985383684,1967.149510705129,0.0,0.0,0.0,0.0,0.0,0.0,0.0,500m_25084_7946,0
0.0,0.0,0.0,0,0,0,0,1663.1002275036678,1485.8818936468192,0.0,0.0,0.0,0.0,0.0,0.0,0.0,500m_25084_7947,0
0.0,0.0,0.0,0,0,0,0,1190.4340687649726,1023.6065861335065,0.0,0.0,0.0,0.0,0.0,0.0,0.0,500m_25084_7948,0
0.0,75.20466360069742,75.20466360069742,0,0,0,0,755.0641127582356,624.0621134121118,0.0,0.0,0.0,0.0,0.0,0.0,0.0,500m_25084_7949,0
1073.5251093660713,1164.5273913553067,1.0837600547485886,0,0,6,3,474.20248166515483,467.00469031899723,0.0,0.0,0.0,0.2721317532278483,0.05297504631920071,0.6492791201269467,0.02468343664789617,500m_25084_7950,0
1513.6729737633798,62.43227800633494,0.041218321768305366,0,0,11,2,617.5530825786209,615.7724179272603,0.0,0.0,0.0,0.03111258928316138,0.020849844111403303,0.6276920291033407,0.31968532898360813,500m_25084_7951,0
0.0,739.3742321276527,739.3742321276527,0,0,0,0,3246.239066276643,1961.3071213438018,0.0,0.0,0.0,0.0,0.0,0.0,0.0,500m_25085_7944,0
0.0,494.1241347577254,494.1241347577254,0,0,0,0,2772.0002743428963,1708.327091342197,0.0,0.0,0.0,0.0,0.0,0.0,0.0,500m_25085_7945,0
0.0,789.5442431305527,789.5442431305527,0,0,0,0,2309.038891073518,1578.542018916692,0.0,0.0,0.0,0.0,0.0,0.0,0.0,500m_25085_7946,0
0.0,321.75163844280036,321.75163844280036,0,0,0,0,1859.3499504305216,1602.1753922868743,0.0,0.0,0.0,0.0,0.0,0.0,0.0,500m_25085_7947,0
0.0,1666.855632135602,1666.855632135602,0,0,0,0,1379.4155303737064,1351.8110209160259,0.0,0.0,0.0,0.0,0.0,0.0,0.0,500m_25085_7948,0
0.0,895.249405623834,895.249405623834,0,0,0,0,922.0356878551772,883.1099094470694,0.0,0.0,0.0,0.0,0.0,0.0,0.0,500m_25085_7949,0
1720.4416493471335,36.85782033221653,0.021411019273406717,0,0,8,1,547.0558023550481,483.87066999606384,0.0,0.0,0.0,0.2457449435861274,0.0,0.5241449769895902,0.2295291709744495,500m_25085_7950,0
1400.228058618369,411.1244012323253,0.29340291803584057,0,0,17,8,500.14790719490225,436.04607053213346,0.0,0.0,0.0,0.6032825557433965,0.18982244648299543,0.07219955715570675,0.13398178091500737,500m_25085_7951,0
2175.7215999626187,898.7607673274981,0.41289651710302905,0,0,27,10,3049.4995975914812,1589.718526911152,0.0,0.5664614708939527,0.0,0.0,0.4330791226298039,0.0,0.0,500m_25086_7944,0
334.0847242231091,3486.831450205057,10.40582037360624,0,0,0,6,2601.4915504023365,1264.4902573510706,0.0,0.9970156801318876,0.0,0.0,0.0,0.0,0.0,500m_25086_7945,0
0.0,1337.9393869330936,1337.9393869330936,0,0,0,0,2176.6548668140663,1082.7852327195653,0.0,0.0,0.0,0.0,0.0,0.0,0.0,500m_25086_7946,0
0.0,668.6608116030106,668.6608116030106,0,0,0,0,1791.5502122302996,1116.9913798163007,0.0,0.0,0.0,0.0,0.0,0.0,0.0,500m_25086_7947,0
0.0,2536.9271722452067,2536.9271722452067,0,0,0,0,1301.9082059627171,1292.1806119923478,0.0,0.0,0.0,0.0,0.0,0.0,0.0,500m_25086_7948,0
0.0,0.0,0.0,0,0,0,0,801.4607714077127,793.938141092834,0.0,0.0,0.0,0.0,0.0,0.0,0.0,500m_25086_7949,0
1142.3188405517094,76.72607461392906,0.06710820454677789,0,0,5,0,302.44238671755534,297.71540547359996,0.32611882548472565,0.0,0.0,0.014187861785858232,0.07620489793199067,0.5826137681419766,0.0,500m_25086_7950,0
3834.751327234968,2135.593806522814,0.5567602340014762,2,15,51,43,205.81803683583325,204.3411974171672,0.005276890438181486,0.0,0.0,0.3457004030954102,0.28312026490831693,0.23175413996763047,0.1338875964730823,500m_25086_7951,0
112.50467095064595,491.1990383391867,4.327566735581919,0,0,0,0,2879.2939302207733,1307.0164345859894,0.0,0.9911897898859614,0.0,0.0,0.0,0.0,0.0,500m_25087_7944,0
710.2671348367575,317.820602178823,0.4468371819988081,0,0,0,1,2399.729407688598,883.2151446452643,0.0,0.9985940584753301,0.0,0.0,0.0,0.0,0.0,500m_25087_7945,0
1127.4697244095112,597.1391551244238,0.5291583302661362,0,0,2,0,1931.016975354707,594.6458270989143,0.0,0.9991138441923878,0.0,0.0,0.0,0.0,0.0,500m_25087_7946,0
0.0,721.6323120608014,721.6323120608014,0,0,0,0,1483.4788584789108,654.9014919391028,0.0,0.0,0.0,0.0,0.0,0.0,0.0,500m_25087_7947,0
0.0,704.3181048439493,704.3181048439493,0,0,0,0,1358.2816584377006,1335.52769452399,0.0,0.0,0.0,0.0,0.0,0.0,0.0,500m_25087_7948,0
1930.200255565789,786.8617953373666,0.4074470232020747,0,0,10,3,891.5410307127385,851.6135053023567,0.2728187212460602,0.0,0.0,0.2845308237117837,0.0,0.31389204586602576,0.1282405964857486,500m_25087_7949,0
1120.7294727454723,421.34265395452127,0.3756187781384315,0,0,5,0,496.5071927181428,404.4514242071927,0.18476169787407606,0.0,0.0,0.19637528437140578,0.10743886499278772,0.0,0.5105326722182512,500m_25087_7950,0
463.35736584939553,265.8686586467759,0.5725518279664906,0,0,2,0,447.15882254276005,315.2712501887451,0.0,0.0,0.0,0.0,0.6929051974248044,0.0868611005870041,0.21808018817847552,500m_25087_7951,0
0.0,670.7227872942992,670.7227872942992,0,0,0,0,1931.1383865530556,2492.5835624303277,0.0,0.0,0.0,0.0,0.0,0.0,0.0,500m_25088_7928,0
0.0,0.0,0.0,0,0,0,0,1604.6616639285755,2144.0626507213083,0.0,0.0,0.0,0.0,0.0,0.0,0.0,500m_25088_7929,0
1120.6340505501526,0.0,0.0,0,0,4,0,1386.4848624918877,1866.224560785567,0.567089393664995,0.0,0.0,0.0,0.0,0.43201904994947155,0.0,500m_25088_7930,0
848.9834208148611,5.422672542984773,0.006379739192778809,0,0,2,1,1330.9767551434434,1694.2081332837988,0.0,0.0,0.0,0.1291904765095697,0.0,0.8696330299547783,0.0,500m_25088_7931,0
495.3719231906937,103.026002538672,0.20755807837884496,0,0,0,0,1456.8512628678538,1661.2182015114709,0.0,0.0,0.0,0.0,0.0,0.9979853816195485,0.0,500m_25088_7932,0
0.0,0.0,0.0,0,0,0,0,1724.8448371032168,1747.566563900664,0.0,0.0,0.0,0.0,0.0,0.0,0.0,500m_25088_7933,0
0.0,449.22792263560814,449.22792263560814,0,0,0,0,1959.8710454380634,1959.084561730747,0.0,0.0,0.0,0.0,0.0,0.0,0.0,500m_25088_7934,0
0.0,137.69984928968404,137.69984928968404,0,0,0,0,2264.7056739514223,2263.5797691212515,0.0,0.0,0.0,0.0,0.0,0.0,0.0,500m_25088_7935,0
0.0,927.6900295801898,927.6900295801898,0,0,0,0,2427.955997529194,1178.9768968351034,0.0,0.0,0.0,0.0,0.0,0.0,0.0,500m_25088_7944,0
0.0,1534.0761841771707,1534.0761841771707,0,0,0,0,2145.260340736504,679.5451390568957,0.0,0.0,0.0,0.0,0.0,0.0,0.0,500m_25088_7945,0
1026.1896860740333,1798.338082980999,1.7507361175464395,0,3,16,7,1794.5157735128428,187.97421784574823,0.0,0.6624038426884296,0.0,0.0,0.3366226272873135,0.0,0.0,500m_25088_7946,0
0.0,1233.3287540663987,1233.3287540663987,0,0,0,0,1300.8453636975496,331.8219143666377,0.0,0.0,0.0,0.0,0.0,0.0,0.0,500m_25088_7947,0
0.0,1237.8301317272892,1237.8301317272892,0,0,0,0,816.0074121461986,977.8657535852323,0.0,0.0,0.0,0.0,0.0,0.0,0.0,500m_25088_7948,0
2069.750066117769,185.73901943265875,0.08969649330055618,0,0,12,0,375.8924988105155,1208.378560446197,0.3485912017502459,0.0,0.0,0.30715150034477473,0.158187196356425,0.03042500572245319,0.15516217902394228,500m_25088_7949,0
2693.6927286860423,728.595826359511,0.2703817836458041,1,0,14,10,82.95611781760266,1541.048587017941,0.10965612958754828,0.10122939895522695,0.0,0.4872331495059194,0.09728401964504874,0.022878261245215917,0.18134794123605716,500m_25088_7950,0
1132.9526758980855,0.0,0.0,0,0,5,0,496.47089640453754,1910.7092429922286,0.0,0.5251949533163011,0.0,0.47392317566627973,0.0,0.0,0.0,500m_25088_7951,0
0.0,162.32661202767693,162.32661202767693,0,0,0,0,1629.4748028806184,2849.8493177328037,0.0,0.0,0.0,0.0,0.0,0.0,0.0,500m_25089_7928,0
0.0,0.0,0.0,0,0,0,0,1324.9630873164622,2550.6009228669745,0.0,0.0,0.0,0.0,0.0,0.0,0.0,500m_25089_7929,0
759.3462435488814,89.78265812717635,0.11808128058622332,0,0,3,2,1165.1711739512016,2321.905816426546,0.9668941895823201,0.0,0.0,0.0,0.0,0.03179062012314697,0.0,500m_25089_7930,0
3.104911530941145,138.43187246958374,33.72347282667139,0,0,0,0,1208.9161173510076,2186.02053779518,0.0,0.0,0.0,0.0,0.0,0.7563893904990622,0.0,500m_25089_7931,0
0.0,110.71693340709294,110.71693340709294,0,0,0,0,1437.7378499931028,2160.528310772257,0.0,0.0,0.0,0.0,0.0,0.0,0.0,500m_25089_7932,0
0.0,0.0,0.0,0,0,0,0,1781.7013509963124,2229.6563183671974,0.0,0.0,0.0,0.0,0.0,0.0,0.0,500m_25089_7933,0
0.0,547.0249678548289,547.0249678548289,0,0,0,0,2187.141265513468,2399.0169359133124,0.0,0.0,0.0,0.0,0.0,0.0,0.0,500m_25089_7934,0
0.0,0.0,0.0,0,0,0,0,2625.732613730313,2653.479760253872,0.0,0.0,0.0,0.0,0.0,0.0,0.0,500m_25089_7935,0
0.0,590.4749216541591,590.4749216541591,0,0,0,0,2065.8549295049274,1252.4573310801286,0.0,0.0,0.0,0.0,0.0,0.0,0.0,500m_25089_7944,0
0.0,1226.331394544352,1226.331394544352,0,0,0,0,1724.8247519499607,787.4647176992571,0.0,0.0,0.0,0.0,0.0,0.0,0.0,500m_25089_7945,0
480.4305654790716,2176.5314165915265,4.520966412727991,0,0,9,2,1477.8504288830914,383.666109910925,0.0,0.4541060471248427,0.0,0.16908950722987603,0.37472730291338,0.0,0.0,500m_25089_7946,0
571.5157201680825,1556.31636757837,2.7183818937259185,0,1,6,4,1297.7363270993949,183.21955488967018,0.0,0.7784935690777048,0.0,0.21073438128896793,0.009025372704165854,0.0,0.0,500m_25089_7947,0
364.00368747441905,325.30498375244684,0.8912375269503149,0,0,1,0,811.0422117525491,511.2358543933412,0.5978862573950734,0.0,0.0,0.0,0.39937404425579676,0.0,0.0,500m_25089_7948,0
1925.6128255239046,275.43479768953944,0.14296323269551595,0,0,8,2,364.9890428617578,835.535151707269,0.2889496412961953,0.0,0.0,0.4054515973437101,0.018600711519564057,0.0,0.28647900419381217,500m_25089_7949,0
1084.2103879456379,579.3191726317277,0.5338312082769594,1,0,11,3,332.2682217207048,1213.4214476362265,0.1184123131110314,0.0,0.0,0.24220643053485352,0.0,0.2614401408192635,0.37701963522918197,500m_25089_7950,0
0.0,516.441376366678,516.441376366678,0,0,0,0,643.757883661707,1657.8365014409171,0.0,0.0,0.0,0.0,0.0,0.0,0.0,500m_25089_7951,0
0.0,525.7769562529096,525.7769562529096,0,0,0,0,1322.206033170014,3245.271302890771,0.0,0.0,0.0,0.0,0.0,0.0,0.0,500m_25090_7928,0
0.0,236.43379655087537,236.43379655087537,0,0,0,0,921.2052502625431,2985.8957639789487,0.0,0.0,0.0,0.0,0.0,0.0,0.0,500m_25090_7929,0
1226.2910335082313,406.5009457506846,0.3312180523218646,0,0,5,5,671.3918886428256,2793.0482999900364,0.44760396469654445,0.0,0.0,0.0,0.08326404938163318,0.4683171832607604,0.0,500m_25090_7930,0
253.83878831148505,1207.4879171774883,4.738242263581935,0,0,1,1,744.7634921401271,2681.123217526432,0.0,0.0,0.0,0.3491477409150111,0.0,0.646928209662898,0.0,500m_25090_7931,0
0.0,941.7407231074486,941.7407231074486,0,0,0,0,1077.1888814773304,2660.3537768107926,0.0,0.0,0.0,0.0,0.0,0.0,0.0,500m_25090_7932,0
0.0,715.5330732925286,715.5330732925286,0,0,0,0,1505.9072845285841,2718.46908429902,0.0,0.0,0.0,0.0,0.0,0.0,0.0,500m_25090_7933,0
0.0,448.92776409240116,448.92776409240116,0,0,0,0,1968.9934608528563,2858.994980665342,0.0,0.0,0.0,0.0,0.0,0.0,0.0,500m_25090_7934,0
0.0,49.46129361470653,49.46129361470653,0,0,0,0,2447.01274705067,3075.611816402803,0.0,0.0,0.0,0.0,0.0,0.0,0.0,500m_25090_7935,0
0.0,708.1099636429011,708.1099636429011,0,0,0,0,1772.3232870594225,1417.1455956197485,0.0,0.0,0.0,0.0,0.0,0.0,0.0,500m_25090_7944,0
0.0,1698.0775009936156,1698.0775009936156,0,0,0,0,1359.5799082813912,944.0067784628827,0.0,0.0,0.0,0.0,0.0,0.0,0.0,500m_25090_7945,0
0.0,1143.8055773540948,1143.8055773540948,0,0,0,0,1028.3690265777907,525.1224558382429,0.0,0.0,0.0,0.0,0.0,0.0,0.0,500m_25090_7946,0
1014.3475537787409,2828.6526348311227,2.7858959469631297,0,5,14,5,876.5761902535711,402.6363454900734,0.34224965510654654,0.28583375149803564,0.0,0.0,0.3709317089622216,0.0,0.0,500m_25090_7947,0
1957.2290269081416,2542.425295439515,1.2983288780341309,0,10,19,25,1072.4337933824143,153.3329098236258,0.3672822158856894,0.11153239142548603,0.0,0.11115273406711806,0.33462269708744985,0.0,0.07489929603688213,500m_25090_7948,0
835.6944940995468,329.2210687011706,0.39347823013402206,0,0,7,2,790.8943362437235,544.1036375827965,0.0,0.0,0.0,0.0,0.2715854446331998,0.23066642440074928,0.49655295159406715,500m_25090_7949,0
0.0,1054.6994588000464,1054.6994588000464,0,0,0,0,776.3189399849429,1034.5744020439993,0.0,0.0,0.0,0.0,0.0,0.0,0.0,500m_25090_7950,0
0.0,247.69735462326867,247.69735462326867,0,0,0,0,1039.9932584490298,1531.7954354405754,0.0,0.0,0.0,0.0,0.0,0.0,0.0,500m_25090_7951,0
0.0,0.0,0.0,0,0,0,0,1158.7865737423806,3666.5251798910413,0.0,0.0,0.0,0.0,0.0,0.0,0.0,500m_25091_7928,0
0.0,643.6495683062794,643.6495683062794,0,0,0,0,665.732349875343,3439.0449225613233,0.0,0.0,0.0,0.0,0.0,0.0,0.0,500m_25091_7929,0
1543.5217957952366,1071.103829507926,0.6934857328811219,1,0,9,9,213.00337459754076,3272.9819218517437,0.37182694724541016,0.0,0.0,0.0,0.16762324029701592,0.4599023628697968,0.0,500m_25091_7930,0
1468.5303542377799,489.6740449541032,0.3332180540143308,0,0,12,5,386.3922246177371,3177.9787505424065,0.02398446142933696,0.0,0.0,0.10575512258720451,0.1401335160746497,0.7294464103924704,0.0,500m_25091_7931,0
409.6581208873213,1327.7447762611532,3.2332120290042123,0,0,5,1,868.898787336496,3160.4500967085214,0.0,0.0,0.0,0.0,0.32031754791631123,0.6772473364750186,0.0,500m_25091_7932,0
35.31335442737834,1309.4918042185702,36.06088792588334,0,0,0,1,1364.7083541032891,3210.9359196845858,0.0,0.0,0.0,0.0,0.9724619216327188,0.0,0.0,500m_25091_7933,0
0.0,0.0,0.0,0,0,0,0,1824.2229474602163,3330.724010529284,0.0,0.0,0.0,0.0,0.0,0.0,0.0,500m_25091_7934,0
0.0,0.0,0.0,0,0,0,0,2239.4431195433767,3518.39352330375,0.0,0.0,0.0,0.0,0.0,0.0,0.0,500m_25091_7935,0
0.0,1212.4538893515653,1212.4538893515653,0,0,0,0,1585.9035474511682,1430.6809632957807,0.0,0.0,0.0,0.0,0.0,0.0,0.0,500m_25091_7944,0
0.0,1072.7190332403225,1072.7190332403225,0,0,0,0,1105.6460732652936,929.9801165996619,0.0,0.0,0.0,0.0,0.0,0.0,0.0,500m_25091_7945,0
0.0,1589.9855545420521,1589.9855545420521,0,0,0,0,656.942961061092,429.692510562598,0.0,0.0,0.0,0.0,0.0,0.0,0.0,500m_25091_7946,0
2923.04242705228,5721.916688230919,1.9568514585471215,0,16,41,36,377.4288093143606,49.801591710013604,0.18627247204150602,0.0,0.0,0.1334222866993996,0.3418085805332588,0.15479639192400868,0.18335827650009184,500m_25091_7947,0
745.1660299221405,2644.285997213792,3.5438305835092936,0,0,8,3,1463.845077504964,344.5507901203085,0.0,0.0,0.0,0.018748990165545876,0.1921888540173152,0.11056304481255054,0.6771589267025715,500m_25091_7948,1
478.972393049439,1573.0280091223624,3.2773301796137564,0,0,9,3,1272.0792892612071,628.0116667458774,0.0,0.0,0.0,0.0,0.07846459051489599,0.4707531366517119,0.448698819671333,500m_25091_7949,0
0.0,1439.708980455363,1439.708980455363,0,0,0,0,1263.0465774752618,1081.0589716472766,0.0,0.0,0.0,0.0,0.0,0.0,0.0,500m_25091_7950,0
0.0,2931.5489549877248,2931.5489549877248,0,0,0,0,1440.1893025048957,1563.5651518635011,0.0,0.0,0.0,0.0,0.0,0.0,0.0,500m_25091_7951,0
142.22674461060487,530.2283556567214,3.702020576522005,0,0,2,1,1199.5252071238058,3381.8391481325366,0.0,0.0,0.0,0.0,0.0,0.9930180637511609,0.0,500m_25092_7928,0
770.6789264533749,174.75537321153917,0.22646124861114494,0,0,0,0,734.3490516970579,3185.7826102178565,0.0,0.0,0.0,0.08607581787546446,0.0,0.9126283063843545,0.0,500m_25092_7929,0
308.8615926262575,1594.94393953592,5.1472785833760195,0,0,0,0,376.077085542248,3059.9580480320665,0.0,0.0,0.0,0.17554342895720715,0.0,0.8212293237046364,0.0,500m_25092_7930,0
1568.7380221744497,1212.6338356998913,0.7725071435933707,0,0,14,5,495.33529669448507,3013.1766082148974,0.3038777511229734,0.0,0.0,0.11508179497996786,0.4161860620615547,0.16421734285925862,0.0,500m_25092_7931,0
1397.501112623144,22.260902886706873,0.015917686933371464,0,0,6,1,761.5191846569682,3049.078695162937,0.0,0.6955544500916104,0.0,0.0,0.08410639680263825,0.21962410183337544,0.0,500m_25092_7932,0
2593.269991033019,399.6916551860535,0.15406710040495794,0,0,14,4,1124.1717021835373,3164.851672152342,0.0,0.127367816969599,0.0,0.4303526327116425,0.15238871157046324,0.2895053738570329,0.0,500m_25092_7933,0
53.87524183888152,0.0,0.0,0,0,0,0,1565.0463889595324,3352.2304402565487,0.0,0.0,0.0,0.0,0.0,0.9817768456868748,0.0,500m_25092_7934,0
343.0517288390637,0.0,0.0,0,0,3,0,2033.8967573138996,3403.7773787186557,0.0,0.9970934603253577,0.0,0.0,0.0,0.0,0.0,500m_25092_7935,0
0.0,1499.1279669400237,1499.1279669400237,0,0,0,0,1545.8451654898968,1510.354079381476,0.0,0.0,0.0,0.0,0.0,0.0,0.0,500m_25092_7944,0
0.0,838.6799258002746,838.6799258002746,0,0,0,0,1047.3812887035729,1009.8442644745645,0.0,0.0,0.0,0.0,0.0,0.0,0.0,500m_25092_7945,0
0.0,1179.4867751947431,1179.4867751947431,0,0,0,0,553.2951201240293,510.0579081867213,0.0,0.0,0.0,0.0,0.0,0.0,0.0,500m_25092_7946,0
2332.6044846699756,5580.495934289211,2.3913632198381807,2,14,42,35,130.46476056240638,34.90261345216793,0.24055365159836006,0.06786466258236015,0.0,0.1207658703011842,0.4057693426493302,0.04599862427567152,0.11861932696204228,500m_25092_7947,1
1841.7607493063479,2750.0272898054513,1.4923409296842343,0,1,11,9,323.97709658636796,167.8561270179672,0.1340759301280726,0.0,0.0,0.35861457650555534,0.06938624232139602,0.17285288914459682,0.26452769785656505,500m_25092_7948,0
1266.0389437029157,2035.9669821482005,1.6068700905104747,0,0,8,6,813.5661635170011,657.5712840889842,0.0,0.0,0.0,0.7829863918796314,0.18746857093864233,0.02875579545796567,0.0,500m_25092_7949,0
0.0,1519.309381432238,1519.309381432238,0,0,0,0,1232.5093339121884,1156.8845861851662,0.0,0.0,0.0,0.0,0.0,0.0,0.0,500m_25092_7950,0
0.0,2056.9917633126147,2056.9917633126147,0,0,0,0,1646.010075955484,1657.1425815724592,0.0,0.0,0.0,0.0,0.0,0.0,0.0,500m_25092_7951,0
0.0,0.0,0.0,0,0,0,0,1427.043093589093,2944.457002569359,0.0,0.0,0.0,0.0,0.0,0.0,0.0,500m_25093_7928,0
87.71220827960991,0.0,0.0,0,0,1,0,1066.2204354515345,2717.0495534937313,0.0,0.0,0.0,0.29050887237052836,0.0,0.6982187219550674,0.0,500m_25093_7929,0
1001.022356904437,744.2346831672666,0.7427326127397419,0,0,8,1,583.3537528025689,2568.39388025395,0.0,0.0,0.0,0.49512487007765216,0.0,0.5038771481975797,0.0,500m_25093_7930,0
2157.3738732839543,1033.0331049764914,0.47861638697689435,1,0,9,7,143.7296201914915,2512.5074296285347,0.34777733417985496,0.22369861745784725,0.0,0.0,0.16521030330930903,0.2628504332920481,0.0,500m_25093_7931,0
826.4715275403236,495.54893647037323,0.5988712843611705,0,0,2,1,450.3026141376499,2555.4838398191414,0.0,0.08617903380462648,0.0,0.0,0.11283068273576795,0.7997817826632426,0.0,500m_25093_7932,0
520.2189603177668,292.4132074317239,0.5610179784201461,0,0,4,1,941.6179281668723,2692.593422527903,0.0,0.8057408513823894,0.0,0.0,0.192340569141165,0.0,0.0,500m_25093_7933,0
1323.5837657033574,41.18999677516033,0.031096558663685825,0,0,6,1,1439.539453700687,2910.563284715202,0.0,0.47558771477958617,0.0,0.09018931731153612,0.0,0.4334680137671368,0.0,500m_25093_7934,0
1066.9766713858558,0.0,0.0,0,0,11,0,1938.9845261482255,3148.5431599276985,0.0,0.4383416304880802,0.0,0.0,0.0,0.5607220194709565,0.0,500m_25093_7935,0
0.0,653.8983919727938,653.8983919727938,0,0,0,0,1662.7601979244255,1575.4694310910124,0.0,0.0,0.0,0.0,0.0,0.0,0.0,500m_25093_7944,0
0.0,2393.0734103122263,2393.0734103122263,0,0,0,0,1213.309730117721,1103.6465127086542,0.0,0.0,0.0,0.0,0.0,0.0,0.0,500m_25093_7945,0
0.0,1414.0210031937588,1414.0210031937588,0,0,0,0,825.3648664792669,675.074039461482,0.0,0.0,0.0,0.0,0.0,0.0,0.0,500m_25093_7946,0
0.0,1513.8587512030329,1513.8587512030329,0,0,0,0,626.1720695317512,441.7826722777208,0.0,0.0,0.0,0.0,0.0,0.0,0.0,500m_25093_7947,0
1949.6140957458238,1947.842889784196,0.9985793161406596,0,0,17,5,306.35723640307555,457.71375827904177,0.2705858301975764,0.0,0.0,0.3055650879595361,0.142510564724603,0.008888689965287374,0.2719371680872283,500m_25093_7948,0
1424.3641237420861,1776.729336509254,1.2465090897929363,0,0,12,7,529.7552143815021,783.4002269311171,0.0,0.0,0.0,0.8621183801765848,0.06578278614233095,0.07139725856540453,0.0,500m_25093_7949,0
0.0,1723.6080621490062,1723.6080621490062,0,0,0,0,984.4714599699444,1232.7560925259181,0.0,0.0,0.0,0.0,0.0,0.0,0.0,500m_25093_7950,0
0.0,1436.1891887240727,1436.1891887240727,0,0,0,0,1469.51868354554,1710.969575658801,0.0,0.0,0.0,0.0,0.0,0.0,0.0,500m_25093_7951,0
0.0,0.0,0.0,0,0,0,0,1615.2801330320706,2530.6744170852226,0.0,0.0,0.0,0.0,0.0,0.0,0.0,500m_25094_7928,0
0.0,0.0,0.0,0,0,0,0,1134.0036201258533,2262.072570038062,0.0,0.0,0.0,0.0,0.0,0.0,0.0,500m_25094_7929,0
953.4870837163077,1033.0351602822439,1.0822934934437334,0,0,5,3,681.5835605436592,2081.1989909919425,0.0,0.0,0.0,0.3194287012176012,0.0,0.6795236156685459,0.0,500m_25094_7930,0
404.6238155911599,1443.3213407492296,3.558275636862495,0,0,0,0,380.6648483971026,2011.8558072719666,0.9975346615224192,0.0,0.0,0.0,0.0,0.0,0.0,500m_25094_7931,0
1048.8410080281747,134.8148659853087,0.1284145551129878,0,0,5,0,571.8504532325742,2065.3077154654557,0.1339593250125383,0.0,0.0,0.06646682608091162,0.03462355695494946,0.7639977667669743,0.0,500m_25094_7932,0
0.0,1007.7130532565482,1007.7130532565482,0,0,0,0,1005.4241851948389,2232.7529534248724,0.0,0.0,0.0,0.0,0.0,0.0,0.0,500m_25094_7933,0
0.0,377.7126492664775,377.7126492664775,0,0,0,0,1293.8573099669438,2491.311534845715,0.0,0.0,0.0,0.0,0.0,0.0,0.0,500m_25094_7934,0
0.0,968.1779672819517,968.1779672819517,0,0,0,0,1762.3717447771194,2815.9968390324493,0.0,0.0,0.0,0.0,0.0,0.0,0.0,500m_25094_7935,0
0.0,1902.9288578062142,1902.9288578062142,0,0,0,0,1908.0075107349278,1781.677034327719,0.0,0.0,0.0,0.0,0.0,0.0,0.0,500m_25094_7944,0
0.0,1265.5917918620835,1265.5917918620835,0,0,0,0,1532.2506485382776,1382.123552060207,0.0,0.0,0.0,0.0,0.0,0.0,0.0,500m_25094_7945,0
0.0,2086.9367861705723,2086.9367861705723,0,0,0,0,1247.7375811790484,1071.4082349157616,0.0,0.0,0.0,0.0,0.0,0.0,0.0,500m_25094_7946,0
0.0,431.54585714428765,431.54585714428765,0,0,0,0,1125.9057356824362,941.9784141413054,0.0,0.0,0.0,0.0,0.0,0.0,0.0,500m_25094_7947,0
3326.319908072329,693.5279755180125,0.2084344140866832,2,0,30,10,178.546743434922,944.078399923987,0.15932792624259157,0.0,0.0,0.2941547021726592,0.15856293417497247,0.23911046579037423,0.14854342943300974,500m_25094_7948,1
118.19791237605821,145.60620305547084,1.2215499428890748,0,0,0,0,480.75924241242785,1138.1824948115634,0.0,0.0,0.0,0.0,0.0,0.9916105913260872,0.0,500m_25094_7949,0
0.0,792.651645380919,792.651645380919,0,0,0,0,958.9972501232518,1483.7089984376234,0.0,0.0,0.0,0.0,0.0,0.0,0.0,500m_25094_7950,0
307.02523807161623,828.7772775344898,2.6906148428714083,0,0,0,0,1452.5768964120525,1899.7586759509586,0.0,0.0,0.0,0.0,0.0,0.9967535127762241,0.0,500m_25094_7951,0
0.0,479.11337061741256,479.11337061741256,0,0,0,0,1586.5083398181873,2154.1341478729605,0.0,0.0,0.0,0.0,0.0,0.0,0.0,500m_25095_7928,0
0.0,54.782247378200964,54.782247378200964,0,0,0,0,1116.688546102856,1831.134335531423,0.0,0.0,0.0,0.0,0.0,0.0,0.0,500m_25095_7929,0
671.6530645066512,1088.9391474477402,1.6188719042652526,0,0,1,1,665.04348765061,1602.3637573652418,0.0,0.0,0.0,0.0,0.05729016559823236,0.9412231839235847,0.0,500m_25095_7930,0
1788.164302700373,506.2952575061687,0.28297862680471597,0,0,10,4,325.29644813985755,1511.2391920214002,0.11453193770416067,0.0,0.02636786449549003,0.2954462204467236,0.38149648095263244,0.18159857624006057,0.0,500m_25095_7931,0
3308.8411487848643,551.2829728245221,0.16655874044798602,1,0,25,11,180.13414334302365,1581.7319015914136,0.1295250034783775,0.0,0.12724230793214722,0.1266436907215113,0.18795296129296413,0.4283339072717955,0.0,500m_25095_7932,1
0.0,701.4591303493758,701.4591303493758,0,0,0,0,678.849377882965,1794.8998161315687,0.0,0.0,0.0,0.0,0.0,0.0,0.0,500m_25095_7933,0
0.0,2390.9384248461506,2390.9384248461506,0,0,0,0,1179.3991198643319,2107.8929099494753,0.0,0.0,0.0,0.0,0.0,0.0,0.0,500m_25095_7934,0
0.0,845.9030811733767,845.9030811733767,0,0,0,0,1680.144555640677,2483.2473332526743,0.0,0.0,0.0,0.0,0.0,0.0,0.0,500m_25095_7935,0
0.0,1242.244348355117,1242.244348355117,0,0,0,0,1606.5992807556586,1662.972017167602,0.0,0.0,0.0,0.0,0.0,0.0,0.0,500m_25095_7944,0
0.0,1315.5329045738501,1315.5329045738501,0,0,0,0,1310.405952577437,1761.5492122635442,0.0,0.0,0.0,0.0,0.0,0.0,0.0,500m_25095_7945,0
0.0,1298.0324491381618,1298.0324491381618,0,0,0,0,1106.4195437711605,1529.9144104005684,0.0,0.0,0.0,0.0,0.0,0.0,0.0,500m_25095_7946,0
95.80904246899284,518.832931319288,5.359343694422616,0,0,0,1,993.7379691788449,1442.2129552666572,0.0,0.0,0.0,0.0,0.0,0.9896703864174642,0.0,500m_25095_7947,0
2092.415699775682,338.1581343258831,0.16153415413962843,0,0,5,2,617.1383837200706,1439.972950870605,0.24553268255410157,0.0,0.0,0.26954833239045023,0.0,0.2527947390462959,0.23164655779839316,500m_25095_7948,0
596.0421356605884,371.4521523435778,0.6221539991186552,0,0,1,1,656.7859230817422,1574.049052375358,0.0,0.0,0.0,0.9983250763383834,0.0,0.0,0.0,500m_25095_7949,0
208.8069230323298,723.1409446700842,3.4466972501124435,0,0,1,1,991.782914394332,1839.4282722394496,0.0,0.0,0.0,0.9952337130465142,0.0,0.0,0.0,500m_25095_7950,0
817.386115036456,19.44432538581215,0.02375935396331349,0,0,3,0,1427.4650910754901,2188.862706413797,0.0,0.0,0.0,0.0,0.0,0.9987780828857837,0.0,500m_25095_7951,0
123.7546660647385,0.0,0.0,0,0,0,0,3849.9649073605497,3654.058663846265,0.0,0.0,0.0,0.0,0.0,0.9919842677509066,0.0,500m_25096_7920,0
0.0,0.0,0.0,0,0,0,0,4110.86156068177,3198.7110494735302,0.0,0.0,0.0,0.0,0.0,0.0,0.0,500m_25096_7921,0
0.0,0.0,0.0,0,0,0,0,3713.488253335486,2877.888007349771,0.0,0.0,0.0,0.0,0.0,0.0,0.0,500m_25096_7922,0
0.0,810.0323047259739,810.0323047259739,0,0,0,0,3344.0342191412274,2614.2846063931715,0.0,0.0,0.0,0.0,0.0,0.0,0.0,500m_25096_7923,0
0.0,111.44863103368874,111.44863103368874,0,0,0,0,3012.7881313612934,2426.620332716687,0.0,0.0,0.0,0.0,0.0,0.0,0.0,500m_25096_7924,0
0.0,501.23926670534576,501.23926670534576,0,0,0,0,2733.674707186763,2333.2908285588555,0.0,0.0,0.0,0.0,0.0,0.0,0.0,500m_25096_7925,0
0.0,449.72073438742154,449.72073438742154,0,0,0,0,2385.332716764652,2345.5838415356775,0.0,0.0,0.0,0.0,0.0,0.0,0.0,500m_25096_7926,0
0.0,0.0,0.0,0,0,0,0,1889.850147728014,2273.0369652933723,0.0,0.0,0.0,0.0,0.0,0.0,0.0,500m_25096_7927,0
0.0,60.81047296408228,60.81047296408228,0,0,0,0,1398.2176617045045,1837.8709995060526,0.0,0.0,0.0,0.0,0.0,0.0,0.0,500m_25096_7928,0
0.0,658.9651881813727,658.9651881813727,0,0,0,0,916.6511416958393,1445.890801439972,0.0,0.0,0.0,0.0,0.0,0.0,0.0,500m_25096_7929,0
1670.920445426956,1159.6142548434457,0.6935821964587057,0,0,15,2,476.70078568914107,1142.4483542722203,0.0,0.0,0.12770674165091878,0.17373009270215156,0.04229527747686643,0.6556697735870781,0.0,500m_25096_7930,0
3178.0635705174836,759.5903200816297,0.23893524090743004,1,0,22,7,140.9998867257757,1010.7096063160745,0.17604951011398276,0.0,0.12846014603869696,0.08481627148100158,0.28960812931172436,0.32075138501641165,0.0,500m_25096_7931,2
346.71295034594044,504.0863235589346,1.4497197273136302,0,0,0,0,467.6457304566403,1113.3899622539984,0.0,0.0,0.0,0.0,0.0,0.9971240645509317,0.0,500m_25096_7932,0
0.0,1301.4006203238525,1301.4006203238525,0,0,0,0,824.0586957573889,1399.820753319653,0.0,0.0,0.0,0.0,0.0,0.0,0.0,500m_25096_7933,0
279.5203489571595,1705.1153783864286,6.078401744205838,0,0,0,2,1268.5449124427623,1783.5685320253995,0.0,0.0,0.0,0.0,0.0,0.9964351962211743,0.0,500m_25096_7934,0
123.99504434761087,984.1183179739681,7.8732586808572815,0,0,2,1,1743.8742192726256,2214.608974303279,0.0,0.0,0.0,0.0,0.0,0.9919996828256726,0.0,500m_25096_7935,0
606.8229068755949,226.24479997090762,0.37222157541557394,0,0,5,3,1937.49902088114,2310.4874969631073,0.0,0.0,0.0,0.12971099969132366,0.07712729479822494,0.7915164894636583,0.0,500m_25096_7936,0
0.0,0.0,0.0,0,0,0,0,2036.5918505944892,1810.0036621962238,0.0,0.0,0.0,0.0,0.0,0.0,0.0,500m_25096_7937,0
0.0,0.0,0.0,0,0,0,0,2245.7221329338627,1309.82123914315,0.0,0.0,0.0,0.0,0.0,0.0,0.0,500m_25096_7938,0
517.2318483438256,584.2162562150405,1.127326037722477,0,0,3,0,2537.8311711462143,810.4984501291982,0.0,0.5221769936176716,0.0,0.0,0.09427369350442263,0.3816196746219866,0.0,500m_25096_7939,0
843.8357658464477,98.30299760797399,0.11635752365370498,0,0,10,1,2398.87208520833,316.13515246028635,0.0,0.7518773970488596,0.0,0.0,0.1584522866250349,0.08848665431695964,0.0,500m_25096_7940,0
910.2208166904201,844.6270183434128,0.9269180454098077,0,2,6,2,2106.0688600703565,132.37937509103736,0.0,0.9372023941841413,0.0,0.0,0.061700176980077764,0.0,0.0,500m_25096_7941,0
0.0,835.5273138641838,835.5273138641838,0,0,0,0,1899.2885992846864,612.1223704027358,0.0,0.0,0.0,0.0,0.0,0.0,0.0,500m_25096_7942,0
60.040849740901905,289.1535827777534,4.73705041795968,0,0,0,1,1579.9463426210423,1102.7545034813757,0.0,0.0,0.0,0.0,0.0,0.9836175281922734,0.0,500m_25096_7943,0
0.0,1339.1302350424228,1339.1302350424228,0,0,0,0,1224.9545557250801,1349.4021035914898,0.0,0.0,0.0,0.0,0.0,0.0,0.0,500m_25096_7944,0
0.0,1703.6395535724141,1703.6395535724141,0,0,0,0,898.9150954169971,1710.982820703436,0.0,0.0,0.0,0.0,0.0,0.0,0.0,500m_25096_7945,0
0.0,870.3381899365006,870.3381899365006,0,0,0,0,667.727509572926,2008.4552389487176,0.0,0.0,0.0,0.0,0.0,0.0,0.0,500m_25096_7946,0
280.1194892681711,0.0,0.0,0,0,5,0,493.58934040022746,1942.4563193556676,0.0,0.0,0.0,0.52074066927633,0.0,0.4757021244886869,0.0,500m_25096_7947,0
3304.8003065914118,352.99371070018935,0.10678010707312166,2,0,32,2,176.60427340361585,1938.0959993885485,0.254553008272774,0.02668148179007471,0.0,0.26085157127791686,0.08302128846717373,0.22743406036672076,0.14347132790337608,500m_25096_7948,0
1704.067842112691,102.88709652183023,0.0603419371245348,0,0,9,6,312.2792257700203,2039.6639417169868,0.0,0.19835533582776865,0.0,0.5385578729219779,0.167747409989616,0.03660708684132392,0.058145807491754915,500m_25096_7949,0
1005.0867339626918,71.0830549102678,0.07065300884178415,0,0,4,0,806.1034991491013,2250.777534517028,0.0,0.41148819847318385,0.0,0.3935081189364097,0.0,0.19400973250017806,0.0,500m_25096_7950,0
0.0,1361.4227219591914,1361.4227219591914,0,0,0,0,3854.1103307599815,3507.3072445794132,0.0,0.0,0.0,0.0,0.0,0.0,0.0,500m_25097_7915,0
0.0,91.3494452379008,91.3494452379008,0,0,0,0,4349.306021886317,3994.842468413101,0.0,0.0,0.0,0.0,0.0,0.0,0.0,500m_25097_7916,0
0.0,790.8289320829473,790.8289320829473,0,0,0,0,3148.5887158721953,4387.433306960324,0.0,0.0,0.0,0.0,0.0,0.0,0.0,500m_25097_7917,0
788.3641386655897,1310.3686464368386,1.6600306275022838,0,0,7,3,3148.9650459095187,3983.915290209531,0.0,0.5662787247742188,0.0,0.13763140739772023,0.29482302537726174,0.0,0.0,500m_25097_7918,0
714.6182636130185,173.1868712238762,0.24201013309734318,0,0,6,0,3228.0192713549523,3604.9061941598366,0.0,0.16846709906512147,0.0,0.39425380197634047,0.0,0.43588170589180536,0.0,500m_25097_7919,0
0.0,0.0,0.0,0,0,0,0,3380.2357268916585,3258.9682278912737,0.0,0.0,0.0,0.0,0.0,0.0,0.0,500m_25097_7920,0
0.0,294.75618805595855,294.75618805595855,0,0,0,0,3843.004427627604,2855.3090547620873,0.0,0.0,0.0,0.0,0.0,0.0,0.0,500m_25097_7921,0
0.0,75.67933760352456,75.67933760352456,0,0,0,0,3414.6179261732914,2490.6613975234245,0.0,0.0,0.0,0.0,0.0,0.0,0.0,500m_25097_7922,0
0.0,559.3710931378188,559.3710931378188,0,0,0,0,3008.7049965151673,2180.7696394020595,0.0,0.0,0.0,0.0,0.0,0.0,0.0,500m_25097_7923,0
0.0,0.0,0.0,0,0,0,0,2635.6694697361786,1951.8903317757672,0.0,0.0,0.0,0.0,0.0,0.0,0.0,500m_25097_7924,0
717.7337801924081,0.0,0.0,0,0,1,0,2311.484149778268,1834.5989039948533,0.0,0.0,0.0,0.0,0.9986086642543331,0.0,0.0,500m_25097_7925,0
1125.3443228544743,415.60753112165025,0.368987993004114,0,0,3,0,2059.349902028384,1850.23999359988,0.0,0.0,0.0,0.0,0.9991121720243897,0.0,0.0,500m_25097_7926,0
0.0,488.31606557862153,488.31606557862153,0,0,0,0,1873.7766110844213,1995.6904953954233,0.0,0.0,0.0,0.0,0.0,0.0,0.0,500m_25097_7927,0
0.0,0.0,0.0,0,0,0,0,1376.4160912304233,1617.634279036825,0.0,0.0,0.0,0.0,0.0,0.0,0.0,500m_25097_7928,0
0.0,688.7116655744098,688.7116655744098,0,0,0,0,883.0409740398982,1153.088930197928,0.0,0.0,0.0,0.0,0.0,0.0,0.0,500m_25097_7929,0
785.4950162940623,2149.545625697918,2.7330696077726,0,0,12,6,408.36148833151924,737.7297187572018,0.0,0.0,0.0,0.0,0.6563573028110248,0.34237123331535535,0.0,500m_25097_7930,0
2766.4362149810972,531.093065195744,0.1919079696654803,3,0,22,10,61.0530513823004,510.5230961427704,0.19223998356042574,0.0,0.03795298950707605,0.22356067915968278,0.1630009358310363,0.382884066666832,0.0,500m_25097_7931,1
150.35945353985537,149.29462174417873,0.9863580916329555,0,0,0,1,537.6261225899433,691.9394209150307,0.0,0.0,0.0,0.0,0.0,0.9933932108195892,0.0,500m_25097_7932,0
657.1904683727867,1290.9622815773796,1.9613810038437125,0,0,0,1,1032.824643534409,1094.844340306266,0.0,0.0,0.0,0.9984806829511338,0.0,0.0,0.0,500m_25097_7933,0
835.7957222069823,384.450912631915,0.4594322155686411,0,0,7,3,1523.1557465517997,1555.7460376137321,0.0,0.0,0.0,0.08144643426818787,0.0,0.9173585309420039,0.0,500m_25097_7934,0
605.0911166369538,408.5731997889575,0.6741118432093622,0,0,7,0,1475.7749198779504,2035.6239766624067,0.0,0.0,0.0,0.13174399052852692,0.0,0.8666060925323356,0.0,500m_25097_7935,0
0.0,660.5985529803039,660.5985529803039,0,0,0,0,1438.767944575159,2381.188845340529,0.0,0.0,0.0,0.0,0.0,0.0,0.0,500m_25097_7936,0
343.7445587141923,72.27521690094927,0.2096486081477749,0,0,1,0,1569.6981913477634,1899.4215759421536,0.0,0.0,0.0,0.0,0.9970993015706188,0.0,0.0,500m_25097_7937,0
673.7542390667885,473.7817314701231,0.702154509063006,0,0,6,2,1832.9236904167633,1430.8396016235963,0.0,0.22317440743933467,0.0,0.614690058370536,0.08808944288697869,0.07256407023221476,0.0,500m_25097_7938,0
1368.4751697629142,409.79540575227156,0.2992353675336925,0,0,1,2,2181.0602300833716,994.263166587338,0.0,0.5120953665134373,0.0,0.0,0.0,0.4871744267459958,0.0,500m_25097_7939,0
0.0,1657.8671397261273,1657.8671397261273,0,0,0,0,2029.524033911012,656.9430414667933,0.0,0.0,0.0,0.0,0.0,0.0,0.0,500m_25097_7940,0
259.99869756145563,1671.724601197056,6.405107063047416,0,0,0,0,1693.5776039265006,589.2160063920036,0.0,0.996168563255897,0.0,0.0,0.0,0.0,0.0,500m_25097_7941,0
556.3105351112663,1314.4117378192689,2.3584907426105777,0,0,0,0,1432.1278841391652,563.8729585328515,0.0,0.9982056682280367,0.0,0.0,0.0,0.0,0.0,500m_25097_7942,0
558.6734649500959,474.7422230460633,0.8482485820341589,0,0,0,1,1308.251259506919,648.8903350799714,0.0,0.0,0.0,0.0,0.0,0.9982132438598118,0.0,500m_25097_7943,0
0.0,1658.0081105894951,1658.0081105894951,0,0,0,0,881.2992402821643,1012.8782045085793,0.0,0.0,0.0,0.0,0.0,0.0,0.0,500m_25097_7944,0
213.61720928914664,2182.661503627847,10.170020898404376,0,0,0,2,531.7614384444389,1460.3230752095017,0.0,0.0,0.0,0.9953405414071305,0.0,0.0,0.0,500m_25097_7945,0
1928.0420048622275,1304.723908587615,0.6763584749834406,1,0,23,4,193.2631168220839,1762.163690539233,0.1953293681822997,0.0,0.0,0.2540356752959803,0.17496465788381532,0.3751519066083483,0.0,500m_25097_7946,0
3710.3274483105797,104.33600332506357,0.028112853090491382,2,0,32,2,15.828820720532947,2034.719526317309,0.15508929693118226,0.06221780504712014,0.0,0.22721889666721257,0.15131381982978834,0.40389073615402327,0.0,500m_25097_7947,4
2619.385995656151,0.0,0.0,1,0,27,0,298.4896623085112,2382.5834417420256,0.04407792569709867,0.0,0.0,0.27559641963970843,0.09804757549933316,0.4937131037168162,0.08818335228096902,500m_25097_7948,0
1905.6671106877586,142.68802616481543,0.07483635993141251,0,0,23,2,513.883673754032,2518.581964846656,0.0,0.19958526069813987,0.0,0.08424521693750325,0.123430199634843,0.4151581187703469,0.17705672855683025,500m_25097_7949,0
195.2988600717319,284.7996288580445,1.4508470846645392,0,0,2,0,903.5217315893177,2446.5910311358143,0.0,0.3028871575677151,0.0,0.692018569344634,0.0,0.0,0.0,500m_25097_7950,0
0.0,722.3811403359559,722.3811403359559,0,0,0,0,3965.0720249539013,3662.316841475896,0.0,0.0,0.0,0.0,0.0,0.0,0.0,500m_25098_7915,0
0.0,694.6479152611339,694.6479152611339,0,0,0,0,4447.925771704697,4131.593423735723,0.0,0.0,0.0,0.0,0.0,0.0,0.0,500m_25098_7916,0
0.0,595.0032099023501,595.0032099023501,0,0,0,0,2649.337851186571,4125.510648417158,0.0,0.0,0.0,0.0,0.0,0.0,0.0,500m_25098_7917,0
507.0762275992176,3391.479461878201,6.6751390394779095,0,0,5,4,2649.8159047455674,3693.5042932170095,0.0,0.6363388793282735,0.0,0.2163739293419761,0.14531898273096358,0.0,0.0,500m_25098_7918,0
1390.6109082601618,796.148845324142,0.5721059245788134,0,0,15,3,2743.321931075393,3281.138131745111,0.0,0.49046101889495036,0.0,0.46069936606776907,0.04812102337199233,0.0,0.0,500m_25098_7919,0
0.0,672.808866439995,672.808866439995,0,0,0,0,2920.9354178344706,2896.8117883185505,0.0,0.0,0.0,0.0,0.0,0.0,0.0,500m_25098_7920,0
0.0,57.23424623665617,57.23424623665617,0,0,0,0,3624.9099550106216,2553.2189988441014,0.0,0.0,0.0,0.0,0.0,0.0,0.0,500m_25098_7921,0
15.694023301959001,315.598864531171,18.90490140229625,0,0,0,1,3167.174878358434,2150.900995102178,0.0,0.0,0.0,0.0,0.0,0.9400983225006849,0.0,500m_25098_7922,0
0.0,592.5476990029211,592.5476990029211,0,0,0,0,2724.661239184757,1782.926295674514,0.0,0.0,0.0,0.0,0.0,0.0,0.0,500m_25098_7923,0
0.0,0.0,0.0,0,0,0,0,2306.1480127191026,1494.3342636432462,0.0,0.0,0.0,0.0,0.0,0.0,0.0,500m_25098_7924,0
462.11142007722634,0.0,0.0,0,0,0,0,1927.333929256194,1337.5355089877867,0.0,0.0,0.0,0.0,0.9978406924194759,0.0,0.0,500m_25098_7925,0
1359.339582277139,0.0,0.0,0,0,3,0,1616.3759226108357,1358.942682648232,0.0,0.0,0.0,0.0,0.9992648894342058,0.0,0.0,500m_25098_7926,0
0.0,1599.2893544885067,1599.2893544885067,0,0,0,0,1418.6203867044464,1551.1952882399714,0.0,0.0,0.0,0.0,0.0,0.0,0.0,500m_25098_7927,0
470.10223978964393,1729.576837751033,3.6713407232436888,0,0,2,1,1383.4934441450446,1461.3951800725822,0.0,0.0,0.0,0.0,0.3815457516889952,0.6163315668301304,0.0,500m_25098_7928,0
4.351690729455274,2278.214580139149,425.6999694694687,0,0,0,2,1030.4257676788573,1034.4537548651347,0.0,0.0,0.0,0.0,0.0,0.8131431634313095,0.0,500m_25098_7929,0
2586.423272310238,2112.358432152287,0.8163946172851035,0,0,26,26,534.624823935602,533.6106264086657,0.0,0.0,0.0,0.0,0.14629770397066144,0.8533158111388682,0.0,500m_25098_7930,0
4620.669396435247,1360.4336275807752,0.29435978883087033,3,2,47,22,99.77348643337886,33.81816246053933,0.11036355354203972,0.0,0.03726445048776209,0.18368014626911336,0.2650972259645923,0.40337825170417596,0.0,500m_25098_7931,0
1992.2490771798114,2015.105806136422,1.0109653776875367,0,0,22,4,465.66363028495704,468.2997687815122,0.0,0.0,0.0,0.1314926937100769,0.2011557786178371,0.6668498342252166,0.0,500m_25098_7932,0
843.6456550029372,586.0915287332296,0.6938904205115356,0,0,4,2,962.0229323384937,968.6121508162506,0.0,0.0,0.0,0.26178058027454737,0.0,0.7370354913004654,0.0,500m_25098_7933,0
606.6859262404747,414.4854336312474,0.6820718001410919,0,0,2,0,1105.9225538812843,1409.7745763199364,0.0,0.0,0.0,0.0,0.0,0.9983544130992359,0.0,500m_25098_7934,0
192.92186143913645,967.6910277434692,4.990107977316343,0,0,0,1,997.562870960114,1761.5694380895645,0.0,0.0,0.0,0.0,0.0,0.994843283822779,0.0,500m_25098_7935,0
0.0,1982.423545827777,1982.423545827777,0,0,0,0,941.9873676418318,2171.130505596791,0.0,0.0,0.0,0.0,0.0,0.0,0.0,500m_25098_7936,0
250.61499959282904,352.0474612069194,1.399151329517768,0,0,0,0,1131.9480351747948,2107.2400027834037,0.0,0.0,0.0,0.0,0.9960256741385918,0.0,0.0,500m_25098_7937,0
1453.581432693018,66.39214691953941,0.045643472016977917,0,0,7,2,1475.476242484459,1697.0306213889476,0.0,0.45860943413046973,0.0,0.06948758390811871,0.47121549896628734,0.0,0.0,500m_25098_7938,1
0.0,760.0413612392197,760.0413612392197,0,0,0,0,1890.6378723064142,1349.4899271727445,0.0,0.0,0.0,0.0,0.0,0.0,0.0,500m_25098_7939,0
0.0,461.7046127010514,461.7046127010514,0,0,0,0,1712.9037252891458,1124.317939979954,0.0,0.0,0.0,0.0,0.0,0.0,0.0,500m_25098_7940,0
286.469282532641,994.7993170009041,3.4605412732678618,0,0,0,0,1321.5338065002857,649.8563452615756,0.0,0.9965213674616298,0.0,0.0,0.0,0.0,0.0,500m_25098_7941,0
952.9737563990626,595.6991914211237,0.6244398102414184,0,1,4,2,992.2267240268342,153.87741130164596,0.0,0.9989517531344104,0.0,0.0,0.0,0.0,0.0,500m_25098_7942,0
700.4057855582981,0.0,0.0,0,0,3,0,1184.9512894199922,356.0911172251612,0.0,0.22630860475225875,0.0,0.0,0.0,0.772265687019224,0.0,500m_25098_7943,0
537.3172232740021,1789.396663260306,3.32405612508056,0,0,2,3,685.0782328555304,855.3836260121592,0.0,0.0,0.0,0.0,0.2326214484655116,0.7655209108037718,0.0,500m_25098_7944,0
3219.99547558709,517.5181292217609,0.16067024407335842,2,0,32,6,190.558258247637,1114.7266602120126,0.11223863747827866,0.0,0.0,0.06683486991622148,0.2964245620699459,0.5241914675102005,0.0,500m_25098_7945,1
2739.243392624848,32.342802720607835,0.011802894154459407,0,0,33,2,259.6957641803078,1332.5899359702425,0.10376557815616011,0.0,0.0,0.17172145369130737,0.09113130173276063,0.6330167353327413,0.0,500m_25098_7946,0
3727.288340272654,561.1925346091538,0.15052283605514083,0,0,35,4,459.8919000117353,1676.524375292778,0.0,0.07709549968639953,0.0,0.28913216974864797,0.16060612318665937,0.4207676365512321,0.052130351229022605,500m_25098_7947,1
2329.2095340021287,269.3055366434447,0.1155713821927907,2,0,18,4,163.6501304898159,2085.0490779584156,0.0,0.07467582465150155,0.0,0.334092222234804,0.145564940360696,0.2387622720185369,0.20647559477766775,500m_25098_7948,2
0.0,920.469942526102,920.469942526102,0,0,0,0,514.2448226888129,2177.652008375069,0.0,0.0,0.0,0.0,0.0,0.0,0.0,500m_25098_7949,0
0.0,1105.8271857530926,1105.8271857530926,0,0,0,0,995.3109832646323,1966.9338322468695,0.0,0.0,0.0,0.0,0.0,0.0,0.0,500m_25098_7950,0
722.3981412558202,1101.712153341501,1.5229679073116325,0,0,1,0,2770.2198328479076,2657.9609221728833,0.0,0.04290598049127745,0.0,0.0,0.1374315714933774,0.0,0.0,500m_25099_7912,0
0.0,1632.392229823711,1632.392229823711,0,0,0,0,3103.7824844595198,3035.933457956675,0.0,0.0,0.0,0.0,0.0,0.0,0.0,500m_25099_7913,0
0.0,807.4785684007059,807.4785684007059,0,0,0,0,2762.0831812265315,3345.8264111171884,0.0,0.0,0.0,0.0,0.0,0.0,0.0,500m_25099_7914,0
0.0,856.0558561168297,856.0558561168297,0,0,0,0,2475.176540817462,3077.122176346665,0.0,0.0,0.0,0.0,0.0,0.0,0.0,500m_25099_7915,0
0.0,19.092168904388927,19.092168904388927,0,0,0,0,2263.990268405227,2871.3350572076192,0.0,0.0,0.0,0.0,0.0,0.0,0.0,500m_25099_7916,0
0.0,869.3613549294852,869.3613549294852,0,0,0,0,2150.9445789409624,2742.6641684835795,0.0,0.0,0.0,0.0,0.0,0.0,0.0,500m_25099_7917,0
0.0,0.0,0.0,0,0,0,0,2151.564743841211,2702.1484191601016,0.0,0.0,0.0,0.0,0.0,0.0,0.0,500m_25099_7918,0
1303.2819064249168,0.0,0.0,0,0,8,0,2265.7574299177154,2753.6817218053884,0.0,0.6460697169082164,0.0,0.05896481621197434,0.14709779438484002,0.14710096708023193,0.0,500m_25099_7919,0
1294.7171077017392,339.57402838975696,0.2620742030581597,0,0,3,1,2477.870100416086,2478.260859446576,0.0,0.0,0.0,0.12242469243794007,0.0,0.8768035341602456,0.0,500m_25099_7920,0
0.0,151.4254253674441,151.4254253674441,0,0,0,0,2499.4340356016487,2188.9689016442703,0.0,0.0,0.0,0.0,0.0,0.0,0.0,500m_25099_7921,0
52.07650769043076,0.0,0.0,0,0,0,0,2383.261062870459,1849.5536564476292,0.0,0.0,0.0,0.0,0.0,0.9811592728400197,0.0,500m_25099_7922,0
497.4745255625043,0.0,0.0,0,0,1,0,2369.483847614131,1559.9717192576775,0.0,0.0,0.0,0.0,0.0,0.9979938794286999,0.0,500m_25099_7923,0
0.0,0.0,0.0,0,0,0,0,2047.3367183421008,1363.1759774060092,0.0,0.0,0.0,0.0,0.0,0.0,0.0,500m_25099_7924,0
953.6755853954569,0.0,0.0,0,0,1,0,1608.7102630568588,844.9795225077472,0.0,0.0,0.0,0.0,0.998952523752259,0.0,0.0,500m_25099_7925,0
836.5346666984049,0.0,0.0,0,0,1,0,1219.043648660292,878.5073164873772,0.0,0.0,0.16061871334134864,0.0,0.8381873062304239,0.0,0.0,500m_25099_7926,0
489.9709818276472,490.4942250055546,0.9990289511198445,0,0,3,3,941.245854651625,1153.8273058957338,0.0,0.0,0.0,0.28242950623723206,0.0,0.7155337135109544,0.0,500m_25099_7927,0
2964.0477333817857,133.82061300243052,0.045132701067783956,0,0,21,0,887.4557651747749,1023.5699801200182,0.0,0.0,0.0,0.0,0.7564363826244282,0.2432263546769848,0.0,500m_25099_7928,0
0.0,778.3020381353829,778.3020381353829,0,0,0,0,1091.3154200634344,840.7030010462036,0.0,0.0,0.0,0.0,0.0,0.0,0.0,500m_25099_7929,0
2705.3122738367956,1081.9099303716046,0.3997727611964595,0,0,21,8,560.8030177532661,552.9524016077208,0.0,0.0,0.2467456040677175,0.06779018231024586,0.29277075358415316,0.3923239535290935,0.0,500m_25099_7930,1
5143.950402418513,1403.7986514356944,0.2728497928329501,4,3,45,18,125.46884039932846,89.83699891468225,0.0934226596051544,0.0,0.11007752139071168,0.3326713094719435,0.29105725601320986,0.1725768881856376,0.0,500m_25099_7931,7
3887.149372594659,1050.0403307068314,0.27006172605094986,2,0,36,11,295.8744012618229,411.0547364805253,0.1264834068842061,0.0,0.012810338665715577,0.03767896173516132,0.20331318965477407,0.6194569112950717,0.0,500m_25099_7932,3
2880.1675537040564,298.880275572346,0.10373581890025892,0,0,23,4,716.7967842801891,701.8580620486434,0.0,0.0,0.0,0.15884373553757217,0.2047528616163097,0.636056321330948,0.0,500m_25099_7933,0
1752.427963621607,933.5064953780384,0.5323894193234681,0,0,5,8,613.6523087084654,1058.6390911341862,0.0,0.0,0.0,0.0,0.03344245322192515,0.9659872353533987,0.0,500m_25099_7934,1
854.3347740290363,536.3232314637901,0.6270331193685145,0,0,2,0,559.9253292046742,1493.214418289317,0.0,0.0,0.0,0.0,0.16223585081867256,0.8365950163103585,0.0,500m_25099_7935,0
401.92039124812015,1889.8337645922093,4.690340339286629,0,0,0,1,453.6115817261379,1959.6988311817759,0.0,0.0,0.0,0.0,0.9975181201504786,0.0,0.0,500m_25099_7936,0
1781.7248030192975,91.01262732472117,0.05105253888349921,0,0,6,1,774.4470265527747,2402.9331187185476,0.0,0.35264542385330244,0.0,0.013732111858069876,0.5169092412220165,0.11615228399272459,0.0,500m_25099_7937,0
45.48164611565423,730.4994705742563,15.715869200429124,0,0,0,0,1222.9188705167649,2052.6725430338715,0.0,0.9784861319775158,0.0,0.0,0.0,0.0,0.0,500m_25099_7938,0
312.63886749057514,627.3583069026388,2.0002568939306955,0,0,1,1,1997.2052728819572,1712.1320810747652,0.0,0.07126005379086725,0.0,0.0,0.7680796891567327,0.15747187670910567,0.0,500m_25099_7939,0
593.9566455803052,0.0,0.0,0,0,6,0,1578.5855690254382,1236.6221243374798,0.0,0.998319205260705,0.0,0.0,0.0,0.0,0.0,500m_25099_7940,0
309.66848054114536,1034.2467000119611,3.329100841547986,0,0,0,1,1223.4351349307608,792.9879764098694,0.0,0.996781134673662,0.0,0.0,0.0,0.0,0.0,500m_25099_7941,0
0.0,1198.1423566042351,1198.1423566042351,0,0,0,0,1001.7046939944611,479.7741343949657,0.0,0.0,0.0,0.0,0.0,0.0,0.0,500m_25099_7942,0
2437.43466668053,407.86955994416076,0.1672669624974609,0,0,24,6,321.6030204304451,413.19345521335475,0.0,0.22281718694885005,0.0,0.07224003123730248,0.04742511831227905,0.6571075643450629,0.0,500m_25099_7943,0
3888.1093666413585,618.0621056696901,0.15892124581815234,3,0,41,7,121.10744420160951,618.2871275881126,0.14007776465001823,0.0,0.0,0.1941982442637505,0.04182119602700146,0.6236456667797889,0.0,500m_25099_7944,0
5959.961723257712,130.7567409946773,0.021935510923431618,3,0,47,3,197.5128404400304,643.2330281106044,0.05691557942855795,0.06314825508325934,0.0,0.15922439389277954,0.04097191792626092,0.6795720955041975,0.0,500m_25099_7945,3
2781.739817808767,676.3534052060232,0.24305305184392306,1,0,26,12,192.13971206919032,973.1269810353363,0.0,0.0,0.0,0.09327007636148876,0.19501196020105366,0.5814663847199852,0.1298922206511515,500m_25099_7946,2
2726.1506629061446,599.0488323899381,0.219661069899076,1,0,19,6,159.53413225210022,1407.8214199396843,0.0,0.0,0.0,0.43219447562563806,0.2998864162953556,0.10295105833357789,0.16460136666715117,500m_25099_7947,0
222.72391368891817,1061.959743114128,4.746742203834112,0,0,2,2,544.4510450390871,2121.414997758966,0.0,0.0,0.0,0.0,0.9955302051376123,0.0,0.0,500m_25099_7948,0
0.0,1488.3413974316027,1488.3413974316027,0,0,0,0,842.6570832674266,1767.8789852083078,0.0,0.0,0.0,0.0,0.0,0.0,0.0,500m_25099_7949,0
0.0,473.68312361424324,473.68312361424324,0,0,0,0,1199.657647744592,1500.7159125260698,0.0,0.0,0.0,0.0,0.0,0.0,0.0,500m_25099_7950,0
1600.3438263870926,443.15266194907446,0.2767379838400496,0,0,8,0,3045.6708066515084,3030.0984874318583,0.0,0.3080170840784501,0.0,0.0,0.06540476398538791,0.0,0.0,500m_25100_7912,0
0.0,766.6553357208134,766.6553357208134,0,0,0,0,2782.5891014147824,3311.312230062606,0.0,0.0,0.0,0.0,0.0,0.0,0.0,500m_25100_7913,0
0.0,2131.8154779411548,2131.8154779411548,0,0,0,0,2395.5263548057715,2955.891773074617,0.0,0.0,0.0,0.0,0.0,0.0,0.0,500m_25100_7914,0
0.0,998.4233835616604,998.4233835616604,0,0,0,0,2058.166308303638,2647.935286439459,0.0,0.0,0.0,0.0,0.0,0.0,0.0,500m_25100_7915,0
0.0,0.0,0.0,0,0,0,0,1798.696254378131,2405.739804319085,0.0,0.0,0.0,0.0,0.0,0.0,0.0,500m_25100_7916,0
0.0,663.230553925213,663.230553925213,0,0,0,0,1654.184241613285,2250.6364319613012,0.0,0.0,0.0,0.0,0.0,0.0,0.0,500m_25100_7917,0
148.57955160703963,326.6838458865223,2.184014073960813,0,0,0,0,1655.0227858555904,2201.1138792739225,0.0,0.0,0.0,0.0,0.0,0.9933145942125359,0.0,500m_25100_7918,0
1292.1292523870602,0.0,0.0,0,0,7,0,1801.008874217775,2264.110838290849,0.0,0.4478024884218267,0.0,0.2926715930863089,0.0946438695667973,0.16410873102343138,0.0,500m_25100_7919,0
708.8260467515986,326.2449096882273,0.4596124799607357,0,0,3,1,2061.53417025565,2089.7794668271226,0.0,0.0,0.0,0.08868266447051211,0.0,0.9099085396638299,0.0,500m_25100_7920,0
567.8393375241191,0.0,0.0,0,0,2,0,2032.5408231806705,1888.419857751632,0.0,0.0,0.0,0.0,0.0,0.9982420343776637,0.0,500m_25100_7921,0
581.8033456237904,0.0,0.0,0,0,1,0,1887.883593852293,1481.709361009792,0.0,0.0,0.0,0.0,0.0,0.9982841553544453,0.0,500m_25100_7922,0
0.0,447.1633483498423,447.1633483498423,0,0,0,0,1870.4930776495285,1151.7609716397744,0.0,0.0,0.0,0.0,0.0,0.0,0.0,500m_25100_7923,0
0.0,0.0,0.0,0,0,0,0,1888.5339558552323,884.6434014184679,0.0,0.0,0.0,0.0,0.0,0.0,0.0,500m_25100_7924,0
160.51710485186857,106.6713362354854,0.6604336818277939,0,0,2,2,1401.055632404229,375.1274569314098,0.0,0.0,0.7886417625477525,0.041693413020821,0.16347352970188614,0.0,0.0,500m_25100_7925,0
635.6954467860685,113.80417812346076,0.17874193807718447,0,0,8,1,927.9606160941386,445.57570462807206,0.0,0.0,0.7246919295385715,0.1264074750610345,0.14732998577054973,0.0,0.0,500m_25100_7926,0
0.0,359.7646909383937,359.7646909383937,0,0,0,0,510.9036721460163,870.6965289768015,0.0,0.0,0.0,0.0,0.0,0.0,0.0,500m_25100_7927,0
1589.6469269728077,210.7423967504103,0.13248848199862834,0,0,16,1,403.350786116618,679.1638801416024,0.16976093253769156,0.0,0.0,0.06245257856006152,0.3357403019662852,0.4314175119088125,0.0,500m_25100_7928,0
749.6540172179313,2718.017914320566,3.6208664071286334,0,0,1,6,752.4086578234212,346.96218363430546,0.26245456578235926,0.0,0.0,0.0,0.7362132625685683,0.0,0.0,500m_25100_7929,0
3027.366411062387,19.72029730604779,0.0065118597386403035,0,0,17,1,307.26871133870947,322.97062808278906,0.0378090338618889,0.0,0.2185963340746607,0.21708560021888465,0.186233012669094,0.33994580814276865,0.0,500m_25100_7930,0
3469.037323550666,1405.6328777289111,0.40507716392243803,0,0,30,11,293.3053178291093,419.62494699190785,0.15632810145152318,0.0,0.0,0.3037095965292294,0.3158271591885975,0.22384696149230734,0.0,500m_25100_7931,0
5765.538884334101,1579.1329342546867,0.27384414913852423,4,10,60,20,46.51939895187159,27.744883816998023,0.21937041557948195,0.0,0.0,0.13330500428631353,0.2729089097650567,0.3742422561218744,0.0,500m_25100_7932,9
2646.0058195971833,648.5331995666551,0.24500633688268494,0,0,21,5,383.32596463980747,375.8774298509681,0.21267908140101335,0.0,0.0,0.10679944457853521,0.1552595206480715,0.5248841680299389,0.0,500m_25100_7933,0
2834.762814602365,0.0,0.0,2,0,26,0,176.93718246736688,865.1704086319935,0.20096417314798468,0.0,0.0,0.22133154060474805,0.35112548966931123,0.2262261577765544,0.0,500m_25100_7934,1
4347.659920393588,476.3797977434115,0.10954634449784598,0,0,51,6,316.48243955053135,1362.9062577614088,0.01691888460716496,0.0841930023312199,0.0,0.2725257127391441,0.24402145534771097,0.3821109890760914,0.0,500m_25100_7935,0
1431.5129800078341,330.48503521256566,0.23070299524319723,1,0,8,3,159.13201865860762,1862.3277736988741,0.0,0.38053633276310755,0.0,0.12563335061211195,0.43784724102088757,0.05528500164997031,0.0,500m_25100_7936,0
518.1290380079787,1668.844404214772,3.214700550403661,0,0,2,0,647.5630794826508,2362.366111276455,0.0,0.418352812844038,0.0,0.0,0.0,0.5797208838155877,0.0,500m_25100_7937,0
307.9719212259487,812.190877316946,2.628688309585897,0,0,3,1,1146.7826831045604,2267.443719969071,0.0,0.48315805931903205,0.0,0.0,0.0,0.5136054006224662,0.0,500m_25100_7938,0
1158.0678554558249,283.9950408559172,0.2450202026733205,0,0,11,1,1807.29464077368,1907.5641119669876,0.0,0.5696143834619274,0.0,0.0,0.0,0.42952285428020004,0.0,500m_25100_7939,0
0.0,898.6959318732685,898.6959318732685,0,0,0,0,1330.2098836653724,1461.2105260373344,0.0,0.0,0.0,0.0,0.0,0.0,0.0,500m_25100_7940,0
0.0,1765.2184496590826,1765.2184496590826,0,0,0,0,879.9774926378617,961.7636667086424,0.0,0.0,0.0,0.0,0.0,0.0,0.0,500m_25100_7941,0
1194.5739306312064,352.9558555794302,0.2952187619155314,0,0,10,1,530.1132684755088,465.4031989569176,0.030175007259845434,0.0,0.0,0.4567134427578604,0.0,0.5122751316108498,0.0,500m_25100_7942,0
4043.3246347241065,405.5225280209308,0.10026952943865114,4,1,37,9,96.39854904608075,99.84268825414021,0.17316898015374488,0.09620271939965952,0.0,0.08490794952728432,0.10294779797635444,0.5425252928710491,0.0,500m_25100_7943,0
2657.5307275024297,520.4914994803007,0.19578163761502923,0,4,21,8,338.67701079441343,188.3710702296573,0.013840494236011818,0.0,0.0,0.13200652988730394,0.06530405230919414,0.6517837581726399,0.1366890177770497,500m_25100_7944,3
1320.7386390802214,949.6711922216862,0.7185014980590629,1,0,10,2,148.91240861636297,292.43021108327497,0.0,0.18914503254127754,0.0,0.0,0.06451235823038318,0.36833876558956,0.37724726441015405,500m_25100_7945,1
456.3207253014997,569.7589578003939,1.2458629716043736,0,0,1,1,494.4933452631822,786.6138990823766,0.0,0.0,0.0,0.0,0.21092575704210456,0.03977714411884266,0.7471104496349505,500m_25100_7946,0
0.0,1110.844431907029,1110.844431907029,0,0,0,0,554.7200116610782,1285.9879711385067,0.0,0.0,0.0,0.0,0.0,0.0,0.0,500m_25100_7947,0
0.0,1137.9894187127522,1137.9894187127522,0,0,0,0,866.4286303825123,1839.5360861542636,0.0,0.0,0.0,0.0,0.0,0.0,0.0,500m_25100_7948,0
295.56723106301916,1995.6924346311391,6.72930865449212,0,0,2,3,1216.605659475825,1417.3746338521144,0.0,0.0,0.0,0.0,0.3401780602005677,0.6564500230963782,0.0,500m_25100_7949,0
0.0,652.6835385884685,652.6835385884685,0,0,0,0,1545.348501569313,1065.7233824282018,0.0,0.0,0.0,0.0,0.0,0.0,0.0,500m_25100_7950,0
1469.8349222080958,535.8630237857186,0.3643257415871337,0,0,1,1,2976.638733400751,3426.1967095575933,0.0,0.2857717192469617,0.0,0.0,0.0,0.0,0.0,500m_25101_7912,0
0.0,544.5934435721462,544.5934435721462,0,0,0,0,2520.802098449608,3001.61356801919,0.0,0.0,0.0,0.0,0.0,0.0,0.0,500m_25101_7913,0
0.0,1482.5570209307007,1482.5570209307007,0,0,0,0,2085.7291105136715,2604.285267933873,0.0,0.0,0.0,0.0,0.0,0.0,0.0,500m_25101_7914,0
0.0,278.55109868417975,278.55109868417975,0,0,0,0,1687.5562976891272,2248.705656097486,0.0,0.0,0.0,0.0,0.0,0.0,0.0,500m_25101_7915,0
0.0,631.2648004982019,631.2648004982019,0,0,0,0,1359.111557535362,1957.7564007503966,0.0,0.0,0.0,0.0,0.0,0.0,0.0,500m_25101_7916,0
0.0,282.9873192885403,282.9873192885403,0,0,0,0,1161.1545230121824,1763.7178763962306,0.0,0.0,0.0,0.0,0.0,0.0,0.0,500m_25101_7917,0
1019.4933550399468,393.11429457994944,0.38521984747716576,0,0,5,1,1162.3824926968591,1700.102642868527,0.0,0.6755093663088537,0.0,0.08553602809407464,0.16343269742137984,0.07454198998704198,0.0,500m_25101_7918,0
122.19948593288998,215.65523465017742,1.750455637190325,0,0,3,1,1362.2569232250423,1780.9421301615541,0.0,0.8660646623019264,0.0,0.0,0.0,0.1258184207123589,0.0,500m_25101_7919,0
883.983759003339,261.97549616565414,0.29602294222968417,0,0,8,2,1691.7778881847446,1759.1287121755652,0.0,0.0,0.4972999255619473,0.18834862384028025,0.0,0.3132214863585118,0.0,500m_25101_7920,0
175.23437193148197,30.93222740865791,0.1755175626051201,0,0,1,1,1586.5706430789235,1685.989733156721,0.0,0.0,0.0,0.05979147853642697,0.4617991477398374,0.47273511172228694,0.0,500m_25101_7921,0
1336.790796728416,0.0,0.0,0,0,1,0,1396.4883823366279,1213.2334104044596,0.0,0.0,0.0,0.0,0.999252498968863,0.0,0.0,500m_25101_7922,0
99.69993747052217,521.0581299536019,5.174363987128899,0,0,0,0,1372.9205471293642,776.5738038651375,0.0,0.0,0.0,0.0,0.9900695072398359,0.0,0.0,500m_25101_7923,0
199.56101044350297,0.0,0.0,0,0,1,0,1523.6139555892528,456.86922347746895,0.0,0.0,0.0,0.5113879529932457,0.4836260330362989,0.0,0.0,500m_25101_7924,0
1083.4436390653116,1154.8904516070766,1.0649612483341997,0,1,7,8,1356.3335138277862,263.04350607123894,0.0,0.0,0.5796046555782526,0.2813166162523341,0.11288169442491697,0.02527490191211966,0.0,500m_25101_7925,0
0.0,988.3369044907847,988.3369044907847,0,0,0,0,858.9537753764472,356.3888702610316,0.0,0.0,0.0,0.0,0.0,0.0,0.0,500m_25101_7926,0
283.58281857078236,161.10077995766213,0.5660945406568619,0,0,1,0,371.1067413868996,828.6083545963212,0.7340735119629761,0.0,0.0,0.0,0.18174046580068526,0.08067210665625502,0.0,500m_25101_7927,1
682.1661689464717,686.6566457257061,1.0051092646824376,1,0,4,1,198.48545674267785,613.4982394960582,0.6117509549544923,0.0,0.0,0.061380531773463615,0.0,0.3254047405539918,0.0,500m_25101_7928,0
2044.3109576503293,2238.6916444583426,1.0945483062537202,0,1,8,4,665.4550152640603,188.42523404548885,0.1812396951228102,0.0,0.7184585989651606,0.0,0.0,0.09981278270147263,0.0,500m_25101_7929,0
4452.297970106337,3021.18141748001,0.6784143881142248,2,7,49,21,199.23424440364025,167.8421486985307,0.22267264827047933,0.0,0.2415604571536768,0.4038000806938618,0.11220039877851899,0.019541862422121335,0.0,500m_25101_7930,2
3891.305154581653,139.6572531808812,0.03588034535691271,2,0,45,2,237.2476456375564,354.8314158071642,0.07639981965257546,0.0,0.07209976179666015,0.2574323896152496,0.29237003896487707,0.30144107280708404,0.0,500m_25101_7931,2
2890.1326418754916,829.0943202327186,0.28677145704905505,1,0,26,12,254.9794704299468,406.0952107276838,0.08038055002012254,0.0,0.03375682000951527,0.25908683666883137,0.34939134292722057,0.27703856517156467,0.0,500m_25101_7932,1
46.8373867650279,770.6615008083361,16.110025085478487,0,0,0,0,523.0671035884128,519.9849742703387,0.0,0.0,0.0,0.0,0.9790958480881932,0.0,0.0,500m_25101_7933,0
912.1431780405169,321.65604650023596,0.35225149159025293,0,0,5,3,393.9936033305138,936.8100469142558,0.0,0.0,0.0,0.1953700451176975,0.24007077585482708,0.5634640605137001,0.0,500m_25101_7934,0
3022.77023640508,31.80117390484422,0.01051706029842142,2,0,28,1,111.6611213783873,1409.4677689722967,0.18117332224662086,0.06656536540831806,0.0,0.4766480127996385,0.12619367718875765,0.14908890939839753,0.0,500m_25101_7935,0
547.9580074224626,1054.496903088967,1.9209063149295786,0,0,0,1,588.2336255528187,1896.666379937243,0.0,0.0,0.0,0.0,0.0,0.9981783670399575,0.0,500m_25101_7936,0
1068.9675901885123,592.2468823965371,0.5535185250725136,0,0,8,2,860.2415880608015,1942.1048269261323,0.0,0.26965473945119794,0.0,0.35048563677207156,0.034935680908612717,0.34398933512002344,0.0,500m_25101_7937,0
1565.7655306888753,0.0,0.0,0,0,12,0,1278.9722506446353,1775.437113308307,0.0,0.3537707382786067,0.0,0.32902042084732486,0.0,0.316570583278779,0.0,500m_25101_7938,0
637.3795589890549,1066.8948648575986,1.6712547415320524,0,0,1,2,1744.8948684493682,1741.9358062965255,0.0,0.0,0.0,0.0,0.3015687646213243,0.6968647691816946,0.0,500m_25101_7939,0
0.0,1876.0846140935616,1876.0846140935616,0,0,0,0,1244.112161886578,1573.266426283356,0.0,0.0,0.0,0.0,0.0,0.0,0.0,500m_25101_7940,0
0.0,1219.7959868572175,1219.7959868572175,0,0,0,0,743.457919856137,1124.7226933629875,0.0,0.0,0.0,0.0,0.0,0.0,0.0,500m_25101_7941,0
1732.5698480746084,1477.225985178518,0.8521294869192614,1,0,17,5,243.7250985620852,746.0513804424081,0.20386117565035625,0.0,0.0,0.13471684119883967,0.17118702973789,0.4896581090468732,0.0,500m_25101_7942,0
3953.10332621317,98.89101046020896,0.025009718336044727,1,0,31,7,178.95021136357008,456.53677511125335,0.040832405207459045,0.10194886950442521,0.0,0.3190227522338168,0.05477027992152362,0.4047160894773961,0.07845670181708626,500m_25101_7943,0
3155.2044568992546,962.8725769818217,0.30507294129093754,0,4,24,19,287.14756059938594,195.60158420648315,0.0,0.0,0.0,0.31274481856100206,0.1699132598492489,0.3035096061401547,0.2135154791946384,500m_25101_7944,2
68.66007590156025,1518.6875729717203,21.801405659072856,0,0,0,0,453.18747597671944,453.64933797758084,0.0,0.0,0.0,0.0,0.9856445749296463,0.0,0.0,500m_25101_7945,0
0.0,1389.3306933799051,1389.3306933799051,0,0,0,0,806.7019516797905,853.861499865043,0.0,0.0,0.0,0.0,0.0,0.0,0.0,500m_25101_7946,0
0.0,1545.0816161299492,1545.0816161299492,0,0,0,0,1007.884073553363,1307.7306205494751,0.0,0.0,0.0,0.0,0.0,0.0,0.0,500m_25101_7947,0
123.36427131430713,1671.6208532148703,13.441327123528632,0,0,0,0,1257.274200192314,1663.6525251437224,0.0,0.0,0.0,0.0,0.0,0.9919591053810568,0.0,500m_25101_7948,0
1314.4508111212308,832.4284903152902,0.6328085271434557,0,0,3,5,1450.3978677066957,1180.1832536475345,0.0,0.0,0.0,0.0,0.0388930790454026,0.9603467252927409,0.0,500m_25101_7949,0
1296.7695438039204,1461.1860821815258,1.1259210767873404,0,0,15,2,1119.3628563752143,720.8903781051856,0.0,0.0,0.0,0.0,0.43250703822612846,0.5667224089397612,0.0,500m_25101_7950,0
1232.6106475706224,941.023412162749,0.7628204361043153,0,0,3,1,2823.875708678561,3207.168441149254,0.0,0.04082716214449422,0.0,0.0,0.012860070427793444,0.15019068064431831,0.0,500m_25102_7912,0
0.0,453.44249154353565,453.44249154353565,0,0,0,0,2338.4586915274654,2748.976437286264,0.0,0.0,0.0,0.0,0.0,0.0,0.0,500m_25102_7913,0
0.0,922.6370234551256,922.6370234551256,0,0,0,0,1861.2527292326142,2308.5863916080934,0.0,0.0,0.0,0.0,0.0,0.0,0.0,500m_25102_7914,0
0.0,1183.084360922037,1183.084360922037,0,0,0,0,1400.6755614171925,1898.4278849070697,0.0,0.0,0.0,0.0,0.0,0.0,0.0,500m_25102_7915,0
0.0,0.0,0.0,0,0,0,0,980.4488619029981,1542.8037376085913,0.0,0.0,0.0,0.0,0.0,0.0,0.0,500m_25102_7916,0
1022.484285662967,603.3544193402038,0.589510193553561,0,0,10,0,680.018786094925,1287.7173382680915,0.0,0.0,0.0,0.386294894739708,0.4846220720797144,0.12810597860923917,0.0,500m_25102_7917,0
1256.1338869953847,680.2785033298584,0.5411344888297931,0,0,8,7,682.1501039055363,1199.1439220071406,0.0,0.43896726769466754,0.0,0.23585521659209638,0.32438205549189886,0.0,0.0,500m_25102_7918,0
367.86403553878984,0.0,0.0,0,0,1,0,984.8805081098202,1311.2718940054842,0.0,0.0,0.0,0.0,0.9972889739750872,0.0,0.0,500m_25102_7919,0
880.4871586568072,83.44211847998325,0.09466061718599589,0,0,1,1,1360.7787329537396,1354.9863129894275,0.0,0.0,0.6229265305661333,0.0,0.3759390229587487,0.0,0.0,500m_25102_7920,0
0.0,0.0,0.0,0,0,0,0,1145.03938331358,1618.913313972914,0.0,0.0,0.0,0.0,0.0,0.0,0.0,500m_25102_7921,0
1052.5522308751713,289.72131315853295,0.27499473179214423,0,0,4,1,915.5104112747222,1118.1532825365182,0.0,0.0,0.0,0.0,0.9990508301622889,0.0,0.0,500m_25102_7922,0
515.2770131433497,808.1609589127364,1.565363048012254,0,0,2,0,879.1775331834381,617.5846874438134,0.0,0.0,0.22550340873991703,0.0,0.772559646607228,0.0,0.0,500m_25102_7923,0
2262.537943399819,1873.8292800841107,0.8278320606676606,0,3,15,12,1099.7747911941494,119.63514079236383,0.0,0.0,0.8077196982415064,0.018341448763776906,0.17349706671809792,0.0,0.0,500m_25102_7924,0
634.7136603097521,853.9241054072227,1.343252723232575,0,1,5,6,1489.2950875437211,706.6853791566085,0.0,0.0,0.3487745488676404,0.29668224482628897,0.3529701710506807,0.0,0.0,500m_25102_7925,0
96.84621585963272,0.0,0.0,0,0,0,0,1056.4750197562093,746.4590144303227,0.0,0.0,0.0,0.0,0.0,0.9897798806912005,0.0,500m_25102_7926,0
2301.606160131757,100.0432343006048,0.04344782708949247,0,0,17,2,718.3569538644523,1056.7665452990927,0.2545112207465758,0.0,0.0,0.07294904735155831,0.17621355312555712,0.49589188826787745,0.0,500m_25102_7927,0
0.0,0.0,0.0,0,0,0,0,646.2906429535576,890.5307663422882,0.0,0.0,0.0,0.0,0.0,0.0,0.0,500m_25102_7928,0
297.5562643934694,325.27351136293373,1.0894881473136784,0,0,0,0,906.1479533611532,672.4176322037771,0.5305055459864657,0.0,0.46614500160116723,0.0,0.0,0.0,0.0,500m_25102_7929,0
846.635873743969,1598.3198257282313,1.885620789819248,0,0,2,0,648.723459690972,316.4645422999573,0.517412784856928,0.0,0.17678046921766596,0.3046269940638159,0.0,0.0,0.0,500m_25102_7930,0
3244.623652412641,988.3283275772725,0.30451106887965784,1,1,42,8,148.02731685964557,258.09780500532287,0.1492047527538991,0.0,0.1218077737952631,0.4044070539468724,0.15777050515529803,0.16650180715353546,0.0,500m_25102_7931,3
1840.7198458828266,315.364270581874,0.1712335734921206,0,0,8,3,353.1850559587551,379.1482992362487,0.0,0.0,0.27921407476568155,0.4032404040106363,0.0347348229953682,0.28226772748157625,0.0,500m_25102_7932,0
0.0,1478.8727784702758,1478.8727784702758,0,0,0,0,854.005221764594,850.088246219967,0.0,0.0,0.0,0.0,0.0,0.0,0.0,500m_25102_7933,0
888.5294953800343,0.0,0.0,0,0,8,0,492.35244392647746,1228.005052491427,0.0,0.0,0.0,0.0,0.46305798608571236,0.5358178240979932,0.0,500m_25102_7934,0
4415.910759285381,86.65993710885893,0.01962003351022645,2,0,54,1,199.65392648292746,1617.6980779962078,0.11216537183300977,0.11816506269954836,0.0,0.40906486115089347,0.14542985733718536,0.21494844439744526,0.0,500m_25102_7935,4
3426.39108687375,136.5215441653001,0.039832496702273464,2,0,35,4,582.297251717739,1845.216599446688,0.15668582866115535,0.05470324250612063,0.0,0.25083567759164344,0.20877202913772264,0.32871145499109883,0.0,500m_25102_7936,0
1949.6636869913798,0.0,0.0,0,0,24,0,1067.7247426346923,1511.1441701461247,0.07296337656309626,0.1703870208913196,0.0,0.17177104474522478,0.135097753584702,0.44926815818309496,0.0,500m_25102_7937,0
332.54306259346896,359.1470342741021,1.0767636163125358,0,0,0,1,1562.9330761068802,1289.9793558789086,0.0,0.0,0.0,0.0,0.0,0.9970018863764563,0.0,500m_25102_7938,0
326.67465193722023,1329.9076017620325,4.058622154321634,0,0,1,0,1823.1460316866126,1243.5008668092034,0.0,0.0,0.0,0.0,0.9969481923789711,0.0,0.0,500m_25102_7939,0
281.01890786276766,1967.284654404842,6.975719001656925,0,0,1,3,1351.6666044948681,1389.3522607501025,0.0,0.0,0.0,0.0,0.9964541384562534,0.0,0.0,500m_25102_7940,0
0.0,1356.7147771682253,1356.7147771682253,0,0,0,0,912.0862915525285,1127.9706334263199,0.0,0.0,0.0,0.0,0.0,0.0,0.0,500m_25102_7941,0
131.2750626804625,1306.2198905552302,9.875027568202118,0,0,0,0,581.8572277188917,633.5777737361149,0.0,0.0,0.0,0.992439996022412,0.0,0.0,0.0,500m_25102_7942,0
3708.493595135508,859.6801500482371,0.23175135042033493,3,3,31,11,80.86661939315997,521.25988796723,0.1700447641529387,0.0,0.0,0.2910111592835339,0.11406837740255465,0.4246061205852571,0.0,500m_25102_7943,1
3987.4204770029482,1104.4557877882912,0.27691558454193416,1,2,46,17,270.63829001613374,269.42835322139865,0.0,0.0,0.0,0.6765070268398157,0.22279029761356914,0.0412431021498118,0.05920884757544963,500m_25102_7944,0
1227.892326712045,1226.5500156427615,0.9980939655831765,1,2,16,3,245.03842285243803,234.74018725168207,0.0,0.0,0.0,0.5243441525672394,0.08960032782297868,0.09592026458905029,0.2893215140783699,500m_25102_7945,0
0.0,2090.20266184351,2090.20266184351,0,0,0,0,740.6755100195196,731.0514804100858,0.0,0.0,0.0,0.0,0.0,0.0,0.0,500m_25102_7946,0
0.0,1034.4373167796666,1034.4373167796666,0,0,0,0,1240.5298188390525,1231.0675108737212,0.0,0.0,0.0,0.0,0.0,0.0,0.0,500m_25102_7947,0
0.0,1318.1486627081858,1318.1486627081858,0,0,0,0,1611.8993103391256,1628.4783483854117,0.0,0.0,0.0,0.0,0.0,0.0,0.0,500m_25102_7948,0
0.0,2049.3102363485054,2049.3102363485054,0,0,0,0,1186.458602838646,1130.062426077713,0.0,0.0,0.0,0.0,0.0,0.0,0.0,500m_25102_7949,0
0.0,1328.0287293456036,1328.0287293456036,0,0,0,0,746.352949558831,635.5297634759854,0.0,0.0,0.0,0.0,0.0,0.0,0.0,500m_25102_7950,0
1700.410560666246,180.42399134264957,0.1060437706887151,0,0,6,0,2361.8524207935266,1447.7771102127467,0.0,0.26891876232438194,0.0,0.0,0.0,0.0,0.0,500m_25103_7912,0
0.0,1210.6074397292177,1210.6074397292177,0,0,0,0,2254.914545481111,1611.5292392478307,0.0,0.0,0.0,0.0,0.0,0.0,0.0,500m_25103_7913,0
0.0,804.7859538692912,804.7859538692912,0,0,0,0,1755.1449849733358,1897.3012534909255,0.0,0.0,0.0,0.0,0.0,0.0,0.0,500m_25103_7914,0
0.0,1428.4402104837573,1428.4402104837573,0,0,0,0,1256.2586783352733,1628.992082567495,0.0,0.0,0.0,0.0,0.0,0.0,0.0,500m_25103_7915,0
0.0,0.0,0.0,0,0,0,0,759.9970087238466,1195.7774688451857,0.0,0.0,0.0,0.0,0.0,0.0,0.0,500m_25103_7916,0
1925.3462105430388,240.08768198124318,0.12463371364255559,1,0,14,5,280.64689096119105,841.3738412587606,0.0,0.04094355000073754,0.0,0.6410880876885112,0.07237562110936971,0.24507362371641125,0.0,500m_25103_7917,1
1191.1016205174628,1132.9626630679725,0.9503910099343548,0,0,7,3,285.8103205015954,698.3507444973707,0.0,0.4943848477699549,0.0,0.0,0.12492916954197188,0.37984712802770815,0.0,500m_25103_7918,0
910.3147959936344,484.3379225204878,0.5314715887964919,0,0,2,0,765.7480257663992,877.0605564912798,0.0,0.0,0.0,0.0,0.9989026843365254,0.0,0.0,500m_25103_7919,0
1544.9685846886312,0.0,0.0,0,0,6,0,1004.5318712550883,994.7394263397847,0.0,0.0,0.39164477465457975,0.0,0.6077083816709083,0.0,0.0,500m_25103_7920,0
87.10044785895185,687.9135910147642,7.808287105601422,0,0,0,0,672.3052738536146,665.8522666899926,0.0,0.0,0.0,0.0,0.8006441838484001,0.18800513605516045,0.0,500m_25103_7921,0
368.44348616030464,67.92529458646155,0.18385841713551876,0,0,3,1,477.53848109439525,428.599715113761,0.0,0.0,0.0,0.17384049827799894,0.3626069558076086,0.46084577197612886,0.0,500m_25103_7922,0
1948.8558712592755,1668.3445127909677,0.8556245296804941,0,3,23,19,403.5731351863459,71.41302668994159,0.0,0.0,0.3283360826801949,0.3038045841868131,0.26964342533156355,0.097703049382127,0.0,500m_25103_7923,0
390.1746887304635,298.38629636541106,0.762795510450351,0,0,1,0,774.2462058452633,394.98868548321656,0.0,0.0,0.0,0.5098135471125778,0.4876300502652448,0.0,0.0,500m_25103_7924,0
0.0,0.0,0.0,0,0,0,0,659.1152815245605,655.0684591598665,0.0,0.0,0.0,0.0,0.0,0.0,0.0,500m_25103_7925,0
1956.3232858999527,245.82891582550295,0.12559443684974805,0,0,17,3,405.0678970939111,959.8251892850305,0.24505927280288398,0.0,0.0,0.1889204601808947,0.20035489951209864,0.36515446569898735,0.0,500m_25103_7926,0
432.5060422025832,0.0,0.0,0,0,1,1,628.8757312317041,1360.642220626203,0.3792259885362213,0.0,0.0,0.2630486318447311,0.0,0.355418606696301,0.0,500m_25103_7927,0
850.6004502805633,0.0,0.0,0,0,1,0,1062.3779960855554,1215.2347721586978,0.0,0.0,0.08478561392047602,0.0,0.0,0.914040126484346,0.0,500m_25103_7928,0
1015.1598980756684,1492.9049297985036,1.4691633990139359,0,0,0,0,1537.3896594421767,940.2614524262219,0.6935450640310904,0.0,0.0,0.0,0.0,0.3054708388776019,0.0,500m_25103_7929,0
92.20865529279595,1287.294813837232,13.81089352478542,0,0,0,0,500.1894846677123,996.2617885173604,0.0,0.0,0.0,0.0,0.0,0.9892713826107811,0.0,500m_25103_7930,0
3376.509424530454,7.396248923765826,0.002189852934250232,3,0,30,1,134.9448014690025,915.480141185037,0.16365247365434163,0.051445999807908906,0.04589955425397291,0.17256461945937324,0.38651450202000154,0.1796267746505534,0.0,500m_25103_7931,0
3764.6719137138284,398.649071340289,0.10586399465351412,0,0,40,5,421.62877279372515,866.8419495604305,0.0,0.08990751738288978,0.09709605785344921,0.076176032535809,0.5519648360546442,0.1845899993156503,0.0,500m_25103_7932,0
1784.3362724946098,681.1194762163974,0.3815076670484517,0,0,14,3,910.8130533392111,1066.150075279678,0.0,0.0,0.12864362398939827,0.3937882841351626,0.08557071681298659,0.3914372564924073,0.0,500m_25103_7933,0
939.4443282282971,622.2898111443405,0.661697659782448,0,0,5,0,355.84463495274207,1422.5662147445557,0.0,0.0,0.20172232641849575,0.23456673117365479,0.0,0.5626476152443116,0.0,500m_25103_7934,0
2539.5098274687416,70.4162767934103,0.027717380201426008,1,0,22,1,254.68157390553887,1847.2874498724607,0.0,0.20164763250379464,0.0,0.18402313627297423,0.04240229037976654,0.5715333190636195,0.0,500m_25103_7935,1
3839.790490909187,978.9396447215855,0.25487973036765466,1,5,46,12,238.36321307873024,231.40379861553194,0.0743604175875676,0.0,0.0,0.5769321623213863,0.33037194716207585,0.018075109859865716,0.0,500m_25103_7944,0
2836.5738918320367,1013.4859385759388,0.35716636014070346,2,1,28,11,36.65666082642886,33.53034066502933,0.0,0.0,0.0,0.6133208512456807,0.18696969407417005,0.018293120698893314,0.18106392025103468,500m_25103_7945,0
0.0,1511.2668615155926,1511.2668615155926,0,0,0,0,530.417256651941,533.7091392700074,0.0,0.0,0.0,0.0,0.0,0.0,0.0,500m_25103_7946,0
0.0,1161.4807070968036,1161.4807070968036,0,0,0,0,1018.4088143178025,1034.5647610315734,0.0,0.0,0.0,0.0,0.0,0.0,0.0,500m_25103_7947,0
0.0,1242.5618442964449,1242.5618442964449,0,0,0,0,1460.2075674879993,1438.9943037353755,0.0,0.0,0.0,0.0,0.0,0.0,0.0,500m_25103_7948,0
0.0,4858.9866904500395,4858.9866904500395,0,0,0,0,1100.9279024382472,1089.1712657279677,0.0,0.0,0.0,0.0,0.0,0.0,0.0,500m_25103_7949,0
0.0,722.1720946313969,722.1720946313969,0,0,0,0,601.175559530047,588.6349454615486,0.0,0.0,0.0,0.0,0.0,0.0,0.0,500m_25103_7950,0
264.9881846027189,0.0,0.0,0,0,0,0,1276.3547705084193,1764.3890513033664,0.0,0.0,0.0,0.0,0.0,0.9962404345084215,0.0,500m_25104_7905,0
930.3519167587885,0.0,0.0,0,0,3,0,993.4420630286431,1415.7679013328288,0.0,0.0,0.0,0.25312328907402765,0.0,0.3431407540401295,0.402662248889965,500m_25104_7906,0
339.53126130724263,260.81134917355814,0.7658954663144492,0,0,2,0,920.070866501333,1182.1532934118788,0.0,0.0,0.0,0.21111406623312268,0.0,0.0,0.7859493458126287,500m_25104_7907,0
542.3313989475257,2503.177519474383,4.607091591472955,0,0,7,6,1099.0410822941449,1136.807679601079,0.0,0.0,0.0,0.0,0.9981595026498798,0.0,0.0,500m_25104_7908,0
743.6110833349051,3094.844402967189,4.156323310561327,0,0,4,7,1209.9813814111371,1178.5804552918032,0.0,0.0,0.0,0.0,0.9986570170356298,0.0,0.0,500m_25104_7909,0
0.0,47.001722652323,47.001722652323,0,0,0,0,1369.3171300468357,1192.006419519791,0.0,0.0,0.0,0.0,0.0,0.0,0.0,500m_25104_7910,0
404.6258185490064,925.0310569104158,2.2805033965032395,0,0,3,0,1669.6590950919501,958.3310456258229,0.0,0.8509948271723272,0.0,0.0743996732605656,0.0,0.07214017326323141,0.0,500m_25104_7911,0
3944.93903258975,1486.2439360180188,0.3766515203968029,0,0,16,2,1880.0730111143869,957.9536085600092,0.0,0.04882806127623551,0.0,0.0,0.011944629952434255,0.03586731075085994,0.0,500m_25104_7912,0
1098.83471605454,1290.5341317510668,1.1733891583097384,0,0,2,0,2054.1192954291914,1191.0959128487407,0.0,0.0,0.0,0.0,0.0,0.0,0.0,500m_25104_7913,0
1595.0826004564565,1516.358402536484,0.9500500801793262,0,0,0,0,1788.597917999983,1556.1174330253427,0.0,0.0,0.0,0.0,0.0,0.0,0.0,500m_25104_7914,0
567.1085760477042,474.87279219473476,0.8358838648386459,0,0,0,0,1302.5850355045518,1485.071528050666,0.0,0.0,0.0,0.0,0.0,0.0,0.0,500m_25104_7915,0
858.1671981113965,1202.600704865091,1.3997283736025106,0,0,0,0,834.3444579065606,990.8235334169976,0.0,0.0,0.0,0.0,0.0,0.0,0.0,500m_25104_7916,0
2267.3022901470017,55.811299307829564,0.024604877202770273,0,0,9,5,444.1747532565083,509.6888688132195,0.0,0.0,0.0,0.0,0.22250025391989664,0.34088534131807846,0.0,500m_25104_7917,0
2675.4107801986306,370.34134820811397,0.13837238698486673,1,1,13,2,203.63650876362107,198.9770069291515,0.0,0.20768365669337646,0.0,0.020836549215814407,0.1328610499706057,0.20154889376584628,0.0,500m_25104_7918,2
1216.637757054967,591.717978747462,0.4859556755028831,0,0,3,1,566.3389622423213,566.708561126936,0.0,0.0,0.0,0.0,0.294476988169884,0.0,0.0,500m_25104_7919,0
3297.354453056497,478.9605718852888,0.14521197727595614,0,0,24,6,508.3016365468611,498.2019321743177,0.0,0.0,0.1384467337341186,0.029930160819342504,0.13839666459668132,0.0,0.0,500m_25104_7920,0
2468.9561844386744,1688.225133799079,0.6835040817465947,0,0,13,4,307.9544184873288,293.90395551737817,0.09914223281494577,0.0,0.0,0.0,0.49563628765773227,0.0,0.0,500m_25104_7921,0
3422.041837720552,2052.5479120418413,0.5996268843177972,3,9,45,28,94.65628837942795,85.20593644622797,0.3299093300938479,0.0,0.0,0.29401766936654494,0.21237269203294706,0.1546764040395343,0.0,500m_25104_7922,1
1752.302345169606,586.53442993853,0.33453125272686013,2,3,13,7,233.80601457463874,229.84594892537808,0.32193222168014296,0.0,0.24320522694329258,0.16341437406632472,0.2708778250245913,0.0,0.0,500m_25104_7923,0
733.9394711587915,26.335616738343536,0.03583372205716441,0,0,1,0,700.8974785072384,695.4104139863682,0.7004984205708682,0.0,0.0,0.0,0.29814092315845525,0.0,0.0,500m_25104_7924,1
295.57420194744077,0.0,0.0,0,0,0,0,490.7741634682816,1073.4376825057338,0.9966281625527994,0.0,0.0,0.0,0.0,0.0,0.0,500m_25104_7925,0
1664.4475300959907,400.93799631599,0.24073889394334824,1,0,14,1,98.18662050934384,1293.4724853009584,0.30198881203982414,0.0,0.0,0.07433514133438171,0.22480242948998744,0.3982731779253667,0.0,500m_25104_7926,0
0.0,724.9907050605025,724.9907050605025,0,0,0,0,490.97252795058523,1326.201470880652,0.0,0.0,0.0,0.0,0.0,0.0,0.0,500m_25104_7927,0
31.780417646823174,0.0,0.0,0,0,0,0,972.580601606139,874.1196570580187,0.0,0.0,0.9694939823289008,0.0,0.0,0.0,0.0,500m_25104_7928,0
693.8055415455459,497.5856335250999,0.7161509282413836,0,0,4,4,1444.8297593205962,520.6895863188618,0.20530073924652703,0.0,0.11539498241020667,0.06393297246899715,0.0,0.6139320542560744,0.0,500m_25104_7929,0
2367.8864581473917,1393.7932707943087,0.588374873772691,0,0,24,7,398.7072093502297,529.0630895304014,0.06413360713296105,0.0,0.14746677968102412,0.3933215742927461,0.0664779105465207,0.3281779890768138,0.0,500m_25104_7930,0
4446.9744902028815,216.0766852960764,0.04857867008275506,3,0,46,4,97.70230064263859,457.8985352852801,0.11684606579644403,0.0,0.0,0.2879049583934275,0.25549854063538385,0.3395256137414825,0.0,500m_25104_7931,2
6406.832438955965,324.46622182611685,0.05063587803163319,0,0,71,11,357.15953381018977,380.18071336009876,0.0,0.08360996214415013,0.07476336376049014,0.26470331089006094,0.42450835521482594,0.15225894897839218,0.0,500m_25104_7932,0
4065.0080307151006,260.98793966220734,0.06418775803950064,0,0,43,2,548.966308312381,727.8960901183641,0.0,0.0,0.19452279338706818,0.37150710152506883,0.06093022912869905,0.3727939344872223,0.0,500m_25104_7933,1
3467.2255318958246,588.3726869672546,0.16964660503079637,2,0,41,2,246.35002637322012,1190.3300796508443,0.0,0.10167182316474492,0.06549734838099917,0.2981013876491824,0.29853658043392484,0.2359045284876534,0.0,500m_25104_7934,1
4413.328080430027,1033.5108428598019,0.23412642287320004,3,5,54,21,51.00995385749347,176.51949991969838,0.07369972149477266,0.0,0.053739775211011545,0.3909746774035126,0.32692076604264486,0.042866060830232346,0.11157246397516968,500m_25104_7945,5
1048.2181220819057,1334.2927318593206,1.2717019500309021,0,0,16,1,532.6462112100687,533.9965284339498,0.2824075585092038,0.0,0.0,0.6338340377939744,0.08280531302963434,0.0,0.0,500m_25104_7946,0
280.3142920855853,338.51626312578003,1.2033383039877403,0,0,1,1,1018.9266017303758,1019.4637388725193,0.0,0.0,0.0,0.89007911934492,0.0,0.10636613769272885,0.0,500m_25104_7947,0
83.14117073939593,1038.6928738340323,12.344644895078735,0,0,0,0,1063.161521561949,1037.785723329738,0.0,0.0,0.0,0.9881152117184437,0.0,0.0,0.0,500m_25104_7948,0
199.9611711543377,815.5826306728529,4.058409024927942,0,0,0,1,792.2679726660285,776.0450039172546,0.0,0.0,0.0,0.9950239143499418,0.0,0.0,0.0,500m_25104_7949,0
836.8420174713649,546.9863339570612,0.6528513998472937,0,0,4,1,791.7210971052375,739.9250060422411,0.4980021475708412,0.0,0.0,0.0,0.5008043099961617,0.0,0.0,500m_25104_7950,0
203.4134438857851,393.0378081357027,1.9227590938456591,0,0,4,1,982.0541710141814,1494.5777557621577,0.0,0.0,0.0,0.0,0.0,0.9951079538557223,0.0,500m_25105_7905,0
864.3974082656082,0.0,0.0,0,0,3,0,567.7265674326736,1060.7272089060548,0.0,0.0,0.0,0.0,0.0,0.9988444615266364,0.0,500m_25105_7906,0
523.5075157067706,0.0,0.0,0,0,3,0,426.5608433327998,719.9162393125467,0.0,0.0,0.0,0.0,0.0,0.0,0.998093449626451,500m_25105_7907,0
0.0,593.3009813312118,593.3009813312118,0,0,0,0,607.8913800614858,642.786284667113,0.0,0.0,0.0,0.0,0.0,0.0,0.0,500m_25105_7908,0
276.15389433165666,2118.5302899841818,7.643877042005547,0,0,0,3,716.1170000295651,692.0476283483176,0.0,0.0,0.0,0.0,0.9963918962697188,0.0,0.0,500m_25105_7909,0
1679.5959233676456,1551.360633298482,0.9231015092490545,0,0,2,2,961.1720005835524,863.0889275082878,0.0,0.0,0.0,0.0,0.4197608469320655,0.0,0.0,500m_25105_7910,0
2070.863206126658,1711.3079434941405,0.8259753532152471,0,0,9,4,1289.2046463705153,492.4222595170401,0.0,0.2744821699745195,0.0,0.04762508294486885,0.05827327476671454,0.0,0.0,500m_25105_7911,0
5208.886949685243,996.7383279271689,0.1913166902762424,0,0,23,2,1400.413661159869,491.72604531628247,0.0,0.0,0.0,0.0,0.012896433821270346,0.05352873143106156,0.0,500m_25105_7912,0
0.0,1054.6650317636481,1054.6650317636481,0,0,0,0,1617.99798993415,861.8973040397442,0.0,0.0,0.0,0.0,0.0,0.0,0.0,500m_25105_7913,0
0.0,1334.312964328542,1334.312964328542,0,0,0,0,1531.4576671534755,1321.2482956935974,0.0,0.0,0.0,0.0,0.0,0.0,0.0,500m_25105_7914,0
0.0,2550.207499414725,2550.207499414725,0,0,0,0,1248.8328949139416,1239.5031824257221,0.0,0.0,0.0,0.0,0.0,0.0,0.0,500m_25105_7915,0
62.71112489356828,1173.6278349946342,18.421081670669317,0,0,0,1,1018.4253830983052,1017.7356888338454,0.0,0.0,0.0,0.0,0.0,0.9843041540755946,0.0,500m_25105_7916,0
636.8977196877192,883.4716695809542,1.3849738638561915,0,0,5,2,530.8776833539342,560.2092032541885,0.0,0.0,0.0,0.18562457009532957,0.020776426484213927,0.7920313539852312,0.0,500m_25105_7917,0
3798.205929719175,560.4490912719469,0.14751742907323098,1,0,43,5,53.70247131398074,306.0072024443232,0.0,0.11638023559052303,0.0,0.6446534092169101,0.13164991412424393,0.10705322817107543,0.0,500m_25105_7918,0
3399.564875723044,903.4029816179773,0.2656626221330041,2,8,34,13,175.8419057650221,157.81794584172172,0.11278375604914814,0.06579251292241485,0.04211697017924305,0.38914341646324185,0.22777177766905612,0.16209749792640188,0.0,500m_25105_7919,2
3470.0076036015703,1456.8260251532167,0.4197127150172739,2,7,27,11,81.03551176553113,74.98506119777471,0.16149717370227418,0.0,0.16078509831460983,0.08083169104422892,0.1914114682930124,0.331865296693762,0.0,500m_25105_7920,2
4348.908455222471,2459.71446910427,0.5654635021459252,3,10,28,20,169.05475549352687,152.59214790751395,0.19131715040892058,0.0,0.184674279153298,0.14429901820761992,0.1785399629942701,0.0566244246736939,0.0,500m_25105_7921,0
3012.520412836471,31.44322860678999,0.010434051972189596,0,0,23,1,334.2945291451968,338.55538165203416,0.031918758113883554,0.0,0.11699919957212367,0.13280065546740225,0.2318254270216223,0.06910567962058194,0.0,500m_25105_7922,0
406.6030673132082,66.91413825722096,0.16416495267883532,0,0,0,0,573.9394318362152,557.6592057662273,0.0,0.0,0.9975466327901021,0.0,0.0,0.0,0.0,500m_25105_7923,0
0.0,0.0,0.0,0,0,0,0,919.2504400978969,910.3384351978648,0.0,0.0,0.0,0.0,0.0,0.0,0.0,500m_25105_7924,0
1706.048139303238,357.9039019337755,0.20966245397148572,1,0,15,6,253.68588350774826,675.2220807427343,0.46931669645652274,0.0,0.0,0.032915931354334016,0.0957259950549175,0.40145557057319453,0.0,500m_25105_7925,0
2558.2659377841205,865.566589613903,0.3382089281285607,2,0,21,5,155.16646671946827,864.3147846626165,0.2969816582743092,0.0,0.0,0.28203335458095297,0.278490879495674,0.1421033706079312,0.0,500m_25105_7926,0
2224.861022449046,332.6130527633547,0.14943118613820322,0,0,14,2,402.72756830268685,1240.932259074243,0.2050732506031985,0.0,0.0,0.0,0.7405184449144457,0.05395904013480039,0.0,500m_25105_7927,0
1762.0097633732921,261.3826885030288,0.14825935393738643,0,0,8,1,895.5780222480677,743.5823061688459,0.2652708137754269,0.0,0.0,0.0,0.3310957054430901,0.403066268948187,0.0,500m_25105_7928,0
1769.1044018950652,431.3584743551306,0.2436909788447056,1,1,8,3,1394.1621610782938,244.86537808016652,0.5216828292051298,0.0,0.011788152172652295,0.018151461859935002,0.1631043431585721,0.2847082751746952,0.0,500m_25105_7929,0
3702.742975693387,303.7707417046787,0.08201723059570812,1,0,29,5,265.7103843382944,262.22337528192185,0.14274341225017126,0.0,0.11073212309471847,0.2312561606262865,0.22186939103111736,0.29312891586060386,0.0,500m_25105_7930,1
5428.007239853374,65.831937080534,0.012125962293303552,4,0,64,4,69.98389537222644,278.8863715206552,0.11893279003365018,0.06266381971599513,0.0,0.18882771276373275,0.28129678551379295,0.3480946962339358,0.0,500m_25105_7931,5
4560.870052802363,1452.8859853298243,0.3184847372926185,1,4,53,11,154.0167816804915,143.98317671818253,0.0,0.2343346251691131,0.03281009102517329,0.211394083419329,0.2945872273299791,0.22665476470798093,0.0,500m_25105_7932,5
6448.536054357474,164.09843865257835,0.025443448531729532,3,0,87,4,62.26464564771194,642.326510558893,0.0,0.08000029829654827,0.08463435695486488,0.38069686953639387,0.33043090329070746,0.12408252200912374,0.0,500m_25105_7933,6
5685.625696232018,89.9855366252003,0.015824065347720195,2,0,66,3,189.8292671065298,1127.6736087395004,0.0,0.16772358199876267,0.011574776391169272,0.18915862741016148,0.31343026325615686,0.31793689973542105,0.0,500m_25105_7934,3
4381.475059390985,3221.5646543208068,0.7351016516152165,3,30,59,44,86.22431197262688,80.96733113643444,0.08983006490630166,0.039328424155002574,0.013286997808752853,0.44805122825906146,0.29570158248330813,0.040263046920401724,0.07331047390619387,500m_25105_7945,4
331.70750491240074,4041.809551784825,12.148236790898364,0,0,1,2,583.4326187104177,571.2036604536742,0.866932539361011,0.0,0.0,0.13006181758845628,0.0,0.0,0.0,500m_25105_7946,0
1106.9490351131751,1183.517014085144,1.0682052843380558,0,0,18,0,1054.7177434739042,1052.8608446993776,0.4648150938733021,0.0,0.0,0.534282337535266,0.0,0.0,0.0,500m_25105_7947,0
1630.8549670620332,587.5023142637743,0.36002115759190567,0,0,13,5,792.9838224545853,764.0026351065613,0.3491368678282077,0.0,0.0,0.3307493843869414,0.22296655791355768,0.09653439031484701,0.0,500m_25105_7948,0
2144.3448919715465,9.771681354425507,0.004554830037349121,0,2,32,1,355.28566565133747,330.11307823425983,0.24641229891436076,0.0,0.0,0.4878476097310869,0.25453994318988576,0.0,0.0,500m_25105_7949,0
1153.6429783831381,932.4289976909068,0.8075474541893456,0,2,10,2,354.1046502560368,286.6821987758539,0.5347503638534237,0.0,0.0,0.12917683249758494,0.2954428979634829,0.03976383710957497,0.0,500m_25105_7950,0
496.15567565490386,641.7988198576973,1.2909413515439703,0,0,4,1,400.63233801702796,865.2547803744193,0.0,0.0,0.0,0.0,0.0,0.9979885576108878,0.0,500m_25106_7906,0
2163.9906362703728,428.4405461839278,0.19789487261801827,1,0,27,9,141.9721131362,376.59556379021257,0.0,0.0,0.0,0.15174589176447348,0.24911450482048028,0.16384158216495698,0.3568858689248895,500m_25106_7907,1
5772.125603548178,1593.914336384241,0.2760920939264888,5,2,60,5,127.43277418073963,161.82367516176208,0.0,0.0,0.0,0.001399214939732091,0.001820973345420053,0.0,0.26129213141454377,500m_25106_7908,0
1536.5007573161774,1989.898693754764,1.2942424153522247,1,2,7,4,253.49529918472365,261.70008690113553,0.0,0.0,0.0,0.06948048583443958,0.10180075433120551,0.0038279510958618185,0.09643270815725698,500m_25106_7909,0
1043.8320750289793,86.14000239845373,0.08244387251995931,0,0,2,2,689.4296180686024,714.7160368574971,0.0,0.0,0.0,0.0,0.7145359034957023,0.2103549705919688,0.0,500m_25106_7910,0
342.15147573202347,1172.2435673584896,3.416111106204093,0,0,2,2,789.5320828254813,262.85381933377937,0.0,0.46421564592205866,0.0,0.0,0.5328701891370309,0.0,0.0,500m_25106_7911,0
3221.164345392107,1205.1126204897496,0.3740071862607302,0,1,16,1,988.4558288778869,997.9805497846721,0.0,0.12165159318000918,0.0,0.013648917995001368,0.06242322981523316,0.14346119502435822,0.0,500m_25106_7912,0
0.0,49.555817392113134,49.555817392113134,0,0,0,0,1178.570556139888,1180.1089676647823,0.0,0.0,0.0,0.0,0.0,0.0,0.0,500m_25106_7913,0
0.0,575.7043028694151,575.7043028694151,0,0,0,0,1233.882760911206,921.6124553053335,0.0,0.0,0.0,0.0,0.0,0.0,0.0,500m_25106_7914,0
938.3988606867457,1327.3900402446416,1.4130207048305932,0,0,11,8,1040.314955059353,898.7989178170939,0.0,0.0,0.0,0.0,0.23102255796578322,0.7679129314819375,0.0,500m_25106_7915,0
757.6991507555545,1056.5491239098706,1.3925798161994787,0,0,1,0,1069.486501685307,1057.7344610573023,0.0,0.0,0.0,0.0,0.9986819545019865,0.0,0.0,500m_25106_7916,0
124.62231505256425,332.2756253680857,2.6450366340490645,0,0,0,0,536.7202227000314,529.4337633213601,0.0,0.0,0.0,0.0,0.9920396308603168,0.0,0.0,500m_25106_7917,0
2549.341801223406,3253.0833070733756,1.2755479698889234,0,1,20,19,283.5919492039422,185.61134507557819,0.18974131393632154,0.0,0.0,0.3380322025921296,0.19980083413557834,0.2720335450307672,0.0,500m_25106_7918,0
3022.8518060422825,2012.4645202132942,0.6655301414546748,3,10,35,22,169.36734783144817,121.46029189983977,0.06701228985289513,0.1928595498966671,0.046633781963522664,0.5142010116000225,0.17061300339694416,0.008349659252798245,0.0,500m_25106_7919,7
3975.0101934488616,1601.9937857741681,0.4029149091251626,1,2,42,16,147.39307709931256,142.8907524721648,0.0,0.0,0.3383483880000593,0.30541280716592534,0.2639298067967089,0.09205748962778397,0.0,500m_25106_7920,2
5137.597757119522,512.6137453712414,0.09975751549360244,4,6,57,15,112.67165470357462,203.05644213136847,0.030512530969580107,0.0,0.19707268869202416,0.23272928268028442,0.12442603202413255,0.4150648600144571,0.0,500m_25106_7921,1
849.8041280898464,586.026217947471,0.68879099031074,0,0,3,0,478.88969129702315,663.1363464460552,0.0,0.0,0.44246683306253004,0.006540343216526433,0.29693701004225476,0.2528804550185878,0.0,500m_25106_7922,0
1391.2673275217703,1122.646704275125,0.8063442142777503,0,0,0,0,973.5160033984786,1134.9761384782098,0.0,0.0,0.0,0.0,0.0,0.0,0.0,500m_25106_7923,0
373.16426310444297,422.5015892492804,1.1291874476300392,0,0,2,0,518.9725912861529,1466.7812458213311,0.0,0.0,0.31235055332742867,0.5116377559898179,0.0,0.17333906772378058,0.0,500m_25106_7924,0
2294.28282315889,404.98835780934155,0.1764437714268149,1,1,21,5,282.5833121246822,177.75195288769896,0.26750739346569863,0.0,0.037916583558405416,0.29421719333842766,0.3999231534803038,0.0,0.0,500m_25106_7925,0
801.7889412294943,0.0,0.0,0,0,2,0,400.9691768928933,568.0976309379947,0.0,0.0,0.0,0.08302074424098484,0.9157335983406799,0.0,0.0,500m_25106_7926,0
1132.0337315772383,949.3042576510641,0.837842891340566,0,0,3,1,721.1025497625886,1056.234688650539,0.0,0.0,0.0,0.0,0.9991174137431831,0.0,0.0,500m_25106_7927,0
278.13231284548306,829.4611002039134,2.9715696178216073,0,0,3,0,871.5737815108414,1552.5096310327585,0.0,0.0,0.0,0.0,0.9964174695870716,0.0,0.0,500m_25106_7928,0
2822.356386130047,933.6301338212099,0.3306809364937912,0,0,15,3,527.3530714930998,2051.0237027152257,0.0,0.0,0.15881580896018768,0.0,0.777053623253766,0.06377637941474767,0.0,500m_25106_7929,0
3480.060529967791,362.92989252238084,0.10425842624625056,0,0,24,4,343.5896462372728,887.5346543882035,0.0,0.0,0.14961478535635891,0.35655471265241706,0.18759389548764968,0.30594933772689187,0.0,500m_25106_7930,0
4966.231818058376,219.4668861807765,0.044182936134147074,2,0,46,3,191.30023290703576,539.2768009161699,0.11006898560947274,0.0,0.0,0.10687057217927087,0.2929437806270668,0.4899153422102153,0.0,500m_25106_7931,1
1737.7625224990932,1798.2243990515,1.0341978135501468,0,2,15,6,635.08964538967,83.26701848782183,0.0,0.29782936228159024,0.062030511788851106,0.0,0.0,0.6395650042628217,0.0,500m_25106_7932,1
3932.6741739723498,1169.142711935032,0.2972139176322258,0,0,39,8,774.8698114998911,474.1360169172942,0.0,0.0,0.0,0.43679503256329766,0.21624923191701315,0.34670152026042383,0.0,500m_25106_7933,0
3656.3863352258236,447.12738459958854,0.12225325508905552,2,0,35,7,145.72442715972846,971.8200278441196,0.0,0.1485197332910591,0.04253272535943366,0.11372955222349974,0.26536031115774195,0.4295842586714393,0.0,500m_25106_7934,1
4609.342323799245,3734.7570791522244,0.810082379322003,2,19,58,59,204.84102539190556,177.15460701598158,0.1195548655365799,0.0,0.018490037762226384,0.42298495037320016,0.24225965061130558,0.19649359208355938,0.0,500m_25106_7945,1
917.8402376260234,2053.439879315092,2.234817104462573,0,0,6,8,600.5657463788206,662.1999532454481,0.0,0.0,0.0,0.9664677127682533,0.03244395875085253,0.0,0.0,500m_25106_7946,0
167.4843338670784,486.1450618322613,2.885402165733662,0,0,0,1,553.2976006739702,822.378994106927,0.0,0.0,0.0,0.9940647300728332,0.0,0.0,0.0,500m_25106_7947,0
4892.758756783354,192.08220957411464,0.039250445132356586,0,0,51,1,314.9184321753612,1095.5496430669962,0.010321651520877974,0.0,0.0,0.7966221008910814,0.04797964221025334,0.14487226347012458,0.0,500m_25106_7948,0
844.0260660904038,239.64229050553496,0.28359159571758963,0,1,4,0,452.86954136481484,610.7913055106094,0.837830667392634,0.0,0.0,0.07227385649703104,0.0,0.08871208066239734,0.0,500m_25106_7949,0
2202.712704986013,272.31010998619377,0.1235687888761898,1,2,30,4,339.76950284275324,218.3132039292913,0.29316203658049406,0.0,0.0,0.11986350136516033,0.3163170996958281,0.27020358269942735,0.0,500m_25106_7950,1
955.920354502166,2434.2528162986346,2.5438405660887473,0,0,1,1,708.1705852398055,935.3981085005776,0.0,0.0,0.0,0.0,0.0,0.010670618784258228,0.0,500m_25107_7906,0
1146.217200394525,588.8863998838717,0.513317268675326,0,0,2,0,600.9460736465603,517.8039121587318,0.0,0.0,0.0,0.0,0.0,0.26976284568872994,0.0,500m_25107_7907,0
236.07684831503386,581.5295941966945,2.4529159988829567,0,0,1,0,377.98082941929584,344.457022634492,0.0,0.0,0.0,0.0,0.0,0.0,0.258715858453051,500m_25107_7908,0
1340.7179492005503,1819.3576051551552,1.3559911054623677,1,4,19,7,182.91551723454884,33.95639910622814,0.0,0.0,0.0,0.2725826715032386,0.12002674138169084,0.04964793883907716,0.5569973351491947,500m_25107_7909,2
2205.4659980999813,1450.977506109735,0.6576024771554114,3,5,25,25,277.5645195306279,238.56591167504385,0.0,0.00033558459358344145,0.0,0.19651266780004994,0.5202105523536288,0.21534922249163124,0.06713875934161215,500m_25107_7910,1
977.6813087770835,622.1829644784783,0.6357360244837315,0,0,10,5,295.3355953284755,289.60716585646355,0.0,0.0,0.0,0.0763864557257972,0.7040931100826616,0.21849865111360572,0.0,500m_25107_7911,1
2319.0082857192865,1449.3972090536165,0.6247379451079206,0,0,25,8,500.58416893021877,509.8680217336409,0.0,0.21507999602271766,0.0,0.3050464282476741,0.28847037171309203,0.11975102637332649,0.0,500m_25107_7912,1
1878.0643995112098,776.6214457630813,0.41330219760701087,0,0,4,1,814.0080426956885,809.0664005577635,0.0,0.0,0.09040243724425426,0.0,0.213820633235093,0.1551546772812717,0.0,500m_25107_7913,0
4978.37107925128,817.4269216655439,0.1641626841332853,0,0,26,3,833.7742756683617,473.61269444528216,0.0,0.0,0.12176945331141881,0.002611959731067473,0.05166858339102993,0.5965850250572794,0.0,500m_25107_7914,0
1691.0699615939047,57.905543457653856,0.034221719415849505,0,0,17,2,555.0112537594665,427.5677853273422,0.0,0.0,0.0,0.14935835189696187,0.10789038159253407,0.3728859431685533,0.0,500m_25107_7915,0
3403.080875022523,1068.2317155885803,0.3138091469643806,2,5,27,7,607.9698444063213,594.439571860388,0.1118485818037866,0.0,0.041681337062465525,0.0,0.825873354323222,0.02030296175713418,0.0,500m_25107_7916,1
2414.4770070410427,1466.3291643896814,0.6070557327249964,0,1,12,2,292.97213519030447,243.9657389685726,0.22504773211969148,0.0,0.03398807941381573,0.0,0.7195418176917237,0.021008373871845065,0.0,500m_25107_7917,0
5562.379974788916,4252.746714997971,0.764417806130405,3,18,44,52,149.29597093139876,85.90717231694592,0.065673953972485,0.0,0.20665160103221072,0.6033872536178109,0.0741509367477356,0.04995650778439924,0.0,500m_25107_7918,1
5203.491238821034,2194.6518797343115,0.42168422983674053,2,19,63,32,184.901891641082,149.58585378890464,0.0,0.06323163102887894,0.10425326694223994,0.39056396783589137,0.295579152775374,0.14617983967808562,0.0,500m_25107_7919,4
4671.58445689587,2296.461439689405,0.49147564070249233,2,3,60,16,191.03987144671297,201.74835354541725,0.0,0.07132081302762093,0.1239882240131153,0.5858455519241965,0.19876528951950478,0.019866107192391555,0.0,500m_25107_7920,1
4771.6604994998925,1270.516913336403,0.2662072681410159,0,2,55,13,264.7354074271476,151.56563915737422,0.0,0.0,0.053434799807893854,0.44862297254814865,0.18375378118377797,0.3139789197192549,0.0,500m_25107_7921,3
7375.933223344833,159.9821533109419,0.021686810557626703,0,0,68,1,523.5258359764548,516.1198523481909,0.0,0.0,0.3368909241792224,0.04718748526434447,0.009744415902225322,0.6060416169678737,0.0,500m_25107_7922,1
585.5506515057147,200.79969209905357,0.34233990122351304,0,0,3,0,811.8362460488838,982.5610458304924,0.0,0.0,0.06436704588815113,0.0,0.0,0.6663367343747473,0.0,500m_25107_7923,0
2864.79668041207,1020.2341829650363,0.35600368649262926,0,0,14,3,348.9302247607939,968.1701316995529,0.0,0.0,0.030857313550311977,0.19711326664891055,0.12054882027273348,0.19726004742665812,0.0,500m_25107_7924,0
3782.0382547306504,416.1970627955493,0.11001661489283096,3,0,35,6,182.13793211415822,330.1831281939989,0.14484971383444664,0.0,0.033788423756055695,0.29602646680999567,0.36850802638726726,0.13833142730637377,0.0,500m_25107_7925,0
1547.7977234022396,0.0,0.0,0,0,16,0,605.5343650004604,632.5786002246983,0.0,0.0,0.0,0.14613263798399626,0.7960530895220096,0.057168610387904134,0.0,500m_25107_7926,0
557.6502430808688,881.9925397382393,1.5787920092439023,0,0,1,0,1086.6045088181943,1092.267416968406,0.0,0.0,0.0,0.0,0.9982099712433934,0.0,0.0,500m_25107_7927,0
607.8243894124245,68.6101036409137,0.11269276466918353,0,0,5,0,1218.847975099651,1577.2438531406049,0.0,0.0,0.3593970049779638,0.0,0.6389604852648872,0.0,0.0,500m_25107_7928,0
2492.25957541257,1756.0610904225393,0.7043234117057212,0,0,19,6,814.4267894754711,2069.808172696012,0.0,0.0,0.14488417517783977,0.06206406346830684,0.23013514816542022,0.5625155318049057,0.0,500m_25107_7929,0
5915.181212805734,0.0,0.0,0,0,63,0,321.76826135518013,441.0667913710611,0.0,0.0,0.0,0.31169949319113777,0.2856317850199963,0.4024996938358619,0.0,500m_25107_7930,1
4392.333377066352,560.3678836780498,0.1275495928907256,3,0,48,7,202.3407510521531,372.20990180407205,0.11085477441222787,0.0,0.0,0.37272777954831526,0.28786455229485974,0.228325276144435,0.0,500m_25107_7931,3
5772.860233154806,1531.92759152423,0.26532121140161247,0,3,52,17,345.84090510744164,94.72124827254756,0.0,0.08514812042280794,0.18857122667943396,0.47194542622136937,0.014988832563657996,0.2391731997575479,0.0,500m_25107_7932,0
2783.633867340949,330.256573837519,0.1185996398703868,0,0,20,2,277.590176375542,316.32735100714916,0.0,0.0,0.0,0.5268252722194177,0.1450664709661341,0.32774914317594495,0.0,500m_25107_7933,0
5264.378512289903,264.0720367262623,0.05015252675755269,4,0,60,6,85.39723938766365,671.5465321404951,0.0,0.0979462358622077,0.020777709966259387,0.4441002032159352,0.261601777959949,0.1753841531261336,0.0,500m_25107_7934,1
6889.305840359958,3583.1833085448125,0.5200325488538289,2,13,112,48,126.17045350447508,25.726538063495386,0.11445925248269058,0.0,0.0,0.5645933324359789,0.25060194431888483,0.07020033932370073,0.0,500m_25107_7945,4
4331.818147001604,958.3494779082939,0.22118386818784228,1,3,39,10,226.06284607783064,220.14090044402917,0.06806400174036206,0.0,0.04909968717325861,0.6683026041735796,0.2143029102428096,0.0,0.0,500m_25107_7946,0
3593.143023680094,133.51749215562788,0.037148630779561306,1,0,44,2,196.75835142500748,469.4572254688948,0.16506002207746667,0.0,0.17767049780520533,0.398200004028779,0.25879124564713074,0.0,0.0,500m_25107_7947,0
3228.2037911854923,1109.4714463646305,0.3435743044130782,2,0,23,9,263.7533105339139,1115.833508796783,0.14614462373480042,0.0,0.1569226341446835,0.28794254154122584,0.39015215206716275,0.018528374652977603,0.0,500m_25107_7948,0
1064.2966880910037,443.69375522595755,0.4164978265548261,0,0,2,1,418.90892867446024,646.4664521709617,0.0,0.0,0.5452404054103698,0.0,0.3290182884806633,0.12480260047777637,0.0,500m_25107_7949,0
1878.6661206343106,370.80628759293563,0.19727242169359505,1,4,22,3,242.78510079542687,209.02759634146923,0.2362951074946044,0.0,0.22472976788216317,0.4559897355960214,0.08245337965117264,0.0,0.0,500m_25107_7950,0
0.0,1154.2985795044751,1154.2985795044751,0,0,0,0,1097.6768465959917,807.8777479115363,0.0,0.0,0.0,0.0,0.0,0.0,0.0,500m_25108_7907,0
0.0,1308.826197868346,1308.826197868346,0,0,0,0,695.9524822908909,431.0351374383836,0.0,0.0,0.0,0.0,0.0,0.0,0.0,500m_25108_7908,0
2782.4548703797404,1807.9265355172122,0.6495260816894656,0,0,3,2,363.37445587390835,353.02429804490987,0.0,0.0,0.0,0.0,0.20653540670223194,0.0,0.7931053275483421,500m_25108_7909,0
1172.6333573626125,1710.650963474956,1.4575684584486663,2,5,19,9,221.49989128839783,187.0915979485927,0.0,0.0,0.04525139127394661,0.1817400225212396,0.43212391022018937,0.0,0.34003262112973553,500m_25108_7910,2
2648.5332596801486,2333.767308219272,0.8808220465596284,3,11,36,19,182.89267299342706,174.9997617975016,0.0,0.0,0.0,0.3644230089151307,0.26408600894373513,0.15569067691200414,0.21542288026330003,500m_25108_7911,2
3873.464146769278,1960.9845597088538,0.5061305216474956,4,8,48,20,151.86711113563896,103.78944687184246,0.0,0.0654800157879102,0.0,0.2560931259747679,0.40285872130216027,0.1668199458028774,0.10849009092484425,500m_25108_7912,1
672.3657335676132,1489.5041238213648,2.212028396410526,0,0,2,0,547.2286087389422,541.1358073735375,0.0,0.0,0.0,0.07807131225150503,0.9204436106943037,0.0,0.0,500m_25108_7913,0
4956.06030932642,1304.2341806959134,0.2631063774314129,0,0,52,6,401.23349908233115,318.75906474598384,0.0,0.0,0.07304328624047152,0.0047124477409754735,0.07844342868148284,0.8435991048711329,0.0,500m_25108_7914,1
4896.768998949438,1327.7829381277602,0.27109954316191043,2,6,42,15,190.07321688055632,181.91750045809925,0.09635918524638962,0.0,0.1005750661601253,0.12273032496960253,0.257635031903883,0.2299081130452048,0.0,500m_25108_7915,1
5010.471903996311,738.9604081601195,0.14745376654129266,0,0,40,2,312.6227826834262,300.32260449275225,0.052866620742415486,0.0,0.0,0.02064968531080781,0.9045057994904755,0.021778352282034705,0.0,500m_25108_7916,0
6335.2931295067365,3824.2019499796806,0.6035393047350044,0,7,52,30,558.6962579458533,20.517663400394433,0.0,0.0,0.1896178456978006,0.04805393074680024,0.23308019122084853,0.5290902113531718,0.0,500m_25108_7917,0
2310.6818170011243,1523.1422867292758,0.6588892448465087,0,3,18,15,382.72538832054215,249.25835960712266,0.0,0.0,0.32853086013715377,0.5248620491528991,0.14617450522493475,0.0,0.0,500m_25108_7918,0
3849.913483556922,2468.3130869406673,0.6409682007866854,0,8,37,21,428.26021113011893,147.3531835594885,0.0,0.0,0.11230073919655414,0.8625071988135226,0.024932383343734665,0.0,0.0,500m_25108_7919,2
2591.659610791308,813.2477665742538,0.31367317298009734,2,5,32,11,215.9306003535686,199.51825762222654,0.0,0.13913819180361045,0.022789192911065313,0.2380849723055211,0.3219364874718242,0.2776654511926735,0.0,500m_25108_7920,1
2850.979741103603,3975.969491670279,1.3941086026549883,1,5,25,19,244.93318899367378,238.36224105636387,0.0,0.12017523401789239,0.13723822120710572,0.19306181929592092,0.16719335475166305,0.38198073710068287,0.0,500m_25108_7921,2
1157.7042198175695,1505.9815693435771,1.2997118191048653,0,0,9,0,513.7969461509244,509.4204923063633,0.0,0.0,0.0,0.11097142152194923,0.05122104951809022,0.8369444959417865,0.0,500m_25108_7922,0
803.053692704938,3399.2076531707435,4.2275878887333755,0,0,4,9,603.4009298055696,601.5230455548141,0.0,0.0,0.0,0.2925530375547143,0.3665238912877601,0.33967937311960517,0.0,500m_25108_7923,0
4238.424674237361,424.9257011446168,0.10023192621556783,1,0,45,5,141.32802099412842,474.4203708443336,0.1236632832042566,0.0,0.0,0.3363477322318752,0.2587252337104179,0.28102786979013605,0.0,500m_25108_7924,0
1774.5425906977787,2132.5651381841376,1.201077996865201,0,0,14,7,361.5200740390272,829.5783761899713,0.020481631880557842,0.0,0.0,0.07111437952305825,0.3272521264567783,0.1625553742467454,0.0,500m_25108_7925,0
2252.4566296179605,552.2745743254262,0.2450788566625558,0,0,2,0,774.7486460583345,989.5970636045221,0.0,0.0,0.0,0.0,0.3923559730632753,0.0,0.0,500m_25108_7926,0
663.4419940788546,809.506329201496,1.218325055332709,0,0,0,0,1184.2019791366051,1331.225769488844,0.0,0.0,0.0,0.0,0.6713679889540936,0.0,0.0,500m_25108_7927,0
0.0,1249.0006358069566,1249.0006358069566,0,0,0,0,1012.0267057101664,1751.2222547156803,0.0,0.0,0.0,0.0,0.0,0.0,0.0,500m_25108_7928,0
1401.977099583575,2631.771268159826,1.875847630685473,0,0,8,8,769.6628152467985,2205.2560750342823,0.0,0.0,0.40681057732236275,0.0,0.37369580250465834,0.21878085016390578,0.0,500m_25108_7929,0
6742.9245161087065,932.141200213276,0.13821939999279947,0,0,91,2,270.50799979105153,271.8301077517775,0.006416862852892661,0.06037075510544718,0.0,0.3417751860746803,0.3098835803143845,0.2814053340403666,0.0,500m_25108_7930,3
3198.239101296519,1778.1282094099292,0.5557972233739352,3,14,29,17,235.72552257227775,227.02738103238252,0.2132989403124018,0.009169434846284798,0.25810640647225613,0.23734830210497523,0.19621824406743252,0.0855460978724626,0.0,500m_25108_7931,1
7425.204105927885,4221.913255777841,0.5685156501970833,3,33,123,51,221.90022118009634,85.27176661593766,0.0,0.06613977241310298,0.1734270862882185,0.03053194190786334,0.7241456828141771,0.005620858279379361,0.0,500m_25108_7932,13
8700.417097533958,3942.178172296542,0.4530501328816639,2,33,128,52,226.55734737878421,75.63457110131897,0.0,0.0,0.2386317635497667,0.2547699257735734,0.5054403978809607,0.001042988986302186,0.0,500m_25108_7933,14
6111.231812731219,635.2258263571631,0.1039269853990233,2,0,73,6,260.247278256071,502.9381777198175,0.0,0.14288988815067744,0.14859967654485332,0.47178290825860175,0.09579333760450721,0.14077058308109125,0.0,500m_25108_7934,5
9509.630783346982,13730.516473544358,1.4437019779577978,13,101,202,201,6.08594670340072,3.048736214588882,0.14571001992885935,0.0,0.08283766834308617,0.3144465397897319,0.2752840699150343,0.18161655652634046,0.0,500m_25108_7945,7
2840.1808508972426,2680.1157044485585,0.9433104913410141,3,15,43,26,150.98113283302763,112.60647281032082,0.10008938911040746,0.0,0.21797148481059597,0.5766702573255907,0.10491690242233498,0.0,0.0,500m_25108_7946,2
2605.9565309308164,663.6755414614075,0.2545786757803904,0,0,16,4,519.8026433186131,509.7661797766324,0.0,0.0,0.05524853941456205,0.0,0.9443678715274173,0.0,0.0,500m_25108_7947,0
4662.3703842303985,64.18433225694564,0.013763507285200993,0,0,42,2,722.9101299699198,1280.8985321654118,0.0,0.0,0.0,0.0,0.929113304033565,0.0706722587852541,0.0,500m_25108_7948,0
450.8913514982606,356.94476958317216,0.7898906858910003,0,0,1,0,803.9211664384411,828.895705762751,0.0,0.0,0.0,0.0,0.20442891181139666,0.7933581668820009,0.0,500m_25108_7949,0
168.7648113613714,612.8004181032202,3.609702229744049,0,0,0,1,678.0769240752246,380.74889469045877,0.0,0.0,0.0,0.9941094977694092,0.0,0.0,0.0,500m_25108_7950,0
0.0,1158.0057232912413,1158.0057232912413,0,0,0,0,1597.3199136624453,664.5417792530106,0.0,0.0,0.0,0.0,0.0,0.0,0.0,500m_25109_7907,0
2727.381677863798,966.7106560741327,0.3543165034120242,0,2,25,11,1041.9306940651165,250.8011893445808,0.0,0.0,0.0,0.0,0.999633482364981,0.0,0.0,500m_25109_7908,0
4363.889952761752,1240.3609693674664,0.28416775286228363,0,10,48,27,839.7442286482735,124.34979682583597,0.0,0.0,0.0,0.0,0.8300947849502754,0.053983449155663756,0.11569266504367927,500m_25109_7909,0
5152.841164821537,795.4071621653613,0.15433288235472892,0,9,48,8,710.1314558345275,20.248781297298617,0.0,0.0,0.2269965848434492,0.4832165202921822,0.1310796210573391,0.08882917269809795,0.06968407107036044,500m_25109_7910,0
2416.852462851327,569.4229035821791,0.23550771286957253,0,0,25,4,672.9523884911098,500.4831992203809,0.0,0.0,0.0,0.3587615415686365,0.3272486152047591,0.3135762530612138,0.0,500m_25109_7911,0
4077.0609377233563,3075.4390230823956,0.7541424883168395,7,19,43,33,48.73982906592122,46.607778919140294,0.0,0.0,0.09834436122022613,0.1373766536927872,0.3226740677091531,0.3183781122053885,0.1229815905924601,500m_25109_7912,5
1445.4594886712653,2561.7079309345354,1.7710194796314347,1,4,8,11,126.2813152869392,124.45799920605872,0.342518758062992,0.0,0.22103525173931504,0.0,0.3614969230631838,0.07425772388719923,0.0,500m_25109_7913,0
763.7179349560743,986.4427048549193,1.2899432061987417,2,3,4,3,220.40401389871414,211.72019799267693,0.6905274451549958,0.0,0.2145151899642616,0.0,0.0,0.0936496931833899,0.0,500m_25109_7914,1
4782.938664936933,1407.779549008474,0.29427207320331167,4,2,40,12,47.9006500828548,286.79717449938624,0.1628695913315781,0.0,0.07288439625495949,0.23447115001206592,0.20329519725199363,0.19806016218977088,0.0,500m_25109_7915,8
3211.480776713346,1143.9793871497104,0.35610466386046463,0,2,36,8,525.4183842784764,100.7626255119269,0.013670784502111049,0.0,0.0,0.38392140819500936,0.12364902259770873,0.2832711787103803,0.0,500m_25109_7916,1
3979.2806940346204,2227.9547712272188,0.5597481540852958,0,4,30,13,737.6313082563751,148.92519927667698,0.0,0.0,0.2675363457332277,0.06630259137568326,0.0,0.6659098243285674,0.0,500m_25109_7917,0
573.7214633033942,59.529815951248615,0.10358029019671909,1,2,6,2,281.556721180559,280.09329275014625,0.0,0.0,0.3663004364267871,0.4184938004348981,0.21346578984020226,0.0,0.0,500m_25109_7918,0
2392.488115887534,1009.0683677112557,0.42158904446328577,0,0,25,8,340.8901073046086,307.63785206576466,0.0,0.0,0.23400864898274612,0.22756713239292112,0.5200283807461636,0.017978037600255903,0.0,500m_25109_7919,1
4451.04227791443,622.031837137594,0.13971831314885588,1,0,45,10,715.8340981090087,629.824418897062,0.0,0.052798956449929414,0.0,0.4132424758405873,0.3282124688329186,0.20552148286045913,0.0,500m_25109_7920,0
3151.2484157484514,2606.770455206895,0.8269559093704735,1,11,38,27,190.78492784927076,164.29716849668475,0.0,0.12580807997671706,0.0,0.05876382542181026,0.6638311251954025,0.15127973552469012,0.0,500m_25109_7921,3
785.3389885561498,1594.8854868588883,2.028241649046762,0,0,4,3,690.3219263121907,574.4732768842666,0.0,0.0,0.0,0.13934448542125585,0.046724401810018905,0.8126593966074344,0.0,500m_25109_7922,0
1868.1768384806485,1681.3591772272455,0.8995185167145182,1,2,13,10,262.9012860924574,236.60061606545847,0.13223684601087765,0.0,0.0,0.34449586399613963,0.1912737242347447,0.33145857089878294,0.0,500m_25109_7923,0
4531.723353881171,858.9059376173138,0.18949004176084797,2,2,49,11,135.05903338376126,120.8762939704115,0.0990356457906081,0.0,0.09614991726713688,0.16510534073723826,0.27000605217413665,0.36948242611049853,0.0,500m_25109_7924,1
163.91398837807995,625.2258949228045,3.7912241470348693,0,0,2,2,527.6704219597649,1330.0879321289415,0.0,0.0,0.0,0.9939362330034284,0.0,0.0,0.0,500m_25109_7925,0
1006.3627810753055,124.63467885017401,0.12372372812616048,0,0,2,1,990.6319225164006,1435.3309391635905,0.0,0.0,0.0,0.0,0.9990073089667532,0.0,0.0,500m_25109_7926,0
1206.312861502672,571.8856471257993,0.4736847136822568,0,0,0,1,804.6551744612293,1689.0747565442775,0.0,0.0,0.0,0.0,0.00898716186337177,0.0,0.0,500m_25109_7927,0
888.6554050236555,1020.965614238599,1.1475967082012524,0,0,0,3,519.0147767080464,2036.5484997956055,0.0,0.0,0.0,0.0,0.0,0.47625525079593567,0.0,500m_25109_7928,1
3247.488546194824,630.4443227716664,0.19407312471830904,0,0,24,3,560.6868968300648,2437.9999346583463,0.0,0.1360199110825972,0.15612504290537615,0.19865237355363846,0.37964296731858366,0.12925186966931454,0.0,500m_25109_7929,0
5241.083297282108,199.99907232936027,0.03815259334643822,2,0,56,1,202.42184344818023,458.6927192951169,0.13360900136668782,0.06501427079357183,0.0,0.3814662018136611,0.19979584804348538,0.21992391413103146,0.0,500m_25109_7930,1
4377.719147073352,511.805303964359,0.11688470686831773,2,1,43,8,113.99604238970001,313.51486586104,0.10890211158382786,0.0,0.11906576770065028,0.22449954678007808,0.2766913702479424,0.2706128264003522,0.0,500m_25109_7931,3
2514.866953387079,1230.9917978032624,0.489291294257828,1,9,21,10,217.24408638356206,206.96577240700466,0.0,0.17181447701354022,0.1581733609611497,0.03425588674091094,0.3655871395204919,0.2697716584654143,0.0,500m_25109_7932,1
6944.372137404102,4350.6527592597595,0.6264103165659682,1,23,104,34,284.71285686799746,58.31950119991424,0.0,0.016971977346570237,0.39689874536819114,0.013538555926961593,0.5429495186919991,0.029497221900349258,0.0,500m_25109_7933,3
6515.222272010531,316.2443208270846,0.048531849839663285,3,0,77,7,72.18325251629798,365.3448415942229,0.0,0.15744354416956338,0.11636382597186137,0.4649004057958418,0.2071503669081614,0.046880486491846084,0.0,500m_25109_7934,2
8055.066835855767,8388.343386816943,1.0412455057450973,7,56,133,122,31.927824238744268,18.31480275696786,0.10345578469509338,0.0,0.08104492706955001,0.36332208592175314,0.3040984669664676,0.1479546052945459,0.0,500m_25109_7945,10
7216.434743127854,1413.5478198329447,0.19585183242271323,2,3,116,30,148.73765992698762,145.73099412330458,0.0,0.0,0.10695366515914216,0.2964050465384945,0.5469302048249548,0.049572530094441576,0.0,500m_25109_7946,4
4842.205209682398,643.345534856384,0.13283466361702492,0,0,60,8,574.9152613464303,568.3534296000994,0.0,0.0,0.049328443545400634,0.06102688079382313,0.8894382008250623,0.0,0.0,500m_25109_7947,0
3557.5699840477987,3137.9338097397567,0.8817962900283959,0,0,33,16,1214.303715015246,1496.7564421618529,0.0,0.0,0.0,0.14724972168212833,0.8524692665618905,0.0,0.0,500m_25109_7948,0
3610.233234835443,1103.1584317667869,0.3054796962780654,0,0,18,4,1177.9765741331637,1085.4189368642735,0.0,0.0,0.0,0.0,0.9282237355366895,0.07149935075129873,0.0,500m_25109_7949,0
884.657121677972,814.3282275138971,0.9194621796424618,0,0,4,1,702.2233481220724,695.3611958108241,0.0,0.0,0.0,0.0,0.42760058071505574,0.571270314154388,0.0,500m_25109_7950,0
338.60802364775645,1251.1461046947354,3.6840887657955688,0,0,0,1,496.7854243528517,566.7261160354884,0.0,0.0,0.0,0.9970554288168492,0.0,0.0,0.0,500m_25110_7907,0
3213.704714612181,1339.038843899063,0.4165355647791133,2,4,33,9,255.08884405770164,245.09715222992622,0.2578649920161012,0.0,0.07966612122219438,0.0,0.6549398188094372,0.0,0.0,500m_25110_7908,0
3082.3466434470993,2130.414982441778,0.6909424170550059,2,9,16,11,134.2151201619044,130.1214891867688,0.36250279296499166,0.0,0.3954389310357272,0.03295181056009437,0.2087821425148975,0.0,0.0,500m_25110_7909,1
5525.660171554557,1310.8720659483724,0.23719064050570096,4,16,33,12,249.3067360152203,103.12739820584126,0.1028296525488515,0.0,0.329588596165365,0.20595352948333148,0.13146410436084055,0.06464409469828908,0.07994093020075348,500m_25110_7910,1
4227.763461980059,1336.0080074110397,0.3159334920060704,0,4,47,19,329.0592893784295,197.94265563886103,0.0,0.0,0.0017396992828901069,0.6115824762927123,0.32035841733137155,0.06608293134568544,0.0,500m_25110_7911,1
5380.061764111883,5586.973409424002,1.0382659880779315,8,35,57,54,75.03677310230778,23.48814232378662,0.09222502444807655,0.0,0.167893065455328,0.2639526078151954,0.1983202158789399,0.23150972472017511,0.0459135247519843,500m_25110_7912,15
3987.5892926622737,3005.486281758356,0.7535211226905433,1,8,31,19,182.18382565019652,166.06824464369646,0.18338378826459203,0.0,0.0,0.06272833582334429,0.3621033773120488,0.3006573157936963,0.09087646759684785,500m_25110_7913,5
2275.7501708227296,935.2379171752301,0.4107775763720581,0,4,20,12,501.9270156979579,209.19479906593693,0.0,0.054589076400003496,0.1274005764024214,0.22014461683258188,0.3547923044103274,0.2426342034115797,0.0,500m_25110_7914,0
6438.106320131872,2109.1143357866467,0.32754767989969336,1,17,60,23,168.2032522027865,80.20882475878102,0.0,0.0,0.20158120055033246,0.3236592582806231,0.026013530741469768,0.44859070937331624,0.0,500m_25110_7915,1
5438.174204196798,2022.8177260667512,0.37189794813079724,2,8,51,21,277.88094696864715,266.0878508205733,0.10074264804171784,0.0,0.0372091074777108,0.2297055697587904,0.12722234481013395,0.27667008203663934,0.0,500m_25110_7916,4
5243.2285471682635,1047.6623701513822,0.19977435398331192,2,7,69,20,212.65046946206922,205.09184971115934,0.07368579588344613,0.0,0.1914311032841318,0.45349511086946026,0.20703064867638096,0.07416665547054455,0.0,500m_25110_7917,3
4003.022233394901,296.76582647385925,0.07411692772301108,0,0,36,4,272.47289001362293,257.10463846559315,0.0,0.0,0.1976543761819942,0.6968354347993682,0.10526044015569191,0.0,0.0,500m_25110_7918,0
4344.441630733078,1282.943409251088,0.2952389005015021,2,1,57,13,144.92221684215573,212.5262170565129,0.0,0.0,0.1922356122960694,0.4483772255061531,0.15774980727682184,0.2014072287140072,0.0,500m_25110_7919,1
6067.985969626341,514.7566343399625,0.08481756868712209,1,1,70,16,140.4936728612949,258.51676470939503,0.0,0.08429847730744729,0.0,0.3632650552481258,0.232076989781379,0.32019470549105694,0.0,500m_25110_7920,2
4562.864091730354,1181.7535170720637,0.2589370527517201,0,1,42,10,740.3449912565687,143.5134081481142,0.0,0.0,0.0,0.451373890673535,0.19610966867248483,0.3522973280818479,0.0,500m_25110_7921,2
2839.7397945695243,2070.2027374206446,0.7287547917546442,0,0,35,11,323.8148981767576,357.3926162446802,0.02326684962470436,0.0,0.0,0.524822907466377,0.132384580058715,0.3191736418724598,0.0,500m_25110_7922,0
4563.148602841459,1309.0115075128358,0.286802999073671,2,1,46,9,124.21349595180583,157.35096177277893,0.1225065719140447,0.0,0.0,0.1853665442915402,0.15062629661247826,0.5412814882684228,0.0,500m_25110_7923,2
2157.067410857641,357.07534172008803,0.16546069873608915,0,0,17,8,504.49300915349306,493.6790945892795,0.0,0.0,0.02141208650373814,0.25811101743396225,0.6273283500418249,0.09268516846564542,0.0,500m_25110_7924,0
1072.1207735104442,169.3594226918231,0.15781953613460153,0,0,1,0,1097.2195018968273,1006.3051205282212,0.0,0.0,0.0,0.0,0.9990681384382032,0.0,0.0,500m_25110_7925,0
661.6584287067853,293.9110156135488,0.44353320335354735,0,0,0,1,760.4323345930399,594.2395782569018,0.0,0.0,0.0,0.0,0.9984909269139585,0.0,0.0,500m_25110_7926,0
1430.3273729652842,55.41784041657566,0.038717795427726916,0,0,7,1,533.2346042789061,441.9830247844527,0.3466291796230146,0.0,0.0,0.29701933841348765,0.0837093825333178,0.27194344724278535,0.0,500m_25110_7927,0
3706.335236857401,2081.6190990424325,0.5614866112855118,3,0,19,7,127.00123991937349,578.0367914859387,0.22018531552739326,0.0,0.09807978813789951,0.08519780398993743,0.08608336816739572,0.1557299389656511,0.139713878383433,500m_25110_7928,0
7964.786592867975,1133.7825068056288,0.14233151912715572,4,0,52,7,103.96323752023717,897.7967735666718,0.0,0.040457791873571416,0.023137961058131793,0.12937093070764008,0.1412192474752221,0.061926659856090596,0.09761916448317544,500m_25110_7929,1
7617.0421256889795,158.24010875284776,0.020771755543231057,4,0,80,5,114.94886488629612,547.0227165866922,0.14033616460989012,0.0,0.03420314731438639,0.2625223906785601,0.1067850708133935,0.3312650135979968,0.037611804235143154,500m_25110_7930,2
10029.771023865942,761.9458896086096,0.07596084964911794,6,9,109,18,85.49419374128466,84.29119116950152,0.057489598002893785,0.0,0.08303715682513113,0.10982355187990622,0.20933000233923788,0.37063294619828685,0.0,500m_25110_7931,4
7492.6252706393225,0.0,0.0,4,0,81,0,134.63530907587446,388.18622310752744,0.0,0.0,0.2604145403593767,0.0387542913147827,0.1184028361405517,0.47439704491575563,0.0,500m_25110_7932,6
8182.640388853891,514.7587911768651,0.06290095443074038,4,1,63,2,226.19235248309627,269.000965622132,0.0,0.0769000734475721,0.07302763360981102,0.11444372513039217,0.13313964120415211,0.1397782331390897,0.0,500m_25110_7933,4
5242.794707352239,1033.647503989005,0.1971182248114604,6,0,51,7,561.3401142305888,680.9618735757666,0.0,0.27007097263640895,0.03211976582904627,0.18265489264487936,0.11052813260345512,0.1910967753840765,0.0,500m_25110_7934,2
8585.895043888813,7126.10172102333,0.8298810786204833,6,68,154,126,137.24578285048065,108.99627475443732,0.11973764075274314,0.0,0.14132204879414006,0.4532812719110211,0.2569144464359482,0.028628135576180977,0.0,500m_25110_7945,14
6487.578143662894,1805.479818666849,0.27825507818383616,0,1,122,29,344.67137923620965,241.73983280331706,0.0,0.0,0.015238324534384569,0.43753468096417514,0.4341563141813766,0.11291656335054176,0.0,500m_25110_7946,0
6390.605025813566,4279.791697391094,0.669595771344825,1,30,103,74,94.33006435586677,31.387002465592523,0.0,0.0,0.16725910836681948,0.29597061155077414,0.5366138248577866,0.0,0.0,500m_25110_7947,0
3592.8670672244284,4568.450439214669,1.2711795828171573,0,15,72,48,403.07418756446145,129.20492388960218,0.0,0.14016129317775705,0.0,0.18935085438465876,0.6460754426761118,0.024134157956022903,0.0,500m_25110_7948,0
1950.1025878330602,2067.1569365147857,1.05948141804815,0,0,13,5,822.1825395746077,629.8695739860786,0.0,0.0,0.0,0.0,0.9994874692872451,0.0,0.0,500m_25110_7949,0
1285.1090195370336,1091.5150090397713,0.8486955557101129,0,0,4,1,1240.5920966701196,923.826338205185,0.0,0.0,0.0,0.0,0.7224924609655619,0.2767299999729669,0.0,500m_25110_7950,0
1444.14087162639,1966.0942460003128,1.3604862229020147,1,4,9,7,181.00549747527472,255.96929438299478,0.39009731263968683,0.0,0.0,0.04904418693830451,0.5054750235367803,0.05469150282260692,0.0,500m_25111_7907,0
3005.1220901772804,1666.5035781230906,0.5543698918844683,1,7,26,16,296.100822107866,15.960923404076599,0.05682796673437958,0.0,0.474576235285971,0.28532944015171713,0.1829337033415202,0.0,0.0,500m_25111_7908,0
1673.1348425041829,954.6755080154203,0.5702500681411121,0,6,4,4,444.9866962869144,36.66893267847917,0.0,0.0,0.7780230013561352,0.0,0.22137967519379922,0.0,0.0,500m_25111_7909,2
4021.4275729722885,3100.7857231274124,0.7708742213190807,2,11,48,24,248.7717525805012,140.05623568270843,0.06270682438227669,0.073776171059746,0.12046963169668026,0.09508204898421894,0.5180569214420931,0.1296597963428034,0.0,500m_25111_7910,5
4969.556137210375,997.3967227364873,0.20066099148741456,5,9,46,13,169.3270105268155,124.62823281978206,0.09843779331654522,0.0266165161440029,0.37742008030765445,0.1931583407885038,0.28300692015336343,0.021159164558806887,0.0,500m_25111_7911,9
4416.821680473506,3195.8654174440535,0.7234029910192116,2,18,35,27,111.5810926132175,77.62883708989575,0.015080352466549894,0.0,0.13872515534756588,0.2880377256935599,0.3172299533474875,0.24070045724540762,0.0,500m_25111_7912,12
6058.155287738391,2995.745284941926,0.4944163241705103,4,19,61,32,45.57854828537686,39.13041622362153,0.0,0.022730597296119304,0.0,0.3508714285379695,0.32387447984689355,0.21499469857279246,0.08736375623947729,500m_25111_7913,7
5628.915644701123,3447.1340331497136,0.6122887536324202,4,15,60,38,99.73209102653892,64.98330778167914,0.0,0.09678623343737248,0.1539440010593018,0.2540044138007646,0.22992564454395636,0.25725357875683585,0.0,500m_25111_7914,5
4742.718931242699,2581.5683154157614,0.5442076887003664,4,20,41,24,129.4251891514552,93.9202282826056,0.0,0.0,0.434673291734773,0.3165168469397594,0.044707478683636635,0.20389157757211748,0.0,500m_25111_7915,2
2601.7749561288647,882.3070399586937,0.33898706374175297,0,3,10,6,373.348707690474,200.1384259157748,0.0,0.0,0.3645569813466146,0.015433157907738485,0.48542344127208675,0.134202214147762,0.0,500m_25111_7916,1
4723.930173685313,1422.4935831663752,0.30106129209881427,0,0,37,16,284.63745885414056,312.17511102700075,0.08011693996020128,0.0,0.04932575080590749,0.2637784202752292,0.14767538644521666,0.2075848441733522,0.0,500m_25111_7917,4
4847.267782042034,1067.5528559299655,0.220192634549638,2,6,51,13,231.30767692797903,206.64998754583777,0.07244035925708465,0.0,0.1205890515951254,0.4043399698061417,0.2774682327330929,0.124956127374339,0.0,500m_25111_7918,4
5936.091512360283,995.6933132849588,0.16770725383161936,2,0,74,15,189.0479709737637,411.5880903248471,0.0,0.041995984496048584,0.09641193352603468,0.26315941754524325,0.3417629811936473,0.25650125059857937,0.0,500m_25111_7919,6
5852.478929358586,708.9747758156514,0.12112024052221873,1,0,61,9,207.50069653123924,629.5820254194588,0.0,0.06185155047590844,0.0,0.26402567829586515,0.3047610648682866,0.36919086778478327,0.0,500m_25111_7920,2
4876.235698003505,1195.2690228834801,0.24507099859306847,0,0,50,12,386.8124402905789,278.12284755823026,0.0,0.0,0.054949651476997326,0.32818453915356854,0.2896137287703539,0.3270470464235923,0.0,500m_25111_7921,2
6407.0909692611585,335.09967154753184,0.052293213868992286,2,2,66,6,203.42654032122368,199.91838872688666,0.08326558382971876,0.0,0.0,0.5353402064330632,0.16853347442744884,0.21270468259378916,0.0,500m_25111_7922,2
5763.908003073502,906.2418487358837,0.1571997069602377,0,0,79,9,379.69242971771814,483.73463067213635,0.0,0.0,0.0,0.37474942751981183,0.25566286498164614,0.36941424419271557,0.0,500m_25111_7923,2
749.3997754683066,202.9538607984513,0.27046098284316866,0,0,3,2,796.808321591793,832.1638092687729,0.0,0.0,0.0,0.05116227664473956,0.8406646952497882,0.10684040510545086,0.0,500m_25111_7924,0
1764.730192996631,1862.811389192551,1.0549807646609717,0,0,9,0,605.3629195866331,851.3996000226131,0.0,0.0,0.0,0.3666835829618766,0.6327500790981786,0.0,0.0,500m_25111_7925,0
580.1232246272983,45.4730216607003,0.0782502225579855,0,0,0,1,514.8544796496283,382.0209301633122,0.0,0.0,0.0,0.9982791945707533,0.0,0.0,0.0,500m_25111_7926,0
5374.712580667416,1773.0711822649305,0.32982998172956574,2,9,34,15,52.78340418914243,42.42573345465843,0.20327938512670485,0.0,0.0,0.21645678005579821,0.20393087533230128,0.17358430290502008,0.08298957603735395,500m_25111_7927,0
3399.229724945359,1166.682481608665,0.3431187231408058,0,1,24,6,383.2564100698736,223.18539814063175,0.0,0.0,0.06475500941116692,0.38168697941003765,0.241486031968416,0.15158414284443866,0.16019373858993977,500m_25111_7928,0
4242.713148816156,1485.3702058549868,0.3500166372624295,0,0,33,6,402.85771764904644,722.3159327237373,0.0,0.0,0.08477291447512642,0.3049485345618055,0.037373116981940374,0.45048438857822504,0.0,500m_25111_7929,0
7117.917742784788,243.91276632569677,0.03426261900173082,2,0,95,9,55.68126206930821,667.7665493463535,0.1407879988576034,0.0,0.0,0.31900817980336993,0.22772446684283917,0.27566624001377804,0.03667264369230754,500m_25111_7930,1
8446.78245605895,658.3619403790044,0.07793310774791691,2,3,121,16,144.63784992857487,216.26160162581485,0.05742814996767702,0.0,0.0,0.2565083859622673,0.24182058398465092,0.38860452187089495,0.055519983954139825,500m_25111_7931,8
7168.965029034466,563.2464664465791,0.07855637568185293,3,0,92,4,51.70918985059492,377.2970085397902,0.0,0.04279135248592029,0.09807656764004778,0.01612844569446267,0.07537620331933723,0.6889482383958232,0.07853972177020689,500m_25111_7932,7
7152.22719700205,0.0,0.0,3,0,81,0,139.58738073199902,734.0294374479962,0.0,0.11321495450365446,0.04063206872834228,0.32296540552030856,0.14539060840077495,0.30352621928974716,0.07413094651557774,500m_25111_7933,2
5272.419607075389,1145.3324885275345,0.2171897125331792,4,0,44,12,61.77302864883318,975.1560793586941,0.0,0.2652386982967589,0.04681588285870265,0.27305242999268,0.08433047455933446,0.2419289778749723,0.0884439061445012,500m_25111_7934,1
8054.728968092113,5011.342292108583,0.622084272194109,4,29,121,59,26.740975464560748,20.13054843694975,0.05612012238694797,0.0,0.15535363288530676,0.5231913941126796,0.26521071535630003,0.0,0.0,500m_25111_7945,3
9285.169242285137,6153.521110772287,0.6626544218849527,4,52,206,134,161.0761343169351,107.10546225795183,0.09089149570980926,0.0624723634592091,0.0008380559809218937,0.31888350914204183,0.519816826193185,0.006990062483301426,0.0,500m_25111_7946,2
9457.1913627804,4715.332279046609,0.4985448166762884,2,32,207,118,324.0648177647862,109.58141438720048,0.0,0.05635982159569469,0.010766424464182286,0.31178688104605623,0.6093205974003866,0.011660547034437566,0.0,500m_25111_7947,3
7181.588421939658,5583.694059330707,0.7773930136766533,1,24,141,111,219.74228265672136,95.4041718091316,0.0,0.007008969354220389,0.06626912430163245,0.2526944411716492,0.6541974797232804,0.019690759874640182,0.0,500m_25111_7948,0
1007.2539519056007,4032.136951301186,3.9991283383322664,0,0,3,29,554.8688943857501,510.5593204137917,0.0,0.0,0.0,0.0,0.8572246591616349,0.14178352722026794,0.0,500m_25111_7949,0
0.0,2222.0454847554397,2222.0454847554397,0,0,0,0,1034.0357570030426,432.39790361681685,0.0,0.0,0.0,0.0,0.0,0.0,0.0,500m_25111_7950,0
1207.2604914760202,2513.154192102723,2.079977132276033,2,6,4,9,139.9136317754531,127.52943384947415,0.0,0.0,0.7267965439770427,0.0814761961595643,0.19089962376417857,0.0,0.0,500m_25112_7907,0
485.4862276225256,1188.5742401777404,2.4431816826271575,0,0,3,4,472.9771785982227,338.34258953214555,0.0,0.0,0.0,0.0,0.0,0.9979444433506637,0.0,500m_25112_7908,0
2726.8196185220995,1515.508403410923,0.555575006910467,0,4,21,14,856.9993202838984,214.9925922690322,0.0,0.0,0.409760094529203,0.32208428098718533,0.16001486529211648,0.10777416603657758,0.0,500m_25112_7909,0
2453.1676308005767,1485.700834917852,0.6053787101874536,0,0,24,14,422.71776100395164,260.6658071556662,0.0,0.0,0.13297726855643746,0.4301144830928169,0.18304122380015875,0.2534595544220389,0.0,500m_25112_7910,0
4955.414764427754,1221.063767314306,0.24636028769785265,11,15,53,15,115.52606429410314,109.94685909646898,0.0,0.10599964683001406,0.40493157866265717,0.14262645594755868,0.3377000804662967,0.008540479353026898,0.0,500m_25112_7911,9
5631.737760295521,1082.1039127207541,0.19210976238737265,1,10,53,19,307.1011005011658,210.89774896581562,0.0,0.0,0.05598283882066587,0.3618612752035102,0.28521517052152484,0.2967631818920147,0.0,500m_25112_7912,1
4653.698098652044,3064.096745081807,0.6582804470109759,6,27,41,33,166.5897302753729,107.5422182570743,0.0,0.0198018997547308,0.12771209097610922,0.3011977541454992,0.14110079827705968,0.33773689425566783,0.07223572588642345,500m_25112_7913,21
4883.695730110115,2584.91539569782,0.5291865734366936,1,5,40,24,257.2399343744725,221.8641899037927,0.0,0.0,0.05293423346477319,0.19909822456442378,0.20857588842468677,0.48678669023473975,0.05240024226931923,500m_25112_7914,1
4900.784264309494,20.176067184184664,0.004116065925440485,5,5,44,2,47.56720657733987,175.60542367105862,0.0,0.0,0.5105431668977525,0.194476340138805,0.026469253482885643,0.26830723213423596,0.0,500m_25112_7915,9
6016.668853624421,1061.0350634257763,0.17631994867692305,1,1,65,22,227.13170992616045,195.367414189177,0.0,0.0,0.037344967908534296,0.7468815154356306,0.13702053139917975,0.07858680795040515,0.0,500m_25112_7916,1
7148.877899165887,1145.3439211031343,0.16019069657633614,3,8,69,23,163.68364505820068,156.36662643636586,0.0,0.0,0.05336488727279145,0.3637410127099347,0.2360032126934064,0.20031458855940878,0.0,500m_25112_7917,3
5802.851366509953,3463.850790331568,0.5968193483243001,2,13,69,35,211.2243489573481,179.39947865166977,0.03885855544500465,0.0,0.05072160415685886,0.33965039122210305,0.16502017394943516,0.4055769758452315,0.0,500m_25112_7918,2
5857.31968271883,1013.1111892928832,0.17293545660907003,6,10,58,17,48.04056736414273,31.660442042448175,0.09737052409943388,0.1022657539824553,0.018265859776514997,0.24110060365437533,0.2128362365957668,0.32799032448090626,0.0,500m_25112_7919,15
6026.074083631212,338.9832942817382,0.05624342584445327,1,0,63,9,244.80041999225998,429.733519662886,0.05627352037514727,0.0,0.04279790694266795,0.1265825185159774,0.432961446085169,0.34121869009394856,0.0,500m_25112_7920,5
2895.5940555217226,3276.1710438995233,1.1310425213551136,2,1,28,18,132.26250658623272,223.56927400328945,0.0,0.0,0.1546218304512806,0.47525096360613756,0.2634527343402021,0.10632923855251743,0.0,500m_25112_7921,1
6818.062930426355,235.77383594715096,0.034575694395653486,1,0,73,2,98.1211345980275,309.30740596196847,0.07812467872265205,0.0,0.0,0.6861557113381153,0.16680946941087949,0.06876349281294061,0.0,500m_25112_7922,5
4877.868611880385,933.3470517397577,0.1913039940175869,0,0,56,6,540.3797957009876,535.9105375854838,0.0,0.0,0.0,0.6803773166172612,0.1425721873422324,0.17684553048813148,0.0,500m_25112_7923,0
1458.6222476462303,0.0,0.0,0,0,2,0,994.8406881520165,990.1953214697668,0.0,0.0,0.0,0.06937257518013985,0.41403339415671525,0.5159089218950288,0.0,500m_25112_7924,0
3192.420857158211,17.80557870809605,0.0055757069000736195,1,0,13,0,175.44561683080988,645.4962470898627,0.1492335506515705,0.0,0.05340246950374204,0.22570051850773623,0.5713503175188547,0.0,0.0,500m_25112_7925,0
3134.012929911547,1062.785077899138,0.3390050062502052,2,11,25,16,208.51775748719749,199.06540956216483,0.2563392878135746,0.10039168209109793,0.0,0.41987298335226725,0.11624708810940017,0.033310028538102804,0.0,500m_25112_7926,1
3759.3410164985403,3437.2240481777894,0.9140724293613076,2,5,33,30,206.73930327803853,107.07100807703617,0.14832240723807744,0.12500333679551248,0.0,0.10300650246304299,0.2262221336033555,0.15377567254495275,0.1370778477319016,500m_25112_7927,1
4332.812293306529,826.4204297867233,0.19069132990902957,1,0,34,2,332.04960349919656,319.6846806182061,0.0,0.010630791461293726,0.00659974656540782,0.2190987864986301,0.07698873527388618,0.6864511964739384,0.0,500m_25112_7928,1
2757.8373620465036,2049.3846197834723,0.7428435789572025,1,0,18,9,245.69555901661394,815.8159956651285,0.0,0.11351893960462703,0.007601376443856697,0.09469810834606385,0.03316914679892037,0.7506499572764025,0.0,500m_25112_7929,0
7046.603743757996,91.87929225064964,0.013036954912799456,4,0,75,3,4.312382636129795,924.4143987000524,0.08607802549738772,0.05636574567125243,0.04004017441362749,0.3942964671569816,0.11141052677774907,0.31007235379075265,0.0,500m_25112_7930,4
6951.9381600436955,222.40949619278456,0.031987843279104734,2,0,80,2,202.38515588492118,670.3855899839454,0.07149009315189284,0.05300013589892998,0.06592551284829791,0.10564092734817823,0.1440658600578183,0.4862727391704183,0.0,500m_25112_7931,2
2271.2164859583695,1101.0038953844837,0.4845506148680658,0,0,14,4,410.1930310190733,738.0314433926115,0.0,0.0,0.13906616468970812,0.23470924063693993,0.08908981207613681,0.5366946836866668,0.0,500m_25112_7932,1
5493.847188087928,1121.8740031814054,0.2041683717089483,2,0,55,9,21.680205405070247,1068.513743334533,0.0,0.16103119961906354,0.0731458343169102,0.30180550636598735,0.10804601847075776,0.3557894525448357,0.0,500m_25112_7933,3
4918.59488202236,847.3939263059342,0.17224872100801625,4,0,49,5,438.89773561749547,1174.8554514382658,0.0,0.22395831585035453,0.01941658175889543,0.16913403473680363,0.24096610244808164,0.3463216964359802,0.0,500m_25112_7934,0
921.2233485147382,0.0,0.0,0,0,2,0,474.42008747600914,1421.1420915377576,0.0,0.0,0.3279093660598289,0.22962797800585114,0.023709945225724578,0.41766837468347684,0.0,500m_25112_7935,0
6858.432983054176,3124.851942628224,0.4555554300695096,4,29,97,59,92.78948743004314,48.120647782840216,0.06609783375885481,0.03398494327783879,0.10842800678714552,0.48444327578199065,0.2222792532762158,0.08462090247329462,0.0,500m_25112_7944,2
6742.967180391068,6159.3666179293705,0.9133150344857108,5,28,78,57,75.83445674063044,67.74782883065494,0.0,0.07479143872670639,0.14158115969409063,0.5483044239707876,0.2351746969342584,0.0,0.0,500m_25112_7945,3
7246.173517304236,6759.546033568829,0.9327148049413903,7,57,121,96,73.97238647682543,66.95399957567565,0.11468323191868215,0.004956916651212431,0.08265899863038342,0.4290742547837734,0.36848861318674403,0.0,0.0,500m_25112_7946,5
7576.28705010964,6651.860842930293,0.8778683978765254,2,20,153,69,184.53788492095282,110.11819213026064,0.058079935357722774,0.0,0.0291130010907489,0.2285287544660622,0.6265236542303418,0.05762268149930535,0.0,500m_25112_7947,3
6392.500553270778,5098.964400948066,0.7975231031050033,0,27,101,71,280.7887532780037,29.33197993164698,0.0,0.0,0.05338682369015872,0.3754479485468572,0.5113531724478763,0.059655646475901394,0.0,500m_25112_7948,1
3627.1893009294204,5263.660155838329,1.4507677850463745,0,16,54,63,581.750298898431,142.0006085824809,0.0,0.0,0.09501868582895244,0.31240801982039074,0.5922976747737662,0.0,0.0,500m_25112_7949,0
1985.230256954083,1563.6013393642133,0.7872205822511343,0,2,17,15,1048.704979523706,140.6158696454525,0.04942217041169902,0.0,0.0,0.0,0.950074363287504,0.0,0.0,500m_25112_7950,0
990.0368341484993,1706.4635792920653,1.7218972297414776,0,0,4,6,1537.16898726055,623.8865387899667,0.7098019983936105,0.0,0.0,0.25023177325770435,0.03895718411789287,0.0,0.0,500m_25112_7951,0
2272.817798558695,2127.442246719514,0.9356256460249525,0,0,14,7,797.6332673646929,285.45204819303495,0.0,0.0,0.0598902723324348,0.4368628972498933,0.5028070414422163,0.0,0.0,500m_25113_7906,0
2932.1421825471953,2535.480919793554,0.8644248256631376,2,13,18,21,1276.5059276004683,785.5599883302714,0.0,0.0,0.40809809371556327,0.08357783220368159,0.3816848110227885,0.12629833175025548,0.0,500m_25113_7907,1
4688.131573525114,2452.444670240854,0.5230061540792292,2,19,42,26,317.7322981727797,137.23884731448658,0.0,0.0,0.4203031692102241,0.3925640233371617,0.11349856941426748,0.07342097893390048,0.0,500m_25113_7908,0
7208.847577787161,2189.2296024299853,0.30364436679282775,1,12,61,31,88.56106093349585,19.221561829117935,0.0,0.0,0.21857169628467005,0.6599995364549262,0.012301845705249363,0.10898822236779913,0.0,500m_25113_7909,0
4798.309535704933,1413.4158927691344,0.29450400776484376,1,6,60,13,297.2637293722995,185.64428227094385,0.0,0.02918264776062121,0.18795521857704556,0.4613988491910203,0.06677896809663239,0.2544759530689671,0.0,500m_25113_7910,1
5960.248101003034,178.37392163545846,0.029922244236982087,5,9,51,2,60.87425947237625,8.58168083904528,0.0,0.060948596784931794,0.3812368496663279,0.3475332429514463,0.11232945175468734,0.09778410873674737,0.0,500m_25113_7911,5
7301.4896745451515,63.412865512542126,0.008683732307569735,1,0,81,2,23.401302753746368,433.6176260240825,0.0,0.0,0.18544116788234988,0.6336746284112729,0.07152218303571399,0.10550315619895292,0.0,500m_25113_7912,1
5987.931476973448,898.701459854209,0.15006040114327282,3,9,53,17,215.7256795106289,171.14238398951846,0.0,0.0,0.12201498790712623,0.4493884705192583,0.13820662028613678,0.2902229465936051,0.0,500m_25113_7913,2
6720.148968122368,3564.173020813414,0.5302922220170798,6,29,68,45,125.7829114870829,71.8551591160794,0.0,0.0,0.0997876103674746,0.1385442195381139,0.2265083632780347,0.45180166054751997,0.08320936218376383,500m_25113_7914,7
4618.017515999136,2138.9080764303603,0.46306559111796197,4,7,52,11,299.9072352940075,264.3163266201871,0.0,0.0,0.2706057391696317,0.025394721913173178,0.30819076698364634,0.37776224556837434,0.017830030108873584,500m_25113_7915,11
6993.60035761803,2235.7052287048778,0.31963301895724516,3,6,91,31,160.10112516367997,139.85718136811815,0.0,0.0,0.1978948032271384,0.3920292676089638,0.31091500873089917,0.0990179530082894,0.0,500m_25113_7916,5
6982.086229238949,545.3104835889139,0.07809018329254463,0,0,75,8,315.2980084295536,502.2317096694982,0.0,0.016943059006212617,0.03264572251936618,0.4029480103445087,0.27597847261952285,0.2537457408666205,0.0,500m_25113_7917,3
7234.923387433304,821.9820689669684,0.11359739800375891,5,1,80,11,17.774146368069264,11.605128006944982,0.0,0.08830258894649391,0.0,0.3123196743965457,0.15526415633182414,0.301375715026704,0.0,500m_25113_7918,4
6677.612553749654,422.1637377488955,0.06321129341630621,2,4,88,13,215.567038935549,123.61125252139858,0.0,0.00668996314718494,0.0,0.24341341144486295,0.18114163748317352,0.5686052562264732,0.0,500m_25113_7919,5
4838.183781623308,1532.5590604694817,0.31669784195618694,2,5,52,11,326.75648501585533,432.85474727226995,0.05800805437724976,0.0,0.04848541519797737,0.4170629546830986,0.2176941903660926,0.25854273895644875,0.0,500m_25113_7920,3
3496.526187834964,2222.1520076146785,0.6353496409387097,3,3,25,9,97.70808621942287,130.799213452288,0.24959221008334875,0.0,0.03909955198902256,0.44925522098302473,0.014133568371021641,0.24763353220118245,0.0,500m_25113_7921,6
4537.621288652813,1204.026175186442,0.2652845652041239,2,3,41,17,222.16385112433,216.74439789283346,0.06591346071878271,0.0,0.0,0.691946342570714,0.13266725901926188,0.10925260646367226,0.0,500m_25113_7922,2
3829.958268805563,808.5577159281845,0.21105886809366917,0,0,37,5,399.93430529470083,425.8845755920044,0.0,0.0,0.0,0.5905288556599094,0.0833339139446132,0.3258761990999553,0.0,500m_25113_7923,0
1540.5909263365745,0.0,0.0,0,0,8,0,547.468687410397,753.9701438045216,0.4255848757363496,0.0,0.0,0.031227040402935165,0.1348587024819412,0.40768070086118946,0.0,500m_25113_7924,1
790.1991517553771,0.0,0.0,0,0,0,0,499.58421875444805,504.76836300061143,0.18289956046932274,0.0,0.0,0.10411296646752463,0.7117235687758674,0.0,0.0,500m_25113_7925,0
3949.8365889963966,1967.7982515278838,0.4980712836892477,3,6,29,14,26.51575021573831,25.935018157628527,0.0,0.2773107018089093,0.0,0.13248169940268353,0.02523143187595707,0.27858424654201736,0.10070980189254816,500m_25113_7926,0
2207.940980872582,499.7848209340414,0.22625539806709324,0,0,13,1,457.1010735849528,486.79835394866774,0.0,0.0,0.0,0.07216815250733642,0.8597546385365905,0.011279853870580498,0.05634464946381321,500m_25113_7927,0
2003.7951060035366,1179.68165918768,0.5884300373913617,0,0,13,6,918.6627703093892,987.432566578294,0.0,0.3647130278919122,0.0,0.40611812767337596,0.0,0.22867004034395694,0.0,500m_25113_7928,0
2049.7495930592827,3431.9706115777726,1.6735200744124015,0,0,14,15,1407.37301992414,1488.2308784266984,0.0,0.14453153254234352,0.030708557269581167,0.08445460415932782,0.08169588232406284,0.646304118349411,0.0,500m_25113_7929,0
6341.112068769191,161.46275410836378,0.025458830174803066,2,0,66,2,56.28965584573616,251.119245491281,0.07947671511686412,0.003566192738934367,0.07931015134551231,0.19378166217516765,0.20823543497404284,0.43547216747013096,0.0,500m_25113_7930,0
4688.229459948447,1200.149527191442,0.25593747063182454,0,0,48,5,299.30781102363005,550.5000479047859,0.11225654925179655,0.0,0.0,0.07036000465700058,0.14859765913087825,0.6418583557314358,0.0,500m_25113_7931,2
2266.8535020844056,3549.536961385554,1.5651526688664594,0,0,20,2,353.47747412173146,723.493132599679,0.0,0.0,0.37348862098820684,0.0,0.11441907488595983,0.5116513585360585,0.0,500m_25113_7932,0
5035.717855398772,2536.930055910464,0.5036871488028999,5,0,45,5,149.82940729446,618.7757215556102,0.0,0.1654404605555982,0.2010991188374104,0.13052686593375362,0.15743039174815573,0.3453046209323177,0.0,500m_25113_7933,2
5778.188708792574,0.0,0.0,3,0,71,0,462.40058632441304,1677.5323130062563,0.0,0.0251482462718818,0.03703978163999344,0.45659689958331856,0.1653087915302159,0.31573324630651034,0.0,500m_25113_7934,2
1425.094107315973,0.0,0.0,0,0,5,0,582.8365156262089,1392.277996869663,0.0,0.0,0.0,0.0,0.9992987840038957,0.0,0.0,500m_25113_7935,0
2020.0088862599816,0.0,0.0,0,0,8,0,772.6559873475164,1250.8073438396093,0.0,0.0,0.0,0.0,0.9995051976234253,0.0,0.0,500m_25113_7936,0
580.1408081122773,1306.1929969713678,2.2476359924099656,0,0,3,1,697.8107861817695,1069.5592241098996,0.0,0.0,0.0,0.0,0.9982792466368894,0.0,0.0,500m_25113_7937,0
2161.432827361626,1358.2804331410161,0.6281260698387786,0,0,17,9,728.0309682927003,978.6613266788855,0.0,0.0,0.0,0.34996024689887156,0.044565711520068246,0.6050115994707912,0.0,500m_25113_7938,0
5207.155361051427,498.00728652051566,0.09562066643495395,2,0,59,9,79.3010174053224,918.4132763358637,0.11131915395818645,0.0,0.0,0.3782690927455134,0.2691715041685986,0.2410482425667066,0.0,500m_25113_7939,0
5965.557304419963,326.6200158424549,0.054741788133082746,1,0,65,6,421.58821969417664,499.70030847639504,0.0922901172779873,0.0,0.0,0.43264145959291833,0.26621030282597047,0.20869051946582695,0.0,500m_25113_7940,2
7615.699026963232,1869.1430787541972,0.24540067450970582,3,12,85,15,91.12919883392158,56.547206382871494,0.07678011691055193,0.07813001025012094,0.07241434333821355,0.4611701697923054,0.15210199764357538,0.15927207159458862,0.0,500m_25113_7941,8
9565.901706570065,9604.601364451206,1.0039406339729875,3,69,172,137,210.93339963847515,57.76655740627248,0.025419264564857297,0.01361827860650925,0.05011698523323686,0.4526392733499899,0.24597789270995157,0.21212377848681624,0.0,500m_25113_7942,8
9030.167072283359,8454.414233740385,0.9361375075971047,4,45,124,96,108.85173762107448,79.26896890028065,0.0,0.054210708615166976,0.18756445376832087,0.3893957755109253,0.2592834249074587,0.06585654268229055,0.0,500m_25113_7943,7
7951.571517582227,5956.815487984309,0.7490426806995033,5,35,88,54,158.87176622234574,156.22944932108507,0.06740311651331632,0.048393474449619105,0.1533448994368071,0.3569299091825454,0.20886638606328725,0.03792701077474268,0.0,500m_25113_7944,7
7948.090279809047,3679.357276221298,0.4628652017661678,7,20,82,28,91.68459581200761,134.10829854837817,0.0,0.0,0.30250277721554264,0.42170880277489053,0.11354369373613585,0.006291558117906269,0.0,500m_25113_7945,8
7557.147385996561,4125.78616776218,0.5458726797794755,2,28,99,57,157.83381254160977,37.237751891133,0.014244807867048489,0.0,0.160769582444321,0.4465209837952365,0.3070091346856718,0.07132318365284991,0.0,500m_25113_7946,2
8319.754634737394,3456.207430550061,0.41537187217624766,3,23,168,95,176.68960624422473,165.5773497094948,0.1019906451195116,0.0,0.0,0.2584448651227303,0.61389233197127,0.025551976379404463,0.0,500m_25113_7947,0
6174.557360946571,1477.1239632714746,0.23918876903526412,1,7,77,29,102.7386018782517,97.38461735348739,0.030579495590004658,0.0,0.0,0.25884694881737674,0.6185313531830402,0.09188027370556875,0.0,500m_25113_7948,1
5996.309589445694,5012.34663991811,0.83576586553728,3,33,84,66,61.73118504901431,11.282454723922699,0.07712522488979268,0.0,0.058228106039860214,0.4160134452966035,0.36291946609412556,0.0855470162457991,0.0,500m_25113_7949,3
821.3892165745842,3223.795136842346,3.9200357590656383,1,1,10,6,251.48455987570864,253.60221845772523,0.5449349648755941,0.0,0.0,0.0,0.4243090295819504,0.029540036291101253,0.0,500m_25113_7950,0
0.0,2414.0131046306756,2414.0131046306756,0,0,0,0,746.9470000909319,747.7966765763869,0.0,0.0,0.0,0.0,0.0,0.0,0.0,500m_25113_7951,0
517.7795628766233,411.9525662511028,0.7940801753385064,0,0,3,0,452.76720583257094,411.39727113877245,0.0,0.0,0.4441087195337689,0.012549668384175133,0.5414140110901144,0.0,0.0,500m_25114_7905,0
824.6706001486529,378.654737400435,0.45860266470946454,0,0,2,1,568.7875651452933,508.42700441520503,0.0,0.0,0.0,0.0,0.998788863258762,0.0,0.0,500m_25114_7906,0
1349.6682394879588,1852.3750907036024,1.3714508393310867,0,2,13,4,863.3183191658079,734.5400873889351,0.0,0.0,0.0,0.2929497870546497,0.7063098386841037,0.0,0.0,500m_25114_7907,1
4852.481125688321,3715.7364607595678,0.7655817267101459,2,11,37,24,83.1988888300539,43.39294108374339,0.0,0.0,0.3468720117488515,0.0526023018944837,0.40625232856947874,0.1940673201053432,0.0,500m_25114_7908,1
2908.376563932927,934.6716336491837,0.3212618281305203,0,0,29,6,364.44480048991085,309.18639942488136,0.0,0.0,0.18889911787928718,0.27812907653779023,0.2207661184859034,0.31186197084784106,0.0,500m_25114_7909,0
3950.0911065160053,1199.7828122755395,0.30365860465654626,3,5,36,7,163.13364754119232,160.52673436758263,0.0,0.13456441009282627,0.0,0.3281256791007927,0.3121233827891805,0.2249334333724451,0.0,500m_25114_7910,1
6854.281435272616,581.4990379812486,0.08482496940085495,5,11,67,8,89.41663968606264,128.6437221353706,0.0,0.0,0.2710756772329273,0.6804418808429408,0.03137870133761686,0.016957867654901777,0.0,500m_25114_7911,6
8887.984924297583,2209.6441995386776,0.24858228676918204,10,26,85,36,119.41600617832187,115.05743285413055,0.0,0.0,0.21335837956980624,0.7416030721652057,0.005039983958732362,0.03713725961956266,0.0,500m_25114_7912,9
7624.045014033791,598.4124176441294,0.07847985376384789,1,4,55,10,299.4306116445052,294.6953343815629,0.0,0.0,0.16055318602848465,0.7623855792790408,0.06117304699272256,0.014776013578157646,0.0,500m_25114_7913,4
7997.709350087614,2489.7989279462413,0.31127508438832935,6,9,94,39,53.3303755505551,57.12409481838371,0.0,0.0,0.22509107352535923,0.242060609877587,0.23839294438512504,0.29352863238468746,0.0,500m_25114_7914,10
5645.410803322987,1817.011825873619,0.32179943846882053,12,21,41,25,20.255040937796412,22.14263716563115,0.0,0.0,0.06481095512827986,0.20454233560187993,0.012671405155645243,0.617296383330584,0.10050181712699924,500m_25114_7915,25
5905.639510686267,2683.9548229900743,0.4543962464840244,1,2,67,21,260.02293048873616,88.90125187830843,0.0,0.0,0.10935015025712355,0.13702756894414098,0.3042306414580766,0.44922233833656133,0.0,500m_25114_7916,5
6764.143735895154,167.26910942747185,0.024725137551765416,7,0,80,3,83.64645615950306,264.84670857842667,0.0,0.09236569960548087,0.0511114319282444,0.31516053616347284,0.2462341168159387,0.29498039896750455,0.0,500m_25114_7917,10
4813.894772854585,1453.1277638993377,0.30179844678886475,1,0,37,7,10.540267494905839,480.64843652165524,0.0,0.0,0.13847606502400003,0.2151466639783687,0.11483717072905655,0.3737715978310618,0.0,500m_25114_7918,1
5810.499892618398,1723.6178653344084,0.29658743821430655,0,3,64,7,419.46575900474005,192.57337974870708,0.0,0.0,0.000609397386232785,0.5442074703969288,0.011073123137310029,0.33199530409350214,0.0,500m_25114_7919,1
4621.447468957341,1534.8826199663617,0.33204977022974724,2,7,38,15,81.66474935944346,72.61586898710358,0.03551084789008594,0.01964077282525443,0.2629792826709719,0.4783030158490873,0.022139049666945656,0.18121069548611593,0.0,500m_25114_7920,4
5254.948506297344,280.62865219408064,0.053392580208472214,2,1,58,6,105.93483586033238,101.0183383342637,0.10401132697682791,0.09946414554634507,0.0,0.45975456439871587,0.24185310974482052,0.09472659271738056,0.0,500m_25114_7921,5
6680.970056448992,2055.7760521516934,0.30766017129448153,6,16,92,28,126.78026216148503,24.768193738141996,0.0797432347958277,0.04001428072224407,0.06640172742933743,0.494410879363895,0.28163842745662715,0.03764179376974522,0.0,500m_25114_7922,8
4124.547065538418,258.0937109082178,0.06255987552878262,3,1,46,3,160.97483717714428,167.235903505083,0.13072966010271267,0.31636425754014585,0.0,0.23791297224075894,0.2661813231833601,0.048569394837111035,0.0,500m_25114_7923,4
1889.1772549969855,13.027488164639783,0.006892204490451643,0,0,9,2,407.056486648152,644.2591229732253,0.011825250190471669,0.3992966561241847,0.0,0.0,0.49095168320534793,0.09739735956831287,0.0,500m_25114_7924,0
1722.194071548992,588.5098567154845,0.3415226795589359,0,3,10,4,494.7395513419971,227.0830380987935,0.0,0.2972796090638066,0.0,0.017455934832386617,0.02616160262935342,0.34456082166488217,0.0,500m_25114_7925,0
3506.8456222961295,929.9460377526601,0.2651046077517931,2,0,22,6,126.09366885148376,260.9644892308913,0.0,0.17502339713111806,0.0,0.4636146497649007,0.006198475596321076,0.12021097611891889,0.14764464745491923,500m_25114_7926,1
1226.8016756696359,682.7164491005044,0.5560478232188067,0,0,7,1,441.8826752337677,713.7720463667001,0.0,0.0,0.0,0.03639260708638046,0.9627929291286157,0.0,0.0,500m_25114_7927,0
0.0,1587.923231406986,1587.923231406986,0,0,0,1,919.5369871256361,1116.9178889614147,0.0,0.0,0.0,0.0,0.0,0.0,0.0,500m_25114_7928,0
2976.9067975692155,1044.5796820638568,0.3507764859922812,0,0,29,7,1089.980274681076,1577.117067277402,0.0,0.0,0.0,0.4409783740678121,0.3291833949385492,0.22950242464777987,0.0,500m_25114_7929,0
7256.7930505965205,54.1135661640074,0.007455925759630166,3,6,91,1,125.7935162017335,153.33038097278254,0.06673364458968349,0.070446525565057,0.0,0.41937066378842164,0.23158245514994594,0.21172892797576895,0.0,500m_25114_7930,2
3000.0126806401795,1165.8108787783522,0.38847249340168066,1,0,20,13,285.1197079402813,338.5112155714433,0.15478924315933054,0.0,0.033374330349564885,0.07038962698969788,0.21575345226327136,0.5253601263869037,0.0,500m_25114_7931,2
2875.547459676254,3759.5382611392206,1.306962013956253,2,3,17,14,235.3382024271066,236.0815664181284,0.0,0.22287949596724604,0.21256269110089884,0.14566154406432047,0.0089310808626663,0.4096175490334905,0.0,500m_25114_7932,1
5211.760254072335,2944.2578378718454,0.564817427690391,5,5,70,30,145.1770456530032,156.125823375951,0.0,0.2582388969034504,0.04073942190100733,0.23829087186758757,0.28840679838937405,0.17413217399399417,0.0,500m_25114_7933,8
5019.491001981462,471.72736496295954,0.09396040442593773,3,0,68,6,38.24299132205237,1348.4794307615696,0.0,0.09891564129181059,0.0,0.41683716247354413,0.2686573814705436,0.21539063105884165,0.0,500m_25114_7934,6
3202.2668993833167,76.38304656025286,0.023845358179475428,0,0,35,0,293.03808869639823,970.9667745935351,0.0,0.14908003980144963,0.0,0.4617204100016411,0.08983903899145372,0.29904832991322744,0.0,500m_25114_7935,0
4361.470767114543,1206.349314230034,0.27652891643969596,0,0,36,10,293.76067366475655,754.2637569795614,0.0,0.0,0.0,0.378329903067885,0.4503444767935388,0.17109639224150047,0.0,500m_25114_7936,0
2340.59884760163,1715.9665143170914,0.7328183117593609,1,0,27,5,265.4940284152052,587.29891703063,0.06250777720538798,0.0,0.0,0.5646992371712071,0.14642758948728204,0.22593833750435757,0.0,500m_25114_7937,0
5204.390623623151,503.8437341782107,0.09679268485474701,1,0,55,2,337.04577104577794,479.24472503049867,0.1189830829154984,0.0,0.049725207400791165,0.3505297208783617,0.2799264363739492,0.20064344389002342,0.0,500m_25114_7938,0
6566.877257534558,191.10957842175338,0.029097617225187285,3,0,61,3,119.35964752724406,479.8003753921969,0.03953977531999298,0.0,0.032164010896389914,0.30125411685478864,0.3664789569211141,0.2604108838127835,0.0,500m_25114_7939,1
7850.0026910807865,811.024026841919,0.10330196775544241,4,0,117,14,128.85279219779943,332.8636607449089,0.07756606116100546,0.0,0.05677244753258208,0.3445501874531476,0.13836269758621073,0.3472490129244298,0.0,500m_25114_7940,1
7405.301453316979,558.4144395768532,0.0753972064324714,4,2,83,6,111.75262587588749,285.5745665079033,0.020383257098584545,0.014207157576616348,0.09931194419670941,0.04010032390681364,0.1649021414532045,0.6609601556090491,0.0,500m_25114_7941,6
9806.912691192443,6120.917123930736,0.6240794873130704,4,40,166,80,145.73237409345268,76.28623982996358,0.0,0.06864266988245439,0.061255317967955004,0.2107919441784826,0.345684572237438,0.3135235372404115,0.0,500m_25114_7942,10
7238.216040365306,15233.016350973518,2.1042356335320567,3,56,101,122,184.96061747938123,111.04750974762736,0.0,0.05174378246697072,0.1838393908949324,0.16043629361682776,0.5350772668373558,0.06635535206436365,0.0,500m_25114_7943,2
9540.399991046714,8367.898928039762,0.8770095516267926,4,69,170,147,60.01279228040452,20.195331452434914,0.05501787536516806,0.0,0.027361404656175713,0.5613109293532942,0.3080819868688995,0.04812299733382701,0.0,500m_25114_7944,1
6917.213032514585,1138.2333740590946,0.16452707783203044,1,6,68,12,74.50128002527302,256.5953305584775,0.0,0.0,0.17747886605763652,0.5483298224465811,0.12291789698692142,0.07905558086580394,0.0,500m_25114_7945,0
9514.023878844886,6968.77849520588,0.7323973732425233,10,78,171,143,199.14142256805874,17.61558677201083,0.0,0.10208571538851768,0.23065982893026574,0.12653052557691738,0.3392614090411467,0.1353716362449321,0.0,500m_25114_7946,5
7968.064951794815,5204.787111629764,0.6531239415306217,6,35,133,69,146.08438044996942,50.31890080949695,0.07263292458968355,0.12781153014826335,0.09580793160007978,0.41982130951087293,0.2711005106786388,0.012700308235981662,0.0,500m_25114_7947,5
7887.451697149677,4357.022498282705,0.5523292358951785,2,33,147,76,57.12767399260792,48.76903922645444,0.144894142584268,0.0262763598949853,0.0,0.24449793910675266,0.5485279419426721,0.035676848882649596,0.0,500m_25114_7948,2
5298.333705287539,3112.068916863725,0.5872566420489019,1,13,84,35,258.86068226617107,90.04756298148872,0.04692402351143242,0.0,0.09833437285591488,0.545709432885885,0.30884346777850463,0.0,0.0,500m_25114_7949,1
390.1659898607997,2789.2678484245803,7.130650211735353,0,0,0,5,590.9899047729792,509.7989932150407,0.0,0.0,0.0,0.9974435405277543,0.0,0.0,0.0,500m_25114_7950,0
0.0,1627.762373063982,1627.762373063982,0,0,0,0,933.5095479512609,938.0677672341458,0.0,0.0,0.0,0.0,0.0,0.0,0.0,500m_25114_7951,0
2754.188914831201,2263.385732443245,0.8214992882191939,2,14,22,19,148.75936334506952,19.743772577817673,0.0,0.22230677056011997,0.12772905243120344,0.14498995867838177,0.30310635876397296,0.20150490804796478,0.0,500m_25115_7905,0
1116.5436142807575,981.5985517985554,0.8783536850419075,0,2,5,3,375.0477262932733,212.3859169756312,0.0,0.2799471289422091,0.0,0.0,0.7191580513950757,0.0,0.0,500m_25115_7906,0
819.4107428405694,567.4371069141769,0.6916500202685023,0,4,6,4,411.6458814936316,237.24044962734067,0.0,0.3003023091915567,0.0,0.08562098716125835,0.61285780200709,0.0,0.0,500m_25115_7907,1
4783.767658233169,1738.2738798483354,0.3632932681396307,3,14,45,17,266.8945483985798,125.93712220394782,0.0,0.0402424899415419,0.17134924559135423,0.38194455012211137,0.4000390100087477,0.0062157077722670845,0.0,500m_25115_7908,0
5188.7802998723755,2949.863228559222,0.5683984789552197,5,25,51,29,133.67741366571806,140.52830678803912,0.0,0.07778151975985267,0.31402680341048833,0.2784430655786634,0.2414387202967964,0.032216882395218915,0.055900322174929615,500m_25115_7909,4
5063.24687171953,3135.536831102684,0.6191516548319522,9,29,55,38,42.82756640606707,31.386591030431685,0.0,0.1870078138072565,0.14945800880116117,0.3799941397977416,0.25220542632368087,0.03113714854266488,0.0,500m_25115_7910,10
7760.121850096031,1535.9038759963055,0.19789714755957621,12,26,75,25,160.13078994884606,94.36479389984146,0.0,0.0,0.3428974369237998,0.656973715724063,0.0,0.0,0.0,500m_25115_7911,5
8543.36938751212,122.10808646600859,0.01429105893343909,0,0,74,6,356.56392788037664,344.47383185687755,0.0,0.0,0.003408557799073978,0.8819974004255544,0.0,0.11447700563675804,0.0,500m_25115_7912,1
8635.47294253339,2074.417113384698,0.24019262576143688,9,24,95,39,15.905665886672667,10.526068244613924,0.0,0.0,0.27123330454288086,0.5321214483294084,0.018785111028210854,0.17424274478858812,0.0,500m_25115_7913,3
7275.125145726879,1392.3532078940027,0.19135916164274655,0,0,84,28,340.39008215413986,338.4417227291401,0.0,0.0,0.043098327580239085,0.304736951833694,0.25013740331167417,0.40188988148542965,0.0,500m_25115_7914,2
6791.307005797738,4186.546834156611,0.616365960870597,7,40,55,51,87.11751048113068,82.05536909211598,0.0,0.0,0.13416177286970818,0.3007925571592818,0.041215513726721296,0.48395166122539174,0.039731269635953005,500m_25115_7915,25
6406.613942205006,3812.8452676959582,0.5950491559083959,13,42,55,52,201.10871887598947,78.33024279465182,0.0,0.04460710269697798,0.11380877652010936,0.040086897596876364,0.1148398674570509,0.6305560220497091,0.05594526934565385,500m_25115_7916,19
6847.747930439126,2160.5053695107217,0.31545990470877133,4,23,84,38,140.10328662571297,125.21549229399433,0.0,0.028837113300819693,0.14549514469640284,0.13696957247156993,0.21954804440040693,0.4690041130406851,0.0,500m_25115_7917,6
4302.074667194081,2013.5727160618267,0.4679381307075537,1,0,49,5,296.7507046999405,369.23122942522315,0.0,0.0,0.10211025886895346,0.4563046628821717,0.21523464071746448,0.22611804556117007,0.0,500m_25115_7918,2
8429.995618792474,155.71384623528812,0.018469212092603382,1,0,95,3,191.0446574633366,325.3786982691572,0.04164600000815737,0.0,0.02621137434455173,0.5891310399423174,0.05785263437388124,0.17803885995144456,0.0,500m_25115_7919,3
7498.709408187222,862.8028009706713,0.11504483094088602,4,9,82,9,64.17312849546026,177.53458939022565,0.06969593333772117,0.0181968916263792,0.0793654384558319,0.5787116947047605,0.03938670546370147,0.17948984636650486,0.0,500m_25115_7920,13
5726.558595657926,1273.7502275651923,0.2223897331283219,0,7,68,13,312.82263145753274,103.45086309067419,0.0,0.0,0.09907030248746099,0.6708451193997655,0.08783305424315772,0.1420769294096372,0.0,500m_25115_7921,1
4291.28842587483,1016.6424841233184,0.2368532547800797,1,5,48,8,298.3364304854011,266.87036149901115,0.0,0.0,0.042357942921413635,0.4377060309024725,0.12166163458659764,0.3980414156333865,0.0,500m_25115_7922,5
581.8695997138143,1049.328388528582,1.8002798379668392,0,0,1,3,461.1290006481353,606.3945298920055,0.0,0.0,0.0,0.8677035329000206,0.0,0.13058081749243303,0.0,500m_25115_7923,0
814.3724232245246,558.09604354714,0.6844676465020207,0,0,1,1,653.9448419734377,431.3542806637969,0.0,0.11730799020103706,0.0,0.5350733732079759,0.28585327785250364,0.060538925305714884,0.0,500m_25115_7924,0
3770.243753615418,1797.5699826543782,0.47665176267937676,1,2,28,13,236.5891518263456,139.38500148974626,0.0,0.48292354948177246,0.0,0.11498037550237195,0.054905537051275065,0.13535666699450669,0.06499884832053231,500m_25115_7925,0
1753.3672645301842,231.51783931215493,0.13196657506839363,1,0,5,0,216.6481930147573,449.6876182909927,0.0,0.0,0.0,0.657278623283676,0.0,0.1382886625263047,0.20386270811420032,500m_25115_7926,1
0.0,807.5504041002321,807.5504041002321,0,0,0,0,620.114582247771,869.0025066142414,0.0,0.0,0.0,0.0,0.0,0.0,0.0,500m_25115_7927,0
563.8124436876284,3132.814160869205,5.54664507817009,0,0,7,3,632.4712101771285,1326.803674874694,0.0,0.0,0.0,0.6190088064752748,0.09883135436787999,0.28038933992090226,0.0,500m_25115_7928,0
6041.408817852967,758.0393847382271,0.1254531772988474,0,0,72,3,608.0065219846294,1805.92766707774,0.0,0.0,0.0,0.6188426939916402,0.17334431136077227,0.20764749773565233,0.0,500m_25115_7929,0
6994.373434599311,0.0,0.0,3,0,98,0,138.65715124831075,354.1665216276975,0.07703675633363619,0.07274093696929942,0.0,0.29604344704820973,0.17528343681316588,0.3787524712106843,0.0,500m_25115_7930,2
7071.227624562545,1392.8822756767406,0.19695099615277128,1,2,98,29,213.04893236731436,168.72971439011255,0.07762549142878518,0.05341280435180434,0.0,0.2878985077959632,0.22654727255219623,0.35437452570746397,0.0,500m_25115_7931,1
5205.252594899103,1821.9017134893609,0.3499449326132185,1,0,59,6,111.06300730412376,281.1952890721884,0.0,0.0,0.09894081448686436,0.3780766069336197,0.1682106962273598,0.3545798056171586,0.0,500m_25115_7932,0
6624.027331700282,824.7471770300435,0.1244896263421718,1,0,87,12,244.38261754813007,284.66339352141733,0.0,0.068680603696354,0.0,0.38090690690311624,0.2665488481066383,0.2837126985203859,0.0,500m_25115_7933,0
5781.550161459787,309.000561883036,0.05343672830414839,0,0,62,2,538.8436158928928,1150.5897763840449,0.08218538557652562,0.0,0.0,0.5129174606247199,0.16006341537202126,0.24466080434538892,0.0,500m_25115_7934,3
2817.275630554984,1542.1785353756802,0.547206426034344,0,0,24,7,436.2730208516386,669.5255927043027,0.2005946415211057,0.04942848684074248,0.0,0.5821192575318416,0.06679677313466409,0.10070601407353934,0.0,500m_25115_7935,0
2674.4525127907054,2043.4064905055102,0.7637610762054147,1,1,20,11,277.0005905986442,272.818332670225,0.07982604797238575,0.2577741181464735,0.0,0.21700171491186002,0.043065945976028225,0.40195840444560704,0.0,500m_25115_7936,2
5239.916992151561,3886.712338711336,0.7416092154353543,4,11,69,40,88.91830258205685,170.83191958442436,0.13830313550154805,0.10367094518679386,0.0,0.27665791724626665,0.20960789410376285,0.2715693016577889,0.0,500m_25115_7937,4
8578.123473947802,3899.37230176335,0.4545187295187628,4,24,148,58,109.52205737249358,50.84469779710851,0.07138956697195904,0.007897881221858789,0.08832906655675651,0.28448644174660476,0.3732683096616623,0.17451217181672338,0.0,500m_25115_7938,7
7786.560747275315,158.44950255520894,0.020346486877890063,5,0,101,4,16.718521673328297,341.428204916963,0.04275144618134459,0.0,0.09892527039942635,0.24227134289328178,0.1584330573795934,0.457490473233102,0.0,500m_25115_7939,3
7129.0415828025,1896.1033724627412,0.26593160088099627,3,22,109,20,106.40250345274656,67.80318128656721,0.0,0.0,0.15885582961743297,0.06642093544372896,0.25959363665609697,0.5149893466462829,0.0,500m_25115_7940,10
5029.357751344923,932.2725254127924,0.18532926910884995,4,0,55,6,54.19259464805072,460.453222742143,0.0,0.11194970746106263,0.145717817667175,0.009368756058827542,0.2527568883989099,0.4800080373958274,0.0,500m_25115_7941,3
5224.827458815302,2780.9265857550286,0.5321504790717806,10,19,58,28,35.317536016934014,94.2810187587903,0.0,0.21360422106596028,0.11633463539124601,0.04130501441536664,0.2937703295004047,0.3291135921375491,0.0,500m_25115_7942,3
8314.669095845733,8575.466565652341,1.0312419201404244,2,52,159,97,200.9402632235203,13.974014493988006,0.0,0.0,0.057322796345457255,0.1009629495594319,0.5615295500020611,0.28006444918770446,0.0,500m_25115_7943,1
8251.939627634367,4851.930299353897,0.587903282741529,4,35,141,77,160.7295584455252,134.35043081654425,0.06665196577889873,0.04067282247768681,0.03898804819431872,0.47459791378049865,0.24019866931570394,0.13876941150641897,0.0,500m_25115_7944,0
8011.132071948793,3938.6732946845573,0.4915886632066654,2,19,127,60,214.80759220948252,27.23781316246032,0.0,0.11151857658301347,0.003710920896154661,0.007800465674335798,0.7175137950047067,0.15933143111837372,0.0,500m_25115_7945,4
7101.875138155354,3310.183571559456,0.46603431809996937,0,15,81,25,303.47987894460204,59.00788203942594,0.0,0.0,0.09471081135575404,0.0,0.3594195350486041,0.4158347783653361,0.0,500m_25115_7946,3
5984.370698143087,737.0259727519707,0.12313789904117836,1,11,60,13,150.74523944108014,139.57423248037668,0.112556519861507,0.0,0.30281881286195694,0.2154506765973896,0.13565140643489657,0.2333555102148486,0.0,500m_25115_7947,1
4668.83325013364,1321.5351273595322,0.282994072073497,1,11,50,27,294.361370406611,209.6632860467456,0.10070395571071547,0.0,0.09609386456505072,0.2695435592528635,0.3239284576477883,0.20951602241504147,0.0,500m_25115_7948,3
6664.445766315581,1535.7653008509876,0.2304069907240283,0,8,99,31,300.95779556654867,57.966114408359566,0.02958586594003246,0.0,0.07533055182679162,0.5853649438638939,0.3095686108939922,0.0,0.0,500m_25115_7949,1
583.0289718838535,2824.4469379970174,4.836141825098907,1,2,1,3,303.87499980353317,295.77694847099485,0.0,0.689751011302987,0.09779497124728374,0.0,0.0,0.2107417736259779,0.0,500m_25116_7906,0
6385.722829898479,2675.7334084135,0.41895248622461867,1,16,44,26,263.6519156544484,172.81916794790013,0.0,0.042994156498662665,0.23307139232274657,0.7095459933136373,0.006372137202173132,0.007859745839254634,0.0,500m_25116_7907,0
6935.295786713425,4390.545840158308,0.6329813455430293,2,33,77,44,124.98909693523602,114.87792100469456,0.0,0.05210764112150547,0.21706823184537682,0.5518615159669854,0.081530849589766,0.05503499901131532,0.0,500m_25116_7908,2
6066.673936816452,4287.140106992645,0.7065541345225934,2,21,88,27,295.14412942581026,53.33451018006654,0.0,0.023991925807771725,0.20655432105789157,0.5113188155700505,0.16221671019643824,0.08344194880403481,0.0,500m_25116_7909,2
4642.718753770851,2028.4831963700362,0.4368230084396997,0,2,48,16,351.4378441214468,175.0108541639117,0.0,0.11699583311951621,0.08716186389496001,0.44266163042160933,0.19233533090321184,0.16062999700849084,0.0,500m_25116_7910,1
4737.845256228684,1227.838679326762,0.25910081738012125,1,6,56,12,139.64529875284677,67.53272028181628,0.0,0.249217335920849,0.054337315949846275,0.4484465985387022,0.214314161241587,0.033473566476402,0.0,500m_25116_7911,6
6373.39233991883,243.93756007494216,0.038268363016708884,5,6,58,4,75.9393467901371,246.26720301077998,0.0,0.07097825109990852,0.18999346391645974,0.171691839373386,0.0396735279216899,0.5275060399899968,0.0,500m_25116_7912,12
5809.465714183576,128.63809549558184,0.022139033568612437,0,0,74,7,285.3048612606205,390.7083560367318,0.0,0.0,0.007041058440248164,0.4985046507661714,0.07318635521410188,0.42109583233523085,0.0,500m_25116_7913,3
6409.0450022715295,1544.117808528099,0.2408903226078615,1,0,65,17,252.32999808211625,485.5219827061185,0.0,0.0,0.13090555381664393,0.16101054828871397,0.2022183876552018,0.5057095050944458,0.0,500m_25116_7914,5
7062.226112398697,3196.127543233183,0.4525025098124413,8,10,72,47,128.80373637421442,123.32723028147821,0.0,0.0,0.1979423145921249,0.05229688811843495,0.14596885958122321,0.6036503593438705,0.0,500m_25116_7915,5
7510.6353547838,2959.8213861325257,0.39403155855369865,13,20,71,30,122.1155453220786,127.4314378346789,0.0,0.05296777522354703,0.09695193387133481,0.0309402045059668,0.17082388105664684,0.5784605150920484,0.0697225634474675,500m_25116_7916,8
6599.401360588384,1948.702078631359,0.2952399365085951,4,28,64,32,61.89044114091246,55.458450278463275,0.0,0.0,0.10356499711728716,0.0,0.3106783036735471,0.5856051932710615,0.0,500m_25116_7917,8
4353.48578360068,2335.0714820694693,0.5362450581107702,3,2,49,20,128.21263264539965,122.43394624096543,0.06965930331808703,0.0,0.1292010006133965,0.06877798065954421,0.23608185592969166,0.49605021123843324,0.0,500m_25116_7918,4
6860.102594836271,46.44647222530616,0.006769534718845656,3,0,74,2,220.1687969916049,413.5668873291211,0.04454659847597517,0.0,0.08247201384107047,0.36458849070215127,0.09152126702017334,0.4167258807918658,0.0,500m_25116_7919,7
7767.876838294224,414.21544617291704,0.053317288302367316,5,4,84,7,83.61784166687241,215.5026621081261,0.0,0.0,0.06608938230999795,0.42287944433771485,0.02469834128370652,0.3472982751396312,0.0,500m_25116_7920,3
4773.478183159307,111.84272300557318,0.02342511971257266,5,0,40,2,93.10218398372402,502.1358729463536,0.0,0.0,0.14939974216991944,0.4817181428432629,0.11626718730559055,0.2524054807088794,0.0,500m_25116_7921,2
2053.8342553697225,1572.2898925280012,0.7651662845406001,0,0,11,6,443.0220186862156,689.1580816609519,0.0,0.0,0.006957664915785531,0.22934508602363907,0.15368746248311974,0.6095231293215787,0.0,500m_25116_7922,0
446.5301423704304,2128.423716110757,4.755933767583,0,0,2,4,661.7161626099337,651.9985490307387,0.0,0.0,0.0,0.5845533362193001,0.41321217741805344,0.0,0.0,500m_25116_7923,0
2643.907825437134,2020.7839048882645,0.7640281016425523,2,13,17,23,200.25802641378948,189.92152129908743,0.0,0.26541905483646444,0.0,0.24244643375070157,0.07019473583935297,0.22075793984159495,0.0,500m_25116_7924,0
2280.993702414099,2629.129376400963,1.15211947062765,2,0,16,14,24.823503064306127,626.2628602345627,0.0,0.2656598833651534,0.0,0.3162177457142913,0.04415135298335285,0.024202949466663386,0.2532201645414868,500m_25116_7925,1
1115.2776232462782,502.96548958380544,0.45057383495793585,0,0,5,2,430.15110452443776,758.2709838655545,0.0,0.5447658861340625,0.0,0.07212290225311273,0.051153307623280964,0.33106206949535094,0.0,500m_25116_7926,0
611.2180239424215,333.64401554119786,0.5449758133428897,0,0,2,1,784.3737105623227,1122.2754724539386,0.0,0.0,0.0,0.23073332300054641,0.6511028445378719,0.11653042743119696,0.0,500m_25116_7927,0
1196.7747379064244,1543.0223811265782,1.2882408789348887,0,0,6,4,288.36520248414104,1563.8471745022514,0.0,0.23887359818687678,0.0,0.0,0.19707072989573096,0.5632207903922171,0.0,500m_25116_7928,0
3360.2459791843175,2768.0998281291622,0.823533845862987,4,6,32,18,229.8358109633133,1988.1095367222008,0.10499799028793179,0.15973825285937374,0.0,0.3576632847713021,0.09039037420742826,0.2869125891506539,0.0,500m_25116_7929,2
7434.712815866353,296.07514494275097,0.03981799086040341,2,1,107,7,244.15497212231304,205.25276884974545,0.02490536789707238,0.06613657515347428,0.0,0.47404071946593823,0.20023636866376443,0.23454648272208056,0.0,500m_25116_7930,3
6824.187854210718,307.61595470024844,0.045070694209606035,4,0,71,5,80.9092424954304,302.783370986541,0.09332448177660171,0.06081109298943704,0.0011272998197101966,0.21006091240456473,0.19935043952171375,0.4351792573742241,0.0,500m_25116_7931,1
5475.83527371998,1277.2678908748474,0.23321276376590755,3,0,62,8,199.01734730784432,771.5811746972502,0.05566859877773723,0.0,0.19692487427428473,0.3931680923938663,0.052744709579988364,0.301311137777317,0.0,500m_25116_7932,2
2134.0126098141022,782.071368134846,0.36630761080279606,1,0,21,4,246.24111026285877,778.0698428316008,0.05763497527109493,0.0457592647004745,0.0,0.3981404269575407,0.15705581788054518,0.34094113388177383,0.0,500m_25116_7933,1
2766.447453198754,1775.0387998743072,0.6413992785382894,1,0,26,3,454.5218116389428,976.9052549086535,0.1772143478089945,0.0,0.0,0.5583560276732048,0.050728948666735496,0.21333933204349098,0.0,500m_25116_7934,2
2150.9197641495634,1585.136224765701,0.7366149292244385,3,0,15,8,217.70121446364098,496.6510966678604,0.23932791105004675,0.0,0.0,0.017903265076528584,0.36518379981814164,0.37712032271434087,0.0,500m_25116_7935,2
5716.142530684238,766.8032369277967,0.13412351236869097,3,2,56,5,139.66904464839757,201.8375194259899,0.17020804081323268,0.0,0.021624928079342114,0.13408048234786799,0.1802907434882723,0.4936208927175695,0.0,500m_25116_7936,4
7820.853283761876,2384.1117216844245,0.30480138596230477,5,14,101,35,104.69589220706045,97.8464756027294,0.0697196830240229,0.029415459925070928,0.09923061549681202,0.34437580038532534,0.16963239525027865,0.28749819897944456,0.0,500m_25116_7937,2
9775.129586471969,11473.842852164826,1.1736590386488046,6,60,157,129,47.91905232239152,36.86882765993437,0.0,0.06758153744518147,0.17238636547529648,0.1332815094480424,0.21175667464136988,0.41316497606453717,0.0,500m_25116_7938,16
7258.179551870509,31.59806306086962,0.004352842195882534,6,0,92,2,66.64626123168257,325.1871369067192,0.0,0.019158151366018016,0.3368799455378608,0.05586091813846119,0.09539385876245722,0.4925693695805812,0.0,500m_25116_7939,4
5955.308407819215,1794.5383227956481,0.301283647508891,3,3,68,11,76.88973694183512,228.06034518079247,0.0,0.19030108916652255,0.12086899019904127,0.02318365808171891,0.3431547314032277,0.32232364192490054,0.0,500m_25116_7940,2
4324.359386305426,394.21527172621813,0.09114046637935984,2,5,39,5,192.80654995457633,88.58217511670935,0.0,0.1634803024531296,0.08839213331224283,0.0,0.7067740343172745,0.0411223352556642,0.0,500m_25116_7941,0
3247.268627170054,462.9444520751705,0.14252037168443654,0,6,27,9,331.83967095313386,304.9265393197034,0.0,0.0,0.22769935623379994,0.0,0.5124889293197562,0.25950385813442683,0.0,500m_25116_7942,2
6657.79775076638,4379.104087585736,0.6576418524022197,3,27,105,55,63.21819195730329,64.08178448075803,0.09261656699289587,0.0,0.12542038028744537,0.22269704904870144,0.3846592140772747,0.17445661233384924,0.0,500m_25116_7943,7
4905.715142670855,965.2921026573555,0.19672878383804474,2,4,54,7,142.57753625669957,294.41170904265846,0.008420456227671196,0.0,0.09900699920233105,0.5783191718052481,0.14104941110048366,0.1730001593299296,0.0,500m_25116_7944,1
5919.779688682747,1345.9214449438896,0.2273216562197959,1,9,86,12,136.56220372633172,17.18283422781208,0.0,0.09079970070998634,0.09552460978892106,0.135662381525404,0.5889134168230623,0.08893099447810322,0.0,500m_25116_7945,3
10919.006295613162,4553.737381187049,0.41700867727671537,5,81,194,99,99.90625442474825,67.75278281005201,0.05277993909739478,0.0,0.05424230440305297,0.0,0.5638049518358293,0.15459235137890648,0.0,500m_25116_7946,6
2354.085893582195,3062.5624436598255,1.300403714363694,0,11,14,16,528.9676364487754,197.43978513759555,0.0,0.0,0.3828042584181108,0.24009162393490413,0.08301601801644214,0.29366348666728537,0.0,500m_25117_7906,0
6603.896137187011,3097.4110174557486,0.46895680917927635,2,18,54,40,79.65807002314097,69.42195423058463,0.0,0.0,0.1601037837939606,0.7357279683105787,0.018394762917849392,0.08562208214261892,0.0,500m_25117_7907,1
7399.416674217244,4034.4183938070596,0.5451609782815084,1,24,68,32,188.8564789862774,144.07805853497717,0.0,0.0,0.19612310627994795,0.7910049740544928,0.012736792139094275,0.0,0.0,500m_25117_7908,3
7380.522578959852,3365.474428256818,0.45593228121386514,3,29,86,50,159.50959667227076,105.79860186783026,0.0,0.0,0.1950208838205098,0.6556929792664399,0.14915066350775988,0.0,0.0,500m_25117_7909,2
5123.8031800029175,5005.45306692164,0.9767112786795434,2,29,48,37,236.6219726289979,132.52553485404147,0.0,0.0,0.2501838148990788,0.49523501805656417,0.08689811086412244,0.16748792673528376,0.0,500m_25117_7910,3
818.1801660404358,3167.8045315884215,3.867042517521176,1,4,5,10,315.50099384255003,311.03026335111065,0.0,0.05758503537040622,0.21051789889933284,0.6045031414679243,0.12617319158171791,0.0,0.0,500m_25117_7911,0
2617.917206557839,1508.5474895696416,0.5760195418901362,0,1,25,5,287.84830595519685,172.4021755042869,0.0,0.280369962490449,0.0,0.556293748985565,0.12782652269137176,0.035127928637648395,0.0,500m_25117_7912,1
5628.386101738997,627.1144320681218,0.11140014572359803,5,0,60,13,155.70093050994058,318.30847814689287,0.0,0.10035637582800604,0.0,0.21287004945232213,0.22449378626375452,0.4621021491926076,0.0,500m_25117_7913,1
4559.393472581825,5958.0212298189745,1.3064708704720374,3,7,47,29,121.2376099751192,120.91075359695917,0.0,0.09953745603227934,0.2739981270616138,0.033230246202153736,0.2163581957543925,0.3715630639039422,0.0,500m_25117_7914,5
7689.250478509886,3036.9230002894137,0.39490560272074104,9,12,88,46,106.05447768216031,99.03057688881958,0.0,0.0,0.17164112862115144,0.02480030752726334,0.06528334425632494,0.738145184819047,0.0,500m_25117_7915,0
9169.942963967997,2983.007730989716,0.32526728633137814,8,50,159,56,43.842410562293445,29.674736663637713,0.015153216809192061,0.0,0.09931314647811794,0.1427302527197644,0.20585019149057304,0.4833235334945782,0.053520618966426355,500m_25117_7916,15
7101.235426905999,2832.885042420905,0.39887230880700564,5,16,84,25,35.41848644953123,53.149860966613346,0.07571375999884959,0.0,0.13607555956044864,0.009747291659811167,0.19038212810179025,0.5879404599396303,0.0,500m_25117_7917,5
6108.77592790407,402.6417972733308,0.06590123795447522,3,0,69,3,144.43687586753123,506.59129039608626,0.07117750880932823,0.0,0.07682732060070215,0.2418797244958965,0.21168526126149514,0.3982665127091148,0.0,500m_25117_7918,1
6435.451955839723,402.9608089085435,0.06260604626170503,5,0,69,5,131.89543704233384,719.8215858554468,0.0,0.0,0.27818558076315075,0.17975619398813672,0.12596268311066167,0.4159401770383245,0.0,500m_25117_7919,7
6138.930317929601,0.0,0.0,1,0,63,0,149.25594485845082,539.3559068344139,0.0,0.0,0.054039974473655175,0.3881553637189975,0.07026657933620144,0.3321427725680107,0.0,500m_25117_7920,4
6142.7384700336315,527.3380978252239,0.08583342217402969,0,0,59,15,365.36491952655325,512.8776434584635,0.0,0.0,0.07664057164769403,0.10883936217576241,0.009408537847210116,0.8049487609841939,0.0,500m_25117_7921,0
3495.7003629523565,733.2141763310568,0.20968744822961746,2,5,28,7,200.7530220618438,192.3086304702517,0.0,0.08776137803646043,0.2494370673060435,0.0,0.19209837546655983,0.470417195292918,0.0,500m_25117_7922,5
4962.719403746456,6379.913142108491,1.285308983681297,0,24,50,37,449.53860046215436,42.1270372257136,0.0,0.13256935167677536,0.0,0.04233769919351972,0.7807473245787222,0.0095849152827025,0.0,500m_25117_7923,0
5920.610810519629,2946.9839242221283,0.4976659254584694,4,13,54,26,53.2079894642257,48.62425767423345,0.0,0.2933610157547953,0.0,0.19442455480578888,0.04460391581900584,0.26765923164970734,0.05532341098804856,500m_25117_7924,1
2122.0796425370113,580.1943137915249,0.27327958036383954,2,0,14,15,1055.5758074139649,2029.1038836757593,0.0,0.2798785033769877,0.0,0.07421073027460579,0.501506675990843,0.03739918318676977,0.10653389328136421,500m_25117_7925,0
955.339614241885,0.0,0.0,0,0,4,0,555.04619411649,1681.1748111676752,0.0,0.5950983339851028,0.0,0.2631941172134894,0.14066189516005692,0.0,0.0,500m_25117_7926,0
2086.3723048990214,813.0699579088681,0.38951841796530934,1,0,7,7,60.57976427847505,1236.4134379277073,0.0,0.4993865780885598,0.0,0.18856435613352932,0.0,0.3115699945563311,0.0,500m_25117_7927,0
1123.2013220205881,2943.2745979334263,2.618102772413858,2,0,9,4,199.90193746594522,856.0638231490584,0.0,0.27909078779172164,0.0,0.1747531006251227,0.28869101719247375,0.2565755739992608,0.0,500m_25117_7928,0
6346.969656469896,1258.1716387148315,0.19820063844074837,2,2,73,7,165.91593953915617,661.3512557819284,0.11240800324765134,0.0,0.12002604917252338,0.42264454898334025,0.04336578571871446,0.3013980821940847,0.0,500m_25117_7929,6
6232.4884765549305,335.2651341613465,0.05378451174207318,0,0,61,6,324.3067454268524,340.56752474139995,0.0,0.0,0.10527044304996834,0.3794379500801227,0.20342137607761485,0.3117098069776421,0.0,500m_25117_7930,0
2382.617203789438,855.9340651226273,0.35909040418145854,0,0,15,5,536.9652480479267,700.2268076791186,0.0,0.0,0.35159389469644553,0.013979445834996898,0.18674213909503953,0.3999609134661403,0.0,500m_25117_7931,0
3256.3402456141926,2339.3204512420484,0.7181688969679477,0,1,24,7,266.68361276415953,199.3958127231839,0.18307794540006303,0.0,0.0,0.03246115924639103,0.03835203622069771,0.7458018601936534,0.0,500m_25117_7932,2
6039.18642697786,653.2701009894597,0.10815396327366607,5,0,56,4,164.2784466571608,301.5915050253392,0.10799234883602622,0.06544764906113326,0.08304358463255793,0.008753927049207808,0.06592955316768849,0.6686673794494857,0.0,500m_25117_7933,3
6174.806009859665,60.82428588180589,0.009848801239012366,7,0,75,1,89.66457792488062,362.37405006853834,0.1926947748136613,0.035419825101762496,0.0926154305967994,0.018780500496568923,0.21266491207104143,0.4476626347356925,0.0,500m_25117_7934,4
7163.295802117283,0.0,0.0,5,0,81,0,131.31599491200052,460.0436957962442,0.08314271373578364,0.0,0.09099370706352412,0.1924367578837957,0.1683029824481253,0.4649842578090803,0.0,500m_25117_7935,7
7900.827299844461,505.8698588185022,0.06401935142627829,5,0,82,8,162.3461500395248,389.9166201883966,0.02110058554436312,0.0,0.2470612915193081,0.324572175105459,0.04885636180776814,0.358283033016809,0.0,500m_25117_7936,5
5646.403440452626,3548.72947520904,0.6283824969523726,5,9,57,14,157.975647599809,96.69537222176764,0.0,0.0,0.437073942732466,0.37840432115353506,0.08466565646086763,0.0996790071258103,0.0,500m_25117_7937,6
4145.763916657676,373.2145667186727,0.09000140211007877,5,0,29,0,219.54179478022363,315.65202295817517,0.0,0.2893441319891956,0.24405044536452533,0.1692827411837613,0.008273510374642854,0.2888080191872366,0.0,500m_25117_7938,5
7469.239972451264,102.88400475751504,0.013772516697847789,11,1,71,1,88.8087508922021,310.31335972528734,0.0,0.17716628311677543,0.13837955459616275,0.3328854290697861,0.014544012736493039,0.32809304541373674,0.0,500m_25117_7939,2
6429.257583015543,881.7233627789481,0.13712100198098967,1,12,59,14,190.89993299873007,105.55898626250537,0.0,0.0,0.06181344371399129,0.042895133403250296,0.8561725347570335,0.03444368099546579,0.0,500m_25117_7940,0
8405.888602730642,0.0,0.0,0,0,29,0,443.13815694391764,596.3053024608623,0.0,0.0,0.06246887067400504,0.0,0.8969366527158508,0.04047552653869039,0.0,500m_25117_7941,1
5300.195627945888,459.72087462522467,0.08672022443422969,2,0,28,5,203.59344344137372,1096.254972954791,0.0,0.0,0.541808569207838,0.04906602054882472,0.21996350179910518,0.18897327175353382,0.0,500m_25117_7942,6
4018.0722696759703,595.0846389186422,0.14806517499288951,6,0,32,2,113.33692200906616,824.1321645777624,0.2563620094266949,0.0,0.09582197665039396,0.16456896492018275,0.07423842207670955,0.4087598132862278,0.0,500m_25117_7943,0
781.2410168799504,1488.863559955522,1.9033309783396544,0,0,2,3,436.2850780628557,451.5472726859271,0.0,0.0,0.030963590199474235,0.0,0.6992149234461389,0.2685431079794091,0.0,500m_25117_7944,0
5715.100221837597,2461.0528069149696,0.43054752565618887,3,35,127,42,144.64678757534975,44.44680288690141,0.08924789022078793,0.08093711479312712,0.0,0.04087461820592073,0.6039093872253869,0.17956993730306692,0.0,500m_25117_7945,2
4474.494162447981,1314.5013589172816,0.29371088670983386,0,0,48,5,637.6645457641305,477.57765414863144,0.0,0.0,0.07914866527805395,0.3818360256216486,0.5387918700869271,0.0,0.0,500m_25118_7905,0
957.2380114325714,3487.948896253774,3.639960901821532,0,4,4,5,779.6305402604077,239.4620297926102,0.0,0.0,0.5830372772780129,0.21426207938779526,0.20165706127204322,0.0,0.0,500m_25118_7906,0
4513.909892491663,2486.4324716288284,0.5507158572010016,0,13,38,30,578.224829098389,59.07713164752215,0.0,0.0,0.3625828379701283,0.5591073354878161,0.07494116474927201,0.0031471734300450947,0.0,500m_25118_7907,0
5280.065310858964,3316.3380316353164,0.6279676232778714,2,26,50,41,225.19465915048812,83.11020091668992,0.0,0.0,0.30448773021227155,0.5039518135160703,0.06264439442003876,0.1287267061172857,0.0,500m_25118_7908,2
8721.68586651825,4383.723985287643,0.5025658440956159,6,46,105,63,156.1126108227655,103.49315444787368,0.0,0.0,0.20596359633835468,0.6495993073334357,0.053993939384789046,0.09032851335596408,0.0,500m_25118_7909,5
6859.176402120098,8353.803879947769,1.2177243543425609,9,52,89,60,136.4783477111573,56.00539199209057,0.0,0.0,0.40767535091371315,0.224128225491617,0.3440074909284904,0.024043163819813224,0.0,500m_25118_7910,7
4252.291815215423,3691.1587580588757,0.8678357654309979,3,12,30,16,63.99242828218593,49.41023795395961,0.0,0.0,0.2938993660332616,0.5698027339525372,0.020139084666722932,0.11592370333460783,0.0,500m_25118_7911,0
5529.875763718184,1468.782755039004,0.2655606124212779,1,4,64,14,204.9670083591031,145.140787257384,0.0,0.07330722137488947,0.0,0.7210245741064298,0.023715860808864682,0.1817715405164848,0.0,500m_25118_7912,4
6628.516547171475,413.7195485770812,0.06240568910769175,0,0,70,5,298.1244988125135,302.82738125973793,0.0,0.02165522835132552,0.0,0.2812111109621107,0.4577322481035785,0.2392505720212514,0.0,500m_25118_7913,2
6921.492443701156,4536.757669877253,0.6553647702433093,4,13,82,45,174.26127320566948,90.30873765687011,0.0,0.03361332832824872,0.14040328017182022,0.17361457307950862,0.15990515604154784,0.49231920573870763,0.0,500m_25118_7914,8
8538.597227766037,2388.3403999233774,0.2796783426925357,6,22,123,54,74.70396514156383,68.85490922002955,0.0,0.09166460621172703,0.0671523230393438,0.1644715924889756,0.1758353293426969,0.48960791214576854,0.0,500m_25118_7915,6
8582.12206035506,2442.3318204024895,0.2845505170762371,12,62,131,66,44.22688411327155,10.610590854194832,0.0,0.06927049177418841,0.10298271042673934,0.16361379842851023,0.29826568039830104,0.25587203122191216,0.1098787800282197,500m_25118_7916,11
6573.3293971556595,3315.2510287752507,0.5042721209268237,8,26,78,35,122.31293850599307,15.901026458369389,0.0,0.0,0.1833083893305231,0.04652960059471524,0.21654212707985457,0.38721513310508665,0.16625264312126795,500m_25118_7917,5
7341.170625805373,1539.1097682440068,0.2096259875566675,8,19,95,31,78.61142148436129,196.14984351397956,0.0,0.0,0.06420329193502372,0.42025304289859705,0.13637865817950418,0.2814271319501442,0.09760167553239357,500m_25118_7918,3
5444.00791192364,392.5498989963899,0.07209354060565688,5,1,47,7,11.096288255761234,249.76239214444712,0.0,0.0,0.18614297164521004,0.5073131341270846,0.07878598243562261,0.22757425732983502,0.0,500m_25118_7919,2
4676.399534255814,448.2217983532408,0.09582713537096933,2,1,32,5,197.2366922359434,224.31832363646177,0.0,0.0,0.2290642876302947,0.28571992410170627,0.012651336744332773,0.26780390764670436,0.0,500m_25118_7920,0
6896.36069710399,24.06485335107132,0.0034889944730852607,1,1,61,1,164.69066004100634,245.67343928877688,0.0,0.033881411965155074,0.07657312837458892,0.42789585242001804,0.0,0.46150462424689886,0.0,500m_25118_7921,1
3821.0671042766967,2311.9332751397883,0.6048908122394957,5,7,30,18,145.46505165102826,133.9214508326745,0.0,0.09852631320804403,0.29852926945881514,0.10055750835286237,0.44394712184702134,0.058178148608156045,0.0,500m_25118_7922,1
5983.776794951333,3958.165901202615,0.6613723513534646,0,14,53,32,389.36323100791475,65.44033652891079,0.0,0.1935955509998014,0.0,0.1157278745921135,0.3780274802705934,0.10717451439434347,0.0,500m_25118_7923,0
2701.9930416346524,747.1968121899648,0.276433124569974,2,0,19,6,111.8879132131369,343.6821998076719,0.0,0.0,0.0,0.16754741739165765,0.02167481677316913,0.580737983800382,0.22147771107181813,500m_25118_7924,3
82.8984184302584,1967.6620300768311,23.45290968401835,0,0,0,0,1106.8356753796058,1723.3140916770171,0.0,0.0,0.0,0.0,0.9880808241834587,0.0,0.0,500m_25118_7925,0
1437.1785303908844,1511.2967593816857,1.050840856990772,0,0,8,4,766.485701140791,1321.1565272718672,0.0,0.05279779554348988,0.0,0.5971362476034707,0.20727004541441138,0.14210058747232737,0.0,500m_25118_7926,0
29.72570914220968,2099.595976662288,68.33352379092699,0,0,0,0,532.050909849905,1011.3630975410273,0.0,0.9674539651673575,0.0,0.0,0.0,0.0,0.0,500m_25118_7927,0
205.09572681829843,431.4856918522288,2.0936178469757523,0,0,0,1,582.7471859380605,567.1127051935773,0.0,0.0,0.0,0.0,0.9662050534667174,0.028942832346161913,0.0,500m_25118_7928,0
3377.4037100888127,3285.0058553249264,0.9723544422814315,2,2,29,6,292.8222020890478,165.90594178258291,0.2907270236687296,0.0,0.00835874879673346,0.19129044722174052,0.25026381658273417,0.2590639659495092,0.0,500m_25118_7929,1
1965.5973617155098,513.3743701226566,0.26104701456266977,0,0,12,1,444.9951746802791,430.17616535958865,0.0,0.0,0.03828954151958379,0.6045175675148698,0.06027299104289867,0.2964114074271996,0.0,500m_25118_7930,2
2987.496957400876,2011.7385355447082,0.6731606437017544,2,0,31,2,192.48141716066004,569.3246805301933,0.0,0.0,0.16927300329112493,0.019687588796418434,0.32570436073215475,0.48500043081152,0.0,500m_25118_7931,2
6719.760496149811,1505.0388610378611,0.22393877328318243,6,0,60,17,92.6747922080522,464.10647201940856,0.21327724235904577,0.0,0.09114463792618246,0.038010872931866724,0.017604088147356846,0.6398143659504686,0.0,500m_25118_7932,2
6138.524350854781,956.0238244787674,0.1557162688581346,4,6,54,3,12.303512962361753,218.8016846993281,0.16357392190088688,0.06842294167806388,0.03474911358905679,0.16157154494681342,0.028882647692757682,0.5426369511251105,0.0,500m_25118_7933,5
8341.761741510654,2451.0920952076654,0.2937986449992802,6,33,113,24,143.6839556166144,104.56991524747974,0.029824193276355295,0.0051108179389436565,0.16130126442024212,0.11791638154297071,0.24920290268040993,0.43652457575671916,0.0,500m_25118_7934,10
7892.988835404605,330.6933533416946,0.04189179390000302,3,3,110,7,158.8271137485339,189.4077666383868,0.0,0.0,0.15509372406166347,0.08473151932411167,0.13931371994613687,0.6207343579989322,0.0,500m_25118_7935,9
7061.378069510574,427.01890227915777,0.06046389729865458,9,0,71,6,129.46879059074922,500.68604770514224,0.0,0.13631096590307837,0.21324032405856166,0.1211974595504766,0.12648776962103062,0.4026218855019261,0.0,500m_25118_7936,2
4416.259259211572,1154.6748659593018,0.26140074607379904,9,0,39,7,77.23876067460216,367.9398115838846,0.0,0.27715542403534976,0.26194271301909533,0.05173623098471821,0.17421256214281933,0.23472668509814504,0.0,500m_25118_7937,4
6489.948981710831,700.0363197238564,0.10784806993496761,3,0,76,6,80.55884398459577,632.6830200674525,0.0,0.07439431641065106,0.13945924617149594,0.31017831537223084,0.21373387255117612,0.2620801888165974,0.0,500m_25118_7938,3
7045.460335444558,61.77446241214954,0.008766736697773836,3,0,66,0,132.9615368954226,262.77459551768595,0.0,0.0873724651719821,0.09888231006972832,0.5744741574827364,0.15891181788415296,0.08021733416696199,0.0,500m_25118_7939,3
5633.986885462414,2761.7801623668292,0.49011297071371873,4,2,47,3,121.00622312315565,228.9359554178062,0.0,0.0,0.21132678435595428,0.14442840571662524,0.19779132303499725,0.446276024190145,0.0,500m_25118_7940,4
3429.3933208189924,0.0,0.0,1,0,20,0,179.59296655172759,729.6191811383173,0.0,0.0,0.5656099826050566,0.0466807663027589,0.0,0.38741773933056517,0.0,500m_25118_7941,0
5728.585147207652,1448.4577677516927,0.25280325373253376,4,0,37,13,79.1257934657377,1030.9743602840335,0.0739348152975305,0.0,0.38168455238462834,0.04107739108447673,0.0,0.5031287085273644,0.0,500m_25118_7942,2
2581.695760988992,1111.5189897270652,0.43037163204288187,6,0,14,8,185.37355104122213,504.16724246058664,0.2840369265332673,0.0,0.2888406017740559,0.0,0.02334812143936239,0.40338715791920177,0.0,500m_25118_7943,2
2084.224214575458,995.1957026915284,0.4772607644469281,1,3,10,8,131.75142794756619,124.5671937137479,0.2203211096557262,0.0,0.05702499116674944,0.23416707859785318,0.18568137532355924,0.3023258805200947,0.0,500m_25118_7944,1
2414.432422863179,1315.370607011765,0.5445694090056824,0,0,21,10,560.1318183100907,471.80186928860485,0.0,0.0,0.0,0.5824725686208384,0.1894082842452067,0.22770514258945362,0.0,500m_25119_7905,0
1681.5381368402361,566.8940790479346,0.3369279225447735,0,0,21,3,1035.6438380473044,583.0870998564836,0.0,0.0,0.0,0.0,0.608607118533087,0.39079854129826924,0.0,500m_25119_7906,0
1298.7813883315719,192.06721388239504,0.1477688599072316,0,0,5,4,1079.4040757879468,530.9454759708968,0.0,0.0,0.3193192938159375,0.06734966253983748,0.17466699470049515,0.4378946887967255,0.0,500m_25119_7907,0
3060.042900009418,1034.0547632532837,0.3378112614005188,0,4,17,6,419.33380425114115,126.2856411326772,0.0,0.0,0.3881382091360981,0.4007804225507077,0.019769818472952838,0.19098486379477686,0.0,500m_25119_7908,3
1608.8671429787034,1150.6493029913454,0.7147479889938763,0,5,16,11,380.16443313031345,265.58529897787355,0.0,0.0,0.12471277939875734,0.4669189550088255,0.1647066727894898,0.22780885583282753,0.015231567698858332,500m_25119_7909,0
4750.047198685803,4194.150255309758,0.882784379929947,4,20,44,32,60.774877975946985,60.21687973987734,0.0,0.0,0.252212821397113,0.35668424760855366,0.04628792202444762,0.3446045290571049,0.0,500m_25119_7910,1
5055.3751364042655,2741.6147737412375,0.5422095275333703,0,1,52,13,384.23943628172964,189.59557145251605,0.0,0.0,0.014382655292083093,0.7222805524695591,0.03611170267517632,0.22702731942686388,0.0,500m_25119_7911,1
4827.883591984134,1938.355232247107,0.40140856480051507,6,18,33,22,56.492867230516296,37.46458692110694,0.0,0.061870220127985515,0.07607300207202167,0.1891707379117778,0.11721045687740607,0.053661031584117565,0.26590351264618506,500m_25119_7920,0
2292.652644114727,997.3415604334984,0.43482676550547994,1,3,23,6,124.41003822230039,123.73468484772565,0.0,0.21088733543480856,0.23019603486895684,0.24040159287872367,0.14837440378082875,0.1400266164556519,0.0,500m_25119_7921,1
1209.9624252719445,1075.0656523774073,0.8877778781087952,2,2,7,6,248.83987314965688,246.59834385635872,0.0,0.43864421253010455,0.0,0.5536311924455883,0.0,0.0,0.0,500m_25119_7922,0
4996.929691855537,2399.7120718146534,0.4801412224195842,6,10,51,32,71.26611966146308,63.10351332557333,0.0,0.13503737651871825,0.0715648469558328,0.3333137876871448,0.1583232758938369,0.15689869157005035,0.11108076896148995,500m_25119_7923,2
694.4680335960431,1397.9335547146723,2.010061551623594,0,0,2,6,331.3724997838575,445.5606370303568,0.0,0.0,0.0,0.5936347368539169,0.2772352443647376,0.018356412151814272,0.10933572602008128,500m_25119_7924,1
1530.4483584151303,268.4573140642599,0.17529635432309437,0,0,14,0,785.0098051685566,1524.4766200043994,0.0,0.0,0.0,0.0,0.9993470233622276,0.0,0.0,500m_25119_7925,0
340.99019757328387,679.0156385963563,1.9854827518875084,0,0,0,0,408.584294067592,1048.6699023084125,0.0,0.0,0.0,0.0,0.43200070109270056,0.5650752384894984,0.0,500m_25119_7926,0
1459.8488441057355,861.6931980651896,0.5898578771800846,0,0,8,4,436.35240521812375,614.1219750748444,0.0,0.0,0.3853218474395033,0.04366222172069602,0.12505461583212463,0.44527678148866395,0.0,500m_25119_7927,1
6119.398039732578,0.0,0.0,3,0,63,0,24.949246985312325,349.68134091150745,0.0,0.0,0.3464239588747373,0.044568207504844644,0.45337205123872226,0.15547239431550994,0.0,500m_25119_7936,4
5855.352711928511,176.3068859838587,0.030105236937786904,1,0,67,2,123.01406009164153,793.3760131771248,0.0,0.06482842014618241,0.12808586678123093,0.11885457654021653,0.6799855316937286,0.008074850096024593,0.0,500m_25119_7937,0
7664.4475596173415,0.0,0.0,2,0,100,0,229.98761742311814,1053.592481592835,0.0,0.05710520282374169,0.11310531208782924,0.48689886437687013,0.12008208942614179,0.22267807575855797,0.0,500m_25119_7938,3
3044.1636553245903,0.0,0.0,0,0,25,0,269.77059175980787,558.4466287869516,0.0,0.08148440215679573,0.020698949995567425,0.08191765756865296,0.24560823538218057,0.5699623653213366,0.0,500m_25119_7939,1
5583.7223896806745,1939.7789063421747,0.34733667512756855,1,0,82,11,231.35282483891072,539.8723049605982,0.0,0.05904916358412277,0.15525560324901,0.0,0.31185353819046435,0.4736626350464328,0.0,500m_25119_7940,2
6118.7559189633475,2737.581335452216,0.4473350525254195,3,0,50,22,79.7097359429035,878.2830094243085,0.0,0.0,0.3136067171233928,0.044208518442901995,0.009390099489557432,0.5327901099137619,0.07584370914878538,500m_25119_7941,4
7234.571225778777,1220.0963036452235,0.1686247381959677,2,0,71,13,113.5389139577437,574.5954496848171,0.1527897906699525,0.0,0.05310315222316851,0.30216830350093016,0.03380391532980292,0.39411583423727614,0.026684697650835268,500m_25119_7942,0
2517.228848365924,125.06777680049169,0.049664976589259564,0,1,19,1,358.14177146651025,205.93719396204114,0.12359163144651465,0.0,0.47023966143598656,0.14310635038853226,0.10316893778156123,0.15949631445046922,0.0,500m_25119_7943,0
1005.1356104192575,1367.4628671613705,1.3591238129336736,1,2,6,1,213.35821543261335,215.94207520387147,0.33564901897166327,0.0,0.0,0.0,0.11163637567856426,0.5517207035440475,0.0,500m_25119_7944,0
6364.911353275848,1843.1835123911903,0.2895396134353493,0,0,56,9,515.352706817,325.65651289427655,0.0,0.0,0.0,0.2658664051370688,0.3998653534490118,0.02725074957567937,0.1555969817282114,500m_25120_7905,0
2562.1742447765646,2537.045944937962,0.9898062724795831,2,5,18,13,1008.5279290814109,823.0745097217293,0.0,0.0,0.0,0.0,0.2600307190216114,0.0,0.563888953468175,500m_25120_7906,0
1152.6468644006493,2156.7765454177415,1.8695292398148589,2,6,4,8,1506.7375826711568,1028.5074991386907,0.0,0.0,0.0536263472170889,0.3276419624068661,0.10956197508765834,0.06714638963719431,0.4411565092701507,500m_25120_7907,0
2985.070697018776,5161.128761281906,1.7284013959999867,2,9,21,13,55.09194381762888,42.74007869578316,0.0,0.0,0.0784016227046465,0.15067126868587,0.4798333886624319,0.06748160769893947,0.2232772239947971,500m_25120_7908,2
2609.054022324715,4785.384069512573,1.833442537427,2,5,29,7,231.9592146499725,235.1564588001488,0.0,0.0,0.0899430535929499,0.28651584865141194,0.3051999014949968,0.14085312112669246,0.17710494130168083,500m_25120_7909,0
4259.184501919074,2092.7387010651864,0.49123194080502286,1,6,35,13,257.07753470136316,240.88077496187574,0.0,0.0,0.14229044249670417,0.5296128238671005,0.0892419415676619,0.12246462408162016,0.11615543636917505,500m_25120_7910,1
4279.0662301109105,2757.67937207442,0.6443076400719526,3,12,35,22,64.7892829723675,48.87981127092787,0.0,0.0,0.40358516432589453,0.14200546058798627,0.19091094796817593,0.1621071502567656,0.0,500m_25120_7921,0
4215.079410205566,3163.3547066933297,0.7503071927525891,4,7,33,31,321.72253862949003,325.9460810912496,0.0,0.26702682951493856,0.0973063533798121,0.3308448736658752,0.2671735349922027,0.0,0.03741122126384174,500m_25120_7922,0
1813.003088264779,823.7735800331513,0.4541191717711729,1,0,13,5,210.45909718292907,460.3859952627134,0.0,0.0,0.0,0.22514233024222718,0.2906090400135687,0.2666628341972103,0.21703452856929725,500m_25120_7923,1
1096.4189951042615,439.0474654417786,0.40007277749012027,0,0,1,0,640.4329130846531,648.6640173022038,0.0,0.0,0.0,0.04665933046280763,0.9524294405494848,0.0,0.0,500m_25120_7924,1
144.06793462640331,131.58885763069318,0.9070843806357132,0,0,0,0,713.5180356573708,1476.4535522341887,0.0,0.0,0.0,0.0,0.9931066778983563,0.0,0.0,500m_25120_7925,0
3519.7232257923533,873.9987005513767,0.24824408069017687,3,0,45,4,244.5705853627071,977.5494021855689,0.03295345009332225,0.0,0.2044435772140196,0.21804695834406296,0.2305271570150916,0.31374482478227234,0.0,500m_25120_7926,1
6765.060371998043,483.5065023825358,0.07146056579447199,2,0,69,1,598.3228374827373,773.090408384365,0.0,0.0,0.0,0.0,0.8360753280010317,0.021513473545806346,0.14226340195933543,500m_25120_7937,0
7859.865517502524,230.87446517442763,0.02937010748503159,0,0,114,15,666.5657042641764,1261.5096556393732,0.0,0.021414354339830605,0.03186996481874281,0.3236535247169728,0.15921273910175754,0.45285499129740037,0.010867213270411364,500m_25120_7938,3
8988.16159394603,457.46627582905535,0.050890872418752287,2,0,95,13,69.08455739958151,1026.3076266913456,0.0,0.07162229704701173,0.06048726843824559,0.0439249081182632,0.2569026114243136,0.3504775310961793,0.10460862858038805,500m_25120_7939,2
6284.653630167227,1601.5302558367434,0.2547913630096311,5,0,32,18,83.08437562925666,1015.5918182362253,0.0,0.11693329870599721,0.2943636683836564,0.0,0.010959910120595322,0.33018414708606136,0.16996741536232648,500m_25120_7940,2
6210.793334607435,548.1860693955739,0.0882492446008295,7,3,52,6,50.347071522882274,803.5020484412818,0.11524197215747171,0.0,0.460729014030512,0.017719222495298167,0.07468716267539556,0.2066893841654814,0.12477226036929846,500m_25120_7941,2
6607.452341449368,271.5725131115048,0.04109472219511285,8,2,58,4,209.14900687747942,302.7509591871169,0.19634451090556235,0.0,0.08999598673734402,0.06051593867171782,0.03621553938671178,0.38543445859808584,0.13182713770736168,500m_25120_7942,2
2925.672715022974,812.5419272804669,0.27763334216005375,2,7,17,8,800.7208339275925,160.58661466318503,0.1401920771691245,0.0,0.05324483098587664,0.21810818222490294,0.01767738008864383,0.2586578177035888,0.31177802688479894,500m_25120_7943,1
502.6557233756415,1886.7865511900397,3.746183084239108,0,0,1,2,697.4905960997711,506.7510962668797,0.0,0.0,0.0,0.0,0.7047484332993893,0.293266083455632,0.0,500m_25120_7944,0
4527.5502053112805,3961.1745484872054,0.8747114129023826,3,20,44,26,62.198342376720085,51.001799439629224,0.0,0.0,0.2170203526211676,0.3390656692887166,0.32323733489352907,0.0,0.12045582197242866,500m_25121_7905,2
4232.695189306763,3047.131880412256,0.7197334111601932,6,12,41,23,237.61687651536792,134.8102951195062,0.22818423921164865,0.0,0.044951779844104776,0.1332301885931472,0.4900434272800771,0.0,0.04513332828975829,500m_25121_7906,0
2414.9093035172145,1466.2990028768609,0.6069346232253593,0,0,8,3,383.6242086984645,384.4421000604462,0.0,0.0,0.0,0.0,0.1632903052580359,0.14219643376612257,0.5893386873180421,500m_25121_7907,1
2164.8189381024868,3554.343522336376,1.6411083400399116,0,3,11,8,470.20556568838106,204.6050054273783,0.0,0.0,0.0,0.058689502274056386,0.33059190627961293,0.07348104842160635,0.27483420959679156,500m_25121_7908,0
7296.801633986683,628.3356926011871,0.08609931101373833,1,3,66,8,136.6881695870586,255.90865873351333,0.0,0.0,0.05132491510401473,0.5538964398455201,0.029630840971492885,0.25233752808789717,0.09476890035628781,500m_25121_7909,3
8630.003599227783,1850.5927409656297,0.21441223140391258,5,17,94,35,148.37041411279006,136.28627480860925,0.0,0.0,0.14451802823704252,0.6508525887355107,0.02909812026999629,0.1501107616443518,0.025304639731684217,500m_25121_7910,2
5178.475119445726,3644.5785288194593,0.7036578890274655,6,14,46,30,49.568828978317704,69.12235441429132,0.0,0.029382592206540086,0.044774647571083986,0.25316244271401467,0.07980637347122051,0.2800842681270015,0.29856260556489916,500m_25121_7921,1
4680.350898746203,2472.3555758341117,0.528128659720056,4,7,46,26,126.07864431983252,220.73522244613264,0.0,0.14092295662220336,0.0,0.2786014735869752,0.22921681306295394,0.038680306720449746,0.31236483645405877,500m_25121_7922,2
2712.3560944776623,1158.3330829061056,0.426900503499557,2,3,21,4,265.1677845232686,255.65755553926815,0.0,0.0,0.08396186580173778,0.0,0.6626814357848443,0.02306165728811136,0.22992649384836217,500m_25121_7923,0
2319.345631561671,1156.792815692249,0.4985433204249353,1,4,15,4,275.428852769249,102.99301034527296,0.0,0.0,0.0,0.0,0.2693277751473917,0.2693805098187431,0.46086074475668054,500m_25121_7924,0
1876.1752661431851,1249.0768079807851,0.6654023364302678,2,4,9,7,219.1509274702035,213.43012555572568,0.0,0.0,0.25574525696615236,0.18561075211402525,0.0,0.12423579468380866,0.4338754809280531,500m_25121_7925,1
4937.696248865518,406.69984685730435,0.08234963771070726,2,0,50,8,79.22692704108377,515.2249258020621,0.11736797385973684,0.0,0.03553398891802549,0.36972215182698265,0.35171324850964925,0.09578737237295738,0.029672781924206516,500m_25121_7926,5
474.58658292569993,0.0,0.0,0,0,4,0,373.914138866603,1065.4061542522452,0.0,0.0,0.0,0.0,0.7515261702741692,0.0,0.24637116317487753,500m_25121_7937,0
1540.3055439156099,0.0,0.0,4,0,5,0,253.16168057537502,947.761824275197,0.0,0.0,0.0,0.0,0.37618757451005147,0.02044543229712281,0.6027181925679613,500m_25121_7938,0
347.0387399253243,0.0,0.0,0,0,1,0,376.65323640059546,592.3299979391647,0.0,0.0,0.0,0.0,0.4781989691027334,0.5189277875329947,0.0,500m_25121_7939,0
4041.1178156205906,2093.7772806257385,0.5179901665741722,2,12,14,20,210.48496843391672,189.25598036019943,0.21708002738137608,0.17721162782424696,0.16043530189026348,0.041867984833369745,0.1644192730262453,0.22770718272785886,0.0,500m_25121_7940,1
7059.444389749943,2610.6231073530407,0.36975337007724807,5,15,84,23,235.73573054628162,116.29138449492235,0.08509079517627612,0.04039016278835015,0.08792739630835748,0.5016269835206751,0.08949275729478434,0.19533027076718887,0.0,500m_25121_7941,1
5204.1174629623665,1508.261483542025,0.28976511947602324,1,5,57,19,238.77211027302354,199.68161454384557,0.10192319348242218,0.0,0.010538345388973918,0.6870348416545422,0.08837725225048736,0.11193424860048484,0.0,500m_25121_7942,0
3393.213571605764,1860.5099844333702,0.5481416962083455,2,0,24,8,247.68737429918005,524.0487561905264,0.0,0.0,0.0,0.32233663001455737,0.16407860768839436,0.2859081217392932,0.22738202150126255,500m_25121_7943,0
2506.158613080754,0.0,0.0,1,0,9,0,207.43297271174427,831.2060050286543,0.0,0.0,0.17948714100457838,0.36365342115637184,0.06873974983305281,0.2439172585799963,0.14380357153373063,500m_25121_7944,3
4894.265055307802,6680.5458448653235,1.36469542902928,1,19,39,32,195.36628848559016,90.34921864359508,0.0,0.0,0.2082718960619651,0.022310246396709983,0.7692135785107302,0.0,0.0,500m_25122_7905,1
2602.206482315207,2037.8086974201385,0.7828071692598806,8,16,16,23,157.30183966678786,157.81948105157304,0.3986636261065186,0.0,0.09660168045785207,0.41367298432453575,0.09067756747392672,0.0,0.0,500m_25122_7906,0
884.7850074205631,818.4813342689904,0.9240180488631622,0,0,4,2,649.5182119540593,640.6664751790993,0.0,0.0,0.0,0.1880573941602906,0.13738474355485525,0.6734289201695295,0.0,500m_25122_7907,1
2578.077763374724,1686.0377129783606,0.6537366716590118,0,2,24,17,426.9807456617916,235.94510215140832,0.0,0.0,0.16950311256334635,0.549757870792941,0.025956980986660008,0.25439430015942593,0.0,500m_25122_7908,0
8517.238242660394,2496.969592794884,0.29313216203436887,2,14,71,42,112.2919258051341,142.8059302047324,0.0,0.0,0.08232709351559403,0.6237543047737929,0.0034367383027788805,0.1974319997647705,0.06719811980128054,500m_25122_7909,5
6201.312719872579,2276.936068546518,0.3671108135600902,2,5,55,20,48.45365131001227,131.5470902199305,0.0,0.0,0.08424963621702158,0.6090485093361024,0.03919470512022189,0.13109206147678312,0.12913529485795636,500m_25122_7910,1
7368.09518823151,1503.3042654226592,0.20400120055762683,7,3,79,16,96.51555612505982,24.65667429418886,0.0,0.10917697128812372,0.0,0.41497576406522796,0.17575646415492996,0.11767007433825258,0.16657326792471078,500m_25122_7921,1
5185.2370324509875,660.0042194171701,0.12726071239849515,2,1,47,9,186.59166539760307,234.86411754700094,0.0,0.15247802851791722,0.09514347944710914,0.6807935217084279,0.017054020643710702,0.01355247385909023,0.040785657795231335,500m_25122_7922,3
4802.520835900219,1937.9442741543587,0.40344246238523335,1,5,29,20,257.73148466650025,213.0727491450407,0.0,0.031709224726152514,0.11698436584564649,0.5637604637914214,0.019716332747425496,0.14555739507851667,0.12206403717955419,500m_25122_7923,0
102.49931422799281,250.732717174083,2.4225543815851576,0,0,0,1,455.3728116848522,448.2288409054182,0.0,0.0,0.0,0.0,0.0,0.9903381002332329,0.0,500m_25122_7924,0
3441.426423202367,1063.6724585150448,0.3089891628026571,0,0,29,5,273.2564442472581,263.8182753998402,0.026578877037239778,0.0,0.3930261192686994,0.07175507861113452,0.2928241083296969,0.1378880544107685,0.07763726956874185,500m_25122_7925,2
7324.78660019678,271.8468735953684,0.03710821628193022,12,0,73,7,119.56827277263356,552.0701560927429,0.16633374105099333,0.0,0.1039750843853354,0.2799401592166827,0.19520777324799735,0.09874940795534945,0.15411872093593554,500m_25122_7926,6
1522.9941790441515,0.0,0.0,0,0,10,0,403.4246205661618,627.9611174293603,0.0,0.0,0.0,0.0,0.9993438295147379,0.0,0.0,500m_25122_7937,0
3690.511716819122,833.1446553339918,0.22569199808795148,0,0,19,8,352.6745390550312,447.3711410757368,0.0,0.0,0.30250059407021396,0.0,0.3958257141505553,0.30140280004795295,0.0,500m_25122_7938,1
1986.1225229942738,2994.246512793543,1.5068253105408393,0,0,14,14,348.1859761092688,627.2703188223669,0.0,0.0,0.1962917019031411,0.2630350784493401,0.05958652904676466,0.4805834503684945,0.0,500m_25122_7939,0
7006.618617928982,360.30575602036976,0.05141629070659297,3,1,71,4,96.88948170750439,284.33015981472613,0.14218404518511882,0.0,0.16297447637613832,0.20865035175724972,0.14656081466832124,0.28192144538796476,0.0,500m_25122_7940,5
7125.545877211757,514.6499597376717,0.07221590495661373,7,14,81,8,53.258437130859534,42.92689161936216,0.08297930996978012,0.045611454486835526,0.18396871024085584,0.3385061943056921,0.1251098781211478,0.22368413244314947,0.0,500m_25122_7941,2
5024.7392694626315,1132.4275352215059,0.22532556396276976,2,0,57,16,146.44823286016853,454.9808641337868,0.0,0.10557138726593182,0.09058981720108522,0.4194316892458815,0.1595646745609732,0.22464345602397148,0.0,500m_25122_7942,6
3327.857866092554,919.2559060294859,0.276147538587617,0,0,28,11,373.45107110085263,880.4461643715068,0.0,0.0,0.1328277344800278,0.06166824328117935,0.1484853569320947,0.6567182619731146,0.0,500m_25122_7943,3
3600.8111060493384,526.3287121575254,0.14612890478169224,4,0,20,3,138.69321320083884,1201.074903490766,0.0,0.0,0.06341831513131184,0.2167237156190975,0.0059157561222850565,0.4059777488382182,0.3076868261868782,500m_25122_7944,2
6298.341353334961,4794.0856130006005,0.7610455354134037,0,10,58,44,268.5476451341648,97.27043786654694,0.0,0.0,0.16090930262808148,0.5418841805889,0.29704777002777627,0.0,0.0,500m_25123_7905,0
4853.080180219291,2324.566807500362,0.4788892480542721,8,22,44,27,53.50023549306366,51.74636662594422,0.22060426111377343,0.0,0.22243535362056666,0.2870163850298482,0.0779014358477406,0.19028828717343324,0.0,500m_25123_7906,2
1074.2576156862801,1112.2731312618155,1.0344247881024402,0,0,6,3,432.57720651428434,438.3433665155384,0.0,0.0,0.0,0.0,0.039563791994818846,0.9595061983168872,0.0,500m_25123_7907,0
3474.250114244775,2230.3724960304758,0.6417876189366503,1,9,24,17,116.1787848943186,111.72170143851876,0.0,0.0,0.1916570633429873,0.8080551875836728,0.0,0.0,0.0,500m_25123_7908,2
6371.249278341929,1428.5639116571801,0.22418518944520874,0,4,43,26,385.1904258312357,113.89793807922933,0.0,0.0,0.17433930024197464,0.7606800417388685,0.06482372756080251,0.0,0.0,500m_25123_7909,0
8519.686588968234,1372.702643193091,0.16110235118497782,3,2,77,36,135.08832629465485,83.0430302043939,0.0,0.0,0.09875747063145714,0.8220338064320617,0.0038804432337897336,0.07521091826830963,0.0,500m_25123_7910,3
6270.250960977354,422.71747140899555,0.06740560600099416,2,0,60,3,252.30688971916206,487.8004714900438,0.0,0.06300958569889413,0.11798268174032547,0.6835551751084258,0.060707120062702624,0.04092206844167939,0.024991923200584642,500m_25123_7921,3
5405.662914166732,1693.8431583170711,0.313288101220219,1,0,43,7,115.83610639943561,330.85006515044637,0.0,0.0,0.18704531215970246,0.763797385118206,0.0,0.04897234575031902,0.0,500m_25123_7922,1
3477.504157580775,597.7132832611927,0.17183055019744162,1,0,32,6,270.7830072229528,455.5926635101653,0.0,0.15324343872622648,0.14673776009040324,0.5835816994017742,0.04810148619720687,0.06804813569225872,0.0,500m_25123_7923,0
816.9593645431327,921.9003316405201,1.1270735095201743,0,0,7,1,749.786591099718,801.7422540672231,0.0,0.0,0.5958404516810343,0.40293699369908115,0.0,0.0,0.0,500m_25123_7924,1
6471.549773851332,220.63005207687536,0.034087038305708514,7,0,75,2,77.6869805889284,764.567582247884,0.16429858562437746,0.0,0.1097535627904189,0.3822160156291023,0.23238815002391394,0.11118918731341465,0.0,500m_25123_7925,5
5395.411376214395,363.1470154134144,0.06729416830859984,4,0,56,8,194.1030599778751,908.4790552720601,0.1178006520348034,0.0,0.1841474051193412,0.33477212563208164,0.24113616781399128,0.12195834106609844,0.0,500m_25123_7926,8
4093.027885970388,930.7356403527982,0.2273398389742991,2,1,33,9,127.34068392151784,148.77683712098846,0.0,0.0,0.1665649950246571,0.17786518448997873,0.49418899837727664,0.16113656387930886,0.0,500m_25123_7937,0
11202.746024107677,5407.727928337021,0.4826714133559378,2,39,205,56,169.38814573868203,17.605199019048364,0.0,0.0,0.20123779581328047,0.017903663540107733,0.6132814315636064,0.16748785322180929,0.0,500m_25123_7938,6
7776.366332970672,730.8193740457301,0.09396746183184913,3,2,105,7,62.83954653407421,220.55697172571558,0.07893443069800332,0.0,0.12243804599116688,0.25896642215683324,0.31255929566573654,0.22697322725789396,0.0,500m_25123_7939,1
7259.899211398789,247.26237901416624,0.03405396106118542,2,6,106,3,141.7565241087067,137.59343770213962,0.084122214688321,0.0,0.05456751323641826,0.497072384176208,0.18224226885639697,0.18185789505408476,0.0,500m_25123_7940,3
6413.564323765865,817.5321618675741,0.12744936687884315,2,0,109,5,23.824084460349933,388.68486148297177,0.0,0.0,0.1225942718787456,0.2262965093919953,0.34447173415635374,0.30648158933988134,0.0,500m_25123_7941,2
947.833732548701,1801.4759212490899,1.898621285744207,0,0,4,3,336.45854921454327,740.4869935808733,0.0,0.19685665205755426,0.10433564891809678,0.3024160392378023,0.04507282709096398,0.3502649072651347,0.0,500m_25123_7942,0
4113.181208995372,399.11010918056706,0.09700839338528416,1,0,34,1,198.4647598499247,1151.5393427844474,0.0,0.13210923911197237,0.14640969077471944,0.1880108598140037,0.17154035848042617,0.36168679008941057,0.0,500m_25123_7943,0
4097.455662373084,435.0055863172124,0.10613890258979547,6,0,33,6,182.0852799817374,1574.5620739697918,0.0,0.1197316391452183,0.016521302883700042,0.2658779335767077,0.019629281119421218,0.2979220318883146,0.28007381704282147,500m_25123_7944,0
5912.437712852555,8622.487230986706,1.4581175366481278,0,22,65,56,374.012860343424,40.47608717246519,0.0,0.0,0.21530860180155903,0.496966704713705,0.2875555871123424,0.0,0.0,500m_25124_7905,1
7364.050429429276,6273.246648917505,0.8517588180864125,8,29,71,57,80.77718884790012,68.70076730933131,0.12000602503490765,0.0,0.21785751949927445,0.4339599500771363,0.11251759247126757,0.11552313652191175,0.0,500m_25124_7906,0
2928.741576133536,2267.8722006885696,0.7740860897641169,4,8,28,15,183.44564490199025,175.8684832857593,0.23170652375398754,0.0,0.15588125822998053,0.43961440795023604,0.05306189988826488,0.1193945831444075,0.0,500m_25124_7907,0
774.3981223414615,2160.5639285452794,2.786393036419855,0,0,1,4,427.71971391414127,522.7803960374986,0.0,0.0,0.0,0.0,0.17229958876630855,0.8264107511594828,0.0,500m_25124_7908,0
2247.783757123785,1643.400560989712,0.7307952824648806,1,0,26,11,87.34944598933112,579.910912106535,0.0,0.0,0.3830826142002418,0.437829314862568,0.17864338611730346,0.0,0.0,500m_25124_7909,0
7184.218063339732,886.968173975083,0.12344345935728149,1,4,72,11,220.5491992231657,180.44058477566185,0.0,0.07643906136371682,0.03670489110803253,0.7779825689157677,0.028018705522537938,0.08071559846905146,0.0,500m_25124_7910,1
3882.57481119662,481.8145200161305,0.12406469385552334,2,0,32,2,153.30695968668584,1412.5667916038897,0.0,0.1299450287570873,0.0,0.4508275440605462,0.29175539073440576,0.12721454173017713,0.0,500m_25124_7921,0
5547.179990410666,861.141303574389,0.15521149369032078,1,2,48,11,310.36005525180457,1444.3390460421033,0.0,0.0,0.15333972952215902,0.7435192011839343,0.014644618038120191,0.08831621196979908,0.0,500m_25124_7922,7
2953.4234290338195,824.7313104712443,0.2791513573736297,1,0,24,4,190.7435252302985,1406.4807194546404,0.0,0.0,0.28692140184477327,0.23379087851635796,0.47246062570754305,0.006488618413506819,0.0,500m_25124_7923,0
2510.233448569231,1004.1374164952716,0.3998582517556767,0,0,19,9,368.15846748808,1278.001253892186,0.0,0.0674909284715949,0.05107744756886276,0.26635129238268057,0.3112562767769189,0.3034258441116575,0.0,500m_25124_7924,0
7092.472895556372,430.00464249643204,0.06061976253772728,1,0,69,11,513.5525301564902,1333.9912944823097,0.22578688088618834,0.017240091414516066,0.033313515956811465,0.21511063403055358,0.23483924466105052,0.2735686583809651,0.0,500m_25124_7925,2
7214.174080705398,298.14718984725727,0.04132224482906844,0,0,74,3,480.5510531779273,833.442202098972,0.0,0.0,0.0815911100056798,0.4756496693695874,0.13242645035070919,0.31019417347943345,0.0,500m_25124_7926,7
6221.576012869852,2108.4670005502176,0.33884150168505417,2,0,76,28,123.49899245328763,719.0564573135753,0.0,0.0,0.2840253909210336,0.4600512738517553,0.16342914646922824,0.09233348360983679,0.0,500m_25124_7937,0
7551.88822665013,1329.4873980651425,0.17602370883420304,1,5,95,22,349.11286825872304,596.2958523888524,0.0394530705235248,0.0,0.2710283968578956,0.39075413776617945,0.13045603239818482,0.1681759627721348,0.0,500m_25124_7938,3
6572.092628106267,1471.8980709368798,0.2239277847147788,4,5,90,18,206.0174999553738,227.56434058290913,0.07992356822122633,0.0,0.0766481095910405,0.2770538541097461,0.18766508520157024,0.37855724748801156,0.0,500m_25124_7939,2
4869.174359803641,693.0716589736804,0.1423094139491187,0,2,51,7,262.9827686809698,223.51138733881658,0.05950067176824257,0.0,0.0,0.6034658359609086,0.14798191825406573,0.18884624255919613,0.0,500m_25124_7940,2
1634.617903653715,1567.4639347532247,0.9583313628762287,0,0,5,11,762.2884066573566,698.6202825151215,0.0,0.0,0.0,0.13361039420136,0.7173196959761332,0.14845852008547453,0.0,500m_25124_7941,0
1913.9996598775447,1331.7455231201782,0.6954285951180467,0,0,12,4,1262.8400259150465,1193.7907861884037,0.0,0.0,0.33540063833722344,0.0,0.5896619534492638,0.07441521490927774,0.0,500m_25124_7942,0
2826.14385250097,2044.4721265313012,0.723158152961585,1,0,25,5,251.86102659007426,1448.2121615404362,0.0,0.0,0.2340543238789145,0.41657843647628007,0.18942902150100985,0.15958450427136017,0.0,500m_25124_7943,0
4616.188886875598,7278.509346131034,1.5763941056906432,1,13,59,49,161.42997784906404,32.468945475093804,0.0,0.0,0.27160774224426065,0.14461247652766304,0.5835631992288338,0.0,0.0,500m_25125_7905,5
6354.700655749236,7119.627018815933,1.1201954598625827,2,23,72,53,223.10600338000145,51.54640200461007,0.0,0.0,0.265560882352142,0.25485198086486655,0.4794297977177698,0.0,0.0,500m_25125_7906,4
4937.839163055439,6061.976394075078,1.227409153029556,6,28,48,36,201.67456576636607,56.16654407988128,0.1814493804063152,0.0,0.3311592620700775,0.31430711946572815,0.09278976213968602,0.08009199918894833,0.0,500m_25125_7907,5
3014.46315798242,1853.3736348784382,0.6146232063795101,3,5,27,18,278.72150253682986,285.2609134146652,0.07946130648277376,0.0,0.20216441853698744,0.42130044505671166,0.15825962311931138,0.13848258278906156,0.0,500m_25125_7908,1
1852.4362955078284,1412.0318213946425,0.7618453489968782,0,0,11,9,463.4651186457235,488.540732501216,0.0,0.0,0.12754152992791662,0.20225517320794004,0.3785559657585546,0.2911077927343896,0.0,500m_25125_7909,0
3886.438994303047,1824.1093079958,0.4692316228419251,2,0,17,10,236.93743967478233,255.97588020607347,0.0,0.3123115713039304,0.07038676690276417,0.21176339951233883,0.23020705285162074,0.17507397066586555,0.0,500m_25125_7910,0
5076.991933455837,897.9204402359135,0.17682588944658523,1,0,46,14,148.3553553238926,916.5477417148421,0.11235561743267654,0.04489436008917034,0.0,0.368685460045567,0.13161727891197292,0.34225035528340786,0.0,500m_25125_7921,1
5659.740495704558,153.41823866155556,0.027102150112334467,1,0,57,5,205.2326316332517,964.829170660165,0.0,0.0,0.09317405983049722,0.7174988899483903,0.10535591848076972,0.08379447640686517,0.0,500m_25125_7922,0
4136.852867868003,984.777226639185,0.23799232550928856,0,0,38,0,359.97342184599114,975.7963225733886,0.0,0.0,0.11939257341606707,0.31740034060991956,0.48786521306167396,0.07510020168043904,0.0,500m_25125_7923,1
1272.821062478095,1751.1260121598616,1.3747032952597096,0,0,9,0,354.86235576606117,779.3173953473317,0.0,0.0,0.0,0.0,0.7536137482924975,0.24560121208972877,0.0,500m_25125_7924,3
6567.748236297858,157.22135455871918,0.02393475117373794,3,0,68,3,39.30716873035611,1185.7501468099579,0.18679316390615244,0.07232666565745965,0.03816510795682323,0.25310938723272997,0.18644876945353148,0.26300466978668147,0.0,500m_25125_7925,5
6638.789395415097,255.35830203858828,0.03845879542729445,2,0,78,6,129.3695746812285,789.9173824789611,0.0,0.07714979719600353,0.05119467562936553,0.5393013411190242,0.16950816119619713,0.15162003217301895,0.0,500m_25125_7926,6
4764.131093990583,1851.9431003797392,0.38864473271580446,1,0,50,21,318.99815446264296,352.5721263118171,0.0,0.0,0.14817767836100978,0.44955576330938396,0.17217292812043247,0.2298837723940834,0.0,500m_25125_7937,4
6270.777450415529,1698.7219667921026,0.27085176095965524,3,6,77,28,113.58799659561336,126.10176269148178,0.1159182038604688,0.0,0.14128713917510163,0.441089302001064,0.20477751944381342,0.09676839108646909,0.0,500m_25125_7938,7
5489.622751456838,210.27993800874066,0.038298012361702806,1,5,59,6,115.6044109218094,110.00735065573089,0.091457347101198,0.0,0.06549067822021569,0.5419716534870324,0.059946511011269445,0.2409516814773548,0.0,500m_25125_7939,2
1988.7039197001727,938.3062947924407,0.4715808646212214,0,0,16,2,479.8796316960148,480.54925489706574,0.0,0.0,0.0,0.4408331260312269,0.2713949735479578,0.28726931308101145,0.0,500m_25125_7940,0
156.06432862267644,1447.006571368168,9.212827534152487,0,0,0,0,892.2345522055354,892.6402151485474,0.0,0.0,0.0,0.9936331819658278,0.0,0.0,0.0,500m_25125_7941,0
4037.746952669141,6782.6915270508025,1.6794049259679995,4,14,33,28,163.22642480042484,127.1777961857212,0.0,0.3309947900823704,0.23305605102180502,0.0,0.3675031860134071,0.03521810093167421,0.0,500m_25126_7905,1
5658.94569796002,7200.016292732665,1.2720998887547141,3,26,56,61,50.6090159061701,38.72142285654337,0.0,0.0,0.28852710509985935,0.0,0.705392002659825,0.0,0.0,500m_25126_7906,1
4026.6517606525094,5252.342768687093,1.3040707292519684,0,15,43,35,291.4318340015596,59.723978346072855,0.0,0.0,0.22981696794888082,0.06632522846322339,0.6238395893351765,0.07976993062259777,0.0,500m_25126_7907,3
4456.845385988533,2820.4754147478407,0.6326992460557034,4,16,43,23,82.97408401291376,92.15628935897217,0.23984021035390923,0.0,0.07294907717684382,0.5162586335319477,0.05407567448696526,0.11665208083356159,0.0,500m_25126_7908,4
2888.3064338102986,1838.9645228693403,0.6364726500969263,0,1,20,14,279.122511780564,156.6163257599961,0.0,0.039040349847712534,0.0,0.3705558909147408,0.06269626674757582,0.5273613886678566,0.0,500m_25126_7909,0
7435.504824903573,1316.1985563638832,0.1769915554893693,8,4,65,11,149.20332333798427,174.46802826846115,0.0,0.10839698572476142,0.09009815814428668,0.7009185163570908,0.0612656320207541,0.03918623597859237,0.0,500m_25126_7910,2
5908.903168317771,833.404488039243,0.14101829832120044,0,0,73,14,405.447220164663,432.1391647735808,0.006631720170010499,0.0,0.0,0.6360797618743915,0.08805768057339129,0.2690616298721142,0.0,500m_25126_7921,0
5443.489040994826,462.56741501338263,0.08496066601116008,3,0,43,5,195.84787657131466,526.8934514193592,0.09235774572124346,0.07770871245959184,0.0,0.3836487525893608,0.15636271492349008,0.2897384023414209,0.0,500m_25126_7922,6
2673.7382274819156,1619.2264988848008,0.6053775589131922,1,0,16,6,279.01538963309406,654.217552744359,0.4356630682960177,0.030195730587157826,0.026437383478372906,0.20069749482762436,0.19138860762886592,0.11524384681991945,0.0,500m_25126_7923,2
2402.885328390212,1197.75113828966,0.49825635363885973,2,0,23,4,197.36140623229946,288.42217548324686,0.3527894706304889,0.0,0.0,0.224601208945868,0.04032763094040747,0.38186569626251515,0.0,500m_25126_7924,2
5265.46378168447,118.33717701333339,0.0224699498408937,3,0,63,3,95.53073013308244,963.6655105757295,0.11950107386149822,0.025876203083402622,0.0,0.4501841242108677,0.18435318378848595,0.21989553432334893,0.0,500m_25126_7925,3
7597.985064464339,548.6327380986356,0.07219815981271564,0,0,95,8,351.95624514414664,499.6516055587417,0.0,0.04998216042535617,0.0,0.4572184809123037,0.2702684613619716,0.22239930077905462,0.0,500m_25126_7926,4
6010.360969027548,1994.1749741565882,0.33173435839757665,2,8,70,18,169.9572326734414,127.94209046106755,0.06980328761211405,0.06694643723455274,0.0,0.37216907581516817,0.2587844444229456,0.23213040323460235,0.0,500m_25126_7937,4
6130.296319023333,780.0786889387491,0.12722899829819503,2,6,70,13,309.5740893189057,123.97737202761776,0.11367724061313772,0.0,0.0,0.4701947996027441,0.24248148174245218,0.17348338039510539,0.0,500m_25126_7938,5
4348.6629050034635,1728.007483878228,0.3972738857281291,0,0,50,9,399.4533695799185,397.75293236418,0.0,0.0,0.22037795212220837,0.40294095420188186,0.17391023192148197,0.20254095888106993,0.0,500m_25126_7939,1
1258.3614762937464,942.6244452921037,0.7484939495419632,0,0,7,6,815.9027164402952,809.9272997702327,0.0,0.0,0.0,0.3333220686629011,0.0,0.6658838781452044,0.0,500m_25126_7940,0
80.07587700263522,1013.6879464194349,12.502953824187271,0,0,0,1,1186.8512601101536,1187.8220113559446,0.0,0.0,0.0,0.0,0.0,0.9876658750177011,0.0,500m_25126_7941,0
6020.4469368563,7693.776681637611,1.2777288851530437,5,28,56,53,70.54186402705754,65.26222909730029,0.0,0.0,0.32447319077763165,0.06656169010625664,0.5949835501088514,0.013815495966927249,0.0,500m_25127_7905,2
6052.071822721155,7238.383916057349,1.1958199287982905,14,23,39,32,159.8552703888491,155.85417768110506,0.0,0.17253519844534282,0.48153535140247006,0.0,0.09025068048578708,0.09254704131007176,0.0,500m_25127_7906,8
4735.493179246712,7681.447563577374,1.6217583923131553,2,24,43,44,276.77207093392747,11.931895262565622,0.0,0.0,0.3609641278095981,0.12741845844362185,0.5114062870836227,0.0,0.0,500m_25127_7907,0
6377.992869018645,3905.504453048692,0.6122446808205197,12,24,55,33,85.22370060647785,90.48909098016324,0.14678720725936517,0.0,0.16704811761483465,0.31409529797507335,0.09302419895069262,0.27888841364165734,0.0,500m_25127_7908,2
4012.539970791793,2255.381001164057,0.5619430770784412,8,5,29,20,173.77344910481222,187.23733078603402,0.06962894103094182,0.2740064691370173,0.11524457595471485,0.05953273952346733,0.3272333906452803,0.15410472710187254,0.0,500m_25127_7909,2
6581.635318150699,530.6205464506583,0.08060913612934717,1,0,49,6,188.9071663809785,346.1183011392919,0.0,0.0,0.08095886196910106,0.7727446949138761,0.1213933395992038,0.024751188676472552,0.0,500m_25127_7910,1
6526.492836155824,2289.374954154254,0.3507280684359225,1,17,54,23,68.9052580647268,40.96077565032217,0.0,0.0,0.06887445544304818,0.5337898097627788,0.0,0.2585032256647617,0.0,500m_25127_7921,2
2471.0796626961346,1731.7579194158193,0.7005267449703076,4,0,19,8,29.972424349634174,355.35816268578293,0.0,0.26295702101578733,0.02118807712361475,0.5085944600506882,0.015676111528440867,0.19117981257312397,0.0,500m_25127_7922,2
361.8528041778448,1309.36561850484,3.6085310721839745,0,0,4,0,472.9944045885835,502.0592837756919,0.0,0.0,0.0,0.29971179199854836,0.061392277528796,0.6361399920081154,0.0,500m_25127_7923,0
5727.835801659753,725.7033914372121,0.12667554396077507,3,9,68,15,44.976717428048936,108.09586038449096,0.12913574859018948,0.09095603979586939,0.0,0.4447720543137044,0.10338773201825613,0.23157386974668193,0.0,500m_25127_7924,7
6412.184838961998,459.8551996269897,0.0717046539549637,4,0,76,14,141.56211879786034,949.8397556058002,0.162428955225477,0.0,0.029034238310842467,0.3561953052938441,0.22591060691483092,0.22627496548870507,0.0,500m_25127_7925,5
7307.546791981753,1073.328190453132,0.14685931704380498,8,0,78,19,74.05733165717956,477.91722393965404,0.06579965414839961,0.06317517586348231,0.03739861443403974,0.22875134732595354,0.2482736471160002,0.35646473500585973,0.0,500m_25127_7926,8
6445.101161872602,529.0556759615365,0.08207374701017647,5,1,84,7,108.98266637640612,215.06185057380193,0.08608694140238031,0.021328357404771,0.07670714750926254,0.43621272882103024,0.1212860672762488,0.2582236250534958,0.0,500m_25127_7937,1
5323.365717677342,341.72972438556417,0.0641822411355014,1,4,50,3,134.4349456925395,71.74144712306504,0.10083494669338498,0.054278470939706794,0.0,0.39233399149272913,0.22747221653356509,0.22489255854188342,0.0,500m_25127_7938,5
4751.85539733334,6419.311494473941,1.3506220908962623,1,13,37,41,189.6502086142914,160.18699963585357,0.0,0.10375073395005378,0.1883851825990908,0.11012903042808837,0.49008103639502626,0.10744361679092684,0.0,500m_25128_7904,7
4947.236912415306,6312.598020495759,1.2757267148339688,3,31,38,53,150.94921796228877,32.715055696521084,0.0,0.11414495064328269,0.3259457738652234,0.3563851603100474,0.20332202299837238,0.0,0.0,500m_25128_7905,2
6040.660462860327,6949.039721747936,1.150187066033503,12,40,55,57,21.787418264557335,14.48122142761751,0.0,0.21797784170046278,0.23101986328308566,0.3055416692019613,0.15294205226835897,0.09235305613479303,0.0,500m_25128_7906,3
3505.5277730992743,5537.21198886,1.5791153948185868,2,6,29,15,235.63363087823603,225.30755611471005,0.0,0.13267724319049073,0.06392031208393205,0.6021888512650283,0.19334771542172463,0.0075806956405345014,0.0,500m_25128_7907,0
4440.750389308297,2964.103867629922,0.6673278792893886,1,13,35,23,104.37585875261375,116.43798139566273,0.0,0.0,0.37866963496809003,0.23139990930188023,0.32697681214090984,0.06272850711985606,0.0,500m_25128_7908,0
6484.934564794697,2565.1997317617866,0.39550194442070885,15,20,51,30,71.22305583799752,75.68603332659055,0.16845849014462552,0.0733899531114053,0.12628827161254572,0.3683552332116286,0.09878971325648138,0.16456415887780806,0.0,500m_25128_7909,7
2440.091494718172,680.1571312170345,0.2786282827533098,0,0,19,7,372.9129358500225,509.3692282327817,0.0,0.0,0.028649299181131342,0.8098669499310966,0.16107409807379014,0.0,0.0,500m_25128_7910,0
3246.9163258980643,1101.8937337967593,0.3392617368281741,1,0,22,10,129.42326647885284,997.3584522425341,0.0,0.0,0.15237686686864088,0.2002999986370768,0.5807666329710641,0.0662486118180472,0.0,500m_25128_7911,0
5621.670891568247,994.2941419464662,0.17683662464354957,3,6,49,17,20.564928597036992,12.908624090260426,0.0,0.019810149220109995,0.1172931874092895,0.4802536630361185,0.059162107351469116,0.21080311543400485,0.0,500m_25128_7920,3
5467.110309420078,0.0,0.0,2,0,52,0,189.56059726181132,267.2430435438463,0.0,0.15771564015494416,0.04597670837225453,0.6025131895383548,0.009213385292699347,0.11349893131193337,0.0,500m_25128_7921,3
1345.8410065360326,958.1536800695529,0.7114081583644736,0,0,12,1,327.1802741439178,597.2111732796578,0.0,0.23952231623723624,0.0,0.10741100334054962,0.3617922208445811,0.2905319814416486,0.0,500m_25128_7922,0
3767.1907420380226,789.5073236013022,0.20951893830467241,0,0,43,2,358.47445694183284,352.0497109973899,0.0,0.0,0.0,0.11604266991834944,0.3045135505474141,0.5791784001868368,0.0,500m_25128_7923,2
6840.28399473181,1282.5140073181951,0.18746685685111247,4,13,72,14,103.13779075938223,140.91984974818666,0.08775329295793749,0.005998250348721959,0.0,0.39719655363151446,0.08949780392905198,0.41940792774144253,0.0,500m_25128_7924,7
6128.090347328892,928.1100530266209,0.1514270471524537,4,0,75,18,107.31945998848052,480.03550953506465,0.08609640159599195,0.09040540311367007,0.0,0.31213112990003244,0.34952470574197547,0.16167920329994356,0.0,500m_25128_7925,3
6984.370999787115,2821.4677902181456,0.4039109433563561,8,15,98,39,65.10141361452233,44.320177749911764,0.0,0.12893567386269783,0.20637989632982925,0.13011762791425655,0.2781508534202578,0.25627279215384025,0.0,500m_25128_7926,5
5427.713519886786,2722.639715030396,0.5015257675794937,5,3,63,21,83.13379672010512,76.21734847760786,0.0,0.20479949577614473,0.15660046331059005,0.18421517591996822,0.2955187368781891,0.15868192241032442,0.0,500m_25128_7927,3
7653.364165171737,212.36016198106066,0.027743671113444605,4,1,90,8,114.04391066487962,109.97839916036594,0.11640620710151833,0.0,0.16376707880034902,0.4653364012834554,0.13056289142810482,0.12379677696223808,0.0,500m_25128_7936,6
6756.270859174533,540.6818330930813,0.08001482319729461,6,5,75,14,46.0077476329092,202.80730903246584,0.16355479114777818,0.0,0.10532880866084852,0.47197307897691365,0.24512335199116267,0.013871980483339501,0.0,500m_25128_7937,4
4170.45189635724,2092.7214760954303,0.5016770007399388,2,2,64,36,246.4481381425312,241.86188329667726,0.10119395374605573,0.0,0.0,0.5359366244587095,0.35662988136247287,0.00599981574580752,0.0,500m_25128_7938,3
2836.606054043969,2791.7791188464826,0.9838501418714635,1,6,25,18,223.41421762668423,160.05367036249956,0.0,0.0,0.32077920499404144,0.24054244436930014,0.4383259409007916,0.0,0.0,500m_25129_7902,0
1355.4921888859174,2365.5940182640315,1.743905374204098,3,3,8,7,178.4699825710529,174.10220313484763,0.0,0.0,0.38553390369167445,0.06869881071399664,0.21324037777429491,0.22979763539329798,0.0,500m_25129_7903,0
3837.86625176983,3737.2663157205147,0.973533869276515,0,1,18,9,277.1118555845339,249.67112045089272,0.0,0.33476071578298267,0.13787882061555556,0.08297829484516721,0.04482941591998185,0.22205360645753291,0.0,500m_25129_7904,0
3887.498395998345,9337.187582166198,2.4012322061840377,2,34,57,52,251.3333730411771,55.21170498972662,0.0,0.0,0.4014713679694561,0.09563431865075332,0.5026371446997088,0.0,0.0,500m_25129_7905,0
7446.566697989588,6253.166466383693,0.8396254400879264,4,41,72,60,53.09117029725768,44.929253897835466,0.0,0.0,0.24291970426150028,0.475555691722837,0.21512824961585533,0.06626208235626052,0.0,500m_25129_7906,5
4561.176220875295,3413.4369023878958,0.7482036504352734,5,20,30,24,114.44583040312486,80.93221087373574,0.0,0.22321349374005803,0.11591906073482455,0.4930890324793938,0.081003739386437,0.08655548002195547,0.0,500m_25129_7907,1
4355.41556019296,3580.3059039522213,0.8218467348862463,6,14,27,17,111.90116659747736,109.20814922939834,0.0,0.1729790362625981,0.1931184751283616,0.4080805290516001,0.0,0.22559241304467487,0.0,500m_25129_7908,4
6331.002084255548,2739.8871007500566,0.4327047060775225,8,23,50,26,23.82247871228347,28.383508397968278,0.148219820900574,0.0,0.0690846541246549,0.5366832077567761,0.022088206759790497,0.2237661825253486,0.0,500m_25129_7909,6
3534.4124697666753,769.3665345888253,0.2176171921008133,1,0,31,10,212.4008364664847,457.95967629739096,0.0,0.076716912069472,0.0,0.7396179199738419,0.014336962901010969,0.16904535262797354,0.0,500m_25129_7910,0
1324.226351876392,833.0928593486215,0.6286419358995108,1,0,9,2,84.44032918220343,958.2190254959227,0.0,0.41746290637902667,0.1528856704689826,0.10454958771963156,0.14329636367900367,0.18105088367971525,0.0,500m_25129_7911,0
2770.3736452728876,1682.4250045377435,0.6070726000470719,2,0,19,10,157.81944283097678,900.2941593774075,0.0,0.16453011410319934,0.13192308539085962,0.42758217367289325,0.11035158785185616,0.165252207087699,0.0,500m_25129_7912,1
8020.816051126678,49.90728402553841,0.006221444584051369,2,0,64,3,120.0704634263469,754.1644365999898,0.0,0.06887746402444604,0.2624606064431729,0.6410185183905751,0.02075542615861674,0.0034717474679598374,0.0,500m_25129_7913,1
6620.218522634096,272.1562055951883,0.041103643485688394,4,0,65,2,56.18569235825684,910.1826486039499,0.0,0.11604461022257247,0.049865986476712525,0.4959792918590051,0.06303011315592282,0.2749289686835196,0.0,500m_25129_7914,7
4753.279303150762,1303.5548258563285,0.27418557950359274,1,0,42,19,314.62403429096264,759.212786683723,0.0,0.0,0.031076263179241222,0.6433522516203236,0.056611986226645164,0.26874916215168987,0.0,500m_25129_7915,2
6220.163516238092,447.7766810258804,0.07197635616828295,7,1,58,5,51.624900707080066,772.045062453125,0.0,0.0,0.21339717516843748,0.4370233557207352,0.09856255829262854,0.23695768860351563,0.013898480578912143,500m_25129_7916,4
7396.201397675756,485.7841798484838,0.06567134700443873,2,0,68,11,129.041689940816,434.6129585845696,0.0,0.0,0.12596965877288213,0.6934908618312076,0.07062183939909387,0.10978245373565593,0.0,500m_25129_7917,3
6682.257157194678,492.1864054191854,0.07364469058164784,5,0,62,7,56.16236264572588,338.9014391895671,0.0,0.0,0.10224694996210502,0.3887345814640062,0.09717274972507108,0.25883547595397677,0.15286061525423378,500m_25129_7918,3
6739.916584484431,454.7043660904056,0.067454382559339,4,5,79,10,104.07483743844777,256.8335810551182,0.0,0.0,0.17711542636459968,0.44345831471296626,0.16044234786656872,0.21883556327741915,0.0,500m_25129_7919,4
8731.825501086172,2515.471150906703,0.2880477974275145,2,11,85,28,209.01855187976352,141.83033043436788,0.0,0.07016856582640894,0.07848419480844557,0.5086822962891766,0.12074152817456574,0.09817650579891027,0.0,500m_25129_7920,4
6787.448003503579,777.3294196939918,0.11450767823408313,4,4,98,6,52.89286497535853,56.97338801512868,0.0,0.12987101697893783,0.014573853793974035,0.7435292941724958,0.01738138526448061,0.09449714071453408,0.0,500m_25129_7921,6
2044.4020997173943,558.9901633090717,0.2732910870612215,0,0,27,2,343.9425024678627,374.301476464452,0.0,0.0,0.0,0.7132421750395475,0.0,0.2862689235360638,0.0,500m_25129_7922,1
3731.800324045053,2240.6989839006637,0.6002729290037481,1,5,34,8,194.62146486518404,184.29934614544607,0.10796492936859248,0.0,0.0,0.30871514426925883,0.18292353561565275,0.4001284953561218,0.0,500m_25129_7923,7
5993.313704391759,984.0998702288747,0.16417223368004077,0,3,78,17,313.502181470066,281.317312032619,0.038336061269836144,0.0,0.0,0.3682076118932605,0.2982335412184555,0.2950559608492893,0.0,500m_25129_7924,1
7730.990607468367,62.76839316245587,0.008118012081109821,6,0,104,4,76.46512956914059,649.7776898458428,0.053597857631602776,0.057545559756475136,0.08667011599992429,0.28432827154400153,0.3755062318029388,0.14222263046439013,0.0,500m_25129_7925,4
4765.404863888017,2239.4964819781208,0.46985024267353886,1,1,27,3,268.5011587912775,268.7670054167319,0.0,0.22836343860284058,0.08843905106910109,0.016923002158811543,0.3551032021335539,0.30730634556672265,0.0,500m_25129_7926,1
1913.4340255021993,4590.037193601206,2.3975948674424212,4,0,13,15,246.61691324911837,415.28616661206905,0.0,0.6581017629929693,0.1064364556024012,0.0,0.23493943381433424,0.0,0.0,500m_25129_7927,0
1068.9388407569656,6313.650506825308,5.90094523754133,1,2,1,4,256.77238488986166,254.03638911747808,0.0,0.5051414896560446,0.009890030288967597,0.0,0.4840338471938308,0.0,0.0,500m_25129_7928,0
3993.769269079303,5250.051548699409,1.3142314849912267,2,3,31,28,257.83788652484066,282.74570468566463,0.0,0.12778282134740884,0.1722779210439091,0.4010537258195407,0.1555563359781167,0.13077803440687905,0.0,500m_25129_7929,0
5523.81391954716,1418.7493669691032,0.25679586455382203,4,11,49,16,94.1260832523072,58.305282061640064,0.0,0.0,0.2712934596486006,0.3678130392745934,0.10660164843664512,0.25121594722721746,0.0,500m_25129_7930,1
4880.411602829537,2067.600117782445,0.4235660267992868,1,10,50,24,158.43643905139425,152.9901170327328,0.09528956953234519,0.0,0.22570002667562272,0.37019047747468947,0.18966748229081465,0.11894758525177959,0.0,500m_25129_7931,8
3542.8550410646753,1353.4571547163039,0.3819166244197411,0,1,25,7,563.2870075674131,246.0786576679073,0.0,0.0,0.2560151093887564,0.6519815841409119,0.07656677458255219,0.015154353303043154,0.0,500m_25129_7932,0
0.0,1401.507746107072,1401.507746107072,0,0,0,0,512.5811960380327,368.23961135171106,0.0,0.0,0.0,0.0,0.0,0.0,0.0,500m_25129_7933,0
3388.3895359570033,3189.9853058263957,0.9411680988522597,2,0,27,7,69.17331464846583,603.069825343491,0.0,0.0,0.29996103534438834,0.594510157377084,0.10523376889790195,0.0,0.0,500m_25129_7934,0
4155.159405538891,952.4306092220169,0.22916123187015341,7,0,32,10,132.86616184015617,608.3383399521805,0.13506174059044657,0.0,0.3222343647373116,0.29322842705821245,0.038701428194725766,0.21053343267099947,0.0,500m_25129_7935,10
6301.63798180387,109.82867951897457,0.017425827064168554,5,0,72,3,16.98416837595206,451.03932038100635,0.14908524419180275,0.0,0.043680778609103764,0.562684074893672,0.185160468144877,0.046231143960095734,0.0,500m_25129_7936,4
5899.225399254146,426.30072337811225,0.07225159964770182,2,8,72,9,87.22670726274052,79.73226523211788,0.13966625481130368,0.0,0.05274041972511319,0.3510015290319946,0.29683093894138496,0.15959137243966107,0.0,500m_25129_7937,2
2792.059379158291,2333.4684559412135,0.8354525053614941,1,1,36,13,244.8451771013487,243.67983106835382,0.12694081625686604,0.0,0.0,0.4773604118034371,0.15495692634932223,0.2403838152500748,0.0,500m_25129_7938,0
5165.121686600267,2009.2706461940024,0.38893211737648165,0,14,60,32,353.7751328097044,26.25563775681966,0.0,0.0,0.09715111688434104,0.47806690151641384,0.13177564139668932,0.29281277139781886,0.0,500m_25130_7901,1
848.530199440645,948.3249732741386,1.1162934218213114,0,0,4,3,579.9248807145282,501.50011959888946,0.0,0.0,0.1978404933374823,0.6479617031892999,0.15302068228240157,0.0,0.0,500m_25130_7902,0
633.4725241220747,1712.0345770233466,2.698358891730267,0,0,0,4,664.8763842667718,657.898684923329,0.0,0.0,0.0,0.0,0.0,0.998423887620061,0.0,500m_25130_7903,1
266.00040434527614,3081.5219575967594,11.541263261953103,0,0,1,1,642.3512309728012,409.02550317160046,0.0,0.8251841400435991,0.10113700901656304,0.06993353825968626,0.0,0.0,0.0,500m_25130_7904,0
5588.532037757405,4309.948932009956,0.7710750923147341,0,11,74,23,266.4547762469548,117.26099514343035,0.0,0.19111626770671947,0.07110223468011564,0.0,0.7317847077591351,0.0,0.0,500m_25130_7905,3
5641.726563268018,7185.478588760757,1.2734054199144544,7,32,56,57,155.48974063501151,28.423903469260868,0.0,0.12468804108198324,0.27915511141908966,0.18683116962363458,0.403728952925349,0.00541950565909373,0.0,500m_25130_7906,3
4592.203088360382,5755.408099064445,1.2530271334287835,4,22,44,38,193.44533879632166,148.1567983430974,0.0,0.1809081444458894,0.17108946860745328,0.441108010496034,0.20667666345584274,0.0,0.0,500m_25130_7907,0
6765.838297333513,2183.7531962363337,0.3227139618655948,10,13,53,19,143.4546685454866,176.69710296566754,0.0,0.15786722590635993,0.27811116342280573,0.3330561042037285,0.03885653094373555,0.19196119602043923,0.0,500m_25130_7908,10
7170.868073021195,2809.7908864203437,0.3917794998195918,5,11,52,23,84.70569663288514,89.38065115598275,0.1522672287954204,0.03353115178705977,0.06567831525312477,0.5690018896873049,0.0,0.17822334083232894,0.0,500m_25130_7909,6
4853.125837202509,2160.4471136240163,0.4450743936356434,0,0,43,15,297.3667265265493,527.8616281775377,0.0,0.10456009620241272,0.0711479815419689,0.5962061182309945,0.057884523796701615,0.1699952699114333,0.0,500m_25130_7910,1
1055.3724931936663,2477.6571444243464,2.345438905677861,0,0,5,8,502.26747426746454,1000.2680383489488,0.0,0.0,0.0,0.440947758994291,0.21572036189387056,0.3423852433309532,0.0,500m_25130_7911,0
1730.451519649302,55.23684762517913,0.031902046923246864,1,0,7,1,214.35601993425485,1348.3587986793916,0.0,0.2169944997800724,0.0,0.2545884504904978,0.1303098125812585,0.39752968704720004,0.0,500m_25130_7912,0
1758.7897893362574,5774.613300386578,3.2814222104133233,1,0,10,4,266.15606907528405,1247.2623883609174,0.0,0.10514611087598495,0.0,0.8202933381876025,0.07399230124769415,0.0,0.0,500m_25130_7913,0
3014.0718801025223,5050.961450038838,1.6752374904796925,0,0,27,2,352.54302558702915,759.8563449490016,0.0,0.0,0.0,0.8120213697330473,0.02883215443426166,0.1588148087813676,0.0,500m_25130_7914,1
6764.91055421469,277.90477716393207,0.041074261171072796,4,4,82,4,44.08168934708868,317.58070175181814,0.0,0.09064639905874708,0.018201286965892443,0.6121126868922314,0.013470691189620021,0.26542113612702073,0.0,500m_25130_7915,3
5731.519418731013,991.4631296177813,0.17295416852460624,2,0,55,8,141.36266763639364,345.5469098044297,0.0,0.0,0.1103625471558745,0.5443029167858034,0.10131869682263224,0.22955069374382497,0.014290702122909857,500m_25130_7916,8
6503.796752745867,1121.1620409082225,0.17235927324477077,0,1,73,12,312.4822708118742,178.74104090505386,0.0,0.05233532091755747,0.0,0.5096770366907611,0.20815285527788008,0.083724859938953,0.14595619446989108,500m_25130_7917,2
6675.809575584995,1066.6932386259991,0.1597609197252776,10,9,58,17,13.10552768540716,51.6662146875787,0.0,0.0,0.1748452962052563,0.6059042867152682,0.015379054955264362,0.05743078209810884,0.1462908078948648,500m_25130_7918,4
6892.939885406606,623.5129458133505,0.0904436296482988,6,9,57,10,78.92508756733469,120.86949151946939,0.0,0.0,0.2077837713228089,0.5570287982453639,0.004912543284922198,0.19311906311643678,0.0,500m_25130_7919,7
7787.605790470253,4305.566780253467,0.5528032739211866,13,31,86,56,104.95304473453801,94.6604004879222,0.0,0.08014063761503777,0.15769143822142884,0.29457577754265135,0.05232614813257841,0.30468219851774586,0.0,500m_25130_7920,17
7912.168607822479,2210.691259757915,0.2793686536102061,5,15,108,31,55.88810288512985,45.31987686778006,0.0,0.08771515978850042,0.0487038948229061,0.7389950253982276,0.02172201823272799,0.10273753012958887,0.0,500m_25130_7921,4
497.46601695623286,1396.6162378930812,2.8018283902706034,0,0,8,0,466.1274818758039,434.5208110906964,0.0,0.0,0.0,0.7742548213740088,0.0,0.22373902381105268,0.0,500m_25130_7922,0
4976.722425675282,1846.1871800815898,0.37088994166466294,2,10,56,16,47.4763953289727,31.438037684393066,0.11200191523679257,0.0,0.03564743416870063,0.3294055267133056,0.24011181603071782,0.28263241275941897,0.0,500m_25130_7923,8
5419.64243520089,1289.3880168948315,0.23786627365821567,2,0,65,12,101.55985494155848,437.2721328219559,0.10014727539875376,0.0,0.10049235365599972,0.11613623337829761,0.42636067309842596,0.25667898449000515,0.0,500m_25130_7924,3
5411.932876803476,948.4603540085938,0.17522115562768487,7,0,67,12,147.38478990875305,973.5335648272762,0.0,0.09588106121290584,0.1897263551132233,0.24919780334487165,0.3587919809142889,0.10621805668415076,0.0,500m_25130_7925,10
2899.6290874767587,7394.461417396538,2.549261278983084,2,0,29,14,193.82731892841315,739.0602686657312,0.0,0.3631152723704409,0.02652760000698893,0.0,0.4626420023199662,0.14737037250248983,0.0,500m_25130_7926,0
0.0,8227.58892706993,8227.58892706993,0,0,0,0,638.2401209369159,803.9963900862659,0.0,0.0,0.0,0.0,0.0,0.0,0.0,500m_25130_7927,0
0.0,8880.52923814542,8880.52923814542,0,0,0,0,748.6060852877472,659.7421748838858,0.0,0.0,0.0,0.0,0.0,0.0,0.0,500m_25130_7928,0
4916.112846534122,4510.240370470678,0.9172537851454371,0,7,38,12,752.5724305348418,169.8978653777758,0.0,0.0,0.10892717810947807,0.4543705688611422,0.4364988816545079,0.0,0.0,500m_25130_7929,1
5485.952036779103,1450.5048442186232,0.26435529862405804,5,13,43,19,224.75793970872422,172.31217934671582,0.0255042239714871,0.0,0.21913210876746328,0.377563218214582,0.13239120048203196,0.24522699801927017,0.0,500m_25130_7930,8
4531.535688627621,814.7641120744399,0.1797590064472581,5,3,37,10,204.75911464117735,94.12659287553109,0.07964439886873421,0.0,0.24911409540799215,0.20893645936771624,0.1764340611892395,0.28565035811146455,0.0,500m_25130_7931,17
4302.251253271989,799.3520558349296,0.18575537629301567,1,1,38,7,263.2783554219195,251.82441584129845,0.05314263587806142,0.0,0.1142128744979721,0.46494599590247176,0.36746611128757584,0.0,0.0,500m_25130_7932,3
3923.893211590885,748.6372605630136,0.19074079731702226,1,1,49,7,207.23703454070576,285.1156775684775,0.1314288186180141,0.0,0.0,0.5595336895182285,0.18026887321160265,0.12851383465012217,0.0,500m_25130_7933,1
5473.152353970053,328.6405238033071,0.06003496113237789,4,0,59,3,137.02732618552378,527.4620562695126,0.09603822953896807,0.0,0.12764234399229019,0.5324492890970473,0.16448205151879564,0.07920540916885038,0.0,500m_25130_7934,5
4820.656143184196,0.0,0.0,3,0,37,1,188.18248276082434,316.25379656100705,0.0,0.0,0.21795115018816666,0.44969558255638936,0.31432632035543207,0.017819549281786026,0.0,500m_25130_7935,2
5415.862076633408,357.2398671199378,0.06594959629135752,2,0,61,5,153.44120510834284,271.17387325874853,0.09666959586544724,0.0,0.06862605020306559,0.5147169994175465,0.17106571962004793,0.1487370261691636,0.0,500m_25130_7936,2
4329.044986082614,778.7315509963934,0.1798437553187896,1,3,43,8,168.67861363285698,35.37455702103497,0.11538974115572008,0.0,0.0,0.38805251994467416,0.2618730019026301,0.23445379251413234,0.0,500m_25130_7937,1
1435.1370720262828,1280.2864900865384,0.8914793128208501,0,0,12,9,546.402922147311,497.7926592170755,0.0,0.0,0.0,0.19513537581654872,0.326028266887792,0.4781400449314162,0.0,500m_25130_7938,0
6659.635898562309,4099.761230165978,0.6155209941817879,0,10,85,53,328.83325127688073,103.90458816045411,0.0,0.0,0.08670533390390883,0.5057572708997798,0.26868176880469896,0.13870549057647003,0.0,500m_25131_7901,1
4180.023791031646,1356.1465840141789,0.3243575381998859,0,0,37,17,412.7060444973641,562.2317200777077,0.0,0.054886402817033636,0.1780533854392364,0.5888284390055781,0.10929999176648525,0.0686926051023158,0.0,500m_25131_7902,0
1687.5505713216187,1489.0310441798356,0.8818397680647371,0,0,14,8,1262.4719766827488,931.5428954808932,0.0,0.372052081044944,0.05406116770559808,0.2065817861549951,0.19107661722870073,0.17563612396854253,0.0,500m_25131_7903,0
621.7590828471831,1217.7260667851353,1.9553726317693054,0,0,0,3,765.2364016072729,459.02230420235094,0.0,0.9983942426091513,0.0,0.0,0.0,0.0,0.0,500m_25131_7904,0
4425.9246754360865,2544.4691910472784,0.5747712865244603,8,15,63,16,281.2394825691827,235.3474517214538,0.0,0.35346256310995755,0.04555842295462584,0.0,0.4370467563199952,0.015795817462148226,0.0,500m_25131_7905,1
5176.460201277001,4457.611141343071,0.8609648298684397,7,33,47,39,159.02976144372138,37.56535518068745,0.0,0.1720231711917514,0.19011682934239926,0.3399894524483354,0.1547310011814264,0.13697330265746177,0.0,500m_25131_7906,5
3076.6142356877244,3912.7390082566276,1.271354597624639,5,22,37,31,637.5493310836183,362.9915138630934,0.0,0.04685305663045194,0.2800137166479048,0.1060814330911414,0.5667268666177505,0.0,0.0,500m_25131_7907,3
6294.424050636278,6433.420490975966,1.021920118363709,15,40,63,52,72.39548791446452,70.41265113496668,0.0,0.1786132621270585,0.3109485523370108,0.09251435115831604,0.2957411754301508,0.12202381341268266,0.0,500m_25131_7908,8
7094.271963012315,4870.278065975651,0.6864117529764092,18,40,57,52,56.42047395145518,49.391632331609806,0.1746968877572585,0.22398082850250772,0.0588993121393887,0.204020863064597,0.05021387905046989,0.2741624939094543,0.0,500m_25131_7909,9
7508.183231898379,2751.9869195847496,0.36648285633709676,0,1,82,38,328.87905875131304,319.8416428794517,0.0032971645790433788,0.0,0.12758854365155492,0.7805416160905716,0.0497650087269156,0.03867449667638397,0.0,500m_25131_7910,1
3426.3532904910408,1882.675743588035,0.54930892266385,0,0,29,17,349.2831189169194,680.6154439284858,0.0,0.0,0.17752496028851097,0.6327654052582864,0.1894178641233757,0.0,0.0,500m_25131_7911,0
1512.8193464759213,592.6148365808917,0.39146998481718626,1,0,12,0,503.390445706348,574.3424448712997,0.0,0.054516013839929024,0.41624108300351936,0.15524073783902342,0.3733415845141927,0.0,0.0,500m_25131_7912,2
778.8878849923859,3481.8627013046994,4.464568264627797,0,5,2,7,286.60040407761454,179.1076869988526,0.0,0.9170787441452124,0.0,0.08163902026779696,0.0,0.0,0.0,500m_25131_7913,1
790.0080228406714,16855.13382709294,21.30842335399167,0,0,8,5,352.04811001108726,451.9864267925308,0.0,0.0,0.0,0.17606758834724578,0.8226682019720372,0.0,0.0,500m_25131_7914,0
6717.723495468084,3449.6233166706584,0.5134343330243459,0,0,67,4,742.944501682268,718.7084574189448,0.0,0.0,0.24601087560776252,0.6492945629818622,0.042495670336716494,0.062050053277212136,0.0,500m_25131_7915,2
4930.078554511155,81.49644251194219,0.01652710286624533,2,0,54,2,1046.3813417194178,1039.7463125573477,0.0,0.12930514143470362,0.007557649195340954,0.48018381854665226,0.15360930192365393,0.22914129350936208,0.0,500m_25131_7916,2
4816.3393190331135,1336.4625158822478,0.27742752323921593,2,0,54,6,224.94301646126877,541.9277677702979,0.0,0.10572623467409047,0.0,0.3189328478808033,0.23577795216050917,0.3357658304883659,0.003589551328725029,500m_25131_7917,2
6899.2273311089,412.63567519433184,0.05980030155441549,4,0,68,14,22.259256086182262,712.102340938525,0.0,0.0,0.0,0.4425168195703183,0.12386523697387412,0.19188349725262302,0.24158952344165546,500m_25131_7918,1
7343.3886842962775,204.54800022707863,0.02785092252326484,5,0,71,5,132.02176627726976,913.341819854051,0.07711871154458734,0.0,0.09580863847020547,0.45854557242868044,0.10496722037218306,0.13932664255298396,0.0,500m_25131_7919,2
4624.624153135605,743.9219290561706,0.16082628082782793,7,1,53,11,46.136935535425316,696.1314911390104,0.06373450206919122,0.19008261564554862,0.08012751476655541,0.19279083672182068,0.03676342412299514,0.4362849196325525,0.0,500m_25131_7920,5
5050.37453205655,3087.8922082631225,0.6112974178942852,2,10,48,21,105.16418478377881,96.0724199768857,0.0,0.09984107099136362,0.0,0.7483603208137292,0.08948099389464134,0.06211964838155302,0.0,500m_25131_7921,0
1793.5889118812988,2499.4569750261826,1.392774110259022,0,2,18,8,289.5683272307944,266.2043349374611,0.09708978433477479,0.0,0.0,0.4867045406870165,0.27335611990335834,0.1422923243946763,0.0,500m_25131_7922,0
5643.761297401044,2422.0209785819084,0.42907411863404266,2,13,68,21,219.22324579033608,166.89305978678144,0.13156839371552348,0.0,0.0,0.5166741917152272,0.23197082044215883,0.11960943871744394,0.0,500m_25131_7923,3
6752.339487976889,611.2317265464972,0.0905080705086255,5,0,63,12,235.65739115814276,393.59598428992456,0.04807862372836414,0.0,0.07481989660125536,0.59886378194686,0.14680049441403312,0.13128912841975623,0.0,500m_25131_7924,4
6526.929509913368,1937.2281070676972,0.2967599610451992,5,0,69,7,178.62149823788187,413.39006060290745,0.0,0.25238368917705356,0.01159050796261063,0.24634249194596325,0.34169570505132396,0.1478344179343977,0.0,500m_25131_7925,6
6073.227314502842,3406.1675973346396,0.5607573475562998,0,7,47,6,553.4261459592417,234.9614527041091,0.0,0.0,0.0,0.0,0.9998353700070439,0.0,0.0,500m_25131_7926,0
4556.778565579944,1824.0214876541795,0.40019967214490726,0,0,47,2,559.9926971690187,587.497517174933,0.0,0.0,0.0,0.0,0.999780594869713,0.0,0.0,500m_25131_7927,0
2907.667656068524,2171.857874894411,0.7466847820730348,0,0,17,3,564.4938769026273,847.9469140612381,0.0,0.0,0.0,0.0,0.9996561999794258,0.0,0.0,500m_25131_7928,0
5832.919661798882,1596.203625094323,0.2736074059343723,4,1,59,2,590.9218477787841,832.3790256078014,0.0,0.0,0.1420133985331878,0.0,0.8517503560099359,0.006064834114592909,0.0,500m_25131_7929,1
5812.234150855162,1079.2489839178327,0.18565379544518582,3,5,60,12,235.43908711142683,129.7788102140434,0.11046871190251042,0.0,0.055851691650397335,0.26591912210473995,0.2483586763992505,0.3192297766595877,0.0,500m_25131_7930,5
6211.399045652199,329.10379519554414,0.05297531481430998,3,0,53,5,42.84398619046961,340.8374169402972,0.08044330673630645,0.0,0.11874318523571828,0.2661151294304534,0.2021236621022823,0.3324137480847021,0.0,500m_25131_7931,7
5662.602250029388,14.932961859989817,0.002636654411935854,1,0,52,2,427.13373303860834,354.32782832383594,0.062184959039893135,0.0,0.1837841526535561,0.4557158084244491,0.20637466779582042,0.09176384601475017,0.0,500m_25131_7932,7
6921.516107605391,478.50676107134655,0.06912324271021013,2,1,90,16,462.05013536124295,233.93959318111246,0.0,0.0,0.06446008681775289,0.247736613561965,0.21450676413010686,0.4731520793438184,0.0,500m_25131_7933,6
5066.830919913331,311.2941427957904,0.06142551867162807,1,0,54,6,190.16885295913934,344.22348594521003,0.0,0.0,0.18963046097657404,0.35549639947869005,0.024822548028404782,0.42985326843752203,0.0,500m_25131_7934,3
4003.6712579533337,1483.3995859101112,0.3704173177671098,0,5,35,11,296.26834969176025,571.383764311592,0.0,0.0,0.13311043094212613,0.4291589370107634,0.29882204905778903,0.13865887460239287,0.0,500m_25131_7935,3
5012.87141355483,420.5573314613406,0.08387876289056362,2,0,47,6,130.4846287805264,790.4229760954291,0.10693284373091894,0.0,0.028378871895150506,0.3366779598107064,0.35627531798275647,0.17153555990193933,0.0,500m_25131_7936,2
6361.78177506584,48.01526667011129,0.007546269598349449,1,5,68,2,362.3201298570962,290.8392698656871,0.07206891469001103,0.0,0.09244041100105606,0.5685696336842463,0.15695264852849986,0.10981122813310441,0.0,500m_25131_7937,4
2987.7254802632096,606.3098466285795,0.20286568660537646,0,1,28,2,734.0735777193523,214.85836842102026,0.10186787120855643,0.0,0.0,0.4742649360244261,0.09983444089448781,0.32369816108906546,0.0,500m_25131_7938,0
6156.138271598881,3416.0130909046356,0.5548053235480722,5,29,60,46,94.0821206779509,74.66954792094488,0.09869471441430477,0.0,0.19339776439516665,0.5200712063401909,0.0596330277623037,0.1280408739740364,0.0,500m_25132_7899,5
4196.744805976547,6276.319557932794,1.4951646295879808,2,12,35,57,29.608397161193963,20.805665690553447,0.0,0.0,0.2266864212063059,0.04492550283813315,0.4991020044224322,0.22904784838088382,0.0,500m_25132_7900,0
5929.223101085707,2188.0173969433463,0.3689603847354012,0,12,63,27,323.85285193833016,183.55671082849298,0.0,0.0,0.12375647369950635,0.2575330627134678,0.14922623568626261,0.4693156001808697,0.0,500m_25132_7901,1
3402.5112806149396,171.21121166508823,0.05030428799817409,1,0,29,4,89.64889904430028,469.4927474505342,0.0,0.16378653524514575,0.11718975733924189,0.36375857457564054,0.08127930771918203,0.27369201090436696,0.0,500m_25132_7902,2
809.3242025026556,1030.0517001231206,1.2711599837964174,0,0,6,3,1303.2539845585939,950.5030808487678,0.0,0.0,0.4944560292132308,0.23313543775115292,0.1905589111736909,0.0806155478987988,0.0,500m_25132_7903,0
939.9359218926177,1064.8638589928066,1.1317070952620427,0,0,2,5,847.5982190761324,496.370232337122,0.0,0.0,0.5736483200367045,0.4252889083369469,0.0,0.0,0.0,500m_25132_7904,0
1710.798520547397,2623.6818466593395,1.532704821955531,0,2,8,7,390.70592929533404,157.76835817133272,0.0,0.0,0.5110278566889596,0.0,0.4129074960813172,0.07548046632992891,0.0,500m_25132_7905,0
5338.245680747254,2451.9818701225513,0.4592375059578424,7,17,36,18,52.5850029282545,168.2370033843133,0.0,0.18869564713902964,0.1577711754947926,0.5277611546905991,0.0,0.09804290953261023,0.0,500m_25132_7906,3
648.2858066226022,92.81519581070106,0.14294967618882504,0,0,9,1,522.4616272026209,442.81183807253666,0.0,0.0,0.0,0.029173790612830982,0.8005207338906799,0.16876532170011768,0.0,500m_25132_7907,0
2500.333859059206,1522.9223250319503,0.6088440851333404,0,10,42,11,379.8617279286505,90.10211491989959,0.0,0.0,0.22808817825919925,0.18082859493264786,0.5906834401117956,0.0,0.0,500m_25132_7908,2
5829.530465950011,2438.1770405941224,0.41817413609841286,7,15,43,20,61.61128396839583,66.97062376293313,0.0,0.17332164504966407,0.1802533588150244,0.6148976963027774,0.016156152665090566,0.015199636186437326,0.0,500m_25132_7909,5
6545.295748839222,2459.1423492826766,0.3756540253652193,9,19,67,38,106.27763874920333,78.88268743279646,0.19056232342353235,0.0,0.12825526357922243,0.521838525989922,0.14838554572936122,0.010805583132231632,0.0,500m_25132_7910,4
1602.7862575974266,488.92527312699053,0.3048568790328903,2,0,8,3,142.03153863626835,405.85801934874695,0.0,0.0,0.38350976379403207,0.10267652680865015,0.5131901849125166,0.0,0.0,500m_25132_7911,1
3791.910925013383,4512.71644424052,1.1897765419377988,0,1,27,17,323.72106596644295,174.11050532648977,0.0,0.2893022369485945,0.11061123558844714,0.0,0.5998228777174812,0.0,0.0,500m_25132_7912,1
5493.652354958281,2270.9461029891227,0.4133011437820738,3,1,53,19,206.68840000107664,252.26842299954797,0.0,0.15346295024713866,0.0,0.07189765879671982,0.20955739644418833,0.564899999376429,0.0,500m_25132_7913,2
6150.882146396331,3203.5875171397533,0.5207491692629972,6,6,63,33,65.37681809931728,56.58777799085125,0.0,0.23125810875980904,0.0,0.32605148088400987,0.11171317341518358,0.3308146850623689,0.0,500m_25132_7914,6
8324.669850319471,682.3639957597189,0.0819590505061326,0,0,103,4,344.4856748874591,427.22872731247145,0.0,0.005244840543421354,0.02719684939119047,0.6667582804541192,0.03606621609710315,0.2646137030584342,0.0,500m_25132_7915,1
8133.388890991036,52.501513670622884,0.006454266494286884,1,0,75,4,638.5745400645616,634.6873990119016,0.0,0.022880173139646007,0.11047256495775616,0.4402686734147953,0.11477248156627036,0.3114831720565533,0.0,500m_25132_7916,3
5677.109886323535,1195.0422319145323,0.21046479477139862,4,9,64,16,149.52776788031144,67.69647389729711,0.1274971027498415,0.10436206880303683,0.06288293768142107,0.23452200793936576,0.17079677395258486,0.2889882837866563,0.0,500m_25132_7917,16
5984.921529313852,350.96958887484277,0.05863250748545535,13,0,51,9,90.85626788896538,353.9680388539096,0.09822473594725374,0.0,0.08688606905083959,0.1219270498447727,0.06434949487465264,0.45810040459828627,0.17034518702913148,500m_25132_7918,5
6409.6403710847735,0.0,0.0,1,0,58,0,290.4362504092572,604.7872620313224,0.0,0.0,0.0,0.3228599696363042,0.12853950915511259,0.36861731965975353,0.0,500m_25132_7919,3
7573.637063806293,1021.4109879239206,0.13484619518003105,7,4,89,16,89.39698356838309,212.34698799278246,0.0,0.19565469931085047,0.021073151215738183,0.5737836845016436,0.08427000482763364,0.125086440617445,0.0,500m_25132_7920,4
5401.2047672534245,2704.409688554393,0.5006122139145351,7,24,50,18,102.81359731637743,35.85115785716113,0.0,0.3660156728720236,0.008077130655957785,0.503592017165959,0.007446274670457559,0.1101135365821535,0.0,500m_25132_7921,1
3739.826185290968,4291.270937594212,1.147145236115917,3,14,38,32,127.59746908259196,118.0822571224553,0.1394137336337679,0.16184513512614007,0.0,0.29514441484076415,0.19261392818467724,0.2107154675880114,0.0,500m_25132_7922,3
6825.732862262018,111.56985270908653,0.016343081670273266,2,0,76,4,141.1993537628112,315.6932454879563,0.07463459432036774,0.0,0.0,0.47281167320949125,0.13822288600999014,0.31418436350554113,0.0,500m_25132_7923,1
5455.893130623906,629.9099560235463,0.11543380838604156,2,9,62,14,140.28751775969167,137.61304229180027,0.0,0.0,0.1326427589137257,0.48566665122244607,0.24563877951946309,0.13586855588508567,0.0,500m_25132_7924,5
6125.226850365687,5580.346850691533,0.91089458274932,6,24,62,38,33.9327493271639,20.616434108928235,0.0,0.2632667766133664,0.16968411395184402,0.2525445110675044,0.21739879315911334,0.09016187598133253,0.0,500m_25132_7925,9
4542.7522692131515,2296.2269722576007,0.5053591913045122,5,12,16,8,74.18930312001187,97.65453754213563,0.0,0.22399130762490935,0.07182456371593424,0.0,0.6972968254640959,0.0066672207740238005,0.0,500m_25132_7926,0
2522.804704230704,937.6032609049097,0.37150388828944914,4,0,6,0,74.18762681554924,424.2085541873019,0.0,0.4747038251192025,0.13624532986480056,0.08009477590242871,0.30855984194182073,0.0,0.0,500m_25132_7927,1
2467.0102216340833,193.08227497791967,0.07823398512915349,6,0,17,1,93.17845737156269,354.6394723662432,0.15092087540134538,0.3309348556576705,0.0,0.0,0.5045552647222623,0.013183819511124633,0.0,500m_25132_7928,0
3030.4816264679985,935.4578892657272,0.3085810849382043,5,4,11,4,191.94686141094306,360.46387493584734,0.0,0.32493031845858905,0.3716697898172966,0.007513773257109103,0.2831618094323604,0.0,0.0,500m_25132_7929,0
3003.984034866853,898.3375150202838,0.2989491806268741,6,3,18,7,79.23761349584528,71.31416235006638,0.16377833285048668,0.1992965374650091,0.09114185591772937,0.22466818309418787,0.2061497443183352,0.11463256588407422,0.0,500m_25132_7930,1
6229.757375078217,974.130904772353,0.15634229454491066,0,0,66,6,371.24976963183695,457.43229609881126,0.0,0.0,0.08111628088651689,0.4406197452660772,0.2343484244004036,0.2437550553144589,0.0,500m_25132_7931,0
6388.369080643589,823.5417156592931,0.12889249396379202,1,1,76,7,293.6271194083689,324.7186456774994,0.0,0.0,0.07482366829195583,0.6083829899858768,0.12330685455799342,0.1933299771884042,0.0,500m_25132_7932,5
6528.435041286212,1432.0185380215314,0.219317372631284,3,1,77,25,127.076442623132,174.41235950627294,0.0,0.0,0.12758880844690124,0.4638202175070896,0.047600443346143426,0.36083737809268307,0.0,500m_25132_7933,10
7070.910689642909,827.078622492296,0.11695263964568799,6,5,84,13,36.998147836608354,130.64889942287678,0.0,0.0,0.2195861897145753,0.04542576041132185,0.44532437810711833,0.2895222672662939,0.0,500m_25132_7934,11
5601.015003017598,1240.9449620080075,0.221517607742849,3,0,62,11,23.25893524420686,454.11861977523444,0.0,0.0,0.13742427769226115,0.37699253837730284,0.22665993523824796,0.25874474149442717,0.0,500m_25132_7935,5
4332.190577170697,174.8938606470636,0.04036145134453292,2,0,32,3,158.44962776246004,797.034467427499,0.11534527982708483,0.0,0.028723217203843073,0.4019743949863952,0.17499882536977596,0.27872750577948185,0.0,500m_25132_7936,3
5079.496752870585,227.03708575395493,0.044687969857607784,1,0,51,6,233.78859812202774,349.3645240589851,0.0,0.0,0.10525504089506438,0.4644783855744979,0.12246575605977673,0.30760398632429026,0.0,500m_25132_7937,1
3970.3901078959243,395.2463782531856,0.09952343323496629,1,5,47,4,319.3184730785216,179.65030004636216,0.1369330121958282,0.0,0.0,0.4769865535987582,0.272664476149376,0.11316415705617723,0.0,500m_25132_7938,1
617.3100631726861,543.3533062241022,0.8787715720427318,0,0,1,0,882.2181665917665,875.7200015438974,0.0,0.0,0.0,0.0,0.0,0.9983826884607558,0.0,500m_25132_7939,0
3485.8084908936303,1657.6232282524707,0.47539841450473247,3,15,28,17,253.3035267154919,188.3913982956197,0.0,0.0,0.3967083775238337,0.43288237849311156,0.052648561469161394,0.11747388729625709,0.0,500m_25133_7899,0
4239.4426646621405,2069.1033667193255,0.4879451345875425,2,10,36,18,223.32318048019332,151.1326330934659,0.0,0.0,0.29498121473197775,0.04469779748096614,0.30904892434915915,0.3510362390018459,0.0,500m_25133_7900,0
5542.388206019124,2277.672380892946,0.41088090825387313,0,10,54,23,275.19701540808074,124.8408652471126,0.0,0.037828246638704745,0.18300135655886354,0.2143989011858541,0.13877682948400347,0.4258142710451594,0.0,500m_25133_7901,0
3208.2497843899546,628.4215910448426,0.19581573054909437,1,1,32,7,265.61733006285374,258.11679822012485,0.0,0.14209663239263787,0.0,0.31691940367624066,0.2674412645085562,0.2732311001183091,0.0,500m_25133_7902,2
525.387759075463,1873.332186101156,3.558844509210167,0,0,4,3,1188.8937757459007,1160.7824159210134,0.0,0.0,0.0,0.6235629017721693,0.37453735800257093,0.0,0.0,500m_25133_7903,0
38.41854551876773,1827.2573243720637,46.35527009747431,0,0,0,1,688.3580125862738,690.5446986969414,0.0,0.0,0.0,0.9746312303805353,0.0,0.0,0.0,500m_25133_7904,0
631.582104392786,1486.6198495888182,2.35008205142923,1,2,1,2,189.63843177074585,198.3900853477317,0.0,0.0,0.9984191775374994,0.0,0.0,0.0,0.0,500m_25133_7905,0
5641.24103914262,5063.058863818116,0.8973489130814385,14,41,44,48,49.38774089524561,33.62367053826877,0.0,0.363671525815374,0.14644747007159367,0.2498500205533043,0.036085449293968314,0.20376829972489813,0.0,500m_25133_7906,8
3736.660133036548,1898.3891839537234,0.5079084551252216,4,14,31,23,230.65159878735926,234.30604783509827,0.0,0.11984487642471299,0.04925547706293631,0.5254517795927373,0.04768892929861679,0.25749139055561115,0.0,500m_25133_7907,2
2957.373604725441,2400.91224866117,0.8115649236547297,1,4,14,8,212.99554494861255,211.20305509493812,0.0,0.2753476924425192,0.1839861603714898,0.3377132740205999,0.0459381035938562,0.15667674600399048,0.0,500m_25133_7908,0
3087.5810809692557,4566.3228594696575,1.4784532896370195,0,4,18,11,294.07489118031265,35.68620622791858,0.0,0.11557226130217368,0.38392008754676915,0.1224060559965968,0.3777778218832452,0.0,0.0,500m_25133_7909,1
5698.05488745272,2195.097356502031,0.38516866390159704,2,5,72,24,282.2233076067258,266.8364926349351,0.04412349713137424,0.0,0.023291182611005202,0.7260907187210334,0.2003567704720762,0.0,0.0,500m_25133_7910,0
4743.377188418428,1964.6623421383154,0.4141033193849517,2,8,45,16,207.8261466533541,152.06532621688606,0.1903275342295538,0.07066003477585948,0.0,0.6605950563442922,0.07239655762654953,0.0,0.0,500m_25133_7911,3
6408.504041495379,3489.7953172207367,0.5444719739043249,5,22,55,49,137.78599432817808,97.26945249437226,0.0,0.15019246959701768,0.15698340974074917,0.5556567024128978,0.041208448293551046,0.09580295164398937,0.0,500m_25133_7912,2
4904.895345303422,1668.8208345319063,0.34016641552077226,0,0,38,24,452.46113392713846,414.93833954675955,0.0,0.0,0.0,0.31164647431558623,0.20494235423520493,0.48320733505857827,0.0,500m_25133_7913,0
2711.856565550659,1251.1937226219206,0.4612089479813511,0,0,17,2,355.1129341282899,417.83360639394556,0.0,0.0,0.3465867368029974,0.140985417252128,0.09834848030662799,0.4137107504992451,0.0,500m_25133_7914,0
7214.437773086176,3702.603410163915,0.5131502102304519,3,5,73,28,63.40128917598032,61.52095247505731,0.0,0.1686394916172161,0.12151818078843284,0.4554549331768467,0.07175720772950224,0.18249159495851228,0.0,500m_25133_7915,2
5277.061509234345,5572.065847764406,1.0557030906168257,10,25,72,54,202.6740503302899,197.915126486605,0.08710402200751391,0.11906315891039349,0.13170729205407164,0.16039635575966069,0.12372500281413554,0.36518453878235646,0.0,500m_25133_7916,15
3893.053994137979,2381.3158604780347,0.6115261534798474,1,0,50,22,240.2923257633051,265.17444522449387,0.05233015682175389,0.0,0.0,0.3190191139809876,0.10384312448140699,0.5245508029351106,0.0,500m_25133_7917,6
6997.023124883996,957.8947153485693,0.13688075878778236,4,6,68,9,103.40745054289485,39.2873671717393,0.0,0.0,0.007730315995914589,0.13180894783296568,0.006635463625639556,0.7115174964866008,0.1421648785602352,500m_25133_7918,4
8371.685913375104,73.66558249182935,0.008798321500887891,3,0,100,4,233.6452939322994,451.15157375166706,0.0,0.01156835039679016,0.15914479835933532,0.4124667216877857,0.06029036995640936,0.23393888619810024,0.0,500m_25133_7919,3
8416.335912177756,1332.3470509260385,0.15828607350675755,7,6,88,19,130.49940023895445,128.5381533899248,0.0,0.1773994157029638,0.05920044195293866,0.6962138984317959,0.02071161500636505,0.04635582647124321,0.0,500m_25133_7920,4
1761.47808226464,2439.8831886494895,1.3843481023687054,3,4,16,10,132.4515120447342,135.01842910231673,0.0,0.43897410879676857,0.0,0.2818920363010848,0.1300308575140437,0.1485356144458339,0.0,500m_25133_7921,0
4345.491019749759,2196.9594664280107,0.5054558853211426,6,4,55,14,89.3958208360833,259.5346009065906,0.17954843144243957,0.06530486706849142,0.0,0.36602126145810127,0.2618108112348676,0.12708455814935216,0.0,500m_25133_7922,2
6697.734427520536,1995.0137918610492,0.29781950806482144,6,19,70,26,135.00856276015543,126.51170351004386,0.07571826243381417,0.0922227717719963,0.18903674494759384,0.33966002324904965,0.23813606293267248,0.06507685273545558,0.0,500m_25133_7923,3
7060.155120215786,10405.104403326872,1.4735697242420722,16,37,79,55,35.53703591414575,44.878090208274536,0.0,0.0,0.40196535232368863,0.45993537156111736,0.10399227802871454,0.03396537819809439,0.0,500m_25133_7924,28
6519.2468818894085,16952.902870039758,2.600040025651179,15,57,79,95,31.403519642897848,14.390759165815545,0.0,0.21237676430236743,0.30215701825456776,0.16166553174321172,0.2138045093401942,0.1098428079338742,0.0,500m_25133_7925,23
4431.467289365288,8164.011316455886,1.8418661173300934,10,20,29,28,70.19341859014993,53.39540750679276,0.09229045171674838,0.0,0.6160232273684318,0.0,0.2914607129329179,0.0,0.0,500m_25133_7926,3
4065.4096103381044,3880.9290911606727,0.9543871530536714,11,14,22,26,60.14102638726487,60.16637393820796,0.34367665986289786,0.0,0.3356134682690067,0.049701283703252774,0.27076267098093293,0.0,0.0,500m_25133_7927,2
4090.2893574618683,675.9625087280112,0.16521992205101846,6,10,31,11,167.62553991005842,160.23251305298405,0.17472627471258695,0.0,0.10729840012806585,0.0,0.7177309034348913,0.0,0.0,500m_25133_7928,4
6192.618419181458,236.943873311449,0.03825613030625856,1,1,48,1,248.7950589049075,261.81862932237647,0.0,0.0,0.1397675410889852,0.1717397887617075,0.404588040698518,0.283743172943087,0.0,500m_25133_7929,0
4239.61961835623,74.99691953363379,0.017685368244064407,5,0,29,2,159.22427851139798,449.21008329102693,0.12309344529054178,0.0,0.2448894663942596,0.1877189959124661,0.17411737363469615,0.26994490417252953,0.0,500m_25133_7930,2
4486.8557866820265,133.87985390678307,0.029831585565667982,1,0,46,0,199.86003112860473,625.8733320874292,0.0,0.0,0.12417366108723106,0.32630989320832093,0.22069468712925247,0.3285989350158992,0.0,500m_25133_7931,5
3827.0191587669106,851.2604967893733,0.22237623728706288,1,0,31,3,193.27542445239536,538.8668043553532,0.0,0.0,0.1304349298702941,0.3164407145887115,0.1247888082756006,0.42807431555297953,0.0,500m_25133_7932,2
5836.75535454505,534.1674316933577,0.09150219549325164,2,0,75,5,226.63876469651723,341.73461595316985,0.0,0.0,0.048699307344741156,0.2441595638996807,0.2918832357140936,0.41508659432489464,0.0,500m_25133_7933,3
5215.469284383855,104.40277971668462,0.020014069675293063,3,0,49,2,134.51769407473728,623.8511558137095,0.0,0.0,0.2776649179093013,0.11880185956642493,0.38499582441837166,0.21834569756182073,0.0,500m_25133_7934,6
6505.175719835964,525.5004593171554,0.08076948455526875,3,1,70,12,142.04035042595393,302.24479752430375,0.045456971090718376,0.0,0.22574342519757132,0.25119514859146924,0.17777690790661593,0.2965650197393642,0.0,500m_25133_7935,3
4481.287209194623,552.7809467600788,0.12332564178978671,5,0,39,6,96.69019868848103,380.10366189502014,0.18811429761359666,0.0,0.15423161770731808,0.3513822627791128,0.1211834470287877,0.18486527448664336,0.0,500m_25133_7936,4
5365.585188449065,132.60933355088451,0.024710188862055206,2,7,63,5,197.93866856165513,191.91106929426644,0.16963052069443402,0.0,0.01020596782378279,0.44138161629867007,0.12185104565369428,0.2567445112966539,0.0,500m_25133_7937,1
3198.1837280421137,430.2850561804872,0.1344983885760821,0,0,18,1,303.29026792091105,290.6606957681681,0.007329832088515169,0.0,0.15394261834573267,0.6303402713983052,0.08664550635683554,0.12142919207621454,0.0,500m_25133_7938,1
6014.978876316466,2869.23383758805,0.47693549072846114,6,31,58,33,91.67437569242816,21.623956767617607,0.09457109717902651,0.0,0.17750939679061903,0.6478188907578153,0.028189359816436676,0.051745031468193016,0.0,500m_25134_7897,5
6928.772937482625,2823.674119052118,0.40746993365093903,6,17,70,30,143.45173794231056,93.34983191059708,0.07537357569677852,0.0,0.16451462799672784,0.4023264559325044,0.20424821720447958,0.15339281829703746,0.0,500m_25134_7898,6
4646.299923773268,1106.7840932601873,0.23815637282165328,1,4,41,23,205.2474172144851,214.1944309076968,0.050265090872711825,0.0,0.18016584235488273,0.5663696498227245,0.15780274076768566,0.045181497472551256,0.0,500m_25134_7899,1
4315.813675988347,209.58452103782713,0.04855074524147539,1,0,41,7,253.86098906053724,293.78935779277714,0.0,0.08199490389528868,0.1540272736246978,0.33233206120667497,0.13653282630292363,0.29488128262795615,0.0,500m_25134_7900,2
2070.2990969542666,1791.4212328947615,0.8648781026018645,0,1,16,14,291.0230088909104,121.5957144240701,0.0,0.23787335646022045,0.2598862137723699,0.2190997061844903,0.28265793478555507,0.0,0.0,500m_25134_7901,0
1284.3709119632806,1924.9388572886335,1.497574621747488,0,0,5,9,468.84179970575605,461.6056750451893,0.0,0.0,0.0,0.044650884782502176,0.5279211320422388,0.4266499976220676,0.0,500m_25134_7902,0
201.24737848217706,1318.8847111093426,6.5211461379983655,0,0,2,0,1238.104312231323,1025.4945792749966,0.0,0.0,0.0,0.0,0.7996071767197639,0.19544838341898904,0.0,500m_25134_7903,0
705.9878761292134,951.3838656434241,1.34568625257379,0,0,2,2,741.173118158979,548.6755875567999,0.0,0.0,0.21423002556879128,0.7843555230187247,0.0,0.0,0.0,500m_25134_7904,0
2641.6796746028226,2377.745385994196,0.8997478615532757,2,3,8,8,259.86637329767325,228.4913702025835,0.0,0.4079824932171468,0.2659315989885389,0.2508237439007957,0.06067271935874369,0.01421104074652532,0.0,500m_25134_7905,3
3784.9532883960023,6607.701563023075,1.7453204146167807,6,20,20,36,50.00989579191897,41.81359528884965,0.0,0.046985229036143716,0.3962681282801747,0.0412741310270117,0.5152083773888058,0.0,0.0,500m_25134_7906,1
3715.9188723089915,4286.421299316747,1.1532189554231442,7,22,25,24,188.81529442230124,141.06378688100153,0.0,0.1739365641515281,0.2756754778004712,0.22711148340946663,0.036293748531061015,0.286713686068033,0.0,500m_25134_7907,2
6966.042093245402,5418.802982646532,0.7777766963544114,17,39,73,51,29.541345943961208,28.338917818463315,0.0,0.2715283582654,0.19511045819643952,0.23879617239072917,0.11012931729073433,0.18071009323151238,0.0,500m_25134_7908,2
2643.475856794882,6230.186788035746,2.3559250019346987,1,9,13,19,246.37824264106493,49.67274708146937,0.0,0.0,0.5725858275027572,0.051265663625950815,0.37577036210265,0.0,0.0,500m_25134_7909,0
4148.639923264637,3978.4557251159576,0.9587472163093119,1,7,40,19,65.46092100284758,55.38511648802557,0.0,0.044054998528080036,0.2557331403928266,0.5148563943078985,0.13568717537660738,0.04942730663000769,0.0,500m_25134_7910,1
7408.36597907365,3913.4988220091477,0.5281826856794608,14,35,84,65,58.27543391438761,7.534657703700985,0.13640383188114674,0.15757761179160604,0.05043079381642317,0.47124197895167413,0.10164714446485852,0.0678964901797705,0.0,500m_25134_7911,10
5569.200476445084,1988.0660973349688,0.3569110493853819,1,6,58,28,37.93409336526542,32.711836578779284,0.0,0.0,0.16467232623118358,0.3060934243277821,0.2910932638066856,0.2379614588822623,0.0,500m_25134_7912,1
4745.311967402587,2107.6795381887723,0.44406679389475473,3,5,39,16,140.64960467974694,138.5079095618504,0.0,0.0,0.19642752419436468,0.2721361951120924,0.4557069541142739,0.07551863667795851,0.0,500m_25134_7913,0
3940.1690609857824,1671.4651625145566,0.4241038982723777,3,0,32,7,123.98136930722038,534.0096442712011,0.0,0.0,0.3417607421413067,0.11329582639550842,0.4538155589545565,0.09087414068831638,0.0,500m_25134_7914,5
4230.927557241548,1111.22878481904,0.2625821850181576,2,0,29,5,213.5063804211187,403.601111198626,0.0,0.0,0.22544033614499112,0.22884339826027772,0.28068740631647215,0.26479256033729787,0.0,500m_25134_7915,2
5951.848339565302,3432.435742780433,0.5766039292429012,4,11,75,41,111.86991418207822,97.99904584041184,0.08515866800328709,0.04339638793177409,0.03393136039391163,0.37060289185467843,0.1090273564399681,0.3018368694568311,0.0,500m_25134_7916,12
6870.481762873735,1936.5670963130635,0.2818267097463951,8,14,78,29,45.59525895044271,50.983112294507684,0.0,0.16671033509522679,0.06926227656861204,0.15276790490441342,0.1810962622406463,0.38687608821279523,0.0,500m_25134_7917,5
5736.783440595166,1688.4714204573415,0.29427242034115536,4,2,52,7,99.34866474772157,211.34627731630925,0.0,0.04984635088385142,0.009772126380374,0.0,0.001126898365586827,0.7637515247019391,0.17532881633909314,500m_25134_7918,1
8575.540875362698,484.6444788914582,0.056508152404854343,8,9,102,11,8.906021519450455,134.93151946491994,0.0,0.18950247394910025,0.06913796015159066,0.42599330607499064,0.0,0.2887105842513445,0.0,500m_25134_7919,4
6070.612723665332,684.6669620292419,0.11276525582084883,4,0,66,4,186.05085554615258,596.7269759909228,0.0,0.057426501635321696,0.0,0.6795515006186674,0.01420923913205354,0.11052295260081002,0.0,500m_25134_7920,0
1297.412859474392,1191.7798727822367,0.9178743602898994,1,0,16,2,267.0345471484427,423.6051480258332,0.0,0.12151561907843593,0.0,0.24716734108718852,0.36906306947467404,0.26148379930609317,0.0,500m_25134_7921,1
5624.066730233266,1559.3840344273253,0.27722053963307547,8,15,46,18,88.31543083638456,181.1123007879561,0.06733625920775278,0.07545276494086307,0.0,0.6639715374187086,0.14362698351873635,0.029148011144718263,0.0,500m_25134_7922,8
5300.738308438961,1535.0131986040535,0.28953017091785155,9,19,40,19,13.509429413021921,5.783897712846813,0.10570393198699975,0.0,0.07338822170690602,0.5341055356302011,0.11113738501900668,0.17547630827484592,0.0,500m_25134_7923,7
7922.517035684725,2802.249205796299,0.3536622932942477,8,25,116,35,111.18235362966267,161.93362512234452,0.0678029245517658,0.011005015534156904,0.2323689304777692,0.373187697222713,0.2617877135105355,0.05372151212137332,0.0,500m_25134_7924,25
7656.361438109417,6505.850272799642,0.8496203718974404,20,46,91,83,34.34953314326273,19.933162769052828,0.157601830060543,0.004244530307456108,0.18507295531435186,0.08680133926275631,0.17751256108455318,0.3886361906833329,0.0,500m_25134_7925,31
7392.383382115113,1494.5588467563095,0.20214815998473806,4,22,75,27,95.18642998663697,94.27576684833262,0.06722070948965518,0.0,0.07956929622195978,0.3690100329992284,0.3379756236736765,0.14608908154281053,0.0,500m_25134_7926,11
5402.294810321595,467.7400597778067,0.0865657115144468,3,1,41,3,117.10737235548406,182.21654871042335,0.0218569300596968,0.0,0.22082425636163722,0.17840344703555677,0.3473075535094648,0.23142274077031164,0.0,500m_25134_7927,1
3857.2553080243993,3686.854111306834,0.9555754653246805,4,10,20,18,71.50702737961105,62.550302278227306,0.30347539492563286,0.0,0.2173713662476129,0.021781125145918036,0.4571129291738078,0.0,0.0,500m_25134_7928,3
4540.383566781516,1233.6769847518844,0.27165223254335086,9,19,29,17,103.0866069475663,191.18511615250955,0.2357852578900377,0.0,0.18934774793413905,0.10661357467943164,0.23666758623427217,0.22203493901626842,0.0,500m_25134_7929,5
4954.3641280022475,743.7265128985107,0.15008513878844734,4,0,23,7,0.46003038924119644,281.2892824487834,0.3126200346440063,0.0,0.0394696694492889,0.250876233269008,0.0,0.3968322611203579,0.0,500m_25134_7930,3
6362.61347925372,24.49317930588866,0.0038489420178865184,2,0,65,2,133.8159741124632,282.0288482809496,0.14826966564041333,0.0,0.07888665523923705,0.037359887134685715,0.2026857549454915,0.505691999034963,0.0,500m_25134_7931,5
7333.017840397131,3311.892273353628,0.45157952236100524,0,18,78,31,304.52712004355016,54.62419938190478,0.13343360707487678,0.0,0.0920456801621221,0.14633172565595237,0.29412857403258397,0.2164668344108966,0.0,500m_25134_7932,4
5320.041535318541,502.82901663788016,0.09449823184057868,8,5,37,11,49.67203707314242,85.07575936984279,0.20134565660727088,0.0,0.1952924965596863,0.1919486708341092,0.19584181026294306,0.21538343260422207,0.0,500m_25134_7933,14
4216.308325536887,1018.7003840233097,0.24155226637208776,4,0,27,7,185.1195429581608,550.0041130185854,0.24448378572274954,0.0,0.19600725910545377,0.17047448887432357,0.08244347189171397,0.30635387633830724,0.0,500m_25134_7934,4
5773.117078298985,1795.3828500521486,0.31093634328957115,7,9,57,23,124.1979369934161,58.72716394292694,0.2904780982336004,0.0,0.14982427626783013,0.05541231408687637,0.023356562431901786,0.4807555623286657,0.0,500m_25134_7935,13
4990.985148407085,2227.983237506324,0.44631207250631766,3,10,50,28,130.78637943237973,123.97941740742391,0.10791057713650422,0.0,0.2337223517641479,0.20885746024363191,0.23872959646246306,0.21057969328446113,0.0,500m_25134_7936,3
3801.401632723453,1047.8859736213267,0.2755852944631688,6,19,47,16,114.23398288442975,114.40741762481848,0.2293739878812949,0.0,0.04958644971636302,0.39103321951199693,0.043433770573816116,0.28630958063479955,0.0,500m_25134_7937,0
1645.0437153154232,1992.5779798141787,1.2105255536499229,2,3,6,13,185.75050256961754,431.14887281373706,0.0,0.0,0.7787835885503562,0.1769796020718219,0.043629292098240395,0.0,0.0,500m_25134_7938,0
7623.577344866891,2692.050622364859,0.35307539035947133,5,20,90,38,49.20086748469328,53.99101042567791,0.057581655166959025,0.0,0.10809832473135743,0.28745848800663854,0.2734030641669913,0.27332731311713554,0.0,500m_25135_7895,9
6091.001353381419,1724.3643758793144,0.2830538399211272,0,16,64,26,256.48253442159086,76.3181342439253,0.08612138698126066,0.0,0.0,0.32889361230918124,0.13814122153566474,0.44667962950583034,0.0,500m_25135_7896,1
5229.518939810169,3803.704357016298,0.7272135711173519,7,28,48,34,37.6787219256746,32.18289149454677,0.04598857023720551,0.0,0.2672620021398909,0.39479181695352383,0.1696377507736137,0.12212867427699538,0.0,500m_25135_7897,3
7407.7687426030725,1279.2810342310947,0.17267120606353534,4,12,80,36,215.98986570576602,197.82220300543597,0.0,0.0,0.09757615882136869,0.7555872695514514,0.0747558130855078,0.07194578334744667,0.0,500m_25135_7898,4
3705.2044691579786,1027.6815094094527,0.2772867816553397,2,7,54,10,109.86222450879849,96.89786349725905,0.14742870508509479,0.11658241656986211,0.0,0.4872383744057031,0.1389801369340586,0.10950054918807237,0.0,500m_25135_7899,6
1461.0035211145635,317.82466986097984,0.2173898114955873,1,0,14,1,246.81131006616218,555.478872317201,0.0,0.13167152433145182,0.0,0.5196220964241095,0.3480223863637393,0.0,0.0,500m_25135_7900,0
1898.6373098935853,763.9198918170414,0.40213986524608475,1,0,9,9,226.84775317333902,1052.90802196753,0.0,0.0,0.4757507495690546,0.20569515950639047,0.31802767464772574,0.0,0.0,500m_25135_7901,2
1381.6311372703822,1687.502093157089,1.2205005714601431,0,0,14,5,346.5891032135559,1263.986910386309,0.0,0.0,0.431140981045963,0.08736227338285271,0.47772653372490903,0.0030469531454952563,0.0,500m_25135_7902,0
2097.521608712959,1193.5422935012693,0.5687538734629848,1,1,23,7,426.9713270851761,225.52551658739932,0.0,0.0,0.2206317702276093,0.26784166147098704,0.48137765899025287,0.02967238336266922,0.0,500m_25135_7903,0
2651.6312368102726,842.932471083318,0.31777220270425705,1,2,23,10,219.49495110497372,171.0861235360833,0.0,0.0,0.24945467307035638,0.4412802240314146,0.30888811872262184,0.0,0.0,500m_25135_7904,0
6959.729174593886,4277.1571020586925,0.6144696905706345,7,13,46,23,226.87033755985823,142.30795248877226,0.0,0.23721140022572965,0.1250700295725783,0.4445031735293264,0.15112545839751418,0.041946275165008894,0.0,500m_25135_7905,2
4961.694527332367,7252.421980528034,1.4613879497488393,4,8,28,23,66.44336707231655,71.17337648778572,0.0,0.2670125668904189,0.16325978630108812,0.0,0.5695261433723063,0.0,0.0,500m_25135_7906,0
4679.2748004425575,7232.074948285713,1.5452244273353055,10,20,38,31,118.758400084953,108.14029807360802,0.0,0.17208261978748102,0.30102529413345264,0.0,0.322317874843078,0.0,0.0,500m_25135_7907,5
7137.194525675754,10405.286017932576,1.457691574599886,18,49,66,58,25.306508418679655,32.025617112336846,0.0,0.23383456488838825,0.35266069477351675,0.06810962242669162,0.0990668962188786,0.23367072061189006,0.0,500m_25135_7908,16
4791.430891362711,7731.615364671768,1.6132972055176178,13,32,44,37,164.64927074582178,140.07189392074287,0.0,0.4966188100844151,0.3746588041490015,0.0881458722640702,0.013796298546696433,0.026571552583282153,0.0,500m_25135_7909,6
6075.707804308541,5065.968140107452,0.8336698592806373,3,18,43,33,172.94184598608302,74.3629185294562,0.0,0.2560029494841469,0.1292398622608481,0.32518581046272554,0.13874778165654472,0.04342321463774635,0.0,500m_25135_7910,2
7236.651749698802,2065.333003886013,0.2853595441328001,6,9,80,26,220.62843113288514,222.9629742103321,0.10319613200970308,0.0,0.10223735951539427,0.48436785385297876,0.2994535792828133,0.0062396825346244895,0.0,500m_25135_7911,3
2896.1272034077683,849.1894753729555,0.29311432179232233,0,0,24,2,469.0545478293244,483.1256906606202,0.0,0.0,0.0,0.37743009660100535,0.12391733747063323,0.14636960388589204,0.0,500m_25135_7920,1
5252.1248373552835,232.5363156881532,0.044266283952472174,3,1,47,6,132.62702022697073,228.77339458020035,0.0,0.09524253181892137,0.01627727987066894,0.4444970244355432,0.2593734858388206,0.18441931515091345,0.0,500m_25135_7921,3
6141.103812245012,1403.124610262938,0.22844364946512996,3,9,61,10,68.3559482182771,59.27210810156187,0.0,0.0,0.1468805691465051,0.5577415920277629,0.1890107493030466,0.10620427885869037,0.0,500m_25135_7922,2
5712.429705042486,3265.450731898753,0.5715394956232285,13,36,55,46,48.116951528505005,44.922001867966145,0.0,0.0,0.21816571246278127,0.2541581551679374,0.2857955825294376,0.2417055236206325,0.0,500m_25135_7923,11
7582.0603646481295,1431.623088881878,0.18879225801182295,3,12,90,23,36.6460941083966,27.49294139507108,0.0,0.06561834736965746,0.022131651946039207,0.5601244737422773,0.35199365406327865,0.0,0.0,500m_25135_7924,10
6534.844190553131,1010.21444246808,0.15456525783283478,3,9,61,14,68.04358445017077,64.35774723198804,0.010726904386517461,0.0,0.1467184523834326,0.36240139848621,0.2639365596717864,0.2122759715191138,0.0,500m_25135_7925,4
7497.893861005158,853.7511671939707,0.11385028019046173,1,20,75,22,259.88176805262066,91.57453961914635,0.09743777962829049,0.0,0.0,0.42931997805236616,0.33151504740161497,0.14159384191680077,0.0,500m_25135_7926,6
6303.087944917285,964.1518106520399,0.15294072974178508,3,7,71,14,174.63971945625087,154.35929067062986,0.1697344676402768,0.0,0.03406102420848077,0.39403425831056466,0.22431908420097352,0.177692538411034,0.0,500m_25135_7927,7
5983.735743494325,523.0267684591283,0.0873934607768909,4,1,71,10,98.13679876011297,268.96315817715487,0.08797050817575948,0.0,0.16077480095670194,0.46346784293809895,0.15999936889420713,0.12762038727999672,0.0,500m_25135_7928,6
6376.236136775325,400.42153445449475,0.06278919674079522,4,2,68,12,77.77587369331762,242.88385632019984,0.04982140485228204,0.0,0.13698152003436828,0.31494601669653494,0.2698974003540922,0.21493766406909456,0.0,500m_25135_7929,7
3892.0396735568343,162.34485784628396,0.041701310918817146,4,0,32,2,53.07400408205354,560.1486554790798,0.12565751024096625,0.0,0.16966491790053,0.251927096569661,0.09635469879113691,0.35613890780797913,0.0,500m_25135_7930,3
5342.117320519982,131.3028543117182,0.02457420386549552,2,0,41,2,245.48353599694184,443.9710097346932,0.0,0.0,0.06612855065042879,0.37078475614173767,0.06898725973700491,0.4939122768092748,0.0,500m_25135_7931,3
3371.405087181357,1986.2831356536992,0.588981182362593,0,1,25,12,363.75471739468975,213.49990671999512,0.0,0.0,0.32132291336938645,0.08504439730544665,0.2589484695811552,0.3343876954611487,0.0,500m_25135_7932,0
3256.3180197648503,1918.8860647182887,0.5891000059173882,4,0,25,10,51.61946517834668,557.1977580004904,0.0,0.0,0.5376648936946961,0.157879301361161,0.17882809725516946,0.12532070665501518,0.0,500m_25135_7933,11
5227.770678833806,102.68892542233037,0.01963921000360901,3,0,45,5,184.4774696474746,437.5428729897187,0.0,0.0,0.27236837691760646,0.38396795315077936,0.1781606490893583,0.16531177129978725,0.0,500m_25135_7934,4
6127.081859396017,736.4282924903433,0.12017272441640094,4,1,67,16,144.9146181801956,128.61993181964408,0.06701504745171898,0.0,0.22081802324159178,0.32901704197361015,0.040970633743169914,0.342016070391162,0.0,500m_25135_7935,4
6288.607573348342,1083.7885992906558,0.17231418441479793,6,0,66,20,39.101903008257814,320.1933010905564,0.0,0.0,0.19975213466098213,0.26511027646087837,0.30693919707792844,0.22803939936891177,0.0,500m_25135_7936,6
4107.598452281157,67.40805380328213,0.016406581121563766,1,6,35,2,150.08964522029737,143.59205862523615,0.13052812602538613,0.0,0.03752827284329148,0.6954531895192836,0.06118826537988296,0.07505875423081652,0.0,500m_25135_7937,2
1887.2695189786984,725.5787352347074,0.38425591682862553,0,2,10,2,598.7082402401845,81.32615307767577,0.0,0.0,0.3790888273638212,0.6203815872195051,0.0,0.0,0.0,500m_25135_7938,0
8180.513825486244,3316.7515944335914,0.40539583079375535,5,23,126,65,83.0996323899792,66.5020949046257,0.07331643765932727,0.0,0.0806854490707502,0.23156741312796333,0.46779244606106374,0.14651602731194727,0.0,500m_25136_7894,3
7622.612693612201,2010.5309379069288,0.26372417103397,3,8,95,50,92.7335653449567,253.08369689595102,0.02239643040881147,0.0,0.06942940748973318,0.3179627959047411,0.41880728833974307,0.17127290645042265,0.0,500m_25136_7895,10
7180.8766764613865,3894.1220489448037,0.542215109555946,8,19,84,55,65.00709835442088,67.54192029533864,0.14956118295879656,0.0,0.23166559064463388,0.2749863803820851,0.28194137642986256,0.0550276771648159,0.0,500m_25136_7896,17
5539.75915619869,2307.2284269521615,0.41641016364534883,1,3,56,28,112.34124085837963,262.49723777925556,0.10159874868706921,0.0,0.12394575697059919,0.5122102859034386,0.21718535127081248,0.04487937648451174,0.0,500m_25136_7897,0
6143.747998298077,1549.76430771991,0.2522095793267928,5,11,76,33,17.956956832099497,159.0872096069822,0.0,0.0,0.21618117593814695,0.5439446778358419,0.18491175087348086,0.05479965474864016,0.0,500m_25136_7898,4
5915.798675710346,1705.5820294801426,0.2882609537623616,3,7,103,27,74.49056259927325,65.72317434681837,0.10037608450384497,0.0,0.1080149883347883,0.4659150804980231,0.2774127874020788,0.04811204894761367,0.0,500m_25136_7899,3
1884.3271108775436,1705.1585615377103,0.9044364512129822,1,0,17,11,166.6106334606931,446.09670206645603,0.0,0.0,0.4734623840376506,0.09323073621493941,0.43277646781293405,0.0,0.0,500m_25136_7900,0
112.1941003094612,2232.4152955008744,19.72201103589036,0,0,0,0,375.105429255396,760.6572889664247,0.0,0.0,0.9911656173133927,0.0,0.0,0.0,0.0,500m_25136_7901,0
0.0,1947.266103214327,1947.266103214327,0,0,0,0,481.9795458141443,783.7250468673852,0.0,0.0,0.0,0.0,0.0,0.0,0.0,500m_25136_7902,0
115.76493347754311,2745.19133734702,23.510408952316073,0,0,0,0,680.3996469653159,525.9182814871368,0.0,0.0,0.0,0.0,0.9914357849551438,0.0,0.0,500m_25136_7903,0
3140.076599938715,2523.777146949954,0.8034751992355726,4,11,24,20,216.30813338688554,67.47646488069319,0.0,0.1441479937360745,0.17094001988584073,0.4144149188625855,0.2701787053335586,0.0,0.0,500m_25136_7904,1
5397.713144426375,2968.4355414880692,0.5498413162686145,11,19,32,25,55.1893159246927,134.41921614322362,0.0,0.2832255672869905,0.1765908724871042,0.13104495321177428,0.2742763257102182,0.1346770519773582,0.0,500m_25136_7905,3
4444.709700599389,3380.031260792053,0.7602905921491777,1,0,35,12,86.92756670651177,485.9568512104266,0.0,0.0,0.28738965869331484,0.1383353029487965,0.5740501023932516,0.0,0.0,500m_25136_7906,2
3435.6686480569556,4071.644983011407,1.1847650733839175,2,0,27,12,248.11867171408846,387.2874883430293,0.0,0.0,0.2762169257071679,0.46599225204662714,0.25656475576624904,0.0,0.0,500m_25136_7907,2
6060.749693554556,8216.164110831845,1.3554113129362753,26,54,58,72,99.13029926057956,52.97356675257232,0.0,0.0,0.6485762848042929,0.28226444660304995,0.06161771432762799,0.005855802166473408,0.0,500m_25136_7908,17
7194.021093517149,3917.8426574339037,0.5445213581046975,16,26,50,42,20.01406351838193,19.148737158679303,0.0,0.17076287753809835,0.1530304779220133,0.252982556641702,0.16334493624105895,0.2566276786344914,0.0,500m_25136_7909,13
5191.459806661329,4376.397571406982,0.8428370626562323,2,5,27,20,208.6037013584467,178.53647404891362,0.0,0.0,0.43798797725361815,0.2129595702636939,0.21631730368803617,0.13254256184410584,0.0,500m_25136_7910,3
5572.9126061362695,183.80263290197902,0.032975513950403955,4,0,61,2,84.18646128615694,324.48493204896386,0.09923943046215257,0.0944305955964745,0.0,0.6369809034239103,0.12893883099231196,0.040230832334786935,0.0,500m_25136_7921,0
5734.745849652142,188.03428874361887,0.03278288363404781,0,0,68,3,328.61298282519954,297.3679715814956,0.0,0.0,0.06548621625521048,0.4773182140441596,0.3531804960172381,0.10384072844107926,0.0,500m_25136_7922,3
7884.645243499923,157.2459801843172,0.01994078801781425,8,4,96,4,27.083500935279734,194.54680810408976,0.0,0.0,0.22403997083838872,0.5098784314769692,0.2400787858987892,0.02587599908135937,0.0,500m_25136_7923,3
9552.450790223684,1181.9156531176598,0.12371609788655084,5,16,128,29,47.14974704502533,44.22712737956546,0.02440136461963487,0.05155652365166359,0.04799532316692669,0.46668441711073255,0.33810918687760333,0.07114851035446208,0.0,500m_25136_7924,6
7410.963931603208,1101.9947575587935,0.14867783595925188,3,10,92,17,91.04950977114588,105.50296003883774,0.10336039652477727,0.0,0.09280328984245909,0.3280974137014219,0.3793930066689778,0.09621097625396659,0.0,500m_25136_7925,5
4400.493961576704,94.04473475794589,0.021366548626198082,0,0,32,0,304.6085154520124,299.1323226270076,0.0,0.0,0.0,0.032472894959369364,0.9565148114132397,0.010785098041363024,0.0,500m_25136_7926,0
5343.878160494211,1030.007306233678,0.19270922092234166,4,3,36,8,161.6649663707721,152.59636610917417,0.07384695535737557,0.0,0.09600267207839819,0.43182033095960637,0.24251054065021416,0.15563240595055902,0.0,500m_25136_7927,2
7031.335618496855,607.6089851337008,0.08640215969435995,2,6,85,10,192.1144018797265,73.84825960917087,0.07556131253723278,0.0,0.06492951085901542,0.4585156292298316,0.20897603381691154,0.19187531329037602,0.0,500m_25136_7928,4
7546.923364659982,305.89443466686095,0.04052696614529563,2,7,70,6,75.2126194261531,241.60970601118547,0.03253490014601312,0.0,0.07706214425936679,0.5160028003897689,0.1456788726490349,0.2285887957840661,0.0,500m_25136_7929,4
6610.473368674033,221.62962673215316,0.0335219722402969,7,8,67,6,16.988467092935156,160.6228995708103,0.07547091586675256,0.0,0.23792714745825955,0.3655127210057813,0.0881911139790505,0.23274684947385937,0.0,500m_25136_7930,7
4949.472153322999,1259.5231959744306,0.25442486230913897,1,0,52,1,276.6119030891714,331.34995664930284,0.0,0.0,0.06023374139395545,0.36059589651324164,0.32868319243039956,0.25028516872814327,0.0,500m_25136_7931,2
3449.4233776842543,604.4853797389283,0.17519165434840855,0,1,16,1,357.96699903463457,266.946550912146,0.0,0.0,0.33463250071515166,0.113694506832509,0.06891310961238191,0.4824700633336127,0.0,500m_25136_7932,0
10471.837070802689,0.0,0.0,8,0,213,0,82.41690033128144,445.0594744550223,0.0,0.0,0.1271740577481369,0.21022025071646122,0.4740547022166431,0.18845550420873083,0.0,500m_25136_7933,11
8205.757932909772,78.0999849103831,0.009516545455446635,4,3,111,4,175.31920174527508,242.64891206641747,0.03129690994319702,0.0,0.053645723107885124,0.5624639328198603,0.1576292693611705,0.19484231397026666,0.0,500m_25136_7934,5
6027.4957457856235,198.67166886365533,0.03295542988523164,4,8,63,1,110.61171957799621,101.03341739938466,0.19040286373685844,0.0,0.15601278783816477,0.2153243843017405,0.02908193430728899,0.4090121509562511,0.0,500m_25136_7935,4
3983.619542456587,1462.605385182403,0.36706274453512355,1,5,42,13,179.17730340368627,173.56844969379534,0.1277201587266136,0.0,0.017361124429204535,0.3074663171624731,0.07173090176592883,0.47547053292668984,0.0,500m_25136_7936,5
4772.415666621517,757.4578148617416,0.15868255935855843,2,6,55,9,236.8953448514312,221.7851295516471,0.0369578296737359,0.0840229329543641,0.14143881480385798,0.634582554316726,0.05691210921011658,0.04587626544796531,0.0,500m_25136_7937,5
4681.9564255584355,756.8080991522875,0.16160904146402327,0,7,38,7,715.9485444232116,99.63128118983101,0.0,0.0,0.22219602181767875,0.777590437865238,0.0,0.0,0.0,500m_25136_7938,1
7702.10995066635,1268.061582102668,0.16461683530727422,7,9,102,25,167.3279338482548,105.42977514245545,0.1256944291788006,0.0,0.013885253427065328,0.4445559681001606,0.2547400351444053,0.15414163220907537,0.0,500m_25137_7893,12
8183.120337303054,1196.35745595489,0.1461803354114818,2,6,114,17,234.3716286217237,32.7592676828066,0.06007027972824634,0.0,0.028966506300793667,0.34700893359480256,0.218118074506416,0.3422169413288277,0.0,500m_25137_7894,3
7369.947716295754,6001.204580793742,0.8141700106658236,6,19,73,89,96.76088544867154,95.67211519219026,0.17736197149962823,0.0,0.2562506013079412,0.0401337667016628,0.5080016949121124,0.018116297814008274,0.0,500m_25137_7895,6
6420.221211214903,5820.881786638226,0.9065069704298364,3,11,74,76,255.504518522855,156.4850589285933,0.006824554743637137,0.0,0.1999910872598698,0.014274060896042854,0.7787545634841947,0.0,0.0,500m_25137_7896,9
5522.621129721788,2693.6279438985093,0.4876561734845455,2,11,55,53,121.49539293372442,54.57760374350193,0.0,0.0,0.17730194171117603,0.18118651226108326,0.6206199258817505,0.02071057948869083,0.0,500m_25137_7897,4
4722.7364111846255,2817.851676946488,0.5965302531010241,1,15,46,36,120.92750966337465,97.26912063414487,0.0,0.0,0.27999757738574443,0.6100175720182557,0.08067641365262607,0.0290967401184559,0.0,500m_25137_7898,4
6286.946425955815,2670.5273796695824,0.4247058099359748,4,6,86,28,189.9506863995539,238.230992952462,0.07131457012561246,0.010417371631891442,0.14821407676113355,0.4802719586534944,0.20134325345587833,0.08827973493812866,0.0,500m_25137_7899,6
3628.6124066243597,224.8328870381678,0.061944048523701355,2,0,32,9,81.96426911243826,318.9827779580019,0.008079985716271807,0.15230584934150726,0.0667027148961718,0.4625779306384019,0.18519470420732564,0.12486330368890664,0.0,500m_25137_7900,0
2376.0417144513103,1651.5806713762559,0.6948050853863489,1,2,28,9,62.9158093502537,313.37799976558534,0.0,0.2463302319949711,0.12869454841917488,0.21731215198807705,0.3770811041744494,0.030161272446842063,0.0,500m_25137_7901,0
900.4338666460118,3048.755702461017,3.3821179958598635,0,0,7,9,481.5884960428953,365.866425678288,0.0,0.0,0.0,0.5977310337238143,0.4011596225550308,0.0,0.0,500m_25137_7902,0
1509.2413642783858,1318.8057525106992,0.8732417106989007,0,0,9,7,924.5169749063203,689.5756940347034,0.0,0.2878832154509858,0.2860736646958218,0.19340145050103802,0.2319795235364903,0.0,0.0,500m_25137_7903,0
2002.356420105438,3517.8360946589546,1.755971158878363,0,1,9,12,443.814329651052,189.9784698661925,0.0,0.2786877408044833,0.2870975853705595,0.1763471638899799,0.08965324449707965,0.1677151031370885,0.0,500m_25137_7904,1
4785.44083991366,3038.3972735983766,0.6347926100457526,6,9,26,12,94.54410492135334,95.34384658908725,0.0,0.21309388965605516,0.2722108194600726,0.09971534659636544,0.35192586464298137,0.06284515613884664,0.0,500m_25137_7905,1
6622.045566143932,3073.104255976718,0.4640016779721387,4,2,54,15,177.84877648799065,241.88034469900344,0.0,0.0,0.37481370757148136,0.06496148421153577,0.5600738202779739,0.0,0.0,500m_25137_7906,2
6713.241582087948,2333.2809944417972,0.34751221949869276,3,0,39,11,87.98886264852082,287.3850374877017,0.0,0.0,0.2994610960798633,0.0,0.7003899667709783,0.0,0.0,500m_25137_7907,2
5718.635780108023,3608.7259317304124,0.6309363166586556,5,13,52,27,211.66075691646353,203.51122303494742,0.0,0.0,0.33534245230039383,0.11056209387190245,0.5121016052605089,0.04181901225970065,0.0,500m_25137_7908,0
5532.421612054337,2550.255502678985,0.46088219576895345,3,2,52,16,260.42536884457854,270.2378317325989,0.0,0.03753230007196003,0.04054771688211351,0.622390006573698,0.043944034385206214,0.25540522207866023,0.0,500m_25137_7909,5
4622.020625369596,4100.098477505126,0.8868873426618847,9,15,21,20,88.80197602337644,78.96633652454969,0.0,0.19667728076311516,0.2748088175765641,0.11516320237784868,0.08506719904640488,0.3280671914455523,0.0,500m_25137_7910,4
4734.61671560611,469.1647490653104,0.09907152061508469,3,5,37,8,69.21439460735708,192.07219493868655,0.0,0.11117390583137421,0.1935490827827674,0.2878713898387957,0.36770812964464716,0.03948632616412767,0.0,500m_25137_7921,6
6287.745641538679,2387.1568460691674,0.3795918903606821,4,30,62,38,57.782077215959596,9.665862959563066,0.0,0.0,0.2559985374284298,0.5848313133956511,0.01481266851434981,0.14419846643886072,0.0,500m_25137_7922,13
5252.902901184855,261.20198081882216,0.04971579904149278,7,0,44,2,111.43406481554385,477.27760017680754,0.0,0.0,0.3949263820309713,0.3913505724319574,0.15986545851561235,0.05366725232764981,0.0,500m_25137_7923,6
5729.607933984076,0.0,0.0,2,0,51,0,55.10579806200387,265.8375197212305,0.0,0.08763193617577202,0.0,0.6251736704636696,0.18040707361096067,0.10661281819382575,0.0,500m_25137_7924,4
7240.408567640644,1645.093156323931,0.2271786132431865,4,5,85,32,49.355125227273895,42.683360081991204,0.0,0.0,0.1669739782827311,0.38179059769750606,0.3497258637150613,0.10137146562454856,0.0,500m_25137_7925,5
5934.118174903856,563.0384741648732,0.09486558777306804,0,0,52,5,273.45283793952507,305.82811284292546,0.0,0.0,0.08707771127422931,0.5808550016756774,0.23290312903474403,0.0989956693735849,0.0,500m_25137_7926,2
5197.8232956307065,245.14836349182485,0.047154586634605776,2,4,55,2,126.75282719242699,131.38359992702843,0.0,0.0,0.25798840713160937,0.436405498106296,0.142206485994977,0.16320725754778664,0.0,500m_25137_7927,3
7042.094195060452,329.615307701845,0.04679978693640286,2,0,79,8,191.8088058532913,276.6409766011719,0.0,0.0,0.13121100540625874,0.3721317362767703,0.22053599539233887,0.2759792798739584,0.0,500m_25137_7928,1
6025.465733465934,685.7603892479314,0.11379146909270446,3,17,59,11,141.367122574658,38.06909690233784,0.057905520441412624,0.0,0.1964923881134888,0.31484136491857584,0.31062435525225834,0.11997043653834727,0.0,500m_25137_7929,8
5766.622543749418,1152.0145539498985,0.19973820152263233,4,18,52,23,116.05012151231313,111.45738333239787,0.1727684182029331,0.0,0.080825620240451,0.22417520760569795,0.18210272090670537,0.3399546513791655,0.0,500m_25137_7930,10
7028.497050753465,3037.637428275977,0.4321272782880511,3,16,107,32,25.316834893317797,34.129436486889034,0.07525262109985352,0.03784614137291741,0.040888928008645006,0.3188261353390732,0.26594685093096865,0.261097065560293,0.0,500m_25137_7931,8
5476.051569311695,3991.8486464793577,0.7288316708292407,3,13,68,22,86.14816450168384,85.88014857375522,0.03969264532335854,0.0726772591689832,0.08431970816705538,0.3383441352044266,0.2480878426108511,0.21669582953911362,0.0,500m_25137_7932,8
9497.029454041358,10.331875192224643,0.0010877914458170572,4,12,142,0,130.07162687255456,61.89729901858952,0.05899135630374188,0.0,0.15977294552421337,0.18435370128506529,0.3949229037220669,0.20185380816818346,0.0,500m_25137_7933,9
8696.902684206396,315.6150605227609,0.036286340740033,4,6,120,3,179.30082184375797,221.74903157064654,0.03472483672900585,0.0,0.17795566278382388,0.24402454128390627,0.2277322164902122,0.31544777246834965,0.0,500m_25137_7934,4
6869.163513056741,474.40126250680765,0.06905239760381371,2,0,75,6,191.85776052252467,366.6657525838751,0.07119260971525421,0.0,0.06247492730974741,0.39953215445741813,0.08151046087174846,0.3851442907026679,0.0,500m_25137_7935,4
6098.530489917202,1134.5538665889226,0.1860067538746451,0,0,80,18,308.093183860649,650.683282440693,0.0,0.0,0.0,0.2701956923271204,0.19339473606903676,0.5362456245587952,0.0,500m_25137_7936,1
3059.514977494683,1854.442213120209,0.6059248939334526,1,0,26,3,202.65718762460958,462.0240588987427,0.0,0.16723395331575802,0.0,0.5379496533102497,0.03765374223268453,0.25683590874424256,0.0,500m_25137_7937,2
5896.602956263881,1475.6523275584218,0.25021221986317715,0,0,80,8,699.2682598785512,396.39411419231277,0.0,0.0,0.14859183358927402,0.7538921640160229,0.01216174404418176,0.08518469793632986,0.0,500m_25137_7938,2
7674.951550965545,1539.6883177803882,0.20058598696948698,5,19,97,28,38.17416151464783,20.658830660853194,0.15711014964829578,0.0,0.0,0.2442849549788656,0.2398475049960529,0.35862711336899517,0.0,500m_25138_7892,11
7367.076069999223,2599.0174421936836,0.35274031070012524,3,25,113,48,153.64426746066758,76.17577310943757,0.12768688689234625,0.0,0.006227406773123554,0.26631809942899776,0.33307529904465716,0.266556587220846,0.0,500m_25138_7893,6
8075.08355766247,1287.8584340149582,0.1594657143923501,5,9,101,19,17.413861554830344,23.396872668884214,0.1020865795919768,0.0,0.07167065523702458,0.3462704015340769,0.25851697256597495,0.21956025534470697,0.0,500m_25138_7894,2
5718.968530766936,2642.846324547409,0.4620386126832511,3,11,49,59,205.27436513088833,137.4784244433227,0.0,0.0,0.31511126204729556,0.15619758353992247,0.5285163282761309,0.0,0.0,500m_25138_7895,1
6485.741555765218,3027.1656584368206,0.46666968807264536,3,10,71,48,125.1499388468279,117.67963510834991,0.0,0.0,0.1627694235669772,0.5043831190786862,0.3315755189322851,0.001117777817470267,0.0,500m_25138_7896,5
5568.616681171412,3796.2458081835007,0.6815991163300429,1,0,56,36,134.9481092333233,276.8923489668151,0.0,0.0,0.12553596848665288,0.23490163737187533,0.3147268760506344,0.3246559725211429,0.0,500m_25138_7897,1
3587.9921900869335,3015.6593509543063,0.8402524138346649,0,6,30,19,507.791604312304,129.83110126689596,0.0,0.0,0.2622204628113035,0.40788114432468137,0.1050742999135959,0.22454546319949265,0.0,500m_25138_7898,0
4200.766989235799,2260.226225965675,0.5379227909962604,0,1,51,14,370.4659674540216,237.13076517700455,0.0,0.0,0.02637342507542885,0.4823639241562566,0.28512323548448437,0.20590142017306812,0.0,500m_25138_7899,1
4375.357399718536,620.7467714445523,0.14184096835520688,0,2,46,8,350.36970296297875,183.32000903220003,0.12904527339864405,0.0,0.0,0.20999355589977223,0.5668364347547948,0.0938962354134309,0.0,500m_25138_7900,2
2599.253517907544,4159.573697562417,1.5996800577005572,0,2,15,24,439.9816806284152,340.7552876224492,0.0,0.0,0.04897070866205667,0.0,0.9506447134523207,0.0,0.0,500m_25138_7901,0
2996.9280361499164,766.1301538985275,0.255553216975291,2,0,25,9,164.99884944966004,385.229447110396,0.0,0.19821577483898675,0.17023194640798128,0.32563058407324286,0.2580935924983009,0.047494538470838454,0.0,500m_25138_7902,0
577.5920254730827,1838.7586846928325,3.1779882952748637,0,0,5,5,1028.6759265940173,837.3057474556055,0.0,0.35936827979400326,0.061620509411896104,0.06419857835000535,0.5130842989103204,0.0,0.0,500m_25138_7903,0
102.57367927291243,1701.6800587146543,16.429657328584383,0,0,0,0,535.4818603674414,416.1061831592338,0.0,0.9903450373973387,0.0,0.0,0.0,0.0,0.0,500m_25138_7904,0
4268.955952672964,4692.045040517602,1.0988509231764823,5,13,25,22,118.54084789062118,118.45142293493156,0.0,0.333377194337534,0.21283107082325992,0.0,0.3818350301805234,0.04440407922311588,0.0,500m_25138_7905,1
5607.022858452652,2354.9231804208803,0.41992039616447696,3,0,48,11,168.3507819038919,275.63914493525635,0.0,0.0,0.27719165522646133,0.09577099232742366,0.6268590364824967,0.0,0.0,500m_25138_7906,1
4926.273117538845,3101.7513677836264,0.6295066852987723,2,0,37,22,231.04396201892223,411.5946362855836,0.0,0.0,0.2338454874053649,0.0501120819840371,0.7158394785971528,0.0,0.0,500m_25138_7907,1
4435.7223490342485,4158.111611492939,0.9372034768860497,5,5,36,20,90.8756799148371,672.8027057790193,0.11086139278195378,0.0,0.3881831972665843,0.2831684047431815,0.21756161359678694,0.0,0.0,500m_25138_7908,1
6211.759951536974,1814.5937116569814,0.2920752975830121,3,1,54,18,172.11822751753513,280.9312604415628,0.018868397874087346,0.0,0.3340730338651046,0.2743205740674033,0.1049589297960977,0.2676181053375984,0.0,500m_25138_7909,3
6595.00331159922,5487.492758835469,0.8319420866853705,11,30,57,44,99.05103175398744,95.24837798853312,0.0,0.17402519658938984,0.2507985541079833,0.22954133863788156,0.12536812520056945,0.22011517850572518,0.0,500m_25138_7910,1
5731.193291632394,210.81673675284728,0.036777674099125086,2,0,59,8,75.84329672960482,490.098301954784,0.0,0.08522932823536977,0.10717228520119619,0.28428313537605043,0.3696604290045349,0.1534803688891223,0.0,500m_25138_7921,8
6162.665640043098,2138.397217937831,0.34693595383329046,3,17,49,20,161.24108508644585,38.01411549990791,0.0,0.0,0.27216155245914775,0.4515510136451166,0.23576872562169926,0.040356467156753124,0.0,500m_25138_7922,6
6095.8973752223965,0.0,0.0,2,0,48,0,129.57592026930135,498.42433989997966,0.0,0.0,0.11253587268815192,0.5656242476476919,0.28485325059759126,0.03682261121642604,0.0,500m_25138_7923,3
5917.168274011995,32.98222049932589,0.005573045403956867,5,0,40,1,102.17092241371903,533.7487675197895,0.0,0.09121364496423488,0.11317722948242681,0.5664004976455603,0.1122551516415849,0.11678450506535877,0.0,500m_25138_7924,6
6726.173982417674,693.9682868208976,0.10315896223803221,2,9,68,13,46.91269493424068,30.76741003334245,0.0,0.0,0.14327269162947234,0.41718521795754493,0.21338610614351747,0.22600733343887577,0.0,500m_25138_7925,10
5468.144006741032,541.2791893919908,0.09896963560016582,4,10,56,10,182.90658479457863,190.898249803954,0.0,0.0,0.22183310983572474,0.44210219993436833,0.23595588680977866,0.09992595945061994,0.0,500m_25138_7926,2
7672.104445992984,204.4948371565,0.026650860625687223,0,2,97,5,389.41455689283504,312.31406358436254,0.0,0.0,0.003225620036976713,0.595524909466005,0.15567219922305578,0.24544694592689603,0.0,500m_25138_7927,0
7410.890201212319,145.10756487569736,0.01957767329742189,3,5,89,5,103.18336068416572,96.28776572934436,0.0,0.0,0.10507983414426703,0.5128670982643143,0.24445786438807968,0.13746028485284326,0.0,500m_25138_7928,3
5954.376702684782,17.24710540258903,0.002896056162965098,5,6,58,3,47.20366412597768,180.3874407871815,0.09043879854265267,0.0,0.10135295245383714,0.29393371729083767,0.45621677019713897,0.057889846025057076,0.0,500m_25138_7929,6
5269.504233580238,79.65117173108759,0.015112628356050248,0,0,39,0,317.9181560384892,381.58494078565633,0.0,0.0,0.1093092717148124,0.3183855175021118,0.30439310956571924,0.2677223660505338,0.0,500m_25138_7930,1
7675.7214435239075,2051.911563127491,0.2672900896851593,1,2,120,21,274.5184459352567,243.96279491245912,0.03830235192738818,0.0,0.0,0.5649576552808178,0.2588333607222459,0.13777636812714092,0.0,500m_25138_7931,4
6978.733614836016,2168.043538877423,0.31061981137346883,7,29,90,41,47.83591594614735,37.43392199070014,0.1117496846015872,0.0,0.03070608133017242,0.4722606890649192,0.25486946579341463,0.13027080726642257,0.0,500m_25138_7932,3
6238.442049048036,158.77019723315627,0.025446217143306932,2,2,86,4,76.074104741322,442.3661762126685,0.0,0.0,0.18727726337637965,0.6062066834738451,0.11425957505274739,0.09209620735612883,0.0,500m_25138_7933,3
7239.8004689476475,143.8150411584663,0.019861760005018877,4,9,74,0,182.52248232460664,94.42330383135496,0.0,0.0,0.3091055547559094,0.6272561396560522,0.03947322506296215,0.024026974247422714,0.0,500m_25138_7934,6
6317.721068393111,709.2404026174071,0.11224429673990519,3,1,52,9,153.31505670289377,154.09002659721403,0.08257343284341115,0.0,0.1680282936570574,0.661269983931374,0.0,0.08797002969417729,0.0,500m_25138_7935,5
5557.94709647762,1018.7937777751978,0.18327099720390358,0,0,59,8,351.0057107381566,582.8336819971831,0.0,0.0,0.0,0.26303856269709314,0.07550764726753634,0.6612738998542541,0.0,500m_25138_7936,5
5806.367860380625,780.615144069192,0.1344180638865245,0,2,68,6,583.533826052101,937.4453019273476,0.0,0.09990753518194893,0.024242638444295563,0.41427093629336353,0.1155064869435839,0.34590020808664984,0.0,500m_25138_7937,2
3238.0101088081956,3545.680296578539,1.094680219409128,0,0,47,10,887.9194439703185,895.9825589966857,0.0,0.0,0.20314999875839151,0.3032048537341283,0.18623515433994864,0.30710125686649936,0.0,500m_25138_7938,2
7721.198706770726,3155.0443154343957,0.4085681339264286,7,47,83,51,161.20779290098332,25.36244480687584,0.11557937182740431,0.0,0.05987253059833497,0.21368615483740627,0.09407590182706126,0.5166565441125766,0.0,500m_25139_7891,37
5876.634148633463,2057.935309414633,0.35012987494179076,4,25,48,30,40.3698331242025,34.73396645606725,0.11845578656881832,0.0,0.017700882439692856,0.3223020495266888,0.024389239731828802,0.5169819052503813,0.0,500m_25139_7892,3
6603.246777087071,2223.067210547085,0.336611772028242,4,22,73,39,113.23030261728698,106.28835168961186,0.09410533579149111,0.0,0.006087526549469385,0.07448645228265993,0.22471689646107276,0.6004523711936873,0.0,500m_25139_7893,2
7886.14602710224,1620.7107891552573,0.20548761029478632,3,8,109,34,191.67292992303757,165.12700159217903,0.08804529617433912,0.0,0.04312600127555251,0.3114183257178176,0.20590976271975667,0.35004033860774314,0.0,500m_25139_7894,1
5117.713980987148,2778.6720651715586,0.5428457373263293,5,20,62,41,62.303469108742675,45.68622179697606,0.17994466681556942,0.0,0.17115377159038822,0.29245718859703373,0.3152445191622749,0.04100449226467655,0.0,500m_25139_7895,7
7007.520031440586,4338.2940543616605,0.6190028757711824,5,13,70,57,184.59964189373963,26.24383825545535,0.14063655112493587,0.0,0.030022737934867618,0.39850556461023096,0.2837782390057503,0.14691422384817213,0.0,500m_25139_7896,4
5047.373575205311,4587.212783211236,0.9086516112319758,2,10,59,50,201.5459730068306,93.12926834158733,0.11369265736432321,0.0,0.054480142325922305,0.4065939210104113,0.3097566779679819,0.11527851773372341,0.0,500m_25139_7897,6
2978.5141023537567,2880.3566051442517,0.9667202457168528,0,0,31,16,402.543480541184,408.26358458796636,0.0,0.0,0.0,0.5350827721679243,0.27202796704003446,0.19255363559758054,0.0,500m_25139_7898,0
3331.6422472213644,895.202194367722,0.26861634941887597,0,0,31,10,372.967125442843,374.17810812955554,0.0,0.0,0.0,0.6991786465441738,0.11595395834212416,0.18456733290305394,0.0,500m_25139_7899,1
3494.1889918699094,1708.8727203171886,0.4889214071949082,2,2,47,18,145.11690642330342,200.16748345509765,0.14226182919664113,0.0,0.0,0.4643647782595411,0.18910274964686252,0.20398453533529598,0.0,500m_25139_7900,0
1207.4174180111124,4326.168374033836,3.580028150499609,0,3,13,11,416.5364377658881,184.98410846346974,0.07218288939879154,0.0,0.16357254763080492,0.06464491265143099,0.6987721216975749,0.0,0.0,500m_25139_7901,0
3540.026117436994,2546.6205457542974,0.7191758719920286,3,10,22,21,113.42809814427106,105.1174690458316,0.33035804672192715,0.0,0.11731805350758256,0.22592843082398997,0.2384500620140481,0.08766300291541486,0.0,500m_25139_7902,1
2760.288120870248,1960.9490434413603,0.7101573459937776,4,7,16,21,154.0965313152428,139.6635579819749,0.33327381652141874,0.0,0.1823520174812884,0.13861031123601353,0.22050919923401094,0.12489250570579767,0.0,500m_25139_7903,0
2853.3478639360924,1694.7396900518138,0.5937397159836011,2,5,11,13,88.48225886648322,71.62494499871644,0.3979219714602714,0.0,0.0,0.30297811542320535,0.05697781968839722,0.24177175070619158,0.0,500m_25139_7904,0
5964.308758395571,2295.7457370837164,0.38484944033327456,5,13,49,19,115.54307173714719,91.63595408403604,0.1659589014512176,0.0,0.31808228892682716,0.3995824095239021,0.05762467755296489,0.05858408662874121,0.0,500m_25139_7906,0
6150.900787141849,3531.245068362805,0.5740087804639985,6,12,53,23,303.8713689040838,294.9241716355043,0.17266480194281447,0.0,0.29181084828854015,0.23001149590643916,0.30535030247612166,0.0,0.0,500m_25139_7907,3
5441.842483177541,3526.048066928757,0.6478320983616348,3,12,38,37,152.544917840943,132.245233948386,0.06890600348575492,0.0,0.21469341763641753,0.24611182535997422,0.3896477854157345,0.07797603709871394,0.0,500m_25139_7908,3
6075.121484320943,5071.883376845995,0.8347238266933401,8,25,41,38,243.8681305573937,206.09163770347274,0.14728306823103104,0.0,0.39854513879228826,0.11237169440333306,0.13270617430593662,0.2089293455962011,0.0,500m_25139_7909,3
7984.588131524259,6457.478948599696,0.8086416231645943,29,55,83,72,97.629052983283,101.79786760151032,0.32353456096977307,0.019165961496046376,0.12235611453543103,0.3008477311343066,0.017294583300378998,0.21302503178147245,0.0,500m_25139_7910,17
7084.305638855782,1894.9989828741152,0.2674547972189019,5,21,70,34,158.8904620269536,94.19506868314805,0.0,0.13877414810485939,0.17046914800365306,0.42548106696771176,0.23532946762539989,0.02980503212646349,0.0,500m_25139_7921,14
5670.500931983058,3528.5059199269203,0.6221467583702164,5,35,53,37,99.96470263664355,92.85166435471618,0.0,0.15158720024729105,0.11196551013198676,0.48271874257385966,0.10585052431822473,0.14770170256013354,0.0,500m_25139_7922,12
5233.5879686013495,2366.167832684103,0.4520256124984616,6,28,59,33,185.3831774173111,159.88650385372395,0.0,0.18674924895555833,0.10008869996157468,0.2729488061574608,0.4094528800805616,0.030569327841360613,0.0,500m_25139_7923,6
6117.022826842626,2723.739640872001,0.44519932631203696,9,25,52,32,179.63516863929243,140.67133818771464,0.0,0.23945343013338927,0.01665489340305102,0.015460958531887581,0.41266605633546677,0.31560121009752573,0.0,500m_25139_7924,10
6047.823283170729,3750.7873726945804,0.6200854607755142,7,26,82,48,142.13010775000066,60.547803575764064,0.0,0.10851138644293372,0.18036850297986584,0.07878166659073825,0.1784331326838397,0.44007854187598383,0.0,500m_25139_7925,20
5208.623349909962,874.9857882067912,0.16795567154042215,2,10,44,12,75.76548236150131,66.37808162180065,0.0,0.0,0.2123761551748339,0.4135969031273295,0.2304849602148382,0.14335002902639327,0.0,500m_25139_7926,7
6632.2273562602495,96.58781524661639,0.014561209809197869,3,9,77,3,156.7474167010405,150.96646852700428,0.0,0.0,0.05297687531793243,0.6566462763998593,0.15669486981469044,0.13353122229012607,0.0,500m_25139_7927,4
6408.871278426882,0.0,0.0,2,1,48,0,106.64925488694234,228.82688201670388,0.0,0.0,0.04811349497153194,0.7315310620272342,0.047412471754706476,0.17278696187339618,0.0,500m_25139_7928,0
3755.831508810174,0.0,0.0,2,0,26,0,53.758169884444484,519.5780961718812,0.14255731228124136,0.0,0.06706855548551602,0.5439523655796864,0.04159469037778847,0.20456089452190038,0.0,500m_25139_7929,1
6995.0708038921575,1748.21374836902,0.24988508512469998,3,5,80,9,197.74349803637713,244.83991350992198,0.0,0.0,0.09334441940799787,0.34898066165183705,0.31366930631699397,0.2438626752476021,0.0,500m_25139_7930,4
5685.602910438609,2754.986528144541,0.48446965113167156,3,18,55,28,124.30142008134835,5.690903262660084,0.0,0.0,0.22425539210462267,0.5476024026272988,0.12718310350768136,0.09822428553860661,0.0,500m_25139_7931,0
5925.369270182756,4674.409191995139,0.7887475415197998,3,35,64,51,69.6705617687788,59.08671882175334,0.16259793449651083,0.0,0.12781118312720272,0.466520091873399,0.13933171651651755,0.10357033661034572,0.0,500m_25139_7932,1
7421.203434851857,1603.484464232255,0.21603887286393944,3,13,85,16,18.00771026518609,141.07337197601987,0.0,0.0,0.19037417365372364,0.3754316384275886,0.030635404323849067,0.4034240527148809,0.0,500m_25139_7933,7
6167.481715531911,2684.2460890001194,0.4351550693976007,4,31,52,17,92.29308043963125,53.83496749155266,0.0,0.0,0.24591937863112714,0.13454782843328408,0.10608743301263394,0.5132832454763024,0.0,500m_25139_7934,8
6296.401486924343,654.2860896445205,0.10389778879479931,6,16,59,14,64.53647171649153,194.40355635093846,0.05088524235307969,0.0,0.23150805890144668,0.3462983508991153,0.21923936216574821,0.15191019002464273,0.0,500m_25139_7935,4
6711.2638926459695,1137.5951095041435,0.16948009310994241,3,6,79,12,217.29192223457764,96.38671008741863,0.030758622647902575,0.0,0.08248584320099003,0.46586515740856843,0.09957369544053771,0.32116770027026686,0.0,500m_25139_7936,6
5567.317220033667,1869.9506458056728,0.3358197049331121,3,3,66,15,172.22747468647069,114.30845088836364,0.0,0.07471724156755158,0.10056530285719839,0.3040363991858724,0.27658716875695094,0.24391430016273194,0.0,500m_25139_7937,5
4033.5431799965454,1202.3323772650187,0.29800954497803844,0,1,42,4,296.9715642069164,239.80162269137296,0.0,0.03704682590601499,0.13199690165702863,0.6949946049906274,0.12320128099016459,0.012512526920304818,0.0,500m_25139_7938,2
7498.743689443088,5713.908142266694,0.7618804560360908,10,55,97,97,114.62956051638652,77.94987414877885,0.10439706751433883,0.0,0.18400940211259872,0.41755420559249945,0.10221056011018892,0.19169542678025278,0.0,500m_25140_7890,28
5271.813198149537,3234.4160071611623,0.613413729182794,3,17,58,32,152.78918546450623,68.71721871121957,0.08144248200736975,0.0,0.045236879141777674,0.5328605563088764,0.05977016017471328,0.2805002702854575,0.0,500m_25140_7891,7
6817.154649012678,149.71655983952394,0.02195851627701112,1,7,78,10,180.20872040236603,243.33222598606739,0.06852649708692195,0.0,0.09324319754888426,0.4648913349313628,0.011352413750485438,0.36183988943123785,0.0,500m_25140_7892,14
7928.990356701964,1795.252411113846,0.22638771680177439,2,7,102,31,187.81891928777296,166.78548060476965,0.10471081191096177,0.0,0.06906200766473679,0.5622137584351655,0.0894174331546115,0.1656981409764746,0.0,500m_25140_7893,7
7273.800115389901,3121.7239390773802,0.42911473711467985,8,16,95,48,77.91914090795377,69.52134834761158,0.10105674588987745,0.0,0.09022658924608641,0.5162709441777101,0.14785034335203506,0.14445791651280582,0.0,500m_25140_7894,6
6360.709167361501,569.6207886756506,0.08953895465672458,2,5,74,10,208.69236434267657,202.30673371564222,0.07571869080457123,0.0,0.010598271175093123,0.27638451873959663,0.06126248620187,0.5758788426173609,0.0,500m_25140_7895,5
6903.582055726342,5367.77812885983,0.7774225993024505,1,6,65,61,209.061332038627,190.15162298288925,0.0,0.0,0.07363484796070148,0.041505999784888274,0.6476713239193851,0.2370429969763824,0.0,500m_25140_7896,2
6305.216957071574,1757.0805291819584,0.2786267172764535,1,8,59,35,239.10965850475574,75.56127356104643,0.03776542144203868,0.0,0.015508942064990969,0.2091101274393724,0.2553723585600294,0.4820845768182874,0.0,500m_25140_7897,1
6122.825569293586,4598.9242775722805,0.7509887774453362,5,14,64,44,123.91807355941448,114.36701297754675,0.08135315139880214,0.0,0.25641707780076667,0.5042775893005668,0.07337311899201925,0.08441576589061095,0.0,500m_25140_7898,1
5683.321650334723,849.3398524840827,0.14941797891294015,2,3,58,14,183.6588223008398,188.81030144663487,0.09828881942138136,0.0,0.14021743886290391,0.5377131151117374,0.06897704816422923,0.15462765595303593,0.0,500m_25140_7899,0
5733.231907461555,3721.2024356085085,0.6489452285259631,5,16,67,35,44.03298794087783,25.51976584457924,0.26877055205330463,0.0,0.06435728263266284,0.45342049840333043,0.117745126925606,0.0955321487124483,0.0,500m_25140_7900,2
4044.245496370784,2766.2976268446923,0.683839245189567,2,7,37,21,270.37647385297856,189.12092780559092,0.3303779931869383,0.0,0.009400897321657277,0.23406534118070094,0.425908564525198,0.0,0.0,500m_25140_7901,1
2508.11991386325,654.7641215069191,0.2609536985017148,1,2,16,10,247.9211521103863,250.2156617509504,0.24509221613960067,0.0,0.0,0.5367767555536368,0.03226851083838638,0.1854639713508804,0.0,500m_25140_7902,1
4276.439193730788,4999.448634316575,1.1687947876954037,2,7,25,26,114.93394628028292,105.40878636291832,0.1405895345933265,0.0,0.16936352444338265,0.18972079169078201,0.43520961976062067,0.06488274477417263,0.0,500m_25140_7908,3
3464.318631474423,5603.267377779369,1.616955891699717,3,5,24,13,131.1381499897585,125.58728798933994,0.2134042536873366,0.0,0.1023805250169338,0.3780899943083381,0.16369114776325613,0.14214550547195062,0.0,500m_25140_7909,3
8075.0907005734625,1452.6927288951779,0.1798757323010285,9,12,74,17,56.95044450905709,224.79110738530244,0.16734930568931924,0.0,0.08517392365470004,0.5980641766456708,0.11213691443661777,0.03715185728923858,0.0,500m_25140_7910,10
6964.782442811691,875.5226230093467,0.1256890564982888,1,0,81,18,165.51735201615017,307.06752868225357,0.0,0.0,0.06624487176202276,0.4606816479885005,0.2848941184564651,0.18803580290236183,0.0,500m_25140_7921,4
4824.9930560630455,2065.814606268886,0.4280600038728897,8,15,45,24,161.36243687032635,162.05293634903285,0.0,0.0,0.12617547156285128,0.4304986900669003,0.25478324468318525,0.1883353824481771,0.0,500m_25140_7922,3
6051.821087092102,327.21024825933847,0.054059131031830465,2,4,47,4,92.80719434075586,180.8868012100482,0.0,0.0,0.12154854141425486,0.5370161112409613,0.24989063340714293,0.0913795017191381,0.0,500m_25140_7923,2
5889.795747466921,664.7618316790755,0.11284754389335723,5,10,55,13,52.31020794224312,54.85420328754957,0.0,0.11222215050396339,0.02427221151024948,0.3231617229043066,0.26870370379153846,0.27147045493734184,0.0,500m_25140_7924,9
6943.125166675351,1537.6942380768403,0.22143815112322415,4,15,78,37,164.37645583852435,111.8898755277746,0.0,0.060525065620242825,0.020990460984532666,0.4292365412434857,0.35053890090285794,0.13856502462803255,0.0,500m_25140_7925,9
8068.301540596168,416.9919373847883,0.05167633596128823,1,7,86,10,178.0451716933569,182.58738539776957,0.0,0.02514858215404311,0.0532551917234899,0.6063087792735301,0.25810433408532396,0.05705918630046547,0.0,500m_25140_7926,1
5865.542640172648,66.61670857597215,0.011355360842312342,3,4,68,5,173.67463443096042,183.8727181463539,0.0,0.0,0.15316919760820774,0.5733434886018295,0.13293900465771258,0.14037785098316033,0.0,500m_25140_7927,6
5228.089537862402,135.32163410532678,0.025878622487815514,1,0,52,2,120.59442778901361,276.38980367246836,0.0,0.0,0.04106379751805931,0.6435526900906018,0.11963172737768406,0.19556054713318638,0.0,500m_25140_7928,0
2731.167505373545,145.69556147132585,0.05332599893116956,3,0,21,1,161.2510707237406,524.0977844505425,0.1702009794050414,0.0,0.0,0.4332632331592527,0.05411634002678242,0.3420534376390125,0.0,500m_25140_7929,6
5473.562717173739,1148.012893677611,0.20969946879524953,1,1,60,1,211.38342963481455,104.26566891165206,0.0,0.0,0.09639506140209543,0.4441095446049864,0.2607714755781236,0.19854125542385712,0.0,500m_25140_7930,3
6150.097709315046,837.6392058462332,0.13617719071146217,0,6,79,12,408.5221586147487,104.798702548765,0.0,0.0,0.11700766506314024,0.4812001753470494,0.3160292545868062,0.0856003323944622,0.0,500m_25140_7931,3
6803.131081967249,3588.453999647513,0.5273934256143106,3,39,72,46,92.72772196320925,73.65707217638662,0.07355328417294056,0.0,0.15478211180979048,0.537335869785384,0.10929941285605657,0.12488235183806516,0.0,500m_25140_7932,2
8682.907842777942,1787.5450779671467,0.20584569877186987,1,11,125,25,287.65062619097563,147.2076004492654,0.0,0.0,0.11772331470336397,0.3205217895215226,0.08235231318708262,0.479287427059194,0.0,500m_25140_7933,1
7320.617412034446,0.0,0.0,2,16,108,0,219.49023875190457,42.22217519087434,0.0,0.0,0.1311754003752628,0.1329308141029081,0.1625171089020686,0.5732400947767443,0.0,500m_25140_7934,0
5625.452368552316,504.68795376514277,0.08969914267576014,2,0,70,8,110.99799230487433,309.1747216658529,0.0,0.0,0.19061911053560918,0.5694108436433937,0.11959208081189499,0.12020023312149351,0.0,500m_25140_7935,2
6336.769848186779,1760.671439760209,0.2778061497868896,2,7,78,14,117.01797327706126,84.43139654725366,0.062498877943213814,0.0,0.0945187834639775,0.7319864502241595,0.047451382638892155,0.0633867215211231,0.0,500m_25140_7936,5
5946.0009185568815,979.3426613766144,0.16467841098202904,2,7,82,9,159.63274010981354,146.47451716319,0.0,0.0,0.19275048468287415,0.5421204223640481,0.14399673242245578,0.12096420854717865,0.0,500m_25140_7937,3
5666.802862799337,474.4466508050426,0.08370909544491684,1,1,75,5,140.78946770238178,168.12816981109137,0.0,0.10299099668449668,0.02658198274676692,0.5492227281949549,0.27242039073591895,0.04860746642580493,0.0,500m_25140_7938,1
6721.001726539854,556.7121497763485,0.08281939999782115,2,0,80,9,229.51990485754152,460.27208742318635,0.0,0.0,0.1421953255268982,0.5325688518934997,0.14807603302837574,0.17701102434099827,0.0,500m_25140_7939,3
7381.780780834427,1672.2056681782647,0.22650078849954236,4,16,98,33,113.98862426218135,98.12830076751543,0.07322636173743229,0.09907357854156103,0.044447417880822085,0.2624531482117083,0.20715005915750803,0.3135139841535765,0.0,500m_25141_7889,24
6008.396024265435,3608.6612706981214,0.6005031547474408,2,4,81,34,268.8450522423138,38.29780455633789,0.0,0.014037204583701175,0.128721353856705,0.3291834867103503,0.29669006038621565,0.2312014883889457,0.0,500m_25141_7890,3
6251.30858041615,3766.265349214527,0.6023799530642882,0,3,80,30,445.5535860689927,204.5113693695734,0.0,0.0,0.03693944872057419,0.4606777161164167,0.25343340779043355,0.24878948645041185,0.0,500m_25141_7891,8
7620.93717697984,502.45361550208116,0.06592203580732953,2,2,118,12,77.13535769728321,179.1530127346291,0.0,0.0,0.08332707206111338,0.5580443365543435,0.17535327887276786,0.18314411227005525,0.0,500m_25141_7892,1
7181.622619847695,3178.506598139902,0.4425273004538419,3,8,111,46,102.99407956252843,98.70628730384502,0.0,0.0,0.17539493146806331,0.4140384551153137,0.26584516583933365,0.14458222266559254,0.0,500m_25141_7893,12
9616.068748853571,420.9932956014196,0.043775635445218716,0,0,127,20,393.2628841838866,308.52236659437455,0.0,0.0,0.009929714924864481,0.7779212557342485,0.04435676673362239,0.1676882808196621,0.0,500m_25141_7894,1
8435.413007943593,576.5300657152994,0.06833829320262627,0,1,109,13,275.24631964709766,266.7429411418003,0.01023003392463257,0.0,0.0,0.6362733975755704,0.06893468966652434,0.28444334504420143,0.0,500m_25141_7895,2
6908.131057335148,2692.067698850944,0.3896391132996216,3,15,65,30,237.00211616549612,158.71009768045224,0.08388301752107416,0.0,0.051429944036327946,0.40674460375294147,0.08252045433633909,0.3720924291679718,0.0,500m_25141_7896,2
7392.495239127216,2719.9763481467917,0.3678877527035343,4,10,82,44,144.92158739065346,138.12532375062673,0.0392966979180886,0.0,0.17415133994768192,0.5417842736020829,0.0590828584612552,0.17460072769765128,0.0,500m_25141_7897,9
7962.728229074528,3629.0352017130886,0.4556955106107158,3,24,71,52,84.30932876811852,73.45947422882632,0.0,0.0,0.2865950164204477,0.6816177873118058,0.008751948931024567,0.022909678008985038,0.0,500m_25141_7898,5
7218.033632672086,1878.7382181012588,0.26024788270807014,2,15,67,32,61.52289024243271,35.552991371957674,0.0,0.0,0.15394802560415843,0.654058961824819,0.029084552980838882,0.16276993689436486,0.0,500m_25141_7899,2
6840.282425055209,3430.75535083574,0.50147839800782,3,16,68,45,123.75612449204729,114.3572226799259,0.07484363778351501,0.0,0.11474946768410019,0.5734182955380679,0.16099844167587282,0.07584398589357455,0.0,500m_25141_7900,2
5738.261773273597,1810.5097045827567,0.3154603808130652,3,3,65,17,134.3707727266019,160.02745853567785,0.17611301414231045,0.0,0.10080586754108042,0.4235182084270606,0.27191330091496846,0.011364162462183509,0.0,500m_25141_7901,1
2898.368085126095,698.8831813730982,0.24104672495996773,2,5,20,12,283.32551952753806,277.0520358040793,0.08357643752458464,0.0,0.07379785914816947,0.635353905914491,0.1711835721897586,0.03574332248190251,0.0,500m_25141_7902,0
7119.442578022666,948.3257902118958,0.1331835458007786,5,0,50,11,55.88795242855521,517.7990695054501,0.1930925382774335,0.0,0.18549984858500462,0.4827343577543936,0.0880057060061784,0.050527108668558224,0.0,500m_25141_7909,6
6728.262045227563,3131.0933358823145,0.4652952009950194,2,0,59,26,255.38649136353223,255.0290837416705,0.05262161020865208,0.0,0.13592876422559527,0.642821155609778,0.16847986525113826,0.0,0.0,500m_25141_7910,1
6930.531800997729,155.41040137544502,0.022420787473423284,3,0,80,3,232.3965873596715,268.26794844233785,0.0,0.0,0.15090166277109057,0.47033756709047914,0.35941840844676703,0.019198093436289507,0.0,500m_25141_7921,0
7334.357426126713,709.6030768449743,0.09673735519929066,3,3,93,18,79.1862142050091,42.57508163413576,0.0,0.0,0.02321009650140728,0.3776142975754022,0.5013181043971212,0.09772117551740835,0.0,500m_25141_7922,2
6936.746452869065,224.36979609181412,0.032340443343677874,0,0,86,9,329.20556127203787,320.3461575622116,0.0,0.0,0.0,0.36320519230083165,0.397941438584051,0.23870923009147477,0.0,500m_25141_7923,2
8299.897498913666,60.14013023226029,0.0072450154022659355,3,0,95,4,171.35182136046453,347.2308606220604,0.0,0.05485496907468599,0.0,0.6440202973125075,0.2265647888216982,0.07443947588998903,0.0,500m_25141_7924,5
7258.499922982069,719.4180552438053,0.09910022217457116,2,1,90,15,150.99850069782468,148.4913536921651,0.0,0.0,0.06299227234251746,0.5090272532669102,0.27375427353082915,0.1540884503244977,0.0,500m_25141_7925,5
6253.5889478929885,1240.7326710461778,0.19837157667477875,3,13,69,19,146.3821536430328,94.12123025717014,0.0,0.17590396908514178,0.03870550038894442,0.5977639509110318,0.12955656456832107,0.054162432408857666,0.0,500m_25141_7926,7
6435.356216782323,24.013848343576747,0.0037309694390379473,0,3,70,2,389.3139007524003,183.05225626796368,0.0,0.0,0.0,0.7600997709992486,0.15196396167968762,0.08778089991032424,0.0,500m_25141_7927,1
6074.067380310698,0.0,0.0,1,5,75,0,125.87406715427265,268.0572571105335,0.0,0.0,0.09691491322985968,0.5672757999725452,0.17154632477397422,0.16409835479584917,0.0,500m_25141_7928,2
5838.335184350918,28.762445887934636,0.00492563707680565,4,4,48,5,68.86110824073849,61.694268300286126,0.09058582874541403,0.0,0.0,0.5127090181944564,0.08842000624228298,0.3081138944460558,0.0,500m_25141_7929,2
6394.809481026315,1077.2790988675647,0.16843514524055167,3,0,77,10,115.07584272546514,498.3702618826472,0.0,0.0,0.0807296864885851,0.44064069710034326,0.23624760289284125,0.24222566114360655,0.0,500m_25141_7930,5
6276.8707651865325,227.04605280964813,0.036166092183470104,0,0,53,1,315.8520508545056,375.1362958564222,0.0,0.0,0.0,0.6629676582566756,0.28524310460533303,0.05162994746201691,0.0,500m_25141_7931,2
6597.525558220093,1875.581442384909,0.284242506274513,1,19,109,34,237.23798677435443,110.63729626422283,0.08090370487846803,0.0,0.0,0.5490049248089828,0.25573574263963667,0.1142040786653088,0.0,500m_25141_7932,2
6560.434352034053,2976.811587767491,0.45368305587705465,1,28,85,46,248.53628786288385,71.30287648858706,0.0,0.0,0.18581359342350554,0.3629344405044226,0.36567527494023155,0.08542428543114303,0.0,500m_25141_7933,1
5233.390596993917,1112.8181495505182,0.21259746076068603,0,2,62,10,447.3937615122593,482.25531331786226,0.0,0.0,0.28385888543632753,0.10560918138302182,0.4217288886956159,0.18861200027817418,0.0,500m_25141_7934,2
6299.726939730461,168.23876923694053,0.026701485534324335,3,0,66,3,140.60133169958675,555.4344048354075,0.0,0.0,0.23472938235402016,0.4589577946093577,0.15033750643433472,0.1558166047568817,0.0,500m_25141_7935,6
4144.554615151223,4204.665577925857,1.0142588792724128,0,0,55,9,319.95802973394103,379.5777053670616,0.14763249269307455,0.0,0.099692133912548,0.3207854466037595,0.21972479638295753,0.21192390816049814,0.0,500m_25141_7936,4
2980.7384327524906,0.0,0.0,2,2,27,0,153.62340268466377,155.2290572088208,0.0,0.0,0.28080700440681566,0.49862746945128433,0.1472779255316656,0.07295222578693819,0.0,500m_25141_7937,5
6348.533407333858,0.0,0.0,1,0,85,0,416.53585947153664,417.0522105354831,0.0,0.07329689705196511,0.09752902567177539,0.6433161786462553,0.16027268885551843,0.025427717887153527,0.0,500m_25141_7938,5
5734.573120825388,385.0596713132985,0.06713534344374042,3,0,67,8,70.25508056236663,711.4923223072335,0.0,0.01399139409291537,0.10949153352675053,0.618611264509269,0.18410258114495767,0.07362887623332631,0.0,500m_25141_7939,4
6772.19748540529,290.33342259007543,0.042865046119750436,5,0,94,8,145.64951886678344,903.6859704336991,0.008807303395535638,0.058063450236946534,0.08199483066994974,0.3315166244520367,0.11383895974281624,0.4056311907463134,0.0,500m_25142_7888,8
7141.256688160078,598.8291463471267,0.08384312864865565,3,0,88,15,338.6864955761684,844.886830342653,0.0,0.0,0.14906064463627985,0.15733388592296083,0.14230269260049033,0.5511627650703679,0.0,500m_25142_7889,5
8165.091612041407,1607.7944031405982,0.19688664780221252,4,6,111,27,73.87631105311237,124.78783490714088,0.0,0.06890622673565594,0.08701901284510413,0.4472807531047819,0.21807280544698662,0.1785987442650468,0.0,500m_25142_7890,5
7544.548871731825,1682.0966436225083,0.22292568403131158,0,0,101,20,536.3395583405616,529.5926979092909,0.0,0.0,0.12051314001057223,0.5180139420933048,0.21812981506548892,0.1432105743668998,0.0,500m_25142_7891,5
6543.942666799447,2600.4906800307813,0.3973282597603642,3,7,101,27,220.3417324799549,215.20755248695468,0.0,0.0,0.08574893876792304,0.48119485185317834,0.06824544589969533,0.3646579737527064,0.0,500m_25142_7892,5
7551.512390287263,525.972687679571,0.0696420820647691,0,2,85,23,282.8264159592189,211.6910902103254,0.0,0.0,0.06198883584621277,0.4077963707350657,0.06965753020770724,0.4604248569403158,0.0,500m_25142_7893,2
6600.795190517161,1384.6992535476513,0.20974586662982783,2,16,78,19,155.15299437741925,39.00791441615361,0.0,0.0,0.08306841807236134,0.4729209817490877,0.054238954456219714,0.38962017177151315,0.0,500m_25142_7894,9
6484.39285915147,1738.535686447874,0.26806944840583474,2,8,71,31,164.69874928211948,102.40770925390427,0.0,0.0,0.11205869428667366,0.18939476930312577,0.19703490593575962,0.501357437810755,0.0,500m_25142_7895,16
7083.763736499971,672.2161131367077,0.09488193793584389,1,1,75,14,332.5963166258408,325.8860776061137,0.0,0.0,0.08582192574771794,0.5923893516896125,0.131273367454373,0.1903742071410262,0.0,500m_25142_7896,1
7601.276124610278,1742.4814563662483,0.22920523114458363,2,8,96,43,178.6925589493482,142.17232945271712,0.06569054741198821,0.0,0.07454934076076394,0.3324031643364444,0.07502759362492155,0.45219781431330536,0.0,500m_25142_7897,4
7567.369502672537,1375.3620966390947,0.18172501965627177,1,10,84,24,674.5364254343826,154.00892942411346,0.0,0.0,0.1236661830997466,0.49791720322779764,0.0893171438305655,0.28896734098644133,0.0,500m_25142_7898,1
4953.995065432212,857.1818649391947,0.17299348508320359,0,0,48,14,360.8884932278706,304.88936069620286,0.0,0.0,0.06799676252825727,0.474229667775451,0.10876576497795443,0.3488059881702295,0.0,500m_25142_7899,0
6580.582570929548,4213.54930474208,0.6402030604847339,5,25,96,54,72.47235348429922,66.08798975180788,0.12597765249203427,0.0,0.10205948358196244,0.3478291554007266,0.34547854961565055,0.07595833653972878,0.0,500m_25142_7900,9
6028.250735326658,2253.9588895465977,0.37383731221197597,5,17,44,35,55.3781808068451,46.48219093004303,0.0446208556400987,0.0,0.11734252181533585,0.6275696527941015,0.09899247107104009,0.1113086405912641,0.0,500m_25142_7901,4
6708.087149115436,3031.254047158918,0.45181318706801654,3,14,59,42,81.8662414387063,71.760105958298,0.09179888036149607,0.0,0.065544997204722,0.654939434001298,0.13630874247785757,0.05125889438057909,0.0,500m_25142_7902,3
2889.305829179819,992.0629892895688,0.34323806819124264,1,2,24,10,261.4123929985582,249.72204957817036,0.0652568965025294,0.0,0.0,0.29564163892041534,0.2993141203059824,0.33944136012299264,0.0,500m_25142_7903,1
5888.834553271423,3649.758295910457,0.6196707671327121,2,0,63,12,181.26866288623614,493.57852080214946,0.0,0.0,0.2146071565640624,0.7134947178378344,0.03440480449582823,0.03732353704621215,0.0,500m_25142_7910,2
3045.544759724602,972.361520737618,0.31916863116283783,4,9,16,9,430.12651595760747,415.60140817164773,0.3339784120173557,0.0,0.17134442659678042,0.054128112499328335,0.403699647866902,0.0,0.0,500m_25142_7921,5
7339.6586768576835,2892.3744036923435,0.3940210996066204,14,15,74,42,86.31931268242009,83.8277060512467,0.27910113778800133,0.0,0.08064103053527295,0.25344954873295295,0.28669874393483163,0.08438208455100168,0.0,500m_25142_7922,5
4960.549754559874,3631.4696405679365,0.7319224476647569,5,12,48,19,158.79637139650194,135.68741556813742,0.21451392986014123,0.0,0.03188077737334749,0.23849059968066788,0.3906545580815605,0.12425858507543656,0.0,500m_25142_7923,2
9269.289697268001,2483.9394608033876,0.26794626078788203,11,20,120,46,153.11285998965752,107.66896013794307,0.11748260949872666,0.06496150773507525,0.0668725277814457,0.4822669834886539,0.22824334674302113,0.007600079567029753,0.0,500m_25142_7924,6
9097.964561944475,2099.5006345421934,0.23074061012646963,3,16,101,29,243.12908453852646,147.6549732666651,0.10169159006297505,0.0,0.031475360401749024,0.3971395783903389,0.24620805756273242,0.13801634242912045,0.0,500m_25142_7925,2
7295.546615834862,2620.6451953704086,0.3591624001528506,9,26,72,43,65.09155309076925,55.359488108982674,0.163612397638769,0.013211098887298161,0.062099044935465565,0.474180981447791,0.20248221861310073,0.04880576318505853,0.0,500m_25142_7926,3
7688.417291106365,571.7678624071165,0.07435776220240085,3,18,85,12,86.41263733700603,64.44477755308995,0.040728397897732374,0.07835434212787794,0.009214594549761264,0.6264086453383576,0.19765010360139718,0.0399354464236464,0.0,500m_25142_7927,5
5824.296203227578,790.5914110664581,0.13571694614059643,0,0,43,10,346.2843558703113,395.398734329146,0.0,0.0,0.08330106529396758,0.44388025503501866,0.25009711363568266,0.22254990094481678,0.0,500m_25142_7928,1
6914.571070229782,490.44933027476225,0.07091957053063243,4,5,86,15,205.64363472373523,211.09565390795652,0.0707799548558044,0.0,0.021196323260742313,0.6460423688302442,0.2305488591884754,0.031287892646722354,0.0,500m_25142_7929,1
6631.339934075111,3218.125187111572,0.4852171660529255,0,0,72,16,362.38404019178057,308.2103918442677,0.0,0.0,0.0026307972166752912,0.5734780923848974,0.3110027456571535,0.1127375883923626,0.0,500m_25142_7930,0
5387.262391105662,188.33705628417295,0.03495320803141633,0,0,49,5,347.7280715377842,262.4689321793004,0.0,0.0,0.0889982198864912,0.62012606217299,0.14107856862126153,0.14961156073291657,0.0,500m_25142_7931,3
6513.933918605958,3003.8429336845047,0.46107036099105303,2,19,104,57,187.32634183731534,166.39708668725598,0.0726487024036613,0.05781307858129568,0.02266431381662564,0.6320120754717934,0.17925371759083134,0.03545461863724105,0.0,500m_25142_7932,2
6400.404993391007,2818.5397125019804,0.4403001708862228,5,19,74,45,97.54983289992937,91.39494462097007,0.0,0.06177635631587315,0.1543263161386757,0.11393561667857764,0.4987118481910642,0.17109364696987744,0.0,500m_25142_7933,14
8045.9543439550525,2496.466468087799,0.3102374341123444,2,21,103,46,59.16692155698461,54.10742166479378,0.0,0.0,0.11013883527177654,0.3767964490578288,0.37514078797982797,0.13779965707124212,0.0,500m_25142_7934,5
6310.758258289429,3013.210595028763,0.4773963880938278,4,1,84,17,95.94166970863995,280.7194922824211,0.0,0.0,0.2548036760277604,0.3409213263011707,0.22735435150199723,0.17676221171086298,0.0,500m_25142_7935,3
4994.377002988517,1960.6949565681937,0.3925018983342388,2,3,51,9,230.02414799178842,220.18566120322475,0.0721385918734723,0.0,0.1388723028178227,0.39994773385445836,0.30778334388772716,0.08105784247550347,0.0,500m_25142_7936,2
3768.248222966334,641.970473668741,0.17031790842459327,0,5,43,11,255.3852050868044,182.201777825845,0.04452561115087449,0.0,0.20638857616686204,0.3105158286099563,0.30570341232363724,0.13260126685473728,0.0,500m_25142_7937,0
5466.0741684196055,52.4433148697762,0.009592574246150433,0,0,62,1,506.9169928545228,276.00465830986406,0.0,0.0,0.09074745093034821,0.5177071453808152,0.2109952064950364,0.18036728399943064,0.0,500m_25142_7938,4
5667.257056380918,421.5647779620556,0.0743729110675191,1,0,65,7,171.17726591266032,363.19660913849526,0.0,0.09699312072681977,0.03472846243772503,0.43938309887679533,0.20862959300462577,0.22008930387960923,0.0,500m_25142_7939,3
7855.72834773379,50.65826809378988,0.006447756095372936,5,2,106,4,66.6044187852267,75.29166951930154,0.0,0.08752966778159309,0.07364884441666578,0.33687070719233714,0.17792982808905938,0.32389367307835104,0.0,500m_25143_7886,5
9212.277566530258,139.02606648296384,0.0150897512290321,2,0,103,8,149.8878420624088,293.91284194391073,0.0,0.011155932666615489,0.1485190590141999,0.3430079766784993,0.03300728865212423,0.46420120398137554,0.0,500m_25143_7887,1
8191.90696596232,410.4513555912951,0.05009837867029709,4,0,97,7,72.09965203817015,483.2285074524053,0.0,0.0,0.13305481124110757,0.2925607431364785,0.14369624745912402,0.4305661413641401,0.0,500m_25143_7888,5
7481.387919887455,730.9403512505345,0.09768811228134358,3,0,79,5,134.98141275662167,359.24491370976176,0.0,0.0,0.23056655628957026,0.32233990791103595,0.06263147735547389,0.3843284112699542,0.0,500m_25143_7889,9
7403.2840871195895,1623.2130973352232,0.21922620448328647,4,1,89,16,88.01972612361541,77.78175889934583,0.0,0.06735822030444552,0.009627006028596627,0.30389760523714693,0.12071224305422386,0.4982698684290643,0.0,500m_25143_7890,4
8254.093876900444,1288.1350033946242,0.15604123013053883,0,1,109,30,376.0398729961121,270.0195325695927,0.0,0.0,0.04092059825725238,0.442515278465373,0.17719638552734007,0.3392466004238068,0.0,500m_25143_7891,0
3396.257154117134,2452.295120614798,0.7218455976000707,1,4,34,17,144.42509340494166,33.46459885491563,0.0,0.0,0.2302977404633774,0.5322635634752555,0.2371443409523377,0.0,0.0,500m_25143_7892,2
4536.035221477176,894.2346481805542,0.19709669520471737,0,3,47,16,382.92950113137226,148.84279009232253,0.0,0.0,0.05216577206517221,0.41950151137894,0.24563232649297992,0.2824799818114432,0.0,500m_25143_7893,1
6021.4341460767255,6297.6247453287315,1.045694247969698,1,8,41,47,244.92380618090962,90.58155951336173,0.14156886883849265,0.07050098384094067,0.16231196849416915,0.5061386893104417,0.11931344369864237,0.0,0.0,500m_25143_7909,1
2901.388502328566,1331.2623188860282,0.4586781948102281,2,0,21,6,139.17971132313883,265.8131502309324,0.0,0.2011281522247247,0.02487624883763513,0.4843870139251683,0.23879687567066202,0.050467165529292105,0.0,500m_25143_7910,1
7154.319497686256,25.99521818847856,0.0036329919575057933,5,0,68,1,123.39696939100934,308.2653302834306,0.07442674959795326,0.054023077777742554,0.06605575943721799,0.3497365323744589,0.34565533595229264,0.10996278869705958,0.0,500m_25143_7928,2
6598.135661194422,3089.666215290568,0.4681925594376019,4,16,93,27,123.89866131917084,103.46464556830223,0.1603896260339054,0.0,0.12946993471988338,0.23731545023838396,0.33755685594505025,0.13511659806617388,0.0,500m_25143_7929,4
7013.6343210346295,3639.2010996752115,0.518801256504907,2,4,98,37,302.1987737842149,192.55668823184732,0.07156614425117172,0.0,0.05410183927373548,0.5266443497098747,0.3351239783802811,0.012421129278613087,0.0,500m_25143_7930,0
5425.4079801264115,3229.9681216019662,0.595231345197661,3,23,60,36,157.48200785654532,152.23927438441032,0.09261606832945084,0.0,0.1403034727473658,0.5381255837847225,0.16209913175483034,0.06667145941462889,0.0,500m_25143_7931,5
7700.545967620786,4241.798216477666,0.5507723039388768,9,55,102,81,116.6185699577568,46.249005188930404,0.18849204648632528,0.0,0.0938503415450073,0.4966508416855993,0.2088678823050045,0.012009043917636806,0.0,500m_25143_7932,4
5117.787142934598,3773.365993419164,0.7371601686207049,14,47,57,55,131.60942338123112,83.30785967687424,0.19542290293154055,0.0,0.10165404584198942,0.17254008917598967,0.17471696848591045,0.3554706347867823,0.0,500m_25143_7933,2
4415.514010815223,1630.5506918586202,0.3691940493940932,2,10,35,21,337.7910480754297,76.51714681880294,0.2633685314467291,0.0,0.0,0.01658370346546069,0.5719249054799915,0.14789643668749014,0.0,500m_25143_7934,0
6518.314521504055,3139.7247362900525,0.48160350692294784,13,14,79,32,23.85481839594796,22.24861975098542,0.12254341293194008,0.0,0.0816653862562123,0.33096703755338475,0.2299683121949058,0.2347024607037732,0.0,500m_25143_7935,5
6168.636826232778,1154.0178303106402,0.18704793536693332,9,11,70,19,27.940324450000926,20.100789868099078,0.1809949427369504,0.04717280860706759,0.151806501671458,0.20011568588900852,0.2109147507860007,0.16371844543771236,0.0,500m_25143_7936,11
5516.127115065106,1415.8914178111713,0.25663563450349514,3,6,54,20,86.63265303533564,56.003764712282695,0.1652194676224831,0.0,0.1417596154203304,0.4825347079119956,0.17516556191859112,0.017571186589197343,0.0,500m_25143_7937,4
6440.354431363457,4683.044764278736,0.7270279588213041,4,40,70,71,116.19071675409756,12.797136557661506,0.07848487950049549,0.04415597094057159,0.17553795503650382,0.34119585694220994,0.14701863740185803,0.21345145332606363,0.0,500m_25143_7938,22
5876.040414277557,2234.724492550812,0.38024657566107933,3,13,59,34,196.4312094013448,135.64370738057684,0.08927604017488724,0.07212203818919417,0.06131994353400812,0.46176345603266666,0.17659349000809654,0.13875487839033554,0.0,500m_25143_7939,13
7696.09640345717,500.0439868267611,0.0649652752955212,0,1,107,12,365.82117199726224,273.9602629918345,0.0,0.0,0.01034340184613278,0.5424126474232734,0.35218112424909037,0.09493290736037223,0.0,500m_25143_7940,4
5074.705336362447,58.03357415504065,0.01143359795520182,4,0,53,1,135.69932374911144,395.9234871876499,0.0,0.10379898090606839,0.12376118333446003,0.2961180557573749,0.26140335854683205,0.2147214045022055,0.0,500m_25144_7884,5
6958.664519926811,31.17232753049646,0.004478998584090411,2,0,77,1,96.0220567692776,784.3866070661137,0.0,0.08206543065077258,0.0729026106967994,0.2483959382623519,0.14626328760826354,0.4502290476951052,0.0,500m_25144_7885,5
8040.859484763203,36.50841662449026,0.00453979787804826,5,0,86,4,155.9162697550682,521.9600076307352,0.0,0.0,0.2751366361658623,0.3120055927910041,0.09440082161750374,0.3183326000755958,0.0,500m_25144_7886,4
7381.747536666405,6.035480165351365,0.0008175113852093901,4,0,75,2,156.2210401797133,522.5205348186527,0.0,0.0,0.22060763336303812,0.2240933387412352,0.04644828695806447,0.5087152900103441,0.0,500m_25144_7887,6
9050.684588362648,1527.7341456634997,0.16877898591690216,4,16,90,17,87.36605629788421,80.80733670499315,0.0,0.0,0.2379453020404675,0.09081274974179457,0.011431986806192625,0.6540270230495375,0.0,500m_25144_7888,12
7439.868462349191,2814.3452034957404,0.3782280546600619,5,20,67,29,111.09675878361088,105.40293240747081,0.0,0.0,0.23022158658499448,0.25798215431273,0.06695798316121966,0.4447038830264301,0.0,500m_25144_7889,9
7316.68178099857,2796.5187616792828,0.38215911068186276,7,17,95,29,62.433515666975836,90.16846993125995,0.0,0.06878684534351388,0.21863836515661916,0.3752008837945254,0.1252410490198117,0.21199620138540476,0.0,500m_25144_7890,11
7939.921009842018,2032.699464123745,0.2559777967321935,3,11,83,29,105.45250147575626,14.599179437151786,0.0,0.0,0.15008445870085355,0.4838658366869881,0.016573368532794047,0.34935040610238044,0.0,500m_25144_7891,5
6121.493399560815,2603.801071189464,0.42528442274453776,3,21,63,37,100.33077311952611,39.54793886919821,0.0,0.0,0.19031295393260023,0.28738719347084596,0.06426874071497873,0.4578677797332592,0.0,500m_25144_7892,1
2617.213809006142,4810.07040007592,1.8371572189903744,1,9,22,23,139.15203841197243,135.8334817586258,0.26452852329729,0.0,0.28023247935785106,0.07354387078127737,0.38131318678595094,0.0,0.0,500m_25144_7909,0
1504.7228164346152,1351.841316544956,0.8978022394227687,0,0,7,1,569.852664580137,538.6235399042001,0.0,0.0,0.0,0.028123128499600396,0.5694279266775124,0.40178481196318355,0.0,500m_25144_7910,0
6439.901789016298,2048.643018442566,0.31806773112673864,2,6,77,22,73.00970683962501,64.43728414891301,0.07036109037433713,0.0,0.017663993196676626,0.23191659828606517,0.4167873592271996,0.26311570115326016,0.0,500m_25144_7929,1
8266.093252682986,904.9439669651811,0.10946337960703327,1,16,124,20,159.56449728350086,28.631408233769175,0.0,0.0,0.11841441486559756,0.36427470917037164,0.31336799794775777,0.20382191651633252,0.0,500m_25144_7930,5
7482.979115565219,2609.428459619815,0.34866859184477306,2,22,91,45,101.63847544728777,84.73666294145195,0.0,0.0,0.11535514935438596,0.5494449111184301,0.2722056900790808,0.06286063068934425,0.0,500m_25144_7931,2
5867.852252491452,4492.843780597025,0.7655404476556242,6,44,86,68,144.3326547021667,32.03928288779352,0.08651693867159652,0.0,0.18453892626912696,0.4565145370448912,0.17429106401760583,0.09796814292933206,0.0,500m_25144_7932,7
2766.201393550669,619.7501705560511,0.22396279938296554,0,6,20,8,286.2922415575724,143.92533266623923,0.0,0.0,0.0,0.2282275658271131,0.6062219658810409,0.1651890923535677,0.0,500m_25144_7933,0
1490.2631739450496,775.7061891741904,0.5201671996781795,3,3,8,6,185.54976475945097,330.3938746868327,0.0,0.0,0.5135968196211759,0.016787379259903208,0.4303844726482887,0.03856075602073067,0.0,500m_25144_7934,6
7511.414902931289,568.0337129926886,0.07561266521249325,1,0,90,5,197.06586079648412,311.71808485808396,0.0,0.0,0.013555159325584785,0.4516584836995513,0.26102324573913777,0.27362999824703715,0.0,500m_25144_7935,2
6870.922777011165,1974.7132845946426,0.2873596442615313,6,27,86,36,88.89884391326419,40.03361693434244,0.09880145554945151,0.08453321349891922,0.1652137172692732,0.13964762527619115,0.13411011607107456,0.31504442308650227,0.0,500m_25144_7936,16
6448.384537013092,243.00308739634303,0.03767849257580247,2,0,65,4,250.7046626139248,337.0791483675483,0.0,0.0,0.3516303429334525,0.24620793161066254,0.3936438174509208,0.008362854449968583,0.0,500m_25144_7937,4
7798.685519113638,1045.0641975450671,0.13398799156505337,5,12,85,17,108.71619514127508,274.7918033495241,0.0,0.07591548741075582,0.16155807047696016,0.5090355514496915,0.16745366415169322,0.08590901621350396,0.0,500m_25144_7938,9
5856.578039974912,73.45535911816789,0.012540227141127855,0,0,63,0,299.18269386644073,291.21423617708956,0.012521497188909061,0.0,0.0,0.5751578526439312,0.14875547373415912,0.26339445741002276,0.0,500m_25144_7939,0
5118.726198688737,1300.5085572786936,0.2540191617301292,3,8,58,17,56.09535106266898,25.31120456291305,0.10473391265036179,0.0,0.0062549293607750646,0.4374103484188843,0.12721566136733928,0.324189825257389,0.0,500m_25144_7940,6
8069.592223525648,159.98110412174378,0.019822721764507122,4,0,98,5,75.79937331411263,1002.5371153730979,0.0,0.0,0.2585893967986966,0.4329509122425306,0.010875511772951072,0.2974602725415135,0.0,500m_25145_7886,3
7741.267727743267,107.81595441310671,0.013925629828940718,5,0,106,2,98.90073728370426,662.4741556118552,0.0,0.0,0.16795837481365192,0.23169133724129612,0.05939504763297609,0.5408260791883377,0.0,500m_25145_7887,4
8489.760098760431,265.66101694632596,0.03128824909151654,4,5,86,7,357.18725122809667,349.3678080494831,0.0,0.0,0.20798247300445427,0.10602338248854139,0.029757875438557915,0.6561184939825452,0.0,500m_25145_7888,5
7065.796140193412,4539.949530053885,0.6424339177172911,3,22,75,44,135.10933382653613,7.085099877154662,0.10631026221454928,0.0,0.18112916550538727,0.5562529027026976,0.10306637612493613,0.05309978661111631,0.0,500m_25145_7908,4
5432.47079530321,4452.617083495489,0.8194793440951981,2,15,45,41,55.897312555921864,45.69595975997359,0.06479889998190828,0.0,0.29219527514099175,0.47080474575800385,0.16994111976484905,0.0020759149307690125,0.0,500m_25145_7909,0
3270.5473390118736,1996.008337027488,0.6101114030128494,1,2,33,16,171.0816617231273,161.83505134269387,0.1423354380007539,0.0,0.0,0.2573525551756558,0.5862836355322784,0.013722705532459765,0.0,500m_25145_7910,0
7354.018706324803,3510.9265491418814,0.47735113795464984,3,27,108,38,235.68675031384907,339.613914849268,0.072825325659945,0.0,0.17337671864415932,0.4061862608003476,0.26115446629864136,0.08632126701204444,0.0,500m_25145_7929,5
8066.338268503926,2698.8393316162797,0.3345390067691775,2,30,153,42,143.04643017200695,5.9511409769839805,0.0,0.0,0.12720042914653973,0.3273447365182305,0.42531083301529227,0.12002004469797344,0.0,500m_25145_7930,5
7386.534187962655,2927.377107424842,0.3962590267527626,2,18,88,22,18.060097719461137,11.106386012685476,0.0,0.0,0.15266702281172245,0.6182801896379708,0.2128277919015317,0.01608963248502425,0.0,500m_25145_7931,6
6528.3329393492895,3037.5365244169507,0.4652139127583943,8,37,102,57,170.8295995183526,54.844776427075956,0.0757359165734514,0.0,0.16120782960576605,0.4567145741169582,0.2017397209780413,0.10444880372368918,0.0,500m_25145_7932,6
6387.174839574142,613.0592333272439,0.09596782316122589,1,1,81,6,176.9673355723466,179.55134784356733,0.0,0.0,0.1158774027143471,0.43602159874962304,0.39503973955216387,0.05290471974924691,0.0,500m_25145_7933,1
6068.85458027699,1806.1463327033182,0.2975600665248387,2,5,65,15,154.86837153298484,132.4846581242612,0.0,0.0,0.10868912346098636,0.21812914294775254,0.41819690248492664,0.25482008251363353,0.0,500m_25145_7934,4
5935.663757009312,170.38232202510906,0.028700012161534623,0,0,54,3,356.6174233598089,369.53643468590286,0.0,0.0,0.0,0.31615817522858447,0.4849653242041036,0.19870805579076145,0.0,500m_25145_7935,0
7261.48627858672,180.38292850252677,0.024837627443700903,3,0,97,4,107.61516796652235,345.704984877374,0.07663946765241988,0.009229157187799953,0.038640404669945706,0.35806339130965315,0.24401649097671183,0.27327339431164815,0.0,500m_25145_7936,6
5490.544333007474,613.9962091610438,0.11180756667492575,5,0,62,5,64.24469529284006,588.3145863851518,0.0,0.20609027439349606,0.06222516286704513,0.3552081174575652,0.22125683132022275,0.15503751582326727,0.0,500m_25145_7937,7
4582.987444339889,1010.5374352223695,0.22044943348833507,3,4,49,8,248.985927825845,710.0751255828839,0.0,0.003914801386162987,0.1742054708170612,0.45741387305033565,0.15003068275665404,0.21421702130500783,0.0,500m_25145_7938,2
6603.426519904227,717.5519788399663,0.10864712881238503,0,3,87,7,287.5342978246352,208.48571853988986,0.0,0.0,0.043425751885218404,0.5569644761824907,0.19198856285728133,0.20746979547430042,0.0,500m_25145_7939,2
7118.804620366985,201.0633390869609,0.0282400079507515,0,0,96,2,446.70928218653495,410.3791098269329,0.0,0.0,0.0,0.5583793520113194,0.15302492957938935,0.28845526511691594,0.0,500m_25145_7940,1
3469.6611072850387,1997.1427685820202,0.5754358339366376,0,0,38,6,399.30546746614675,350.7525489355954,0.0,0.0,0.031216766153761292,0.7524274883503305,0.04333722474261591,0.17273039120993222,0.0,500m_25146_7907,0
2832.1595291241215,936.7973377040565,0.3306546377194897,2,1,27,8,157.57121195064383,162.8838198623831,0.14899673706641187,0.0,0.12032694550699653,0.5138640482652087,0.06526245406480162,0.1511968522684316,0.0,500m_25146_7908,0
5432.191056284705,3944.7207684984987,0.7260412394177715,7,16,55,34,132.82139029968533,132.10459907533354,0.06264268738530061,0.0,0.31339133362432214,0.4848064954562777,0.10911391496195767,0.02986151467275841,0.0,500m_25146_7909,1
5572.132261370505,7081.222578608882,1.2706001305031864,11,29,61,53,114.89398075825763,59.74423847650722,0.18520211308723433,0.0,0.2567545068128984,0.23145472386732757,0.2717622955040127,0.0312417505402286,0.0,500m_25146_7910,1
6353.112509373903,2542.5648517858253,0.4001447642034835,0,16,90,39,284.4998450710727,129.4386707484894,0.00667361033513607,0.0,0.08014609363294015,0.0935220525534437,0.7997543213037568,0.019746543784189035,0.0,500m_25146_7929,1
8100.3204022952905,2390.7347411890573,0.2951043314509209,2,23,142,34,94.07923936941815,31.59613373965593,0.0,0.0,0.13477292535489718,0.32574280259139055,0.5393608353853246,0.0,0.0,500m_25146_7930,0
8539.998422635188,178.92184540244241,0.020948586634586798,0,0,117,5,346.9577563888922,343.55385295235334,0.0,0.0,0.0,0.7240754753071896,0.27580744236232346,0.0,0.0,500m_25146_7931,1
6598.538793162582,2092.718776694708,0.31710076147485616,5,34,95,50,182.64088898951164,75.71402614168679,0.07582198419601124,0.05932429205405824,0.0780135607267321,0.54213520118541,0.24455343609768188,0.0,0.0,500m_25146_7932,1
6677.613051395867,828.6722705296502,0.12407849715989357,0,1,97,16,297.66759604801604,294.60493912949124,0.0,0.005177712130389804,0.06554490687731349,0.6808176238138485,0.15720925672240413,0.09110076876889552,0.0,500m_25146_7933,1
5293.912713664881,497.6916348375897,0.09399430391990574,3,0,47,4,632.8799774750223,789.953034613879,0.0,0.0,0.12945356637937236,0.17333931337107578,0.6347152563650419,0.06230300335855231,0.0,500m_25146_7934,1
5534.5051245591885,12.242585351449582,0.0022116473701981267,0,0,38,1,305.23218214657606,762.5085145570459,0.08268224483405888,0.0,0.0,0.04339981662592689,0.8149932545834048,0.05874403196957332,0.0,500m_25146_7935,1
6502.980759186101,0.0,0.0,2,0,93,0,245.98093333075298,777.7716861288192,0.0046932246913812,0.06322013569876817,0.0,0.5470460701981046,0.16228271150587395,0.22260410591351187,0.0,500m_25146_7936,2
6121.100863091701,42.23931910007464,0.006899481084136125,5,0,67,1,135.72783049393345,827.5404966015889,0.0,0.1335378703550935,0.1266459523625034,0.44609509145459325,0.21709697449562645,0.07646076871134685,0.0,500m_25146_7937,5
6606.326656528918,949.6393082754198,0.1437251944153616,1,0,95,5,262.746492571398,1121.3624151564995,0.0,0.04415542906683698,0.03576822514980328,0.5575501567107579,0.2580083397673714,0.10436650216409678,0.0,500m_25146_7938,2
7333.180295567768,1825.418852618881,0.24889200688480867,2,10,89,19,213.5775114382058,128.12471511412537,0.0,0.0,0.09833594228651989,0.5895442398866209,0.15222378674610215,0.15975968319187203,0.0,500m_25146_7939,3
5488.038613472248,1640.3488684266756,0.2988408324183798,3,6,61,21,157.91818184900018,33.438179441018086,0.03933758316700381,0.0,0.11376830832942246,0.3700256154802381,0.15539773266519724,0.32128857909281744,0.0,500m_25146_7940,9
5774.84417004237,477.09192947985383,0.08260124675010995,0,5,70,2,276.91622910396325,48.2457757490081,0.1544627507115258,0.0,0.0,0.46646571684791555,0.11984985317209945,0.25904854440357034,0.0,500m_25146_7941,5
3708.159962843778,437.7165941185389,0.11800962980926434,0,0,24,9,442.18069536976736,674.3004246690019,0.0,0.0,0.27868118601403274,0.46095250998751913,0.20150074763752784,0.05859595353709555,0.0,500m_25147_7907,0
2039.7562055231654,1424.0732882481443,0.6978164684218471,1,0,17,10,326.34733067513156,408.4969787835745,0.0,0.0,0.09843754803302918,0.29411363776178867,0.29461068909920923,0.3123481106704934,0.0,500m_25147_7908,0
4914.105921930508,2773.5389547127484,0.5642887455054854,10,16,44,26,17.0007069273642,11.875414972778598,0.13140433676888633,0.0,0.16235604721457134,0.5576260236064481,0.0716112203728954,0.0767989176222005,0.0,500m_25147_7909,1
3549.1759777310895,7136.084115594732,2.010064898291433,2,17,35,41,283.61928978396566,73.90673889303004,0.10416046497888326,0.0,0.2592913869551221,0.533352521016727,0.10291395087144738,0.0,0.0,500m_25147_7910,0
7417.381453883163,4570.196757397739,0.6160638659266385,5,37,98,46,104.5494175827049,78.35850238929238,0.0,0.097134120274216,0.12420543330184917,0.056131014526709266,0.7223946316033598,0.0,0.0,500m_25147_7929,3
8096.939920441632,3956.536666281993,0.4885855791908886,6,39,109,61,131.88390959453616,90.25746552621119,0.0,0.0,0.197252016664037,0.3442667488348587,0.44912761923991346,0.009230127064214009,0.0,500m_25147_7930,5
7930.692483202744,2483.7206247382546,0.3131387947778015,4,24,85,32,163.43228957757748,157.55760243993763,0.0,0.0,0.1337229150771619,0.6044033658222986,0.20163544365592442,0.06011219894806378,0.0,500m_25147_7931,0
6741.332034906791,3618.3492514996037,0.5366613855215787,5,44,90,58,84.00403422104438,73.12893010155389,0.07427715723566006,0.0,0.17629018044165612,0.4974875218573307,0.25179682383027496,0.0,0.0,500m_25147_7932,5
6776.655087761194,4370.681889942974,0.6448663783194527,6,34,88,53,120.08212680827287,103.91810794231777,0.0,0.12630369455387616,0.1438288065596825,0.46593077427507446,0.20169695700910073,0.062092223947853326,0.0,500m_25147_7933,18
6561.600074574819,390.688018124815,0.059532504447199174,0,0,80,6,326.8634745658649,304.7367715229155,0.0,0.0,0.022662586027241277,0.3015040824862128,0.5821504226528808,0.09353053020497595,0.0,500m_25147_7934,1
4709.375201422332,615.717879374895,0.13071525155553948,2,1,35,4,208.38592502876273,301.746823296937,0.10948490821725038,0.0,0.05575877903453308,0.1619797579786858,0.3914438534204902,0.2811204040357179,0.0,500m_25147_7935,3
6153.775518866448,392.7629015517313,0.06381433414553976,0,0,74,3,487.6625526374371,307.346546775205,0.0,0.04121894180013803,0.0,0.5008654930841469,0.19089415895466677,0.26685893069838695,0.0,500m_25147_7936,0
5304.536068381565,565.0794581744631,0.10650751420616363,0,0,69,5,396.9072504351206,414.588699198951,0.0,0.01720964203905822,0.09231125608657482,0.6065229676617886,0.16668609208942725,0.11708155975546762,0.0,500m_25147_7937,2
6065.091403546784,170.91412121481426,0.028175329028982725,1,0,72,0,115.24571227869215,862.8691779359316,0.0,0.08203096363363904,0.12754819663670786,0.4121142274170862,0.299574971125396,0.0785667903905909,0.0,500m_25147_7938,5
7155.003732794685,440.01186946038945,0.061488490768093616,2,4,82,5,257.86728936428005,258.97785196258707,0.00676948168957433,0.031128466154991086,0.006350169000480145,0.4722946494364344,0.34192645120507453,0.1413910397132263,0.0,500m_25147_7939,3
6546.126418909452,1531.594894345904,0.23393391181852577,1,1,89,15,272.146754005167,251.97409599765183,0.091853265858435,0.0,0.0,0.44257180400449964,0.22253936506442212,0.24288282630818162,0.0,500m_25147_7940,4
6546.1346869967365,52.234151175872775,0.007978169638027307,5,2,72,1,3.9699750210582905,176.30600487419167,0.08146831714754076,0.0,0.0,0.3764836609295622,0.17003639939623982,0.3718588839550825,0.0,500m_25147_7941,3
637.245347171049,282.2829116079646,0.4422796231247936,0,0,0,1,639.0226227528498,393.64287011149764,0.0,0.0,0.0,0.0,0.9984332044026135,0.0,0.0,500m_25148_7908,0
2001.5205968836167,1017.8748891404933,0.50829683885626,0,3,19,6,432.49019460778425,222.80104021997457,0.0,0.0,0.05945161850900225,0.26990745352099177,0.6701415573260501,0.0,0.0,500m_25148_7909,0
2002.2923600734207,2651.799033004695,1.3237204343491364,1,0,21,15,190.9769806132644,286.972031465354,0.16829641513362448,0.0,0.0,0.491597228954434,0.24286494453118107,0.0967422331180517,0.0,500m_25148_7910,1
8452.462929071839,3035.7275377991914,0.3591105282261531,2,27,129,51,241.07668752225862,77.3509497012471,0.0,0.06626330326164237,0.04148733044620349,0.6816209122921637,0.21051015928356548,0.0,0.0,500m_25148_7929,2
6941.403261137204,2973.653685824694,0.4283320305622225,2,19,100,35,91.17760283181416,71.9243895071163,0.0,0.14774800179011743,0.0,0.3746695654618996,0.28302795724311525,0.19441043316644543,0.0,500m_25148_7930,2
6930.481338729326,1039.769171343248,0.15000677640630533,2,6,98,9,95.68013058570696,146.5863771087001,0.0,0.0,0.0,0.3228458114423387,0.335302519008942,0.3417074002430498,0.0,500m_25148_7931,2
6317.991413183854,3552.77576503185,0.5622377896604495,2,25,94,47,197.31263887697017,86.18115679817116,0.08049626470076521,0.0,0.04616412620838068,0.34581278357101525,0.3472397828000112,0.18012878961666412,0.0,500m_25148_7932,3
6427.283460913458,3942.51927689947,0.6133082495306201,4,22,81,53,142.96333930600713,118.2891025800324,0.0,0.08070212848804112,0.07714459674070474,0.21042096394577225,0.5422584451550384,0.08931830314646973,0.0,500m_25148_7933,4
6451.125996838368,2893.28755809847,0.4484239085715656,3,24,77,36,130.56749620297688,106.71033383804233,0.02997421042858291,0.0,0.1987664064651171,0.1802045608600687,0.36232878216292547,0.22857105240939954,0.0,500m_25148_7934,6
5213.967448823491,567.3962824982108,0.10880150030969353,4,5,49,8,158.38192359020724,234.49811061915585,0.06611354775862577,0.0,0.08716694639528051,0.13747262423253945,0.046669826690060694,0.6623852991724153,0.0,500m_25148_7935,1
4908.9444755447375,1394.9711071519973,0.28411138132009756,1,4,47,18,109.93542815551736,156.1527424153167,0.0,0.11095410897151955,0.1757887264046571,0.2218100070093089,0.2363282802935218,0.25491520903004133,0.0,500m_25148_7936,2
4304.356606446892,466.345004024108,0.10831739311112985,1,0,43,6,171.45577366068954,400.04242825943675,0.0,0.0,0.37254930854544205,0.28768792431529044,0.3395304983421834,0.0,0.0,500m_25148_7937,3
5290.866498740659,380.2080423291228,0.07184762548707596,2,6,61,8,86.67517646562538,855.9754925953038,0.0,0.0,0.20900341196388297,0.1677991375702385,0.4381602319510555,0.1848482492730185,0.0,500m_25148_7938,2
4344.063356153458,1443.9637667251595,0.33232283360845016,2,0,44,0,61.576058163470535,340.5022527917927,0.1598875901035202,0.08740892013540127,0.0,0.06498814252714846,0.6019414313952851,0.08554376959725903,0.0,500m_25148_7939,4
6848.659281029062,2.3903536513555093,0.00034897409539418625,0,0,112,1,453.87826297520144,385.63386086348095,0.0,0.0,0.0,0.5670879593365176,0.23433016814183627,0.19843587985851135,0.0,500m_25148_7940,0
6663.850122610674,1421.0102077703343,0.21320962686760517,2,1,99,15,96.6592581539801,164.53638668644788,0.07680926348970851,0.024382630594360608,0.0,0.4908859741003198,0.21687837660251963,0.19089371432971014,0.0,500m_25148_7941,11
1095.9912424212662,1804.3787409170718,1.6448433416245587,0,0,10,2,580.3074609091296,520.4056199589069,0.0,0.0,0.0,0.8856088155886245,0.11347960010574988,0.0,0.0,500m_25149_7909,0
2283.7796965362427,3043.092049402074,1.331897361489794,1,8,22,14,198.69550383016298,191.15209302525253,0.0,0.0,0.18876830093298835,0.49119601596723345,0.12057877364737098,0.1990192304930245,0.0,500m_25149_7910,0
5034.552125175646,488.8998583935416,0.0970896231913175,0,4,60,12,394.6658757808706,369.4538339165596,0.0,0.0,0.0,0.6452578727681781,0.2232855552025132,0.13125798407407824,0.0,500m_25149_7929,1
5836.998210602204,1097.0845311419032,0.18792135447207273,1,13,90,25,207.1841714611837,17.933069155136902,0.0,0.09084166959577616,0.0,0.5926049419314809,0.2310554614620846,0.08532663541995796,0.0,500m_25149_7930,2
6255.261346944461,1212.2419284506996,0.1937645921781632,4,11,71,16,42.3080689081039,362.9695447417947,0.0,0.06533396671428096,0.0,0.4005704982645786,0.2902624941447376,0.2436732010064639,0.0,500m_25149_7931,3
5190.1245508402035,4188.788014100378,0.8069134102017272,3,17,56,35,152.14929655532484,143.92681619120094,0.0961107640408507,0.11313695331154405,0.0,0.14909998836527594,0.29998763790344035,0.34147201989132064,0.0,500m_25149_7932,2
4645.443200955367,2123.3957288218103,0.45699379869428164,2,18,56,26,553.0856542466094,62.86671977857545,0.0,0.21874380102757449,0.0,0.22662075601265821,0.30803107651104633,0.24638914806408704,0.0,500m_25149_7933,1
4302.9886600442915,2370.1287455334477,0.5506819215246392,2,17,52,24,103.58956788752891,94.09340632426448,0.18720328501018663,0.06508898264069637,0.09646441542485576,0.2732281926180284,0.19004626761465832,0.18773651407197506,0.0,500m_25149_7934,1
7237.956730067425,987.9721378712802,0.1364799065268177,2,0,79,10,230.05110646008796,315.33533773036766,0.024623990297534017,0.04348685114673479,0.0,0.11904720064408912,0.15089641873200796,0.6618073977267576,0.0,500m_25149_7935,5
7087.902166440247,772.4216783153871,0.10896210163149497,3,0,73,7,240.42453917609043,783.4082669644014,0.0,0.041822910308958426,0.08023971475540384,0.08922903614682078,0.39033449552215504,0.3982327777001583,0.0,500m_25149_7936,1
4825.131209549832,881.1711443775196,0.18258333769166477,3,0,39,6,74.00385112493029,473.9862347304938,0.0,0.0,0.2739231013939857,0.16896379737816858,0.14687929380765366,0.41002660211296316,0.0,500m_25149_7937,10
6002.577079481883,657.0148022595815,0.10943722276924324,1,1,56,7,538.8247175651525,132.55841947528242,0.09294075173198513,0.0,0.12668077914416295,0.440824291778369,0.07950775971831013,0.2598798502646219,0.0,500m_25149_7938,4
6837.100941682921,0.0,0.0,0,0,82,0,612.6857626726904,320.4750160319025,0.005943933334704656,0.0654568060129239,0.02236607338483494,0.5567971934913807,0.2045366580487327,0.14475309629508218,0.0,500m_25149_7939,1
5401.237518182606,0.0,0.0,1,0,49,0,174.42949602138046,554.5339295874716,0.0,0.09763753038219147,0.06596449807440721,0.23431333767811052,0.4097196356475749,0.1921798897331967,0.0,500m_25149_7940,1
6906.72708845028,1543.3996350076889,0.22343089343935624,3,4,84,26,225.236754046056,271.4607189373165,0.07474784957312018,0.0,0.0,0.48356862923831506,0.2537576082660316,0.18778114750444447,0.0,500m_25149_7941,2
3492.345788136883,1893.4706627984242,0.5420221122193216,0,5,21,20,338.58880521984355,207.99094447448337,0.0,0.0,0.058908078178437594,0.670968117864635,0.18518012443006054,0.08465742100548138,0.0,500m_25150_7909,0
6152.4466485827315,3685.5832045021334,0.5989461540795191,2,11,44,27,195.50072395057038,92.98661002104159,0.0,0.0,0.14359588667419088,0.6606314390335871,0.02608255866362562,0.16952760507847578,0.0,500m_25150_7910,1
1440.2061361093965,389.43742460960516,0.2702163242663605,0,0,11,3,478.0366866564059,292.44474749668393,0.16864141552256906,0.0,0.0,0.17154436314911292,0.6591203580599448,0.0,0.0,500m_25150_7929,1
5997.292543563208,1027.778722387073,0.17134521447940823,2,15,89,20,62.8933719881869,23.425344476098758,0.0,0.08448694090638154,0.0,0.5496786238040023,0.3652121120733532,0.0004556091067497172,0.0,500m_25150_7930,1
6795.41332659043,1566.9804862842514,0.23055991608891177,1,0,91,9,305.47267236377985,342.44106656318564,0.0,0.0,0.0,0.4938558385026095,0.39122839573597024,0.11476862933048962,0.0,500m_25150_7931,5
6487.084936725203,2157.626659188861,0.33255215987938375,2,15,83,28,153.87215362443465,25.046932353738878,0.07729261142233655,0.0,0.0,0.26299714595033047,0.26441901099766957,0.3951371029445811,0.0,500m_25150_7932,2
7236.982461096112,1352.4687311720697,0.1868571440234263,1,18,80,24,72.03691276645682,36.67755545122806,0.0,0.07613607244907096,0.0,0.5228083934028341,0.23794898013531088,0.16296839396537083,0.0,500m_25150_7933,0
5837.840893991773,1895.5031402163388,0.32463688849045896,2,11,60,19,178.5646618544293,141.20750860149937,0.09415771646375415,0.0,0.0,0.22313836344669788,0.16139552663435547,0.5211371265859357,0.0,500m_25150_7934,1
6955.429698100218,791.4021429074447,0.11376556326351929,2,0,75,16,206.44842965862037,412.67535706574006,0.05389798477213455,0.008577597664493593,0.0742731005591008,0.12560744690476985,0.5824478753457324,0.15505224285180255,0.0,500m_25150_7935,4
6398.1846171558,740.6305483147547,0.11573826864272241,3,0,61,13,132.9374608126648,788.7544592265683,0.07691002730754949,0.05237092018324883,0.06240352141862239,0.22650667234420577,0.13108329811975494,0.45056929071727414,0.0,500m_25150_7936,4
6206.083158605516,522.9520866704786,0.08425085878629747,4,0,69,3,91.25595528061129,299.3216241054883,0.16787409297790096,0.0,0.0741977914676431,0.3988241338378015,0.10999747035142779,0.24894540509768637,0.0,500m_25150_7937,5
6984.323038885296,2392.75845425678,0.3425408447020958,1,6,86,26,232.80382377658952,220.75148873705928,0.11183064587853858,0.0,0.12265524279943357,0.18376370046468715,0.2826435319232021,0.29079524775676147,0.0,500m_25150_7938,4
7163.015269270232,67.21322718157028,0.009382060849294783,0,2,102,3,314.96161160291024,174.27328068192884,0.012098919016314713,0.0,0.12433840493727483,0.22170762125755616,0.21811742771891568,0.423598040544448,0.0,500m_25150_7939,4
4974.583426583651,0.0,0.0,2,0,44,0,232.84500669905836,476.7871129633161,0.0,0.06971503436366962,0.14506763479622412,0.0869852395099469,0.6627589073291399,0.035272202545325475,0.0,500m_25150_7940,3
4779.935677725136,989.2663668824948,0.20691898690283309,3,2,44,18,193.69145878455336,191.01789300832618,0.10502635641718518,0.038396693107571545,0.10793421413099405,0.13559903986642505,0.4242906591382826,0.17696121407944307,0.0,500m_25150_7941,1
6357.830503519255,1388.6224055115426,0.21837701205324128,0,1,97,30,314.44925245406347,284.4314221342802,0.0,0.0,0.0,0.43614763023514613,0.33321609030985117,0.23047901783284688,0.0,500m_25150_7942,2
4696.571125848437,1846.176264523458,0.39300655914816335,0,10,64,14,279.3854719253867,73.21823399956023,0.0,0.0,0.12393643485910986,0.5249618934996932,0.25687185586466976,0.09401693980866974,0.0,500m_25151_7910,0
2073.534998376199,1375.1852803867423,0.6628884455857054,1,5,13,17,529.8951528814478,248.06672111050216,0.13331661897880437,0.0,0.0,0.05444578144934005,0.811755563838169,0.0,0.0,500m_25151_7929,2
6535.805722393403,3666.9279412985943,0.5609663338680312,7,29,85,51,4.436618949890983,1.6711603111006708,0.07593107872846754,0.12562254601692993,0.06073841396285198,0.43443670580989235,0.2345409203814454,0.06857735518293145,0.0,500m_25151_7930,3
5186.482486782529,5972.880588464386,1.1514025548390796,6,22,52,50,23.324356788689627,17.43133590192491,0.11444105375591555,0.050652362518542354,0.04719145873156288,0.3142149632549205,0.1347381564681447,0.338569233535771,0.0,500m_25151_7931,19
6116.267625495486,2326.9155062908967,0.3803847810406074,3,21,74,28,168.29391478521381,101.75534575922929,0.14738790692347745,0.0,0.0,0.3497485834756703,0.31848935241429743,0.18421068550912958,0.0,500m_25151_7932,0
5527.991066710652,3195.4807031105956,0.5779500571723069,3,21,58,37,216.12239849282363,133.08922076049876,0.15524171123295646,0.06464307769321116,0.026554800783894866,0.40066544933212794,0.22153879386975178,0.1311753022633661,0.0,500m_25151_7933,5
5929.776341506314,1472.061672680656,0.24820724773896602,1,12,56,17,196.16196607617593,168.04374009994712,0.10954393629557133,0.0,0.06686903505055014,0.13343567412259516,0.026446129987282917,0.6635366125542004,0.0,500m_25151_7934,7
6103.39768452049,1259.3255148739797,0.20629807885344248,1,0,54,11,268.88202175351944,466.15420061098496,0.054175704191892625,0.0,0.14519426117805992,0.0869916368515625,0.139995343092583,0.573479238360086,0.0,500m_25151_7935,1
6001.0203846900295,245.23067339659698,0.04085802074616942,5,0,55,7,163.5973888359879,877.4417045193512,0.11017310887896178,0.026596365727531376,0.07044972969893395,0.3857521005960587,0.05395185549488684,0.35291022903986546,0.0,500m_25151_7936,5
6699.74042684459,750.6508191064105,0.11202505563402275,0,0,94,13,351.39596531940657,480.6228896307462,0.016251612455140084,0.07226900666099854,0.1056592573902777,0.3036066430433899,0.3132214138708094,0.18884282934046817,0.0,500m_25151_7937,0
5049.24676752386,1530.4403298031207,0.30304268291299685,1,5,57,15,285.99284479745705,411.5284580897166,0.0,0.0,0.09814038401658022,0.2625889334950837,0.3813476110735568,0.2577250612885354,0.0,500m_25151_7938,4
5016.209407669645,1637.7495391228385,0.32642638687140785,1,2,53,9,88.9084421268132,173.9997247506288,0.004526152635022943,0.11543394987283949,0.16031005762164685,0.00770227142370397,0.4286138803138044,0.28321437414810624,0.0,500m_25151_7941,1
7245.035536539272,2276.1026453745335,0.31411695870064793,3,9,92,20,125.45950907399255,120.19308377203483,0.07375815527420572,0.0,0.07531977462402147,0.25197169603832736,0.2518234930237903,0.34517853762890893,0.0,500m_25151_7942,4
6278.6982173005445,5877.986064692598,0.9360300226687278,3,12,80,32,164.96950264660177,85.43958935944812,0.07625250982442151,0.0,0.0,0.07837969903160594,0.6464187837496769,0.19878976407313695,0.0,500m_25152_7928,1
1925.7248473040559,1237.9037031692262,0.6424911709117919,0,0,19,9,642.3512760733839,426.6422683035687,0.0,0.0,0.0,0.004952657427218711,0.8578676627986537,0.1366606643052614,0.0,500m_25152_7929,0
6443.577444586552,2779.3858091869033,0.43127510423846155,3,6,69,32,52.54923548415849,48.09948956642364,0.0,0.03424244642243664,0.07915922169455333,0.32394837795963594,0.37409907402945264,0.1883957106825025,0.0,500m_25152_7930,1
8264.301404658383,2208.4209318403996,0.26719182080833953,1,16,110,34,253.003930431401,77.6860862567483,0.0,0.04116668570180265,0.027403122353898295,0.39422644735866186,0.3258718484549682,0.21121090840728968,0.0,500m_25152_7931,4
7440.228960599552,2110.6682649883655,0.2836451177841873,7,26,107,40,194.10711649651049,177.50645873480624,0.06942508650611487,0.0,0.061297023996260296,0.3342772148579897,0.3326611386573744,0.20220514957844296,0.0,500m_25152_7932,3
4991.70940323791,1331.0015002587113,0.26658901865899104,2,19,35,23,88.18403699839834,81.18642032604781,0.10845079156101045,0.0,0.029552901448203925,0.32919790013203337,0.12314029983014117,0.40945781497889694,0.0,500m_25152_7933,2
5189.667759638721,0.0,0.0,0,0,53,0,333.36826948367343,330.3303362301748,0.0,0.0,0.0,0.34096823251520514,0.003484553500031424,0.6553545605447234,0.0,500m_25152_7934,0
5312.088923795232,134.07382127478036,0.025234627765087184,1,0,51,2,280.4805574376059,538.4370690036745,0.15023767507873242,0.0,0.0,0.31963414680548813,0.08765800141292189,0.44228196227348426,0.0,500m_25152_7935,1
5789.445519703205,0.0,0.0,2,0,52,0,192.22265137202575,986.138155089895,0.16583890006776517,0.046493002111365166,0.0,0.1872717521827635,0.027249448929806207,0.5657318162342474,0.0,500m_25152_7936,4
6416.009623540282,1582.557345806247,0.2466191323760468,2,0,80,16,173.68491633572023,923.6651633508775,0.07662681951597482,0.06551461816661426,0.06686551243313074,0.1311025565989501,0.1648495628631979,0.4948850945953736,0.0,500m_25152_7937,5
5985.195165167966,439.8139266365045,0.07347136444793206,2,2,73,9,137.7514939304884,887.872286549535,0.08557605403985168,0.0,0.12552914186828687,0.291787183377078,0.18574936513038082,0.31119120456578214,0.0,500m_25152_7938,2
6795.668794393352,1875.0055397312613,0.2758712534702256,5,2,80,28,84.89931120513289,248.6913751869574,0.17897401924188888,0.0,0.07289964515789125,0.12948113957045043,0.2523318430263055,0.366166222102982,0.0,500m_25152_7942,7
6216.818887845124,1610.7710210686432,0.2590572434037041,4,9,91,35,144.12046588335767,194.40500858004728,0.12418758180068475,0.0,0.029777900369292846,0.23813864991855022,0.28991936821673964,0.31781567159439195,0.0,500m_25152_7943,2
5518.70635222586,586.5781172436629,0.1062698049158215,2,0,53,3,194.28522419374113,482.0109611280209,0.0,0.0,0.1266775533426987,0.5353394688718192,0.12564174388263377,0.21216006484489752,0.0,500m_25153_7914,0
7576.995545913007,716.3643358282858,0.09453216638727613,1,2,84,23,148.09432936582428,178.9750883287114,0.0,0.0,0.07877520768301463,0.37078828136416236,0.24068605019847397,0.17639050456474,0.0,500m_25153_7915,0
6818.669866322055,3496.287295345673,0.5126769130880628,11,29,83,37,129.7611721305994,7.2757367163279545,0.0,0.05359824225464339,0.12463776767615438,0.2391136132129759,0.36356509727148134,0.21893864492066253,0.0,500m_25153_7916,5
4961.927873238473,2999.2281239226327,0.6043263574502722,8,12,44,18,64.311533147605,53.97487614420184,0.0,0.05021213088934343,0.20234643788964343,0.22907456937411605,0.13410669171784734,0.14957483617211642,0.2344838399949937,500m_25153_7917,3
2179.4977427042563,938.2400227947533,0.4302870874019556,1,12,14,8,166.59524870641863,112.79585420505195,0.0,0.0,0.8813175197904036,0.0,0.11822386932437709,0.0,0.0,500m_25153_7918,0
1581.0929265679233,3558.7111885078793,2.249369255589738,0,3,5,5,329.44715805650253,143.02004862248802,0.0,0.0,0.6128052495391563,0.0,0.3865626763372525,0.0,0.0,500m_25153_7919,0
3658.2919088559606,3655.459242385402,0.9989526207348249,2,10,28,17,179.55447701311988,66.68484189880068,0.0,0.147712152687104,0.1566735762901233,0.22464406527924644,0.30512799893857506,0.16556892989102656,0.0,500m_25153_7920,0
1335.6337967597462,2816.5925937003744,2.1072283227674844,0,0,7,3,364.25846399495435,379.92518078055355,0.0,0.0,0.0,0.030676389835435917,0.011564340029548217,0.9570111220615313,0.0,500m_25153_7921,0
2629.3050341087164,4881.643938702621,1.8559231250366273,8,7,18,14,89.92509158583056,101.20635199166365,0.4117671546765247,0.0,0.12916557169495496,0.12146573903897218,0.06224568590740457,0.2749756646399764,0.0,500m_25153_7922,5
5716.259619380506,1073.9223623164212,0.187838655896614,0,0,61,7,331.09052834858977,329.4151444214086,0.0,0.0,0.036211793454252114,0.5886023337748678,0.30185884802773816,0.07315211577161114,0.0,500m_25153_7923,0
6782.999057930479,476.69985424161877,0.07026826657417616,6,0,71,0,67.9579412758417,360.7563734847661,0.0,0.07507943170848266,0.06787054245035949,0.4666602530199478,0.2522777423353254,0.13796462480503796,0.0,500m_25153_7924,6
6515.375171727585,2452.6172959417436,0.3763775459987089,5,10,77,26,58.25425889351212,141.9381838102065,0.0,0.0,0.12657818329789802,0.39174640761020507,0.2309270557360864,0.25059489380603894,0.0,500m_25153_7925,9
6645.5780835870955,704.6399095748961,0.10601544143668716,4,8,73,9,68.52722891073218,7.560159274801381,0.0,0.0,0.20511595671392088,0.502516820034034,0.19478032053533056,0.0974364493574937,0.0,500m_25153_7926,9
6084.396399802315,673.8453761941983,0.11073155007882285,2,1,71,13,89.82948276950734,108.71809739671144,0.0,0.0,0.07659811064558411,0.4826567664358082,0.3361496698785617,0.10443112520759265,0.0,500m_25153_7927,0
4341.259887751644,1534.694026689774,0.3534320990364341,1,0,44,6,169.74105191473478,334.0425148762568,0.12010088650607867,0.0,0.035963475354535784,0.2779146555099284,0.4242313131191655,0.14155937468090546,0.0,500m_25153_7928,0
3469.804985123354,2909.6667729116302,0.8383262054143382,1,0,37,14,209.88176841761575,507.15989696775347,0.0,0.0,0.07391367439194824,0.04999134451565185,0.6975873227666549,0.1782195407264313,0.0,500m_25153_7929,1
7837.746165971631,1911.3003832496381,0.24382730895748148,1,4,107,16,209.33813314718017,203.90894682597394,0.0,0.0,0.037651384776643995,0.43687570335454734,0.2195607257981949,0.3057846146479861,0.0,500m_25153_7930,3
7065.454447954045,910.8175017062836,0.12889313989280624,2,7,132,26,133.53344826317718,59.77743725348002,0.007695255796218547,0.07175991317731782,0.0,0.2294522516156933,0.34012949080842475,0.3508215749185922,0.0,500m_25153_7931,3
8121.514774740968,1255.0378921240879,0.15451346373994276,6,7,109,32,77.34800093343839,131.83791503719846,0.056258735676864666,0.0,0.06289015524521709,0.1592008928184919,0.4531754912554125,0.26835161042340255,0.0,500m_25153_7932,4
4359.498254884091,3548.8131918528406,0.8138549735406726,5,24,46,40,63.27459754789684,55.92779175640554,0.20765983037736008,0.0,0.021218111099188315,0.13656014835556765,0.24928013078591577,0.3850524477915067,0.0,500m_25153_7933,5
4097.736419847735,1998.3056341650856,0.487541873756137,2,10,33,14,156.99906644392996,154.73535879172366,0.16235806773392583,0.0,0.0,0.34292152897501255,0.0,0.4944764256605022,0.0,500m_25153_7934,1
6612.962456443508,816.3068930481429,0.12342176092228552,3,0,82,7,117.3235392703917,290.3432264347153,0.13079562998987954,0.0,0.033278735192581024,0.08450689639859263,0.054919123941061236,0.6963484191835994,0.0,500m_25153_7935,3
5229.754050072197,2929.4123385932876,0.5600363371229153,0,0,59,27,525.0391074985776,777.6152069401027,0.0,0.0,0.0,0.28586370310881054,0.1272960895715837,0.5866490302941855,0.0,500m_25153_7936,0
7599.4302362272465,994.2596283531606,0.13081622979894594,1,0,114,10,126.20295867490137,813.6140462141677,0.0,0.0707968624922811,0.07392030639496198,0.142403351253757,0.19835116146818776,0.5143967468917096,0.0,500m_25153_7937,3
7003.752647557325,585.4756813645793,0.0835826346514526,4,0,89,4,150.06141467666805,591.580455066269,0.0,0.0,0.1712188206103421,0.3616319088551077,0.19993607011760095,0.2670704402010908,0.0,500m_25153_7938,7
4526.989625899884,2718.054977800086,0.6002785347062063,4,7,34,35,137.49178714514443,190.09072228858741,0.16027277135361973,0.0,0.12135738445398007,0.14832614324562735,0.13085973439288515,0.4389631179913643,0.0,500m_25153_7942,0
6595.503864595581,3261.381271556329,0.4944105754353678,1,14,76,29,101.89255661863653,65.18721050289265,0.08551632581459513,0.0,0.08676405930296019,0.18071324235321962,0.2023176856699021,0.4445370914050453,0.0,500m_25153_7943,6
4531.387786897571,555.7968741992346,0.12262782893510504,0,2,48,15,420.6982151711475,171.705363988365,0.0,0.0,0.24413265840455942,0.31230743582080706,0.212249561348528,0.23108971017170898,0.0,500m_25154_7914,4
7167.382961360154,845.780920831423,0.11798768639879441,5,8,87,25,68.0030315144319,245.0925053767013,0.0,0.0,0.12153840950040541,0.2838177864529166,0.27758010972071573,0.24282331070922086,0.0,500m_25154_7915,4
6032.349110347077,691.8794518647956,0.11467585236833647,2,10,52,10,179.14383405783252,166.6118226124709,0.0,0.09319109551063924,0.05356528147081735,0.2278244140495461,0.21506277166411233,0.15403891069702116,0.1355957527995394,500m_25154_7916,5
2339.2335703392177,2693.1249981674173,1.1507932508536094,0,0,16,7,330.18197531587776,347.0327959770885,0.0,0.0,0.03042573957786273,0.0,0.7787120181859525,0.04350756819198443,0.146927366269167,500m_25154_7917,0
1503.4284045097115,758.5863490715824,0.5042355932642759,0,0,2,0,344.5174669469314,349.9478610362636,0.0,0.0,0.0,0.0,0.9993352957196219,0.0,0.0,500m_25154_7918,1
2971.925564634225,800.253102050157,0.2691803358852735,1,2,12,2,95.92826101274228,150.30111077646197,0.0,0.0,0.2535803245674843,0.0,0.7460833064322638,0.0,0.0,500m_25154_7919,1
4007.1124457703145,2250.885662887675,0.5615824639009298,4,8,39,19,160.38115157588086,144.73517652324503,0.0,0.12442632019100082,0.1144670433867721,0.2817823898155898,0.2686618488209639,0.21041290378730584,0.0,500m_25154_7920,9
2479.943062440697,4803.986077169242,1.9363548280883105,0,0,15,5,491.4980610531063,491.10412073495854,0.45910959450720273,0.0,0.0,0.2733142674109279,0.2671730655506458,0.0,0.0,500m_25154_7921,2
2966.8673571817785,2338.158666764226,0.7878245168559318,0,0,28,17,528.9343130919895,416.10228453538815,0.0,0.0,0.0,0.0,0.9996630577180007,0.0,0.0,500m_25154_7922,0
5943.940101973711,0.0,0.0,0,0,69,0,350.4204648499905,345.5588642172933,0.0,0.0,0.0,0.5348322738895798,0.35764990887959475,0.10734960695740858,0.0,500m_25154_7923,0
7129.632320370755,114.80135955190559,0.016099744650126136,4,5,77,6,166.49945441287989,146.98536847087055,0.0,0.07282406923593934,0.0447754994310191,0.42660502128725153,0.19708787902282407,0.25856729100566084,0.0,500m_25154_7924,1
7798.721257580555,228.8869813248316,0.029345533483312133,1,0,128,7,168.50366588885618,343.95888872178233,0.0,0.0,0.026890070199452987,0.43998764810530305,0.2905111412976863,0.24248293068762286,0.0,500m_25154_7925,5
5513.132277138528,745.894032826053,0.13526952117534674,2,8,73,15,73.3361590890331,66.81063459251162,0.0,0.0,0.13604585440400124,0.4964199764537433,0.27630390409448374,0.0910489128513177,0.0,500m_25154_7926,1
6427.978666042778,470.3818641789148,0.07316587728987571,0,1,80,9,339.70541553967126,223.9432518862004,0.0,0.0,0.0754973459973658,0.49974903218011174,0.2786746929733714,0.14592338314711242,0.0,500m_25154_7927,4
5686.936106496345,2424.8596577792,0.4263162617121705,4,9,74,30,162.34450107917385,31.4430140955708,0.08582419190778774,0.0,0.08873795736074848,0.3151101706849799,0.3292466389145599,0.18090523043692397,0.0,500m_25154_7928,5
4495.594302469405,3314.894081627292,0.7372010589896545,5,8,53,26,61.00356777419131,143.88473067301535,0.0,0.0,0.12876292511088472,0.22545746277847956,0.35665278905714026,0.2889044325212974,0.0,500m_25154_7929,4
5858.790276110025,2078.8552050166004,0.3547661447017916,1,5,96,28,204.90314024262162,61.905846585243225,0.0,0.0,0.09980927011303953,0.41307551362159134,0.16810454789234497,0.31884001380129334,0.0,500m_25154_7930,5
6834.628110367792,2044.7297972670328,0.2991282972468518,5,10,110,40,74.83461919511872,73.91649783697366,0.019480539335799914,0.08191914010224692,0.04125219981464312,0.48636528693725595,0.15810177870934505,0.21273476276533587,0.0,500m_25154_7931,4
7546.018789206639,3656.7036343239615,0.48452292706009853,4,21,136,70,188.24485549767886,54.359642936600565,0.06712409031716744,0.005732057982529928,0.13881091153178815,0.309163891881812,0.3289966847600055,0.1500398608752622,0.0,500m_25154_7932,11
4900.002889695024,3731.1988601166167,0.7613133360851372,5,16,61,37,189.60090569181713,65.57780639917553,0.0788655187890979,0.0,0.306090133916752,0.14292640930237796,0.2764041719218596,0.19550972619837909,0.0,500m_25154_7933,1
8179.973979614224,2943.0121920991814,0.35973860807194014,7,20,113,40,45.84199630933662,105.7724828346978,0.17373005965768484,0.0,0.01587661974637706,0.29912959194904987,0.17015387614868924,0.34098761766375296,0.0,500m_25154_7934,2
6594.765674749554,1227.049999207528,0.18603602064048763,2,0,83,9,177.37784261696473,338.1327528522761,0.001321893344867143,0.0,0.1231872603437255,0.07361585055108666,0.33373297621593234,0.46799040712373663,0.0,500m_25154_7935,8
4772.893106565101,1013.537137491974,0.21230830160360073,2,0,53,21,272.0621135254967,535.5172786019185,0.0,0.0,0.07468194889121846,0.052304433588439295,0.20804451919479225,0.6647596256838968,0.0,500m_25154_7936,0
5869.488699457408,1280.6913555238716,0.21815753697681797,1,0,73,16,76.69281933843284,525.782542856254,0.0,0.018399449789547054,0.09854502330741102,0.13772328947307588,0.13991809770418986,0.6052437961562381,0.0,500m_25154_7937,1
6850.0576358694,1109.359124717101,0.1619252360261779,5,3,83,11,95.23262994267834,121.75619757513377,0.0,0.11412688251620508,0.11857876510468741,0.12732431660402746,0.32466282792462436,0.31516124498557474,0.0,500m_25154_7938,22
4770.094214988225,2314.649365206063,0.4851401504364918,2,0,44,28,186.49529876582616,372.4543288237904,0.10566345241649615,0.0,0.07415059853333053,0.4570373105805206,0.1965839091560215,0.16635513378796313,0.0,500m_25154_7943,0
5582.086198054436,1360.0010073124095,0.2435930521342005,4,13,64,26,79.57285682174566,108.39578853239843,0.0,0.0,0.17243063854728977,0.401317400439381,0.16453193914201794,0.2615409094656413,0.0,500m_25154_7944,6
7415.731456264962,1669.2246063038288,0.22506202579221388,5,14,101,36,118.61497938338168,72.02868926577608,0.05571318521129949,0.06479350112301979,0.08810362132056208,0.4295653770454621,0.2079656368220463,0.15372384819477042,0.0,500m_25155_7913,3
6609.9406881350105,229.6826487883419,0.034742808871446235,13,16,63,7,127.6279125016535,127.5686551104077,0.13631937646946074,0.0,0.15207964768395257,0.2506624089883223,0.34678326528386805,0.1140040371708608,0.0,500m_25155_7914,3
6426.753084583214,816.901419537971,0.12708973241322635,5,8,69,21,229.8156837661447,173.01602064523047,0.0,0.11907676941708163,0.03546653330345986,0.5268069267283432,0.25445989675600034,0.06403429843513438,0.0,500m_25155_7915,5
10724.777446493705,1842.0640904105255,0.1717417781228253,15,22,82,27,67.11077044406078,74.38617545400776,0.0,0.05919774303378513,0.06307742408151616,0.24686770821760917,0.10620258177478,0.03081637136471308,0.10737896385699025,500m_25155_7916,4
4574.277112661078,1753.1770510366505,0.3831848886672059,2,5,51,3,57.42229169730742,58.416093203295276,0.0,0.11598618816541975,0.016333623416446046,0.48604804659011425,0.2814537475580199,0.09995982827380465,0.0,500m_25155_7917,1
3403.842987594557,2840.3931664319757,0.8342214829819944,3,6,27,7,188.07154861459213,148.10016555592009,0.0,0.08128544775733504,0.2016599864240619,0.18372545915230545,0.47313537401338296,0.05990003335352195,0.0,500m_25155_7918,4
4297.110552062523,1685.1967824437809,0.39207851032010094,0,1,54,14,395.87260925016767,302.77744533775154,0.0,0.0,0.016716160086301838,0.38766449853965507,0.42163206117858526,0.17375461982344392,0.0,500m_25155_7919,1
3818.3887645710056,944.1355491605224,0.2471954564872811,1,2,31,14,302.97599564303783,295.21188627023935,0.0,0.028845357916094373,0.0,0.43071304763683055,0.4189027974619536,0.12127697498646134,0.0,500m_25155_7920,0
5778.202304474159,969.0914751858772,0.16768602726290155,6,10,50,17,92.35273254035629,96.56518173875573,0.1910427687818927,0.08358158260674126,0.0,0.228258452063416,0.4520393138180703,0.039195465961059626,0.0,500m_25155_7921,7
3516.9082900986386,777.2984728189522,0.22095472898105525,0,6,44,10,430.74384762533646,72.05883405567918,0.0,0.0,0.09685428885169595,0.028255139854907282,0.8746063114669494,0.0,0.0,500m_25155_7922,0
7880.47989584345,280.94488171060743,0.03564620926823307,0,1,91,9,361.7571708568357,277.6733788242518,0.0,0.0,0.0,0.5930474526621338,0.38763095747077025,0.019194710142321297,0.0,500m_25155_7923,1
6475.616745525519,285.08962674977704,0.04401829503756511,2,2,55,5,141.8300812429179,139.31650067678882,0.0,0.0718098870460473,0.0,0.6075761031843457,0.24241012035302426,0.07804948781474395,0.0,500m_25155_7924,1
7541.06868945591,289.1717227338091,0.038341168005812755,0,5,81,7,335.5419268349673,161.1620839220205,0.0,0.0,0.0,0.5927997297016728,0.24980264458897947,0.1572650360922046,0.0,500m_25155_7925,1
5311.644963490387,278.9363068028581,0.05250422505546051,3,18,51,15,72.47043212051055,52.75867231813931,0.0,0.0,0.2033481209404474,0.36904932729231976,0.2561403847559872,0.17127393685341033,0.0,500m_25155_7926,4
4366.285753630066,973.5360077806184,0.22291557335615608,0,3,48,12,256.8693953032638,187.79656078213554,0.05423233093466141,0.0,0.11519661340214662,0.42904707718595503,0.20857307418735546,0.19272192911939517,0.0,500m_25155_7927,3
6795.460411013582,898.5050470645941,0.1322019099248452,3,0,75,18,138.77138148421975,280.7255228733894,0.04787436319914593,0.0,0.0666720233924092,0.4214875444119367,0.3993751915886876,0.06444374199622019,0.0,500m_25155_7928,2
5807.542781129178,2677.4266167560445,0.4609463539555017,3,16,77,32,214.71624289936648,74.90434478607685,0.0,0.0,0.06383019051946213,0.42385377404808355,0.25882511474788283,0.2533187604651022,0.0,500m_25155_7929,4
6692.499633935423,1336.394701515399,0.19965560239071378,0,7,93,22,378.56785255113647,50.163599662099365,0.0,0.0,0.03874057212115098,0.5700328085040416,0.20142416025606705,0.1896530604402178,0.0,500m_25155_7930,2
7866.753803192626,2169.5841698103945,0.2757564896006287,2,12,105,40,209.29181090855187,71.46234792886857,0.0,0.0,0.1049316841004327,0.2264906455526959,0.3387355358318584,0.32971503343572006,0.0,500m_25155_7931,2
7712.7023432719125,4375.873880566334,0.5672858098268574,7,25,138,89,213.750786729664,119.06584109946279,0.13718642282757443,0.0,0.04049191370917838,0.1188075497977122,0.30517077424262823,0.39821369998966155,0.0,500m_25155_7932,8
6900.490109070503,1610.7828897039922,0.23339639182949337,3,14,96,22,116.23505369986904,60.0297025165342,0.11919993357600712,0.0,0.07738510746179672,0.44237677544673704,0.06808561637010455,0.2928076709006024,0.0,500m_25155_7933,2
7855.496737512278,655.6324085599427,0.08345098718484871,3,4,104,13,52.204091398963975,511.3127496226508,0.023331159319183753,0.0,0.11830245486285472,0.15516953303154618,0.1238362918791492,0.5792332777130624,0.0,500m_25155_7934,3
5687.082399098281,3562.072782089616,0.6262343848349143,3,2,54,37,164.9961669134473,231.6974772184819,0.0,0.0,0.2632817993418688,0.14437816501370132,0.16737288638364525,0.42479134308748473,0.0,500m_25155_7935,6
5837.060394507021,1555.355649324613,0.26641650552091467,2,1,60,13,230.02083952385595,182.1277471750593,0.0,0.0,0.07051429317166291,0.12123796416579313,0.057311535822503035,0.7507649170738473,0.0,500m_25155_7936,4
5255.432065884335,1533.0164152423058,0.2916458152654529,0,5,61,12,384.24431969382204,176.43102469052593,0.0,0.0,0.0,0.06009514373879388,0.029146855522819787,0.9105677576252891,0.0,500m_25155_7937,1
6639.1862429175135,2673.6651648964876,0.4026491226429446,1,11,94,40,153.251751480487,146.9861180868136,0.0,0.02183308920118116,0.13010159750615874,0.13025736907878346,0.07874871370203715,0.6389086323262735,0.0,500m_25155_7938,7
6462.714748987813,1355.118103677677,0.20965004742665694,3,1,79,13,115.09873755303668,309.6266207610373,0.0,0.08383771589907069,0.0639699112407072,0.2590101955563252,0.2479732549106843,0.3450542125956993,0.0,500m_25155_7939,6
4298.136067821649,2180.510079905825,0.507197270685754,7,19,39,25,32.89807608995145,26.367960122266158,0.2648003365188378,0.0,0.17189622330470972,0.31688291725255946,0.16682244822074999,0.07936546982992528,0.0,500m_25155_7943,3
3448.4393304194937,1414.0189188670436,0.4099271746562598,1,0,29,11,208.29395279629824,313.2292195410499,0.0,0.0,0.18014830450601563,0.543478639105772,0.17340393937999984,0.10267921482289709,0.0,500m_25155_7944,2
6228.020896994448,1110.8919592477082,0.17834134410814426,4,3,76,19,133.12293319151536,233.6061003864221,0.0,0.13277132641675757,0.0,0.6961316547227395,0.08778285833616192,0.083153621650488,0.0,500m_25156_7913,2
6792.416979375988,2572.8451423079623,0.37872622129906297,9,23,73,58,130.88006163018662,84.15690650083674,0.068010775730509,0.006326774593964444,0.1967150143780879,0.2726072732550646,0.3817211648350585,0.07447179587946666,0.0,500m_25156_7914,8
6986.113920182128,3184.8338952735244,0.45581536692484725,18,42,76,48,26.140622594779412,35.27224258372235,0.1425331401324501,0.09561561709239934,0.016735278216254975,0.20772256923790056,0.34344303671877974,0.07367424931713962,0.10429542563589486,500m_25156_7915,8
7019.608595698438,1193.8122474330683,0.17004398282002545,7,11,72,16,312.24540062792204,326.70275236528767,0.08767111122271662,0.0,0.07813825214391354,0.3633907960285714,0.3091247226333918,0.07546044367007133,0.021143352498635144,500m_25156_7916,0
8393.652550839266,202.47854801392552,0.02411994383182452,0,5,90,1,475.5914204446068,190.46645348663816,0.0,0.0,0.06821176472946187,0.37136384920493837,0.22222149501387778,0.18115586424631425,0.0,500m_25156_7917,1
5548.3169222630795,1266.1553738623559,0.2281641851779484,3,9,60,12,180.56500921616095,178.22480966750894,0.0,0.05505904418335464,0.08219610824079167,0.5164823338385257,0.15908687600876212,0.1869954353696078,0.0,500m_25156_7918,2
6072.553671340451,0.0,0.0,2,4,63,0,182.40709542030518,214.5640380456599,0.0,0.08983101232387977,0.0,0.5630935143990846,0.31529941904093356,0.031611405983347225,0.0,500m_25156_7919,3
5320.4625312734415,54.2065699125518,0.010186404507029389,2,3,53,4,46.55101288055978,42.8260276705947,0.0,0.0941511825696944,0.0,0.3673941041303618,0.4663456440932978,0.07192115094279895,0.0,500m_25156_7920,2
5365.732016391118,1748.308974009062,0.3257678916460449,11,15,47,24,72.39626107434103,63.99363939200055,0.1860277326637051,0.18802408894438571,0.0,0.3198032489689231,0.25103026325257166,0.05492833303565934,0.0,500m_25156_7921,5
5844.6107712105995,788.7345369251462,0.13492765218129685,4,1,55,6,113.21556355610352,169.89751128294697,0.0,0.0884330904348967,0.02221054826217236,0.5712854349905604,0.1782319283227539,0.13966792946673057,0.0,500m_25156_7922,5
6161.454969362511,499.8407619349035,0.08111065548063723,4,5,64,6,133.54066184473365,190.92381615144478,0.0,0.07773303603728875,0.07045376980526068,0.596667682964804,0.23648837681484955,0.01849486138676188,0.0,500m_25156_7923,2
5784.866223994048,685.3775892173027,0.11845721326480634,7,6,62,9,150.42055678718054,138.51312999390868,0.0,0.17183956178071277,0.06355608963960477,0.42864714914229246,0.234585668848017,0.1011986956220083,0.0,500m_25156_7924,2
7784.487279117444,885.7262517756147,0.11376632187831665,4,16,110,18,81.82419952005928,66.68603165694361,0.0,0.06236543815136028,0.10508532334777483,0.4848789710605517,0.2816154398170464,0.06592638351127286,0.0,500m_25156_7925,8
6642.72650049388,1010.705649418482,0.15212932822315134,1,12,105,11,93.04601948228641,68.10995754316762,0.0,0.06545822459964414,0.15767054883190204,0.29356065336915366,0.3137620911946474,0.16939796406868457,0.0,500m_25156_7926,4
6337.656671002976,674.0400143620263,0.10633799073635139,9,6,74,14,79.38958403210702,171.81413900461075,0.07725307424710763,0.08354500480769178,0.024855804728504734,0.5019890897233973,0.13477365255641266,0.16193954029481625,0.0,500m_25156_7927,6
7186.695671551748,1603.8272522767584,0.22313510832471137,2,2,79,16,371.0064025385761,433.8880927218077,0.09538397755744062,0.0,0.0,0.6541954663880638,0.12065548464383223,0.11280216014617037,0.0,500m_25156_7928,1
6344.775852703775,590.1663597513751,0.09300145064214964,0,0,82,5,519.457353551298,343.7820015365378,0.0,0.0,0.0618810198753954,0.659513068394955,0.07449086825956971,0.2039574583263227,0.0,500m_25156_7929,4
8045.414700930925,984.9775682545378,0.12241198159232103,1,2,124,19,731.3930098971147,87.67765171993126,0.03430914265660686,0.0,0.0,0.4936791925527087,0.22074770261457033,0.251139683222423,0.0,500m_25156_7930,4
8876.572114339846,5796.084369446027,0.6528907109730683,3,42,198,109,235.61610063762632,18.365361808581756,0.08776868306097795,0.0,0.09671064558853663,0.16691571058267643,0.38143761266833914,0.2598589839033643,0.0,500m_25156_7931,28
8709.134176388689,4277.331786491796,0.4910753037636008,9,24,189,89,30.7679968241916,23.92457369999134,0.15862328070157872,0.0074563238771297976,0.041959050171328484,0.16201704177338497,0.3257870460954541,0.30213287862707006,0.0,500m_25156_7932,16
4422.0497290110625,1604.4672526539468,0.3627513482677223,5,6,52,22,24.35219550948178,239.22981531804595,0.172134112187705,0.0,0.028728372281504884,0.2061097778833526,0.4864301955271089,0.10637145377376458,0.0,500m_25156_7933,0
4140.763700156925,3467.9008927592463,0.8373005182859306,1,0,40,16,274.8233733298219,512.6379851721798,0.0,0.0,0.15699628055198456,0.0,0.4395236145882702,0.4032386618242672,0.0,500m_25156_7934,3
5523.256190017078,2381.502889506643,0.431099284245773,1,1,56,28,260.96323706065033,248.01971628571079,0.0,0.0,0.1399760711839669,0.0,0.4306043627351138,0.4292385462357848,0.0,500m_25156_7935,3
6449.600500507391,389.0946910604707,0.0603191425402744,0,0,67,7,349.4462082846542,386.4280010977229,0.0,0.0,0.0,0.031022339808472563,0.10611481744585344,0.862707818418881,0.0,500m_25156_7936,3
6080.715661865088,2175.0577943895482,0.3576388498443086,0,0,80,12,632.3987218487638,395.4089026967519,0.0,0.0,0.023505267675994944,0.007420304251033885,0.10508652405932425,0.8638234767277296,0.0,500m_25156_7938,3
5669.42674010878,2021.9901893012507,0.35658518872998635,4,7,50,20,32.61990507320269,35.194137082363206,0.0,0.133507177393187,0.1654346251863932,0.0,0.22673950576098767,0.4741423380892628,0.0,500m_25156_7939,7
7692.536552566253,1194.6344120635804,0.15527766767613504,2,9,89,24,155.2454824105161,150.15365224506016,0.0,0.0,0.0855542296729308,0.4692004812050799,0.33431367118746685,0.11080163869894437,0.0,500m_25157_7913,5
6491.8225485759895,6166.653730229992,0.9497647108163255,18,35,90,73,100.76243867969973,103.51072039273494,0.0,0.050085035007588166,0.1749113311816398,0.28314637971622425,0.20084264436156984,0.29086059351083265,0.0,500m_25157_7914,30
6340.984517251715,4031.6971068971684,0.6357153815071588,9,25,77,70,35.80136389114074,36.45214493210738,0.03143123116384436,0.02827314682319609,0.07246696166780342,0.2567146813688419,0.3403722526514552,0.18650963047943928,0.08407441649485022,500m_25157_7915,14
6645.029226599905,1398.787070467856,0.21046959361379045,0,9,81,27,373.27950546872694,135.57065546858695,0.07476484656872423,0.0,0.08064905249052638,0.3411650544645557,0.2888429643866847,0.21442761630521856,0.0,500m_25157_7916,2
9257.875900044193,2669.701851818027,0.288339738067478,17,27,108,44,161.91835929902686,166.68573622375794,0.12510158791201081,0.0,0.07137210733301225,0.3903669558070784,0.1808817187438678,0.10979930819678092,0.0,500m_25157_7917,5
6004.675347552368,6730.756890623136,1.120732723817027,7,20,66,38,85.62086668217444,56.224188457936954,0.16635669708897483,0.0,0.051086725351936334,0.49998915920218356,0.22860726066308956,0.04964781702054024,0.0,500m_25157_7918,2
6473.654639247853,4260.844457965696,0.6580805765511332,9,28,72,46,71.73535738503904,20.89310189728828,0.16197421570276507,0.0,0.07017561018552256,0.5233045495984866,0.2045125414728377,0.027922222531433828,0.0,500m_25157_7919,4
7550.4958573373,1911.5586091508405,0.2531364176401557,4,16,87,28,198.7503466075456,174.30721728084367,0.1273291154472963,0.0,0.0,0.6656587106784202,0.2068797497799197,0.0,0.0,500m_25157_7920,1
5486.169779406385,2836.7492909335074,0.5169785891407926,7,19,62,29,59.87043783334558,30.0644978466497,0.17942665390613474,0.09559521942118829,0.0635065992992758,0.3803803289619702,0.19238620926270145,0.08230156275323598,0.0,500m_25157_7921,3
6534.670748122494,2126.1593932240135,0.3253161726108673,4,21,75,22,73.1792041423214,77.24611459090583,0.0,0.0,0.07614970054971086,0.5883427484999505,0.1909175548607611,0.14443698960584575,0.0,500m_25157_7922,2
6941.705658013297,1906.531623252914,0.27460931186854914,4,19,87,15,97.06362448632441,92.61461875967268,0.0,0.0,0.1393864516332173,0.5526490118697783,0.2164692255826127,0.09135127484988598,0.0,500m_25157_7923,3
6165.064950913887,2035.2592557294047,0.33007424863855095,9,25,51,17,60.19930666059956,54.5532967861454,0.07235449827273359,0.07430314149489672,0.1656611392599414,0.34539165684756673,0.20071742284033442,0.1414099632977624,0.0,500m_25157_7924,8
6402.324260544634,4311.782051308476,0.6733661885399722,6,43,85,45,48.58734605293966,40.16747547840691,0.0811358160155007,0.0,0.18307769905296742,0.2049944334714091,0.2603012499254022,0.27033463265129215,0.0,500m_25157_7925,28
6952.813160366761,1796.2380013897084,0.2583097877330616,8,18,94,27,84.54678857872042,87.36659830282815,0.04177144033719592,0.030910199693458578,0.2243891023617309,0.43479644355793934,0.22047879915082444,0.04544022843792108,0.0,500m_25157_7926,15
5801.399328005078,2044.1151339298465,0.3522879102897996,3,10,64,29,101.1409073351002,95.04992933955084,0.14017208795783045,0.0,0.056099167569673355,0.21545276339058794,0.4346216990808741,0.15348193950209943,0.0,500m_25157_7927,4
6419.774648786746,2704.319595136752,0.4211827611248985,3,8,75,28,75.25387455266875,111.37587507156307,0.3054253611381562,0.0,0.0,0.32326446435089246,0.3691334363779813,0.0,0.0,500m_25157_7928,10
6597.334370046645,1599.003517401199,0.24233441770697886,4,0,87,15,151.31215336284814,383.51876776489746,0.07443530379989816,0.0,0.013566382350390963,0.5076784797466144,0.2013846594817981,0.20278362122252822,0.0,500m_25157_7929,3
8963.102760942054,1574.5171483278305,0.17564693202628587,4,1,135,25,130.54433482459558,137.79226461873708,0.02915607942521923,0.0,0.05085651496043808,0.4940275688763443,0.20529944012449414,0.220548840551881,0.0,500m_25157_7930,4
7766.990934895385,3655.8723535880895,0.47063293253409605,8,15,101,63,109.8844966592885,111.11410458020806,0.1268120629442697,0.00780520733270712,0.05191211097239782,0.22163002813338498,0.3632044507690844,0.2285074064332509,0.0,500m_25157_7931,3
8862.786761605004,3849.780863681403,0.43432688163905087,4,23,145,57,149.31566055641707,136.4913643890448,0.10725138403033016,0.15045510052028638,0.0,0.2980161957698335,0.28832577070503845,0.15018598873298059,0.0,500m_25157_7932,6
7894.997814753481,2151.554864292188,0.2724867603524484,3,9,105,34,137.21907548539505,127.98597431275876,0.01308156460636232,0.06347601217426262,0.0,0.26482603775697955,0.12531861730622476,0.5331711217178792,0.0,500m_25157_7933,2
6951.583367718385,2385.986126494987,0.3431797937977105,2,14,105,29,121.03686119997782,114.79133571846097,0.0,0.07222080202795518,0.038064911175187094,0.2654680171590512,0.1339109223465807,0.4901915158623721,0.0,500m_25157_7934,4
6340.871597480181,518.3605781664717,0.08173621464875325,3,0,71,11,173.48533114535573,372.09881730243757,0.0,0.10303020675889123,0.0,0.12964655489647187,0.16425753303497123,0.6029080231515477,0.0,500m_25157_7935,4
6624.186177171521,201.88514970658002,0.030472373803202387,2,0,78,9,92.77040294123431,735.3164561796572,0.0,0.0,0.18191354903100646,0.4853853501989001,0.22065984205494246,0.11189031956064814,0.0,500m_25158_7912,1
6138.886561715766,126.01327671994073,0.020523714152257372,5,0,77,3,14.823566309529474,355.1349039967542,0.0,0.0,0.16808986971372442,0.6168412128968819,0.20518204216595382,0.009724005764867675,0.0,500m_25158_7913,1
6049.2314443124005,2604.325573014148,0.4304505698641295,14,22,72,48,65.11530277883631,69.07324512174725,0.0,0.12429944737691623,0.04965635629441637,0.28252958483908536,0.39909012945631267,0.1305284483064349,0.013730750793577532,500m_25158_7914,8
8084.646205312545,1924.9336118392494,0.23806799889098565,5,15,120,31,141.9499292009259,138.09497868031573,0.0,0.06253260050026163,0.0586053383714968,0.40800152759077385,0.3203322580758363,0.09465409476514124,0.055750504743498144,500m_25158_7915,7
7112.347954156254,2088.1924982820806,0.2935597290811525,2,11,102,27,184.1869364002296,161.1466708511929,0.0,0.06703158123650181,0.0720111558384172,0.48720053109215844,0.316199623372237,0.05741652768122068,0.0,500m_25158_7916,6
7046.72946247293,3529.343450705866,0.5007773736915659,1,5,89,27,275.92909860680186,230.87403179098487,0.0,0.06699886787456207,0.055223631204941656,0.41653988859488367,0.29947092710485906,0.021197111021869133,0.0,500m_25158_7917,3
3169.402908620057,6871.538652870332,2.167402330532564,1,0,22,40,255.9457046014667,281.27324916828684,0.0,0.0,0.0837415962015418,0.18707584723398263,0.7288671392409293,0.0,0.0,500m_25158_7918,1
4380.570777647202,2809.88664569781,0.6412966464064861,0,2,33,20,393.3832256898296,260.81598570321063,0.0,0.0,0.09598435516930635,0.626508410820215,0.2383083917194086,0.03897061363729512,0.0,500m_25158_7919,0
5375.95024609327,626.0892485429339,0.11643947217064757,0,9,63,15,287.4371799719142,275.25288899920076,0.018001733692532475,0.0,0.0,0.745621016721403,0.22099310264377614,0.011196034125406465,0.0,500m_25158_7920,2
6677.082188119654,4721.223293504423,0.7069729243379942,14,47,79,60,103.38511629304627,64.30465443194059,0.3151863280383205,0.07168149854628056,0.0,0.3865173610169663,0.13211993832516322,0.09312392258260734,0.0,500m_25158_7921,5
7706.807387727226,2171.836741197359,0.2817710189094075,7,27,95,26,32.47250663333846,31.766017854811174,0.13213406245761838,0.0,0.025670092136487237,0.5506309825568299,0.22734733701807042,0.06039763548109288,0.0,500m_25158_7922,1
6840.988892458358,2379.151454574463,0.3477280498360504,10,32,64,35,35.555952767869144,47.92792439247288,0.1443810446447897,0.0,0.04403075963359486,0.378283013551361,0.09825776893291371,0.3349012569053565,0.0,500m_25158_7923,2
7527.459965871727,2209.3031203129062,0.293460167195973,9,38,78,40,107.00105080678544,14.235079880487978,0.17020412566213688,0.03189442402433781,0.037018503472974994,0.46989484724062935,0.20972151756907348,0.08113375273979301,0.0,500m_25158_7924,6
7450.091482944912,738.1860157771007,0.09907085659420004,11,15,99,16,23.29790983638104,27.538734370496844,0.17019612833340506,0.0,0.06339044990009506,0.5785929986786817,0.1640781885975084,0.023608025964983546,0.0,500m_25158_7925,2
7706.229863091226,2502.8130615156433,0.32473574889744,9,5,86,24,57.772551011504376,120.72187618635932,0.13327415224573766,0.0,0.10534187030231022,0.43288281798542455,0.14329336653761884,0.1850780446253342,0.0,500m_25158_7926,4
5230.558801284756,2106.188078556131,0.40259283295045784,7,10,49,24,45.20123152468507,167.89603412460826,0.2878710963232944,0.0,0.0,0.3060513557700239,0.260044908180323,0.14584149210898883,0.0,500m_25158_7927,4
7126.46969699488,488.88590308844175,0.0685917897756294,4,1,78,10,222.66773808611416,319.63365926784815,0.1215568387020496,0.0,0.0,0.48660082064190613,0.1956981035932032,0.196003934817793,0.0,500m_25158_7928,5
4210.243113283047,3254.2087579206404,0.7727430286929431,3,0,44,16,129.37236375853098,501.07595014724205,0.1570213985113334,0.0,0.0,0.32581078155461324,0.22347136427695766,0.2878129962888366,0.0,500m_25158_7929,0
6302.894868994812,193.76713310432876,0.030737684737947718,0,0,77,1,355.04560913721065,354.7240754777554,0.0,0.0,0.0,0.28603333673146975,0.40643046457240567,0.30737756660901283,0.0,500m_25158_7930,2
7376.647994378177,2719.1273125994635,0.36856289628774086,6,9,90,42,90.32002635687294,202.60265694259198,0.22813902142237563,0.0,0.04911903503959674,0.33642135902927095,0.30128211951427425,0.08490292044142692,0.0,500m_25158_7931,4
8040.83655027175,1195.3810531502181,0.14864528092277923,4,11,107,19,17.669200838433582,13.44636129675557,0.0,0.10749699871398403,0.0,0.6445079932841743,0.20087405740693293,0.04699660089024209,0.0,500m_25158_7932,5
7903.041387800745,1026.4688320305092,0.1298663280805667,3,6,100,15,192.04235057716195,190.12500203551684,0.017092261229804815,0.0480340108986332,0.0,0.25420278997109014,0.10032600743359874,0.5802184129107351,0.0,500m_25158_7933,0
7569.717274803819,2360.931444052207,0.31185043085807035,2,21,100,34,216.74581121951022,17.857264218668124,0.06727929205555455,0.0,0.0,0.32996245092963766,0.28695715543120603,0.3156690137029299,0.0,500m_25158_7934,5
7671.873189398692,60.78208338690466,0.007921684861270074,4,10,103,3,143.85589866440245,140.18571880451134,0.07852994888293104,0.021835896040007026,0.0,0.28578032477183446,0.1190322188084326,0.4946912822217876,0.0,500m_25158_7935,10
6162.21038503596,976.5063697598086,0.15844118710124336,5,0,70,11,35.13095526096137,802.4886070989578,0.0,0.0,0.2217288888271011,0.46982537679617853,0.20506886449300318,0.1032146167822456,0.0,500m_25159_7912,3
6566.06502809419,156.4064790817108,0.023816800718829047,3,0,76,7,10.015896344694946,366.07562763750224,0.0,0.0,0.09829386369397433,0.46085140365532556,0.3630675567101831,0.07763490091419659,0.0,500m_25159_7913,4
7241.843909727704,3755.336182784291,0.5184891776751646,4,24,77,50,105.5444982686708,74.17640650244428,0.0589243119355653,0.05117662109549769,0.04160612911173283,0.320537970327299,0.41287004109677394,0.04842368341213964,0.06632317570759007,500m_25159_7914,9
7306.059120042689,956.5441885788773,0.13090686319413397,2,0,83,6,194.86587868337972,304.4981488929344,0.0,0.0,0.05687275886897925,0.7158848716349141,0.04989210444260666,0.17721341109028801,0.0,500m_25159_7915,2
7042.064958556063,812.6303678835002,0.11538021765599361,1,8,91,14,399.7106057137587,295.4323604525279,0.0,0.007494237700480598,0.11694719468556829,0.47400020008819677,0.38306133272229503,0.018355051163398854,0.0,500m_25159_7916,3
5498.814886670545,818.8003619227247,0.14887780385248686,0,0,47,6,318.19586212371115,303.7183023478824,0.0,0.007950136093083211,0.0,0.3804599101222819,0.3712493817505611,0.050532393253905745,0.0,500m_25159_7917,1
5846.634816968665,2834.4400403349164,0.48471563786950905,3,13,68,21,124.90509407668051,91.58005163506174,0.0,0.09421724190384281,0.14009532061783603,0.41333372379198663,0.30802883408300824,0.0441538702925017,0.0,500m_25159_7918,1
7076.175321809623,1471.8178097873747,0.2079668431064151,1,10,81,23,213.52483639062285,101.51050637203296,0.0,0.07076887924138674,0.04145770094198936,0.6432634913085574,0.20353852710658613,0.04083010209002764,0.0,500m_25159_7919,0
7890.9128893720945,1296.1408775974273,0.16423659203624996,1,11,99,16,43.70075884003039,36.24130523378005,0.0,0.07647345263580661,0.0,0.48573907119042015,0.3079294116567932,0.12973135252534787,0.0,500m_25159_7920,2
7610.742715738668,4235.258477361608,0.5564111446652601,13,37,96,64,151.70973121811758,114.20908547440608,0.13215755527626638,0.13388107117514994,0.0,0.3700388046146756,0.3009491776537385,0.06284201532102937,0.0,500m_25159_7921,10
7325.092721154144,1061.3052124226058,0.14486647286869297,4,5,63,13,189.43755866496963,114.26864874209203,0.0,0.013299694147049172,0.06831282017241327,0.6660558961993589,0.252195091072263,0.0,0.0,500m_25159_7922,3
7582.3377317514105,53.99286853403081,0.007119934578142662,1,4,89,2,251.12527347103537,193.1434773501005,0.0,0.031235883517818898,0.0,0.7194578109699341,0.21397188843695955,0.03520254901990504,0.0,500m_25159_7923,2
7430.754075220972,158.07427941990406,0.02127011709751765,3,1,80,5,246.52459386314177,247.51296436637813,0.0,0.03555368383745185,0.0,0.7453952451061762,0.21891651332075807,0.0,0.0,500m_25159_7924,2
6662.216035721497,386.59996316503464,0.05802002532898115,3,2,59,6,276.6864698553853,189.6406097182275,0.0,0.0,0.08940942051290737,0.8102927457384935,0.08935721675606292,0.010790539313133302,0.0,500m_25159_7925,6
7500.63637011548,1402.7008464452592,0.18698598242288117,3,8,81,22,76.43169475938386,146.20719545205085,0.0,0.0,0.1507644614628822,0.6554687681403633,0.1143469982005717,0.07928646794752808,0.0,500m_25159_7926,4
8373.498147963715,3363.520736924387,0.40163848358390736,7,14,111,33,134.3741923247125,127.71902518490103,0.07785512220819782,0.0,0.04819418313928988,0.5936057731442674,0.2304864304847822,0.04973908088301712,0.0,500m_25159_7927,5
7147.987167654183,1957.2122298049082,0.2737747577251749,3,14,104,42,116.40092117929534,184.25457146712583,0.05200898008139159,0.08444036365932074,0.0,0.09021106067924706,0.30151239063519775,0.4502745283076423,0.0,500m_25159_7936,2
6361.334052720584,1005.8597693151985,0.15809603220772178,3,0,86,14,242.384038178813,460.9167035785661,0.0,0.0,0.1902065418471964,0.39716338917284005,0.34500186284468076,0.06747103111245047,0.0,500m_25160_7912,1
5322.973103558203,2818.5288233124716,0.5294032799355706,7,17,49,20,105.07027776710393,34.60148199473054,0.1192195559390674,0.0,0.1756046871793234,0.32890876974915356,0.24699152900615431,0.12908762847717437,0.0,500m_25160_7913,2
7262.817312956473,2976.296737322827,0.40974278524516383,8,21,89,27,184.2301905828582,135.1793346593912,0.10082689730104273,0.0,0.06643915057607985,0.31552695997930885,0.1744195281140102,0.20059405335872618,0.04315482243265807,500m_25160_7914,4
6436.048926331229,1203.3565521323387,0.1869422721349715,5,9,85,16,233.1517871153757,225.0250953675876,0.0,0.0,0.0,0.6030761011918359,0.23834143842458974,0.11739679453867984,0.04103031515369339,500m_25160_7915,1
6015.548549326254,262.18491152689916,0.043577295084946864,0,6,73,6,469.7094841616134,89.942763078118,0.0,0.0,0.09944639541845489,0.5773594656825198,0.2159993231165254,0.10702860753340114,0.0,500m_25160_7916,3
5736.546126681909,838.1445273038997,0.14608066040744994,1,13,56,15,165.08908214512033,135.10944487578152,0.0,0.0,0.17639089426323576,0.37820724062839944,0.13645326273210445,0.16207025205418166,0.0,500m_25160_7917,2
7596.5239034163515,1541.4946871825086,0.20289435173601103,1,7,88,34,220.9683281633664,88.4923226434164,0.0,0.0,0.10416440475711808,0.44194848691848243,0.32150555520069823,0.07875689027720569,0.0,500m_25160_7918,3
6558.824553492674,1397.486881973175,0.2130372345444979,2,12,80,20,120.64040997378825,48.25146934550233,0.0,0.0,0.15197546513050147,0.3606872526380126,0.3067473613621155,0.18043747776790572,0.0,500m_25160_7919,0
5633.291538374974,65.20170969524449,0.011572299596348146,0,1,56,2,384.05150478353016,378.4461700526764,0.0,0.0,0.044367123166881794,0.38999438540924225,0.5543413335979414,0.011119673222379915,0.0,500m_25160_7920,0
5774.504959905877,5458.468167063523,0.945106653869531,12,25,55,56,111.18088236772878,122.01642901226211,0.17223247502986475,0.08891529869375815,0.12049272233449965,0.14207560553387527,0.4387619956869292,0.0342962786054956,0.0,500m_25160_7921,9
4122.147902100055,3161.202772569476,0.7666964289491948,6,21,42,32,102.0181198375172,64.8338872253952,0.0,0.1023188357774424,0.23324127763466138,0.28738867633919984,0.1999746622863941,0.17683401482409136,0.0,500m_25160_7922,14
6004.621050528832,1076.241995705784,0.1792057784949675,7,25,59,21,137.38991769982337,112.25251673531147,0.0,0.18861764186142305,0.019317469760035465,0.5916252772193166,0.20027310048670946,0.0,0.0,500m_25160_7923,4
6197.559116841694,1562.1250608353548,0.2520142232072948,5,14,49,10,138.2201835838134,132.5828445636993,0.0,0.08336653552486507,0.0839649909231291,0.6909558615250188,0.06718051448789676,0.0743707697238433,0.0,500m_25160_7924,10
7916.365314843291,4313.043566922752,0.5447574281859596,10,60,111,48,66.96280831737289,52.59206086882475,0.0,0.060833545988212244,0.19729717823390372,0.5922340616423413,0.043834632033845945,0.10500400394537059,0.0,500m_25160_7925,31
7629.009332669694,11421.011036877208,1.4968541372518958,9,60,92,99,90.00677899283613,13.909713621289544,0.02641434893391971,0.07358282478394797,0.2021705174794825,0.41931826435225883,0.09826034703823777,0.15241800729818036,0.0,500m_25160_7926,22
8613.207397341173,4556.7851707200125,0.5289848456779078,6,17,131,62,187.83116034996087,149.12190215188502,0.042461501031614224,0.12239198272253456,0.0,0.11668604627113831,0.315736959138259,0.3909723690411504,0.0,500m_25160_7937,3
6224.2682372662875,268.24292272624007,0.04308937583130298,3,0,75,2,152.8419523498454,795.6542038877508,0.0,0.0,0.09023480796894036,0.33422566303922835,0.26504055710982266,0.31033833623356955,0.0,500m_25161_7911,1
7215.771818258186,88.0553668497635,0.01220148967811154,3,0,81,2,122.0532129582852,603.9449363006685,0.07460345104414456,0.0,0.04849145849371229,0.46435245443626555,0.28374923211490266,0.12866483780064455,0.0,500m_25161_7912,4
3925.180765251792,151.56203484755656,0.03860291818169423,4,0,41,4,116.14909383824354,334.2613741160036,0.039611293342188846,0.0,0.27872160412790087,0.05829525709694552,0.2816923226840407,0.3414248223008832,0.0,500m_25161_7913,10
7407.821056558056,2363.0119798793417,0.3189457488364735,6,12,93,29,116.40689880762604,19.076603504241675,0.01869299468779856,0.0,0.09242848026803181,0.2714655714908685,0.295231789207761,0.32204619010438007,0.0,500m_25161_7914,2
7177.6254260482165,2312.52685817956,0.3221406217669989,10,35,108,34,36.56853176100483,43.12100521914562,0.0,0.0,0.01352177785342302,0.2922855750467579,0.4338945219483197,0.17464812342791508,0.0855106992888358,500m_25161_7915,8
5603.82281111238,322.7645210463557,0.05758692681710256,2,5,55,10,144.0536606070125,341.47625781702055,0.0,0.0,0.1658935368721335,0.5796231645166416,0.18617443250044044,0.06813044833850196,0.0,500m_25161_7916,5
8417.233615502135,821.1862537429902,0.09754852279589626,4,0,107,21,113.65799288884303,302.7367862507234,0.0,0.0,0.06551365564807425,0.6781252895943046,0.1610605952463129,0.09518166974546537,0.0,500m_25161_7917,2
8378.534280548254,482.4784625937466,0.057578195450998154,2,1,95,8,130.53499844776647,320.6196484059922,0.0,0.0,0.0,0.5355237251003555,0.11680197263206309,0.20025695514272984,0.0,500m_25161_7918,4
5654.25355298471,1943.769707944025,0.34371044370205983,5,14,67,24,133.02051150906982,116.01336758380994,0.0,0.09479275838030747,0.11418712738761615,0.36079572891309775,0.2795861543989035,0.15046140418885406,0.0,500m_25161_7919,3
5056.456758712223,2308.033684974784,0.4563625148151494,6,28,73,45,78.59468490456189,54.025053086376836,0.0,0.17419452844069216,0.11486540090547019,0.29690846361342216,0.35155837532042017,0.06227550388015229,0.0,500m_25161_7920,4
5926.255007230242,5595.572273038202,0.94404108920783,11,31,79,73,95.37793832808939,55.41639379439676,0.17047362029458377,0.1694351468377637,0.04359745623708698,0.2411207553152343,0.3617024985219278,0.010023756659493002,0.0,500m_25161_7921,7
4448.472773216265,2882.9134326478534,0.6479224797152682,4,17,54,35,24.49142047788132,20.824727058328385,0.0,0.1189860228443666,0.09546220290619219,0.48686484092446713,0.24832872283358973,0.0501334647628525,0.0,500m_25161_7922,9
8451.118781789433,3170.803950903817,0.37514900497322556,4,26,130,46,210.0507936853129,49.25185103523616,0.0,0.12163456648575216,0.059733622591107025,0.5143439926696601,0.2430441594020241,0.06112534532252726,0.0,500m_25161_7923,13
6715.668668861822,986.3961590400384,0.14685794516155415,5,16,74,17,150.1746142320609,145.73605226681138,0.0,0.01869940961120526,0.12604533937246354,0.27477420784569795,0.1253107734863562,0.4550213863539681,0.0,500m_25161_7924,5
7130.923531091293,2615.899098346095,0.3667873171861985,2,15,74,29,74.26200830457267,27.88678006290578,0.0,0.0,0.13113192579457675,0.4161309616361276,0.1326465968070614,0.3199503011349127,0.0,500m_25161_7925,7
7660.019000720305,2548.848365421519,0.33270356922256306,6,16,80,32,50.60781754481278,45.880744802541074,0.06711783293779515,0.0,0.09726305694497128,0.6561611249804978,0.05510710540126546,0.12422034879697452,0.0,500m_25161_7926,6
8565.69496596925,3880.8845477753443,0.4530200460261462,2,20,158,73,124.96067748771996,12.4442696906741,0.05517599494529711,0.0,0.09195423067354111,0.1528558153262503,0.40882354431729356,0.2910736836057188,0.0,500m_25161_7937,9
6296.841527880433,775.0514819090625,0.12306620903017698,4,2,67,16,23.796220452103686,198.41336597683102,0.0,0.2263482030800297,0.0,0.4300518555799896,0.24915407338989934,0.09428708338943902,0.0,500m_25162_7910,3
6154.24096845994,42.86744713815538,0.006964381631492966,3,0,63,1,177.20393893990038,300.1889052390627,0.06860611103873493,0.08720394283745707,0.0,0.387800667902197,0.2568090771430821,0.1994177379020058,0.0,500m_25162_7911,6
5440.991441795797,10.241009841645116,0.0018818496778572104,5,0,59,1,110.79701445305265,325.77157863221004,0.0407342863536432,0.007818413655018156,0.09137475582047884,0.22783841697655585,0.20577857662499532,0.42627179430825995,0.0,500m_25162_7912,3
7827.180338079714,996.1326022149394,0.12724957259470787,1,0,111,8,302.68873851113585,456.65391030507857,0.0,0.0,0.01190250001981776,0.26086435005438174,0.3208100926706364,0.40629531364722243,0.0,500m_25162_7913,2
6876.739703851712,2668.1190999174087,0.3879354576945087,2,10,93,36,199.52303975939205,194.18818101918959,0.0,0.0,0.05189600875849347,0.35078202022713784,0.1942758326622786,0.402900741747528,0.0,500m_25162_7914,2
7453.224623250343,3123.7912651202228,0.4190632054978407,3,3,90,39,106.06337255780774,202.64782371490162,0.0,0.0,0.16618528931963522,0.47939376196324135,0.29871375679942797,0.05557303980254713,0.0,500m_25162_7915,7
6690.133119060125,1975.8234444240188,0.29528981254247627,13,37,72,30,101.9877086478303,107.1070142508128,0.0,0.0,0.07418889452476404,0.5533206242894845,0.1344453545694084,0.15749496214245587,0.08040071295615402,500m_25162_7916,18
8606.934808272537,771.1742379023476,0.0895887637486777,4,0,110,14,76.34419210731829,447.47655174075044,0.0,0.0,0.0,0.6242755959340732,0.14770585259011085,0.22790237959228385,0.0,500m_25162_7917,3
6045.094387191204,252.53583924109077,0.041768424882035256,7,7,68,5,56.6538299142997,149.2880928133597,0.0,0.09016503703688802,0.04488729456885163,0.4484828953005519,0.1898499301224509,0.21751702822033342,0.0,500m_25162_7918,2
10150.751995192091,497.85728457882226,0.04904151370271943,4,13,130,8,188.0678458687784,93.36338041266444,0.0,0.01597751561671855,0.06022638723254332,0.38128101701529565,0.18123754928626878,0.2088033108395366,0.0,500m_25162_7919,5
5948.43393630109,2218.8446887099567,0.3729505550387651,3,18,76,24,118.99317758660494,101.20090892581544,0.0,0.07611280863724874,0.07404220517545053,0.6097261174181835,0.11396604381946185,0.12598474173187268,0.0,500m_25162_7920,6
6359.737984179252,4267.556124510264,0.6709215400987661,16,31,61,48,69.98556264684066,39.38773558365859,0.16001946246831825,0.12043029865041344,0.10912192572398645,0.20092003433152672,0.33685066038455275,0.07250040397921939,0.0,500m_25162_7921,6
3761.5813157866987,1199.3188765935004,0.31874895874316567,2,7,45,16,199.48836704339277,19.927435441869353,0.0,0.040733059996162585,0.16464372355254872,0.35952095295725456,0.3515261379600566,0.08331035054705438,0.0,500m_25162_7922,0
6346.3988652027365,327.00667469944955,0.05151821740589559,3,6,75,7,88.61227440678503,86.35061759128756,0.0,0.0879418757821673,0.023263404288432685,0.41644794559776294,0.23987085626487725,0.23231837321709187,0.0,500m_25162_7923,6
4131.701300818509,6814.475335408704,1.6489155250729233,2,9,54,21,238.37803180728102,147.6260033760155,0.0,0.09266374834585489,0.0,0.178845763047479,0.337443219358115,0.3908052967644036,0.0,500m_25162_7924,5
3353.412816057345,7540.197291734541,2.2478441698171827,4,17,34,23,29.99107303844503,24.637230684863187,0.0,0.18933304631408177,0.0026406810443363425,0.019976697648440594,0.19539887872945377,0.5923525814952213,0.0,500m_25162_7925,9
6812.7276825107,310.13417913755603,0.045516080710651295,3,2,69,13,74.78320698093425,264.6087502286704,0.08049202433073092,0.0,0.0,0.13601936915409996,0.0784816162093455,0.7048602277631163,0.0,500m_25162_7926,9
9402.80160920709,2631.8745033537552,0.2798734610454707,6,17,173,38,90.41651401301371,129.67119584631854,0.03306127819818479,0.0,0.058425809049928286,0.1219056087877906,0.43013240653605395,0.3563685574560219,0.0,500m_25162_7937,2
6131.661232117343,373.0059282610317,0.060822849028014686,9,4,62,7,40.39779138604279,132.98951419348882,0.1552338730506178,0.0,0.05219522511456583,0.5069920062351837,0.1641948717265308,0.12122096252629753,0.0,500m_25163_7909,0
8239.443218168493,5806.92855106032,0.7046864346152194,10,21,111,71,73.29461132816147,64.78037087641191,0.06348967490959519,0.02855510100789632,0.10610452911690281,0.25962851730379327,0.18796322479546565,0.35413760017043905,0.0,500m_25163_7910,19
7226.568632990323,1651.8005184610206,0.22854165796798628,5,5,79,31,128.1041413001264,217.23229483356968,0.10274805539395264,0.0,0.04457991848338276,0.3195314881905882,0.3164590371579588,0.21654314165907082,0.0,500m_25163_7911,3
7565.798903078341,1233.121729071289,0.16296478139119408,6,7,95,18,180.6652918048677,172.37002200409594,0.0,0.06212122133914972,0.04075100312789757,0.5298802982241038,0.21276134151750242,0.1543539795106244,0.0,500m_25163_7912,4
7305.810466640461,1565.4605739146718,0.21424677443897655,3,10,99,22,57.28833012685535,47.250215301041045,0.0,0.08120887234440931,0.022320362919418184,0.5224194296179195,0.10704019461236328,0.2668742818854893,0.0,500m_25163_7913,6
6018.820149951099,4324.591366147355,0.7183921210972533,2,13,66,35,320.096617237632,11.908456428034544,0.0,0.022304062126998963,0.18549442123245516,0.36058508559609054,0.22389535243749129,0.20755496068731044,0.0,500m_25163_7914,3
7020.094809082748,1331.535376189966,0.18964782735413893,3,3,96,17,173.4286130461332,180.86126430141795,0.0,0.0,0.07639130592765407,0.7155527408159091,0.14738388400900462,0.06052964131743094,0.0,500m_25163_7915,4
7164.9472673654645,2103.5059138425554,0.2935419192131318,8,21,73,35,210.3753422238676,212.36193385800564,0.0,0.01833546401902993,0.05779176109393487,0.3933329671464328,0.1870164267088676,0.18846078627569587,0.1549230458642183,500m_25163_7916,6
7436.4987315096505,220.333374178241,0.029624660404280582,1,7,94,4,196.34709405150468,190.99903246348492,0.0,0.05146090129504897,0.004407752506295057,0.5102601639518995,0.17346249289145718,0.26027423555085466,0.0,500m_25163_7917,1
6603.170290531739,733.3794702388,0.11104793455889997,1,2,88,3,258.52046906241253,252.95524892911794,0.0,0.030703011079940855,0.005533009892396912,0.544372591754785,0.16719324330575092,0.2520467244918536,0.0,500m_25163_7918,2
6981.239727831439,2039.0677524954488,0.2920363424887371,4,13,65,18,163.831756273816,182.0929454643909,0.0,0.02342293840819291,0.07535605925278548,0.38682685869488154,0.12707895359909896,0.2447945714457809,0.0,500m_25163_7919,0
5155.975761862031,1786.3868914699765,0.34640203366497213,1,13,53,17,112.07862957675229,77.36861117762047,0.0,0.09508903700785884,0.08436649725446553,0.6758366464200221,0.10992935040119842,0.034584556816383845,0.0,500m_25163_7920,4
6793.9037669290965,2334.8394436934273,0.3436162635675766,11,25,84,38,38.36201829834134,43.3965786833891,0.1473166887860878,0.0,0.08875621228654458,0.448110430788001,0.21241860570891702,0.10325089331160595,0.0,500m_25163_7921,3
5814.363166499006,1816.6591123373448,0.31238962388500646,7,14,69,25,101.02376040220476,105.87291485272047,0.0,0.16314859585235367,0.017450216023282755,0.2793656954257792,0.2939438905711077,0.24591964382128476,0.0,500m_25163_7922,9
6379.621084608234,1628.1954729418426,0.2551782109220505,2,8,92,20,309.5132866378266,179.8573132429812,0.0,0.007170655288390799,0.0,0.4586174480752442,0.3009462881362324,0.2331088839451493,0.0,500m_25163_7923,3
8008.022408914091,446.4455503445928,0.05574282697070446,0,7,103,8,737.013354724076,68.3234865602869,0.0,0.0,0.0,0.1278289846571122,0.46184339529986584,0.41020276085934865,0.0,500m_25163_7924,5
4283.810965900962,5911.930667307015,1.3797413034915345,10,21,53,41,232.02935086074308,224.47002183152486,0.0674078769616379,0.046887087806727575,0.05407147028027229,0.20106940321090605,0.11526388341993947,0.5150668957960698,0.0,500m_25163_7925,16
5342.966767313964,6751.246534147478,1.2633399173514799,13,28,60,48,11.742990145965722,17.51756358688251,0.07341595982783969,0.1397626294922085,0.10034512207450794,0.02186731112698676,0.03534406756819648,0.629077782998073,0.0,500m_25163_7926,42
9091.603999229847,1091.6757968729864,0.12006195331562362,4,12,180,20,150.29392644514718,145.7756717418585,0.04458981294591986,0.0,0.054433347979353265,0.13180747001909537,0.5251352195648984,0.24392416999530162,0.0,500m_25163_7937,2
8131.214778185517,1335.9505118482602,0.16427880328885525,2,11,136,18,61.43780294575044,54.779203931237824,0.10064754686360607,0.0,0.020420825318629737,0.06727022017727478,0.45972878231106123,0.3518096575983387,0.0,500m_25163_7938,2
7357.9637020037,1593.685669050409,0.2165638714342999,2,0,97,38,139.52815364383642,370.14995363365813,0.07413641451038694,0.0,0.0,0.5046635889485376,0.24582379349036484,0.17524031435218013,0.0,500m_25164_7909,0
6811.025450710895,521.9710902536851,0.07662494716592887,5,4,82,19,91.63914664872368,205.2046460566425,0.10741114384521458,0.0,0.0551456005109075,0.3880195186005668,0.1559362553574758,0.29334068246918,0.0,500m_25164_7910,2
6515.65250393386,66.97300483742839,0.010277209778640073,1,7,78,1,149.3496419703334,60.12294632263696,0.0,0.0,0.07255997768717987,0.3883163525799088,0.24238012317102656,0.29659009354296184,0.0,500m_25164_7911,6
7597.168664680862,130.79529679224112,0.017214055460525207,0,0,88,1,351.6276515131122,310.5923127496456,0.0,0.0,0.0,0.4727014009774699,0.34174282947648477,0.18542415888509084,0.0,500m_25164_7912,1
5396.600448702782,1276.4984374356548,0.23649368817998348,1,0,58,13,146.96242599671035,312.3718865295062,0.0,0.0,0.16109764634356719,0.3620788587365773,0.15909635396152236,0.3175418734474266,0.0,500m_25164_7913,3
5981.31795720041,1974.9584682502878,0.33013264797689285,4,2,77,23,93.10829006760757,84.73617110611342,0.0,0.09428021617782589,0.0448987640513507,0.36629496201602574,0.1755153718635044,0.3188435266050179,0.0,500m_25164_7914,1
5230.943884274378,1026.7465957436953,0.19624572022451944,1,4,56,31,296.2427238454202,259.37795363930246,0.0,0.04369909089535436,0.0011912892092476282,0.5375218429958232,0.19732749864479346,0.2200691447063111,0.0,500m_25164_7915,2
5238.2472277415445,2707.209884252771,0.5167173386890839,4,9,62,30,179.3346389421225,169.55749058423947,0.0,0.14190231289263255,0.04039291537152043,0.4492929153223802,0.2628328098043775,0.09848939160413546,0.006898787890550983,500m_25164_7916,16
7419.290087187061,3854.6739613520617,0.5194775293230242,16,59,92,57,107.87303872995096,28.146644577288676,0.0,0.07172641693093997,0.09236434907809214,0.3790240940743336,0.23862615205026555,0.06934938084632904,0.14782245632028926,500m_25164_7917,14
6465.128999894187,677.4583657495239,0.10477031401022312,0,6,82,8,312.44285055817045,93.22845011241736,0.0,0.0,0.061211280685751816,0.4391243837303118,0.28820002833849345,0.21130965521174291,0.0,500m_25164_7918,4
6032.574466019535,1396.5438905243632,0.2314621122834488,3,14,49,16,117.03722033616054,72.76417475880017,0.0,0.09670570771853902,0.06438604638746906,0.3375666961039162,0.151076965626507,0.1596398524644738,0.0,500m_25164_7919,0
4760.8690729622385,571.5261773431705,0.12002139676377925,1,7,40,6,120.8684845184316,95.7967855488674,0.0,0.0,0.13107106233429042,0.6377108544122296,0.1322577134039654,0.09875036827562077,0.0,500m_25164_7920,2
7616.502576384734,3533.7462839396107,0.46389827223619085,10,45,119,70,37.298329384821926,41.89083280809641,0.1338006162247325,0.0,0.0694258524416778,0.4319986083456987,0.23003837771750252,0.13460526864921638,0.0,500m_25164_7921,2
7094.549068063797,3890.7509211855872,0.548336835368722,4,22,89,56,101.27977223089147,170.42820287474694,0.0,0.0860252743590188,0.11092516223134649,0.2777110314833895,0.3351295004808603,0.1900680980249528,0.0,500m_25164_7922,7
7421.533575855741,1848.9203281874525,0.24909558296936246,1,9,108,44,270.33590696845374,200.96902396296838,0.0,0.0,0.02491031746678453,0.30325326705106287,0.5687193921885618,0.10298229840622243,0.0,500m_25164_7923,5
7118.836193720765,2114.8837635479217,0.2970410703287124,0,4,88,19,496.9877852647341,179.52812214904165,0.0,0.0,0.017703913996625287,0.24961078671640946,0.36316458697432574,0.3693802596431129,0.0,500m_25164_7924,3
7908.2037072136945,2052.56551489138,0.2595160765703013,3,23,93,38,26.706370627691015,21.081564534214866,0.0681012145172817,0.0,0.0,0.3719430393989498,0.3028707110175719,0.25695860008778204,0.0,500m_25164_7925,13
6881.514491378507,3074.2357161415225,0.44667333719275326,11,30,69,62,40.738576197822795,36.92326318500748,0.08713711399252608,0.0,0.06761879623432965,0.2710163975755046,0.22259821771323826,0.351484178749644,0.0,500m_25164_7926,27
9135.92999540983,2120.4123610840375,0.23207054909573355,3,10,174,48,50.528137281618356,49.29464229205403,0.05517266496655728,0.0,0.01753278475639503,0.06160023855608312,0.6657735462068431,0.1998113195623079,0.0,500m_25164_7937,8
7645.082381658016,1347.2914593372063,0.17620676734652874,0,2,121,21,409.5695521658926,150.71393391729686,0.0,0.0,0.04060866049650989,0.18498989412643654,0.5911512242588169,0.18311943518760035,0.0,500m_25164_7938,0
8168.831484442552,0.0,0.0,2,4,103,1,61.64755381506474,153.6787166095238,0.0,0.0,0.07482021436176395,0.15914696544653847,0.2723694471892914,0.3729679736047678,0.0,500m_25164_7939,3
8317.251329992177,1453.694788679421,0.17475966173779797,3,0,115,28,170.99748107754036,345.8878502811522,0.0364097113436889,0.0,0.0,0.41496828785801415,0.3284297776618106,0.2200720055618624,0.0,500m_25165_7909,1
6017.48861966066,107.20705219469507,0.01781295254833259,2,0,69,1,26.431455026112932,431.5592275345339,0.08506350312673458,0.0,0.0,0.3171320079456826,0.3503683970351655,0.2472699372208385,0.0,500m_25165_7910,9
5908.581621287467,858.1764162273288,0.14521779564495899,0,2,66,16,416.0318579532461,112.19540072223867,0.0,0.0,0.01714680351279621,0.5339380698181105,0.14099743177672638,0.3077484781755016,0.0,500m_25165_7911,11
4283.951063921698,4656.62691575931,1.0867398124956518,0,2,39,30,340.99189630281313,173.0841036125824,0.0,0.0,0.0,0.7727190152101481,0.17971896741599058,0.047328642479940466,0.0,500m_25165_7912,2
5562.132155053684,1540.8434113660883,0.2769740801441053,0,1,66,13,350.181909882305,287.9551879844525,0.0,0.0,0.0,0.6798764638126759,0.26856772188177297,0.05137605945304557,0.0,500m_25165_7913,1
6376.780554994601,3110.2824129702994,0.48767473044122833,1,11,73,37,86.43202348496837,70.56182192207393,0.0,0.0,0.16412664948198352,0.3483172371538316,0.4202052702354901,0.06719404877188359,0.0,500m_25165_7914,7
7087.198558854089,1555.3318898331718,0.2194255531809783,6,17,92,20,104.980792451595,98.76641834059238,0.0,0.09380865417697433,0.07544986794946416,0.3042356494693977,0.31216606022182836,0.21419868861300653,0.0,500m_25165_7915,8
7113.667441741509,1709.8204598815983,0.24032331431967438,6,22,82,20,124.63005963914276,121.13705049847644,0.0,0.1446054328442859,0.07179162712038256,0.41810443619241333,0.23359442894944574,0.13176352018614584,0.0,500m_25165_7916,10
7427.7508885851885,1733.1226235007318,0.23329933248452303,8,17,104,33,184.3967251398706,126.25489803201225,0.0,0.015862373425388477,0.16952149208957087,0.25879628347580413,0.26130330136619073,0.1705447714669462,0.12146070031518974,500m_25165_7917,5
7696.943546534318,950.6184994717794,0.12348992867059362,3,10,99,11,177.2022926991163,174.17943726440524,0.0,0.06085065370189338,0.02423708995028081,0.6089707565778597,0.16860950560196383,0.0894028335900495,0.047799255754157256,500m_25165_7918,3
7416.416143837748,1243.0781879320368,0.16758911241143767,1,8,74,18,251.54012390287403,46.2696728826726,0.0,0.01323238880919799,0.0,0.2569175752528344,0.22291802343228448,0.38938074520480037,0.0,500m_25165_7919,2
5762.711985066857,1054.7048857637665,0.18299056033618452,0,9,73,16,422.2820431503555,139.111118161669,0.0,0.0,0.09348645848638192,0.4141394012050887,0.2108456996120097,0.28135494139561856,0.0,500m_25165_7920,3
6784.363037699834,2384.952095933206,0.3514848185251528,7,20,78,32,21.49104041675024,68.89648171808658,0.10033865151416653,0.0,0.11973310565062968,0.29354737017059185,0.2793252086083162,0.19998391671669957,0.0,500m_25165_7921,4
7466.341539343444,2854.6407595298956,0.3822834062818139,7,18,104,32,148.28748253388576,130.31209510171396,0.09531314335736629,0.0407342641682871,0.0,0.38390119537832695,0.28621963556366564,0.18497762050636202,0.0,500m_25165_7922,5
7639.256666747825,1437.700372683566,0.188174355312011,4,10,91,28,136.60882705291618,93.2642892308278,0.0,0.0,0.06684347258855762,0.4508706752104801,0.16196632852387885,0.3201886380218475,0.0,500m_25165_7923,7
7248.360619685648,409.375557372908,0.05647057428226817,3,9,84,5,142.43520466685607,138.75907163328355,0.021162912937759813,0.0,0.09400929709954553,0.4567270757415239,0.2534616668493269,0.17450110417209683,0.0,500m_25165_7924,2
7671.342508046145,1781.2561020403755,0.23216587374355815,6,28,66,37,129.62144831661766,100.05076554307587,0.09370165107481374,0.0,0.021370698824333408,0.1835673597299301,0.45339771545104346,0.24783223663024356,0.0,500m_25165_7925,4
6724.226729041344,769.9293215602823,0.11448377171218924,2,3,76,12,215.79975333850194,221.055098460468,0.03607068798218659,0.0,0.0,0.3553423990794882,0.22611717102738554,0.38232104803929967,0.0,500m_25165_7926,8
9476.347481339135,1618.5678209140651,0.17078278749418227,3,11,148,42,205.07100527231577,146.4508041505463,0.0,0.0,0.1478759564087185,0.3906748712818725,0.2631702695216212,0.19817338803252837,0.0,500m_25165_7937,5
9161.21778811054,1714.9894695448988,0.18718060509000073,5,15,164,42,128.37846599156953,108.2792632277109,0.07190619087625465,0.0,0.06958139606342238,0.37572278727601854,0.38247690076885665,0.10020358113531641,0.0,500m_25165_7938,2
9595.915277318216,130.5414927715119,0.013602442972487168,7,12,121,7,110.2810315265312,29.736437247615342,0.0,0.0,0.10854043832178287,0.1314828450763841,0.3861483491536386,0.26636521603288715,0.0,500m_25165_7939,3
7993.169367792081,30.69242489549377,0.0038393513426362076,3,12,121,2,180.56556143030423,113.20969339531415,0.0,0.0,0.0671924523760076,0.19393052157283805,0.47468609711188753,0.26406583776919085,0.0,500m_25165_7940,1
5582.8115783397425,439.68487176379705,0.07874278449319208,4,15,64,8,60.51725915254533,9.079350917161761,0.12686245875041013,0.0,0.11625980819811024,0.2944498017965668,0.19119065222060247,0.27105818989672614,0.0,500m_25166_7908,2
6299.597133343031,809.3919874657234,0.1284627425521918,0,3,85,11,349.030035386819,230.31287745336712,0.0,0.0,0.017933330287015256,0.48646728051638116,0.19614219359056334,0.2992984804908165,0.0,500m_25166_7909,1
6840.500571019535,1417.2148940399425,0.20714971508490954,2,2,86,13,232.39462431012652,142.02466899577487,0.07065214868585551,0.0,0.06474943421134037,0.3028090254623186,0.33755735465163544,0.22408587022475787,0.0,500m_25166_7910,6
5846.6734637983345,1849.7282596641223,0.316318664356925,1,10,55,19,98.67683954512809,94.23094321936166,0.02201250238335359,0.0,0.008701065330003503,0.3511285808034036,0.16653240484685905,0.4514544384557435,0.0,500m_25166_7911,3
5709.485105384527,238.0080863433227,0.04167913617687231,7,33,54,7,153.57289955362435,77.05450715095657,0.0,0.0,0.2155965844214374,0.49172383723454577,0.1377185443364394,0.15478591753646417,0.0,500m_25166_7912,8
6269.453671796529,230.87743706168857,0.03681989360676363,4,18,58,5,154.79727696980225,76.78770779353636,0.0,0.0,0.2239648126129311,0.47475696569985015,0.15400718091749924,0.1471115626757341,0.0,500m_25166_7913,7
4482.678731361136,1028.6891753332968,0.22942972433286088,3,14,46,9,189.56578058212656,168.02723940278491,0.0,0.0,0.210103814587781,0.45636049432477327,0.08923325511495087,0.24407940482777696,0.0,500m_25166_7914,9
7040.622840688824,242.6505687180292,0.03445946683141193,2,14,86,6,248.56239164896292,62.473247245224336,0.0,0.0337346774914555,0.0781632394852287,0.2693323614885927,0.2493778261154669,0.36924988270107695,0.0,500m_25166_7915,5
6013.932412039998,816.8030033150363,0.13579587389544964,0,3,73,10,349.2932622321755,234.70132709938662,0.0,0.04618717142052876,0.07830123700618556,0.4680226958238093,0.22009718599244837,0.18722545684984704,0.0,500m_25166_7916,3
5470.827502557743,1296.9300989742403,0.23701955121355803,2,0,54,12,125.33003623545417,324.06866526102743,0.0,0.0,0.08482105771733282,0.4484183505141059,0.30897170474028063,0.15760613272918478,0.0,500m_25166_7917,1
7554.06842687258,2197.454330311249,0.29085829619956005,8,35,88,41,206.53450157204588,42.528966359619616,0.0,0.018299058668160246,0.10310778195778159,0.22970610370583758,0.30938525801824623,0.17556452819243462,0.16380490798263284,500m_25166_7918,12
7924.084340721991,2094.6722811852756,0.26430914689728674,6,15,82,28,67.80719212575767,57.61960963883206,0.0,0.0,0.08907502797765122,0.3743023577925252,0.19285016194810192,0.2438081853364788,0.0,500m_25166_7919,6
5574.619751333141,170.80347711196876,0.03063398953472918,0,1,52,6,275.2203201919263,303.33083657166895,0.0,0.0,0.01379036918912136,0.5389386377643622,0.17822013922708163,0.20863564812755253,0.0,500m_25166_7920,2
6246.943722158778,1480.950358195848,0.23703004125078014,5,7,86,18,55.58494627088508,100.94065899137834,0.062243159528440985,0.0,0.080731634374111,0.3777166009583575,0.3085561367684935,0.17059241571255912,0.0,500m_25166_7921,1
8099.2022289540655,3340.332907602133,0.41237648310336716,3,12,116,42,50.06163020392044,52.287501025688385,0.14877479168595764,0.0,0.031167756303345704,0.5347124055228466,0.22172823546826828,0.06349335731166947,0.0,500m_25166_7922,7
7664.383985203949,214.57691213423234,0.027992976287739512,1,4,115,5,197.12270069275996,193.18696780651763,0.0,0.0,0.05332374743596627,0.34479559019992895,0.2219367056327593,0.37981350012252707,0.0,500m_25166_7923,2
7234.248621057502,1275.8465369129885,0.17633762206868175,2,23,58,29,125.25216835921753,61.59315469556495,0.07554378794233155,0.0,0.0658365186687329,0.6173366709938215,0.16256656802264982,0.07857824212125218,0.0,500m_25166_7924,2
7131.851789674251,3.2824659558840246,0.0004601898444933104,5,9,73,1,84.15280810413748,88.05363800771872,0.0827265987767379,0.0,0.026646365992002975,0.44034116072932,0.3616226767637215,0.08852300135821593,0.0,500m_25166_7925,3
7547.5663055880905,220.3562978731592,0.029191807947693688,0,3,88,6,486.5372220135199,194.20206318773344,0.0,0.0,0.043871423367951266,0.2514111554990034,0.36262778091606307,0.3419571647296494,0.0,500m_25166_7926,5
9416.186096614947,2616.4401806639016,0.2778367289146376,2,19,166,68,174.96004852221554,166.507748423472,0.0,0.0,0.056277163203006006,0.1724978929052784,0.5378078294397157,0.233310925619185,0.0,500m_25166_7937,9
10304.242439061105,1045.4320812567848,0.10144662655331305,6,26,166,29,174.73795847733206,154.00739771272387,0.09444013749234076,0.0,0.02738062520397416,0.3811411702980147,0.29070400498935767,0.11412060690325869,0.0,500m_25166_7938,6
9904.36180491316,276.00068312585705,0.027863765964506,1,27,150,9,150.9938109275781,80.41945589493476,0.0,0.0,0.06826175145482481,0.4591105500810912,0.2264689274532574,0.1284053246010208,0.0,500m_25166_7939,6
8519.605678660357,667.0492409981905,0.07828659911686778,2,17,92,10,20.991486537838494,18.67257357554618,0.028816798243893427,0.0,0.03493532049164771,0.4889907523703588,0.19807656564885165,0.10535635130753891,0.0,500m_25167_7908,2
5511.257831187135,1917.6334131050075,0.3478852898090982,2,9,63,12,151.55502170925845,29.005026182655218,0.1154420149639587,0.09099756418948941,0.01986153377889845,0.2981325782937171,0.21354299699114895,0.2618418979174301,0.0,500m_25167_7909,5
4335.324356349849,2019.9853347825974,0.465828929938014,4,4,45,33,41.244520056323836,81.03982991917134,0.17618259590753071,0.0,0.08595357444081997,0.3936251174468045,0.10854896327650249,0.23545913887295447,0.0,500m_25167_7910,6
6953.072779641507,381.45680382937434,0.054853726142486396,7,18,68,10,88.46320555110869,138.7040267862266,0.0,0.0,0.19102472602978163,0.6315343306800485,0.07267432680516525,0.10462281586173157,0.0,500m_25167_7911,6
5956.918808443918,1059.1475902907266,0.1777714037978563,6,25,63,15,99.83008771061199,29.142883235110222,0.0,0.0,0.16482538380968131,0.3432673125768465,0.32149830483397296,0.1702411549346681,0.0,500m_25167_7912,14
5560.326122252355,582.6510909146659,0.10476837324524503,0,1,61,6,600.7079821111082,103.4682794101421,0.0,0.0,0.0,0.683095343683509,0.09004174127700332,0.2266831018118476,0.0,500m_25167_7913,1
7306.205367964603,1013.6478571146596,0.13871895014181157,1,0,101,15,213.9711682516193,549.642924228988,0.0,0.0,0.039351359631677074,0.4413867052926604,0.20457681652220291,0.31454826732927105,0.0,500m_25167_7914,0
6317.113258498736,3049.801998272798,0.48270771249160377,1,2,77,24,289.10939880218984,366.4881850185591,0.0,0.09373861994412373,0.0,0.2809609130436916,0.33910296156620895,0.2860392303472103,0.0,500m_25167_7915,3
7296.084972426605,1115.9047162261386,0.15292472548185918,4,10,84,23,209.21578312570347,242.17982938003894,0.0,0.05205432381043922,0.058433132840205335,0.38243641409662354,0.31828555882952864,0.18865352939876878,0.0,500m_25167_7916,3
7332.5962604183715,1216.2654319956187,0.16584843081152006,3,20,85,24,304.34785518552195,217.72725478822602,0.0,0.0,0.20967710716034746,0.5214062312714631,0.17122893077841916,0.09755137204237103,0.0,500m_25167_7917,8
8078.889359414486,2303.4239280800703,0.28508112247801737,8,29,105,56,96.68741282938221,43.58733872889002,0.0,0.0,0.18428362821682562,0.47144447936378653,0.17019658828604659,0.16914894129021088,0.0048025987721738,500m_25167_7918,25
8003.891719980516,1456.958474858781,0.18200851751962577,5,5,97,26,123.31941947515445,118.990713534445,0.0,0.0,0.089074147485099,0.3632550810790055,0.27514758726471045,0.1389044570029548,0.13349380355464704,500m_25167_7919,10
8469.450673165864,1040.7942637902481,0.1228735404938315,5,2,91,16,179.01490427962509,213.7037382547778,0.0,0.0,0.0658023417773478,0.29808756964914884,0.24615365890535798,0.237343420988588,0.0,500m_25167_7920,2
7501.570182161904,3382.351328814744,0.4508256832913894,8,6,101,42,77.19348439942866,45.98951873935659,0.1569198016776647,0.0,0.1395544061616858,0.29960489535188345,0.2709023443997592,0.13288526475214785,0.0,500m_25167_7921,3
6929.029219128528,1275.5629262266868,0.18406313824851273,2,7,100,15,217.4756794905393,85.54798069789517,0.08066736311007167,0.0,0.06504169788539571,0.4581612343541994,0.17653261589148664,0.21945278922295985,0.0,500m_25167_7922,18
8148.788999657215,668.0665243600774,0.08197347494372882,3,2,118,7,77.04766824259302,324.0098103100295,0.0045254077409549185,0.0,0.06886920407283317,0.15116593252897023,0.3123043590190569,0.46301239407496,0.0,500m_25167_7923,2
7403.1854888305115,1224.1991395188954,0.16533879943521745,5,24,78,28,342.17566970876874,114.16784521830756,0.14683282400821826,0.0,0.0013901205038890706,0.31614620388885534,0.2614265983340899,0.2740691945199301,0.0,500m_25167_7924,4
8225.096514140361,234.28480858250154,0.02848067831197634,3,5,83,7,168.16774154261486,245.4156163108636,0.006986945780689054,0.0,0.18070587352747589,0.4728246161569544,0.20421678784071717,0.13514421235337545,0.0,500m_25167_7925,10
8119.2807984661395,1585.3026562727277,0.19522756609256414,3,21,109,31,53.06262479857309,45.53695625851083,0.0,0.0,0.12337563487175296,0.4352069184499217,0.10447552799990345,0.33681877022767037,0.0,500m_25167_7926,28
8839.42443940715,1755.1272002010478,0.19853426860110676,3,10,133,30,220.81113612203663,154.12467471163174,0.14401420903824422,0.0,0.022789154266652234,0.16219345643162658,0.27006139366260495,0.36140787129378055,0.0,500m_25167_7937,11
10892.085919047784,2018.884202619002,0.18533629658504358,9,17,152,35,287.41393118791837,249.25501872102535,0.05701710697517431,0.0,0.11839142038071934,0.12824977447314664,0.22289468437270019,0.17583407487161787,0.0,500m_25167_7938,6
11351.013907596216,1434.898915089319,0.1264003838234513,3,20,206,35,243.46159692730316,229.3123186675913,0.0,0.0,0.11573547573721957,0.22191539697225582,0.4478338772124587,0.13058056359883122,0.0,500m_25167_7939,1
6392.086684303138,685.8901764747168,0.1072862312595845,1,5,65,10,226.17560864652074,168.70914272332627,0.05783666938470149,0.0,0.014499648762092717,0.5192005728287202,0.21996281289211322,0.09842160524606616,0.0,500m_25168_7908,7
5835.805824042915,1126.5275349758895,0.19300411371156256,2,5,66,10,199.3249987619205,197.631765749983,0.05723879746992002,0.006320268534819486,0.01933751650101413,0.6401186260552889,0.18016087086812346,0.016338787029749006,0.0,500m_25168_7909,3
6925.851629453076,758.9689544978608,0.10956910803036599,3,8,91,17,81.48397088898,40.81620273739945,0.07585499363216121,0.08780763978954603,0.13172575350629048,0.3180928491239509,0.2887288800620456,0.09764551815486253,0.0,500m_25168_7910,12
6821.781535691354,774.5685204067169,0.11352679495229208,0,1,83,11,415.52216449912675,263.7883200319802,0.0,0.032389566298048865,0.00559387904263913,0.5232718717916117,0.3061767960987244,0.1324213189806378,0.0,500m_25168_7911,5
8046.489645670461,50.36333224063783,0.0062582661746863185,1,17,91,3,91.16943770620037,85.46157167168383,0.0,0.0,0.0750250213708168,0.4124974414791647,0.26200677782895726,0.25034649696795047,0.0,500m_25168_7912,13
6880.551018478028,62.73622234986716,0.009116581738827586,0,5,84,1,526.071467363019,203.6879971421449,0.0,0.0,0.0028784705180597385,0.4480943179222838,0.4301339896061477,0.11874790587617173,0.0,500m_25168_7913,4
7907.924731352003,466.9121029477987,0.059036103997411764,0,0,119,7,524.8705048528445,397.9026588417299,0.0,0.0,0.0,0.5824010250382347,0.27820241298666987,0.13927012253687016,0.0,500m_25168_7914,5
7135.118039136084,279.9989914634843,0.03923687779937307,1,1,90,4,152.1122977806695,149.68532703813983,0.0,0.0,0.018839350158933905,0.5841517438022102,0.26422595832780515,0.13264281549988002,0.0,500m_25168_7915,1
6383.1483095687845,972.511577484532,0.15233223451699857,2,6,89,12,147.45347180929923,263.88383344574885,0.0,0.07905943721977288,0.08890157945144374,0.44874032421475785,0.27687852717450945,0.10626349397443356,0.0,500m_25168_7916,5
6944.480462906551,1171.7618548436658,0.16870853803443078,4,12,76,19,204.75356666970296,49.311009802728634,0.0,0.0,0.19588643992547825,0.5632939073238495,0.18599841633413772,0.0546772578962091,0.0,500m_25168_7917,2
6876.328624625706,2377.6818041686593,0.34572752502401516,3,12,85,24,245.1688234774628,28.485415424587504,0.0,0.0,0.0857114526416761,0.44679835595601336,0.39416763430937535,0.07317715179756785,0.0,500m_25168_7918,8
8768.79963914731,2626.439104465808,0.29948678562070064,2,7,124,43,227.89704394517415,43.97741247164058,0.0,0.0,0.033881902433653174,0.3194972490718426,0.3371329502659273,0.18887838056900677,0.12049548996895566,500m_25168_7919,4
8628.839315823374,781.0078723340724,0.09050085914137979,2,9,98,9,105.87628248428081,73.23033476820164,0.06049592926861197,0.0,0.04305969219228678,0.40298445596370064,0.17228851106420015,0.24049544106364412,0.0,500m_25168_7920,2
6692.661706665069,4523.294885782928,0.6757579160714016,4,12,79,35,219.05390061195385,77.59234857244232,0.09919044248532373,0.0,0.008256640268234292,0.18573259198263425,0.21603070134137728,0.33991119049884483,0.0,500m_25168_7921,10
6756.110540199538,862.311834862348,0.12761546962007872,4,7,97,14,129.675870321679,214.73927773227965,0.0684606704468238,0.0,0.04034292420940213,0.4237078174795767,0.13988075190785432,0.32745984370521,0.0,500m_25168_7922,17
7117.294091545186,1672.1473450286956,0.2349084378256867,3,21,89,36,196.09543140741326,109.62424043816556,0.10473833575474031,0.0,0.03967854032563424,0.34493091770868517,0.19724796549976809,0.31326375761407904,0.0,500m_25168_7923,1
7999.287371530428,1278.2409554682258,0.1597743801075114,4,6,102,34,132.6139665298052,181.19067716735347,0.04551938878111486,0.0,0.029250771075714246,0.4629240985624126,0.2545791667086667,0.2076015793621106,0.0,500m_25168_7924,7
7403.101345302746,377.6715605163569,0.05100842666827574,3,10,74,9,251.3397037038736,137.61689252525542,0.0,0.0,0.1610513115309157,0.4570187326825092,0.11319848115713017,0.2685964143495591,0.0,500m_25168_7925,2
7087.682713292819,866.844958423324,0.12228576076593208,3,21,82,12,43.99536188020503,38.19875774918778,0.0,0.0,0.1864325790967566,0.14816326312886668,0.11350781285660337,0.5517552749841279,0.0,500m_25168_7926,9
11151.728113044379,2074.09946872825,0.18597238699850988,8,15,198,48,149.24346990947248,52.56922691182288,0.09733606379179846,0.0,0.02777486345749959,0.2655715588542969,0.29718985074581417,0.2179000031275782,0.0,500m_25168_7937,4
10333.524727380393,792.7508955996287,0.07670898435215957,2,6,209,22,108.47240868230791,105.85474897036012,0.04611688440774793,0.0,0.012532051648544824,0.22443406405275687,0.3556467666782607,0.3611734701755511,0.0,500m_25168_7938,4
9325.742130398696,1614.010114667782,0.17305186442404483,1,10,184,26,254.96075646680163,128.31332353124142,0.026007279543069542,0.04426107806158118,0.0,0.25547700407114055,0.42462839534051533,0.24951902440875873,0.0,500m_25168_7939,2
5145.112064305092,2264.2466816366805,0.43999171672574805,2,7,55,25,164.69544047281394,82.21377549485278,0.049188165479443255,0.0,0.11249001465743479,0.6208440939551015,0.09838866164861321,0.11889474280128437,0.0,500m_25169_7908,4
5692.729875903978,3191.539410079274,0.560535796330268,0,0,50,20,272.47268819432577,265.1869757603725,0.0,0.0,0.047736122855836345,0.49730608659626213,0.08440743667101659,0.17399360245459514,0.0,500m_25169_7909,1
5289.979093167658,1818.1206508188611,0.3436265044340536,3,23,47,18,191.63763863597228,42.28692546431387,0.10305140064239945,0.0,0.047029872034612265,0.12384215108127541,0.5166733630398384,0.205186434968559,0.0,500m_25169_7910,11
6805.70596126573,317.40408533956935,0.046631085160103926,0,2,75,9,305.7070009838544,251.0448276270066,0.0,0.05663837633193842,0.013078885834242722,0.5599200172204435,0.25817743704862134,0.11203836962345999,0.0,500m_25169_7911,8
8602.925120812428,651.0513327185238,0.07566910724776835,4,10,130,16,168.84502579295594,118.05118761245816,0.0,0.0738943449073358,0.07286244012796977,0.45621893996722646,0.22272993707738403,0.17417811189696542,0.0,500m_25169_7912,17
8386.763266279968,388.40588695776245,0.04630625288617894,0,2,116,16,307.10103458782373,243.02063629363366,0.0,0.0,0.06022110080241862,0.4012417338739012,0.4542663120383208,0.08415163199021151,0.0,500m_25169_7913,3
7810.68211063176,0.0,0.0,1,0,115,0,209.49489790856006,421.818828427774,0.0,0.0,0.06456896070251177,0.38526664507373526,0.4621946589673198,0.0878417218547315,0.0,500m_25169_7914,1
7738.633340945741,755.4516798251236,0.09760820009760457,6,8,103,20,124.30986528664523,108.78358794556699,0.0,0.0,0.2010444993632399,0.3200777539232123,0.19813790550809401,0.2806106361183453,0.0,500m_25169_7915,11
5286.391243952758,6090.572375632773,1.1519049933364818,5,16,67,28,170.74466689062854,167.6267900171954,0.0,0.09763203369152156,0.24134749119813098,0.20051713022487627,0.24331204920548724,0.21700216649436815,0.0,500m_25169_7916,7
5248.171348431005,3184.2010030112124,0.6066102231475032,3,9,52,27,213.2123204018982,166.73994426997544,0.15454645762996366,0.0,0.09700322244507782,0.49901837859152787,0.24604056606593738,0.0032008690078156508,0.0,500m_25169_7917,4
7889.063407190654,2468.424457240117,0.31285229659757924,2,17,103,30,166.98379809087993,160.79254634605314,0.13309152991363482,0.0,0.052164139725929516,0.19601012681498503,0.3416189657123026,0.24194501341019842,0.0,500m_25169_7918,10
9189.423322887455,2857.1760230232458,0.3108862260901357,13,39,112,46,113.57259258415257,109.47204608026495,0.10169756715203741,0.0,0.09068026856539711,0.2052608941844762,0.18500408589657547,0.22880797102353156,0.10702737375736246,500m_25169_7919,17
9696.651594903244,1302.8210786344478,0.13434397656842675,5,10,104,16,164.94600135008264,57.79988181018504,0.1392387541014389,0.0,0.01865065219579373,0.18339096055948434,0.14757191392668434,0.32583708139369055,0.0,500m_25169_7920,5
6235.558190978867,2813.8376650550686,0.4511843839002838,0,5,78,27,317.3405611624448,165.8273205813266,0.0,0.0,0.17888681001187431,0.3886078953363892,0.3179172076344863,0.11442774216526962,0.0,500m_25169_7921,2
6954.694808903207,622.4514534133665,0.08948803397996072,2,0,107,12,77.7421570839058,262.58582531737125,0.07341341156171233,0.0,0.02589765507795338,0.4171933210471079,0.3279894010045199,0.15536244421893694,0.0,500m_25169_7922,5
6967.969245482582,3208.964432878115,0.46046471434182706,5,26,86,46,53.706500996787085,54.83779725851071,0.1584900453432828,0.0,0.04493903223574208,0.422505886732414,0.19346608825380943,0.18045545419137857,0.0,500m_25169_7923,6
7742.949466514427,642.5068375852027,0.08296888304391233,1,4,96,9,29.7592538624597,97.19181187126486,0.0,0.0,0.14712846545656713,0.4782365836787345,0.1412305936481756,0.2332752241424599,0.0,500m_25169_7924,5
8274.683353821601,90.18882860432511,0.010898052130362998,2,8,99,0,187.84634361451384,182.23268056516923,0.0,0.0,0.22295632030308318,0.30406713656818696,0.17721263847148983,0.29564306871448515,0.0,500m_25169_7925,1
8020.155984822946,1419.48736494259,0.17696792926461494,2,19,125,21,179.86422985671825,140.09515587731616,0.0,0.0,0.10579693314926797,0.3886839361700374,0.24441350852802285,0.2609809518430687,0.0,500m_25169_7926,3
8737.03946903301,1937.2259586199225,0.22170029850349307,3,30,152,41,134.24342934526803,99.15448678243364,0.050906840765777554,0.0,0.06227507622736961,0.29173685798278864,0.23412204059982827,0.36084474227693963,0.0,500m_25169_7937,8
9486.09395793441,2451.8885048960333,0.25844463180903016,1,17,176,51,529.6560863494875,60.32237143819338,0.0,0.0,0.033828058580950955,0.35693511979795933,0.2424443287175992,0.36668708654782173,0.0,500m_25169_7938,2
10020.629410544601,3148.003810879998,0.3141209559762525,8,45,193,82,99.01101433317324,92.96873692792926,0.05951412061887275,0.06641524562854245,0.017305136866519324,0.3823979796597085,0.32415307790309505,0.15011465515054542,0.0,500m_25169_7939,11
6177.441539774408,1308.9888116922339,0.21186391475349764,4,6,73,27,74.27053655019759,63.3316112888209,0.09091434220357605,0.0,0.0593933836128122,0.6575114928316914,0.12811870614472856,0.0639002220936574,0.0,500m_25170_7907,9
6047.0488426216225,1620.7900189969037,0.2679856034850318,2,14,63,15,192.06807946111925,155.45434713798653,0.0,0.0,0.10049990268811912,0.760132795354107,0.04564385663887313,0.09355810273883522,0.0,500m_25170_7908,7
5343.403161213516,3908.401193606989,0.7313073276304881,2,9,50,3,217.9042531718324,209.98805501889612,0.0,0.0,0.15984817305828633,0.5057976897436534,0.039893185179333296,0.05117151921803811,0.0,500m_25170_7909,3
3490.8147005501346,3990.9648347575067,1.1429486318757782,2,7,43,12,114.4457420915204,102.58191735780488,0.0466531052465647,0.0,0.31880871912368064,0.3274177832556941,0.20549007501819,0.10134393331612121,0.0,500m_25170_7910,5
8213.350182676691,1463.372344219657,0.1781482785218695,3,18,123,22,172.68385508662988,134.73536289896953,0.04944569184015622,0.0,0.0941307601902938,0.4722393741780575,0.337802040019289,0.046260395597209805,0.0,500m_25170_7911,6
7260.719078586824,1299.5731326419095,0.1789621876828117,2,36,83,19,208.73362302189744,39.95031406707311,0.14197474670729346,0.0,0.0,0.7104432381389805,0.10586502089230349,0.041579285822252864,0.0,500m_25170_7912,7
8651.665308401733,2000.6091831094034,0.23121305537691528,5,50,97,34,143.4108654159205,46.459038091335636,0.11809417880115734,0.10163524576783171,0.10925901232481607,0.4430907121483578,0.16648824339574478,0.061317036236453605,0.0,500m_25170_7913,15
7929.313274158042,1591.5778231335216,0.2006954540270036,7,18,87,25,114.08595567213142,16.18838188705421,0.12749230645063023,0.03781529063071864,0.07256759408674121,0.3864554158543058,0.2920643172517987,0.07888621155311949,0.0,500m_25170_7914,7
6798.041967363981,1779.3908450241552,0.26171199612612966,5,22,70,23,128.31057087288315,121.36609839956184,0.14826346880981223,0.0,0.09035434733008799,0.29845586153768655,0.07528160405095315,0.38749763872631254,0.0,500m_25170_7915,9
5157.470219078964,2095.824248452198,0.406287941859322,7,17,46,23,66.18256385568178,139.3454874056576,0.21138383323124993,0.09074826614010187,0.01564134135054531,0.2759043091868332,0.11415471487527021,0.2919736792940833,0.0,500m_25170_7916,4
6521.694973049592,594.3684508840865,0.09112314056381486,0,4,78,5,283.528785486036,229.89730009848907,0.012167216878315476,0.0,0.0439692922607275,0.40189874905666784,0.2919920429643706,0.24981938797621422,0.0,500m_25170_7917,2
6734.276732135669,2343.484294565608,0.34794179775632167,2,10,81,37,83.74615321459403,11.577720665002612,0.0,0.0,0.12379207655114208,0.31676017988781974,0.394300035874601,0.1503529709709017,0.014646264716571171,500m_25170_7918,10
10339.3719143787,2025.8234225828464,0.19591398059540374,7,27,142,48,207.84306194286884,199.66339093457918,0.03193722904548748,0.0,0.0021361019709641087,0.2953824965585826,0.2913744211423652,0.19478978892187998,0.08896910312745102,500m_25170_7919,13
10044.494201210668,1695.3982269514909,0.1687720079264158,4,18,128,24,179.71775094140662,138.4105849587721,0.1546296902930583,0.0,0.0,0.2430902777440274,0.2060395985988295,0.19999265047316706,0.0,500m_25170_7920,6
5671.309015604924,3649.196418238564,0.6433352640343406,5,13,85,31,141.6752319028734,139.28431149676675,0.1825983039507027,0.0,0.09433587700423594,0.11263383223149288,0.2694412619121496,0.3408144298516871,0.0,500m_25170_7921,12
7210.52793035213,3065.4835320343996,0.42508100386497644,12,27,90,48,79.67959489432424,73.92838213838107,0.21925228491808704,0.050148113701349174,0.06974913877261042,0.17688230509104214,0.27436460846664157,0.13170720249387557,0.0,500m_25170_7922,10
8786.812139283817,2476.229966762155,0.2817800298316301,8,35,115,52,146.96479920169364,28.261906799418497,0.1877403912476034,0.0,0.05978369867372548,0.36317684765764513,0.23890884268421578,0.08097815662634222,0.0,500m_25170_7923,6
8961.77139455705,1299.1726886532906,0.14495211709207018,7,31,131,27,69.35043017171142,69.684709723927,0.11349252097529905,0.0,0.09456219909037998,0.4192513661976896,0.2266848930400951,0.14589744806392285,0.0,500m_25170_7924,10
8170.012265652764,2026.532679957782,0.24801488653693593,8,28,118,40,113.7936557920713,12.967430043828637,0.12709081012368956,0.0,0.12762194956916267,0.1926423371906014,0.1813593720431679,0.3711631472159704,0.0,500m_25170_7925,9
9811.347192228055,5916.45002153476,0.6029597104167828,16,43,156,77,120.63459544169719,118.36351521892642,0.1691881361536933,0.0,0.04510482595819736,0.30004311610344514,0.23687534341010735,0.16068877158011924,0.0,500m_25170_7926,28
9367.501471161733,822.832769538547,0.0878297102339583,1,12,158,29,272.6977401300237,109.39769458448171,0.0,0.019522474338418434,0.02551575849622858,0.13789027707780308,0.373755486116393,0.4432092633143836,0.0,500m_25170_7937,5
8835.370093685626,1632.5002697782081,0.18474783790968366,6,9,147,25,110.92217074616131,151.46585525937593,0.0,0.055147093161542725,0.04437148946058077,0.3418814833271438,0.20868325014483421,0.3498035152643194,0.0,500m_25170_7938,6
5887.763121792595,2789.4298013890198,0.4736868751038998,3,0,68,31,274.96091934937,305.5914448624393,0.022951905785848402,0.0,0.09445145812576887,0.48606728254172904,0.24632104070076793,0.1500384978984476,0.0,500m_25171_7907,9
6009.016159139072,711.947927530082,0.1184602351605104,0,0,64,6,379.72787344045236,312.82114025144847,0.0,0.0,0.05012864753882375,0.6878965428696842,0.12911496348080498,0.13269345720697767,0.0,500m_25171_7908,7
4831.112719319176,5365.4286883603345,1.1103691076801496,2,8,39,8,159.38401048255483,58.449841104365824,0.0,0.0,0.018570572188200917,0.36833257804154446,0.018889195002478876,0.19039232988202828,0.0,500m_25171_7909,1
3893.1171730461792,4571.248759591734,1.1738857760193866,5,12,27,20,79.94967857727241,72.36214774356347,0.2773067315896641,0.0,0.2739374884085887,0.271530828221563,0.1550579607225441,0.021910193443299517,0.0,500m_25171_7910,7
9165.339281761435,1882.3379497346664,0.2053532922875783,5,10,101,33,65.17210544280607,73.91473641721416,0.1792628271367567,0.0,0.059727276546673806,0.49429363331933934,0.11512977598216628,0.045821351585100374,0.0,500m_25171_7911,11
7244.029835847481,273.611571569105,0.037765416812407034,0,0,93,4,279.6788978963548,279.86600728647744,0.0,0.0,0.02092797220952566,0.788729356162707,0.19020464597119274,0.0,0.0,500m_25171_7912,1
8265.530164221853,1559.0626076959834,0.18859939741630902,12,24,110,27,50.93113596948016,42.59694219167094,0.0,0.0,0.15179921098725757,0.6058095810241678,0.11903865745691683,0.12323158079222256,0.0,500m_25171_7913,25
7441.846072677511,234.87141125617046,0.03155666649057504,2,3,92,8,220.23694026144278,164.85804000207096,0.0,0.03990884296773268,0.0,0.5149020488599492,0.28603613260843247,0.15901861835829054,0.0,500m_25171_7914,6
7037.570743616677,1970.6397354756498,0.2799772577781981,6,12,86,17,68.63348838853,43.55021653228534,0.0,0.08198769703311631,0.15808295060144692,0.30065270532254124,0.18097425319462013,0.2781603195498941,0.0,500m_25171_7915,7
6648.797049655176,744.654101341286,0.11198147789787057,8,10,82,12,39.142669772789326,157.77190244199548,0.0,0.09875940493066457,0.18625296973605354,0.4438678640886928,0.05917477466285176,0.21179460605244702,0.0,500m_25171_7916,3
5037.037599950353,1354.2730671448512,0.2688096387288171,2,7,56,9,175.14200456765636,52.94329879194615,0.0,0.0,0.22002691860402945,0.5495269029438212,0.09108858362407848,0.13915910484458865,0.0,500m_25171_7917,3
7621.355400505881,2562.4957050597927,0.3361816092817877,11,40,70,41,201.9828966946203,92.55666001339736,0.040182569369817726,0.0,0.06648984208052318,0.4144481393812527,0.1614841621996329,0.11725225702645592,0.13140081002902468,500m_25171_7918,12
10124.991469537845,1824.262291961728,0.18015641208563926,2,3,113,25,197.39104496003816,79.68406828067737,0.10928828798318346,0.0,0.0,0.21849317416147168,0.27724840727401495,0.16300959837361909,0.0,500m_25171_7919,2
6566.529310327759,3494.530182698926,0.5320920573896195,0,0,99,46,479.9264853873401,475.0176752772721,0.0,0.0,0.0,0.43531681285219354,0.27754977905648237,0.2869811438298729,0.0,500m_25171_7920,1
6034.699954433631,2383.1118229121876,0.394836032424314,0,1,78,25,352.20141733129566,185.99282706542127,0.0,0.0,0.0,0.40156893313062547,0.1833386112372031,0.4149267747654038,0.0,500m_25171_7921,1
8582.573224821186,2399.780210708257,0.2795782301674545,4,13,130,37,134.1103787533549,71.60758754526753,0.061980980301615494,0.0694787192180976,0.0,0.2909594092537347,0.3820709543251314,0.19539343530309983,0.0,500m_25171_7922,8
8001.793544423413,1904.210110574707,0.2379431757178864,3,14,128,23,164.06983047698176,127.54046111458008,0.06413403097763486,0.0,0.019361858916524064,0.43161052290256774,0.3340167255729336,0.150751905264235,0.0,500m_25171_7923,8
7376.839117937816,3032.7511987456573,0.41106225688387515,0,0,105,35,609.3091906121231,610.3024986624062,0.0,0.0,0.06952717286741585,0.5879969889025609,0.22121006958172523,0.12113022760653608,0.0,500m_25171_7924,4
6981.205388729634,1093.4820985625097,0.15660984426604807,1,3,95,10,128.57258548939842,245.04310765068013,0.0,0.0,0.14581301880090486,0.6563845762724784,0.17168607606087538,0.025973107642025883,0.0,500m_25171_7925,1
8786.870273139348,5547.948134481825,0.6313188476893499,11,43,136,63,33.8554348768797,20.73820188986132,0.11367200197341285,0.0,0.08982626740432587,0.39817207001410243,0.3669836670612937,0.031232200333161188,0.0,500m_25171_7926,27
7120.041389723427,5164.840041739813,0.7252927990551127,7,42,95,60,113.53290744482896,30.26297976042062,0.0,0.19527196799361315,0.12831428212654683,0.23388551476762,0.33293448840904977,0.10945331780446375,0.0,500m_25171_7937,11
6700.978870302169,7092.62287459936,1.058287859728746,7,19,104,68,58.84583104737489,130.69464535491878,0.0,0.29504943735561795,0.11089935072230395,0.06732032708113894,0.34405158626563825,0.1825300889135949,0.0,500m_25171_7938,14
8099.376822711302,1341.8297232987084,0.16565028426042783,10,31,88,28,51.91860105159045,145.84112386500246,0.0,0.0,0.11391846774816353,0.2647425825904412,0.20109218729358172,0.18375924626059553,0.23636406506020022,500m_25172_7906,18
7482.991723928413,1622.1272883542706,0.2167462696635375,3,17,73,27,119.3170277967042,170.5905179419656,0.012331503621859755,0.0,0.1055334088152148,0.32058953642578036,0.13804387640732782,0.18445579857622466,0.1765615795053877,500m_25172_7907,12
7617.708651165208,769.8451433122208,0.10104667057907253,7,20,82,12,186.73146587741047,38.7697244730968,0.16401030891056625,0.0,0.057840769036564585,0.4399576530788993,0.13759201483081043,0.2004679983036483,0.0,500m_25172_7908,15
9416.531247999446,1808.2944023921295,0.19201363444121974,14,23,87,7,158.05210786185592,99.81566555306917,0.10448780474841284,0.0,0.13751247452612128,0.31151710331880544,0.06913895766670482,0.14216948501191562,0.0,500m_25172_7909,9
6520.354320991328,211.28582486270017,0.032399071490809915,5,14,53,2,53.88184963343413,172.9240244507085,0.020473387799012463,0.0,0.15372674612039014,0.6634284097461991,0.16221811395323282,0.0,0.0,500m_25172_7910,4
6230.1566843020155,292.1559931078453,0.046886317887634886,5,22,75,6,134.36690715449288,74.65133815889997,0.07265115229868958,0.0,0.11083818775544534,0.4818969685015195,0.29037766676394866,0.04407554083274759,0.0,500m_25172_7911,6
7123.028816741245,1206.4138809868957,0.1693443291739445,6,18,92,19,152.6499371910416,83.08810011455788,0.00986411461631443,0.0,0.1592996076756556,0.4938081094862034,0.29199449620964274,0.04489330200165652,0.0,500m_25172_7912,4
8292.408734157443,532.0408115764812,0.06415224772236348,5,27,99,9,79.56705797262221,53.91072279628769,0.0,0.0,0.12758015255989483,0.5753890530478157,0.13172991911777387,0.16518029759264138,0.0,500m_25172_7913,10
7833.511491457395,738.4846938957778,0.09426046470172489,2,25,101,8,226.58037748882836,51.296866035067254,0.0,0.0,0.06640995034757811,0.5573662632561198,0.2329733423582119,0.14312280366113878,0.0,500m_25172_7914,5
7180.409537657069,724.0425109617723,0.10082178257139068,3,10,91,10,159.3639934144092,150.95179705063174,0.0,0.0641632366932248,0.14062165538133767,0.42654277651726946,0.24220371470791768,0.1263293682707111,0.0,500m_25172_7915,6
7414.645149435394,271.7513378889405,0.03664567713432605,3,0,87,6,239.663078163947,289.15578790507317,0.0,0.09853521888419266,0.048419632181631415,0.45174576947852685,0.2997660701621815,0.10139845925953932,0.0,500m_25172_7916,3
7982.378299190934,1210.2919148622743,0.15160147364993715,2,0,113,16,171.4976069965384,394.0364841595213,0.0,0.05301006515760321,0.027625646810051797,0.48374177897357995,0.2182278604208506,0.21726938838310395,0.0,500m_25172_7917,2
10353.639014956969,1609.7810515008398,0.1554647196464849,1,28,108,37,275.68118811648594,98.45818399927967,0.053796736334781825,0.0,0.0,0.408488283458517,0.27183786872878035,0.06386697374285429,0.1003347737380449,500m_25172_7918,4
8292.909687644584,2899.4987165088987,0.34959371704134595,1,0,130,55,239.3301889357569,347.57230361398035,0.0,0.0,0.0,0.60267314048015,0.34700887054317336,0.05019741857771417,0.0,500m_25172_7919,4
6785.464336861934,2159.199108392102,0.318162595604314,1,0,97,24,214.69861121028873,741.0839650579941,0.0,0.0,0.0,0.5351190861503498,0.12847665872445566,0.33625690299154104,0.0,500m_25172_7920,5
8537.63609620394,1906.2686981864506,0.22325213028271917,3,16,142,39,176.63489942495357,89.10239877157218,0.05603217275255987,0.007024952057114195,0.08039078293213063,0.3174606326911773,0.2480801571214532,0.29089418772270603,0.0,500m_25172_7921,22
7330.127740288214,781.2938404399505,0.1065721220687985,1,3,95,20,195.84975395325836,254.2079270733215,0.00956622054477319,0.01766368861004797,0.02531286037496387,0.5101858796841827,0.25558834900576904,0.18154659711846705,0.0,500m_25172_7922,5
6180.943723961794,5289.644943776556,0.8556604815526541,3,8,88,30,121.23684539265854,110.72959780980457,0.08166371944944789,0.0,0.0,0.5278325157829091,0.33555133055069225,0.054790672796167034,0.0,500m_25172_7923,1
7005.365471051085,1447.8520785496885,0.20664809515460286,0,0,105,18,594.1665176336247,388.20422503582455,0.0,0.0,0.08005639265358984,0.4507662511124362,0.325145347636938,0.14388928124372646,0.0,500m_25172_7924,2
9317.874923583804,1197.4887439545273,0.12850142895726338,1,3,137,20,258.6362361521254,240.35649267799425,0.05657785271293791,0.0,0.008851622491724076,0.37536775708285164,0.5532342275419236,0.005861231079260953,0.0,500m_25172_7925,7
9041.903224823574,1122.5725775899969,0.12413851499686905,5,6,137,21,184.6385683362459,197.0887510875747,0.0803989025116306,0.0,0.02301575159309673,0.3540809230355612,0.40199642443592765,0.12944557376900176,0.0,500m_25172_7926,13
5687.253303798804,5948.243997327882,1.0457065956179286,3,9,93,22,133.0465915406315,131.54511126689235,0.0,0.0831070731559153,0.06490670062858354,0.2123261382388913,0.6041516661800338,0.03533262090540664,0.0,500m_25172_7937,7
5958.310444552601,11631.183726522999,1.9517667076993865,4,18,74,65,134.0395266397582,125.61906753750398,0.0,0.17737565661077714,0.24665595602100016,0.009424698361528882,0.5265290290970478,0.03984685526021409,0.0,500m_25172_7938,14
3172.0421800625354,4974.735987801237,1.56781275050784,4,11,35,30,97.31283135453069,108.51772350958447,0.0,0.0,0.46456018517346725,0.0053172386267516525,0.5298074212338992,0.0,0.0,500m_25172_7939,0
7200.969331947829,360.66280877094016,0.05007835942469864,0,8,88,11,291.702419613261,117.04847955031612,0.0,0.0,0.07313481000679511,0.6138677615478887,0.2433699271107734,0.02954191477103624,0.03994673565288616,500m_25173_7906,2
8613.295869144264,1380.1829494508584,0.16022005401446288,15,46,114,23,85.46744424301214,24.269445313574675,0.007863051561855575,0.006714067859268898,0.06269530638992193,0.48786969264374913,0.17804255699339008,0.03112646489090274,0.1664384189007435,500m_25173_7907,10
9736.790556240427,968.758466628856,0.09948442216268769,5,26,94,16,113.57283550996021,18.21456324147595,0.0,0.054628306316702575,0.06509886928634549,0.39854893561770344,0.08339847342722695,0.15685668783289208,0.10010894525856237,500m_25173_7908,16
7325.290104209233,1526.9168435329022,0.20841610444222383,8,43,91,21,129.83996339631304,54.17197221176639,0.0,0.04471283737226972,0.14815309775067673,0.40286731867903036,0.2215611580023313,0.15279553572257995,0.0,500m_25173_7909,20
5507.648342555776,325.23822438314943,0.05904138441196137,5,15,57,3,100.7224877596294,96.04684727561268,0.0,0.0,0.23498891929481008,0.5533003002520078,0.21152924771814216,0.0,0.0,500m_25173_7910,4
3016.1029866110334,4157.799787157329,1.3780768524005822,1,7,30,9,253.4129562874869,179.24507340232108,0.0,0.0,0.3042190488367097,0.4824609934678853,0.10430894138697809,0.10867957253456936,0.0,500m_25173_7911,4
4944.6761600280715,1582.5272607727813,0.31998198215303264,4,14,58,27,350.5975827345473,154.60348025383436,0.09833866880707576,0.0,0.012665361601164904,0.2265303152657867,0.45980928050523734,0.20245417699918047,0.0,500m_25173_7912,8
7649.671541882465,1131.8395171819034,0.1479398914181345,3,21,102,19,179.82660146398965,171.1616380096939,0.0,0.0,0.08885189087637804,0.446574922074791,0.24581753567379658,0.21862494389471376,0.0,500m_25173_7913,9
8674.544344776514,742.6251327616941,0.085599831347623,0,8,117,15,280.68362257141024,134.57278630597793,0.0,0.017677361156595715,0.05153284689202886,0.3140536712708777,0.42404306349159565,0.19257779064650907,0.0,500m_25173_7914,17
7978.302750098064,859.3037082248641,0.10769157846709142,5,13,108,11,168.14158338838016,39.19987298115881,0.0,0.059329772637472224,0.08030720775453067,0.43830178540565917,0.29150413486506177,0.13043177510390358,0.0,500m_25173_7915,12
6855.4373633109,2066.749346376413,0.3014319590281216,1,11,83,36,159.8756080496708,12.189827854151892,0.0,0.0,0.1491734382546371,0.3607740573046079,0.18138281269367934,0.3085238434082059,0.0,500m_25173_7916,3
5516.04116717109,3305.6941032509294,0.5991787994842809,0,2,69,32,296.0511101300342,129.65275079462577,0.0,0.025949483524800067,0.1912024277991961,0.2395789013345316,0.4019945984909952,0.141093332272956,0.0,500m_25173_7917,4
9453.79581011966,2196.1920997379048,0.23228339816575158,5,33,111,56,44.327246248313074,13.750003802885265,0.0,0.06361566641599835,0.0,0.24826689280571387,0.31637147980283253,0.1486006579839815,0.11316937370323453,500m_25173_7918,18
7115.694761708274,1977.568292601732,0.2778773516102075,0,1,98,25,288.1735675230951,268.7535697182178,0.0,0.024670132611545843,0.014780403241793975,0.3292068712078879,0.43391408324489306,0.19728799502611785,0.0,500m_25173_7919,1
8284.854449469056,1992.0483963297527,0.24041556709427836,1,2,108,36,359.70346483904535,344.11150909360515,0.0027329857093504445,0.0037089297351047645,0.05823873367899692,0.4811339934954445,0.3001194969398727,0.15394517282764775,0.0,500m_25173_7920,1
7737.01443000227,1194.1466961111382,0.15432210768192997,3,8,104,15,108.27465286199092,102.48911808031473,0.07254041607949342,0.0,0.05975438902826512,0.4952076000416365,0.24851520040170558,0.12385316233011107,0.0,500m_25173_7921,12
7126.400857527225,3900.015258201458,0.5471861813528651,3,0,119,32,235.72209380928555,430.2642307948982,0.0,0.0,0.0,0.41457316103165964,0.4688663817259958,0.11642015364219846,0.0,500m_25173_7922,2
6503.6862278108065,4426.122410186556,0.6804513323429278,5,18,103,30,41.293788938904214,56.221429681752056,0.07977312475506071,0.0,0.05010404633009475,0.31466338606435806,0.3751275972814567,0.18017811025190858,0.0,500m_25173_7923,6
6150.125629995467,6293.818938319647,1.0231979180572004,0,18,97,61,423.87686874857883,29.50124051845944,0.0,0.0,0.05642192474764581,0.2841758171982787,0.4327933244594225,0.2264463617240464,0.0,500m_25173_7924,3
9621.883204437441,2385.7531765660106,0.24792498525450854,5,15,152,42,61.514766585247436,68.8358654507206,0.11994573970543161,0.03741582556817425,0.007998746121770577,0.33558850470133084,0.4616586104541301,0.037288654490700526,0.0,500m_25173_7925,14
9257.863247706737,1351.7230493666252,0.1459923333138573,0,3,164,19,275.35126969792753,234.244796231112,0.0,0.015078571253167404,0.003162913588547052,0.4498781194974227,0.42389313287362823,0.10787925816795804,0.0,500m_25173_7926,15
9013.788490248402,2737.9395969727175,0.3037164543499205,5,16,161,54,151.864522935792,91.79541641139576,0.0,0.05769719564282292,0.039234115997019293,0.42303067857680215,0.3628925118212621,0.1170345691254304,0.0,500m_25173_7937,2
8985.052951810307,3280.899840966797,0.36511022787884145,6,21,155,42,44.36069879789358,82.58990690677813,0.0,0.011228940656273933,0.21939546607492502,0.19094035204527107,0.3161770316190844,0.26214692604030887,0.0,500m_25173_7938,3
5624.320422047826,3990.830340914509,0.7094405369821936,3,7,76,30,130.03069546208368,135.76236630351747,0.0,0.0,0.1966599096840458,0.25362593203809647,0.4680159092536601,0.08152048137276233,0.0,500m_25173_7939,3
2576.164315144353,3870.793962173224,1.5019585439030927,2,1,35,16,177.50308051927942,300.5840285648966,0.0,0.0,0.35787604511609994,0.17349195074377174,0.23459988657615952,0.2336440941872194,0.0,500m_25173_7940,0
8717.469617742736,1157.7885004568823,0.13279721685336798,5,41,135,25,173.9790760831781,26.900299708695233,0.0,0.010525695079871375,0.0810972758851836,0.06592343562310093,0.36996616329311915,0.41780041043777416,0.05457232065189672,500m_25173_7941,13
8928.830626207264,2929.7459846338675,0.32808528036754137,8,37,147,51,146.53508839582605,41.453053113989505,0.0,0.0,0.1965234568640691,0.21803688037562344,0.19801911581880757,0.2889525563740704,0.09835600636057569,500m_25173_7942,33
6602.271009615457,461.1886114006305,0.06984244789121384,2,8,62,8,136.1239611368525,144.76504196869112,0.0,0.0,0.12297253078723586,0.19418046538603131,0.053075798022905706,0.6296197657071625,0.0,500m_25173_7943,7
7243.016740357908,431.52656950853225,0.05957006795751988,6,25,85,16,50.09591866829888,49.50104016526824,0.0,0.0,0.08638509214986126,0.5218709975652203,0.18775922380094895,0.05638779694742612,0.14745884457670388,500m_25174_7905,10
6742.332596043869,413.58373527992114,0.06133224624313497,7,36,70,10,137.33387160983386,128.6100345169607,0.0,0.057634382250919894,0.1254245559055974,0.5107856210672453,0.18808558302522374,0.0,0.11792156312283623,500m_25174_7906,9
8282.55441971903,341.7570670004552,0.04125729725236081,4,16,100,3,308.2585595122728,269.1229540318381,0.0,0.029848964452954797,0.10361320488015219,0.5630668302197247,0.3033502793231999,0.0,0.0,500m_25174_7907,7
7726.306746830198,584.9747560821792,0.0757022822113462,4,25,70,7,80.63396413315758,76.24355948907511,0.0,0.0,0.07860626764066016,0.426295867075145,0.12003195658944396,0.08136865853007791,0.1581678644022808,500m_25174_7908,14
5903.155998356001,341.2854363437038,0.057804271506161756,4,13,68,9,137.53207904423678,132.6314221679118,0.0,0.08251234731498944,0.025306840435182578,0.4889891146771133,0.1785157935181688,0.2211696479089105,0.0,500m_25174_7909,5
5835.306792509134,673.1213024383841,0.11533343368829264,2,4,51,8,77.53601987539098,80.0411772795109,0.0,0.020212180852517348,0.255275070517362,0.603660675413218,0.110514549261044,0.010166182723200792,0.0,500m_25174_7910,12
6425.668622888068,173.07529108525955,0.02693079435726088,4,0,72,1,214.58791791184748,280.0175981238508,0.0,0.0,0.057641810128902925,0.8362594608396837,0.041445516686866066,0.06449761073215986,0.0,500m_25174_7911,4
6868.836657982169,1246.8241416687686,0.1814925454188295,3,17,77,12,190.746418698474,112.57870922049926,0.0789886187336181,0.0,0.04524399555165602,0.5180087809018332,0.17949220668905058,0.17812083425532682,0.0,500m_25174_7912,5
8218.302870640755,779.049993833701,0.09478297686491852,5,7,100,14,127.8285045388507,121.21752400822766,0.0,0.0,0.11363534609239474,0.461374670993391,0.22452137060616287,0.20034694748857299,0.0,500m_25174_7913,1
7777.616654196979,1126.6586950362864,0.14484049608337415,2,20,110,26,199.3698789579283,151.17839757017464,0.0,0.07011005408277367,0.15078978123603098,0.36136386966795264,0.3080359553449298,0.1095717821053865,0.0,500m_25174_7914,26
7870.8878649764365,2223.5222487943624,0.2824636589003314,7,35,88,31,140.0386620763519,107.18031156207208,0.0,0.0,0.1428382226327449,0.5580618384916081,0.11988179271000268,0.17909111183574097,0.0,500m_25174_7915,7
7886.623026371569,2533.866505689415,0.32124589337214227,4,30,87,38,48.2892842190583,14.87552021094058,0.0,0.053569122053149364,0.12277428289062366,0.4395226891716598,0.19343555813566754,0.19057156684207205,0.0,500m_25174_7916,4
8935.254701341044,981.7208767558923,0.10985820229682661,1,0,134,22,247.35974533344677,389.61865382324436,0.0,0.07785890618148789,0.0038195405623774772,0.44665509345194293,0.28935638032134975,0.18020181440746127,0.0,500m_25174_7917,14
7489.778875009855,2976.1302743683063,0.39730585083709213,2,12,70,49,411.66841661091263,169.67641033319822,0.0,0.03157716821131053,0.0,0.322859758504416,0.2541105795411152,0.11943266042966345,0.13027167367626613,500m_25174_7918,6
7817.744842512618,604.931656115537,0.07736940753282559,3,0,114,9,166.90078547592918,525.7518731141506,0.0,0.0502242076268679,0.05698481097502915,0.4357850448396536,0.3785560982461791,0.07832194054605095,0.0,500m_25174_7919,2
8189.162935842333,1747.8923363916379,0.2134136219369209,3,15,110,31,114.63837231162151,68.3790975602436,0.002673585347197821,0.13508003569811364,0.015586284435739948,0.4226261881336137,0.31291297640928295,0.10654293667206206,0.0,500m_25174_7920,6
5476.566186859274,3258.8434896969534,0.5949436991770077,2,8,72,27,305.6925128928089,178.99832759523923,0.09402911772552953,0.0,0.0,0.32255730780432823,0.4422619366045307,0.14096907503279707,0.0,500m_25174_7921,2
6245.570675539727,3181.9078655108992,0.5093847537770747,0,0,94,32,527.6859933613126,560.2973822171322,0.0,0.05801870242346947,0.0,0.37140432300001935,0.36468931539410915,0.205727571343499,0.0,500m_25174_7922,4
9383.047447635281,1355.6927742552728,0.1444678089939644,2,10,151,28,160.28459028002095,122.31688091738219,0.04424980542528253,0.054423643336129104,0.0,0.3897659233275971,0.443817857396387,0.06763620668853974,0.0,500m_25174_7923,8
9956.0546321309,1220.0084097399579,0.12252703784541404,6,15,161,34,254.84321780823834,31.266853636902898,0.07083158852200927,0.05892703664280606,0.0,0.3448423451334999,0.43867652493574355,0.08662207346000328,0.0,500m_25174_7924,12
8379.024174661758,1789.9056602915593,0.21359194472297632,6,5,122,45,317.6816665755559,310.48811280291477,0.06116847369448095,0.0010248300296785365,0.0,0.4964520602858618,0.3674303723631936,0.07380493222878975,0.0,500m_25174_7925,12
8995.521700660955,2250.137072143989,0.25011189290841995,5,14,140,40,223.82508031568204,216.16653243456142,0.0,0.04476630455679632,0.0026803382694133467,0.45782511552362565,0.30239876399669435,0.19221832358379012,0.0,500m_25174_7926,26
10568.83082795965,916.6081867404226,0.08671928639726019,4,15,226,27,108.53574599369301,107.09506055576324,0.0026336785296357437,0.030259136638141487,0.05160222369668507,0.2905812996794795,0.6168439081648794,0.00704691444181426,0.0,500m_25174_7937,4
9520.789203880628,382.58819699066817,0.040180284272071834,2,4,171,14,82.06417395110248,52.863626874086265,0.0,0.0,0.09274631372760248,0.18165384657023403,0.5111322412199641,0.2143625762034467,0.0,500m_25174_7938,2
10379.839394108416,1807.0492440318899,0.1740754456771068,1,20,185,50,293.7287604784502,155.5236513056056,0.0,0.0,0.015455343698868154,0.5043460566143373,0.37330568092548894,0.10679658743760007,0.0,500m_25174_7939,0
7520.62287627234,2641.5671454055505,0.35119643577699433,2,8,114,43,234.9351131283766,225.4163215952866,0.0,0.0,0.12266981769680409,0.23278071839233141,0.4855218949118646,0.15889461896727736,0.0,500m_25174_7940,6
9516.117984969844,2336.678666624074,0.24552376783752547,4,18,142,56,151.5821005652845,91.69828986474545,0.0,0.008326359372911986,0.0466560483089209,0.16970604930842753,0.3095742540321256,0.34344092136040055,0.12219129379112649,500m_25174_7941,4
7185.051076016044,35.03574021234687,0.004875520622067542,7,0,101,4,89.13116654060823,384.46124963308466,0.0,0.07335429508918609,0.19223297027855157,0.337584134880866,0.05558747212115714,0.3411019691425776,0.0,500m_25174_7942,4
7760.20075107904,110.57392608236141,0.01424701275340524,6,4,96,6,102.92491460258006,217.5475974467329,0.0,0.0,0.22166114230418937,0.23567196119630215,0.02653578170439557,0.5160022687528474,0.0,500m_25174_7943,9
7838.338673779481,395.7796052481928,0.050486351172959416,2,3,97,13,121.76373348933497,252.27186678260546,0.0,0.0,0.12205753912795436,0.22012855958410274,0.04692811387190478,0.6107582256354317,0.0,500m_25174_7944,3
8346.166940474703,2007.1191488760896,0.24045513444133237,9,41,106,40,52.81648814420117,14.460662761414326,0.13899347711756352,0.07187813858007276,0.15074212807671522,0.35028452618298916,0.1366495596225243,0.14448167551363342,0.0,500m_25175_7912,17
7669.605738427009,2851.266181891837,0.3717133012857129,6,27,90,35,159.30815106097822,70.86929043321202,0.0,0.13478301183167155,0.1267631653716948,0.3542327500639248,0.20994238270564167,0.13908806320840203,0.0,500m_25175_7913,8
7374.116521061397,1020.212925935358,0.13833177049093362,0,3,102,21,312.45471316919645,98.90616376871914,0.0,0.1416768507492923,0.0058064760109030125,0.18371866637011922,0.3331942018753934,0.33546821391621945,0.0,500m_25175_7914,13
9050.019633675392,1989.4286416020088,0.2198016049153295,5,32,103,27,183.1063714023834,170.59341431526917,0.0,0.07233261735166678,0.10151947615732479,0.6142795547043344,0.15741105921173945,0.0543468077853229,0.0,500m_25175_7915,7
9251.976052023898,1067.8757913367872,0.11540890037246031,0,17,119,21,316.7193957483993,19.764921466243862,0.0,0.011460566581720202,0.06448845971544596,0.7189364191287266,0.1840313764857904,0.020975104751222225,0.0,500m_25175_7916,10
8809.801728299572,375.7057937146468,0.042641499071294574,0,0,119,9,388.44618350569385,379.9581152703988,0.0,0.0,0.0,0.4998942201544933,0.3945762633204992,0.10541601947549581,0.0,500m_25175_7917,9
8132.461520829601,7103.650549639581,0.8733858925191078,7,9,74,34,92.48780703444292,89.78212776771394,0.0,0.04136214459965484,0.0,0.1612499474697853,0.15049311444294872,0.17909406997970814,0.1322300968469133,500m_25175_7918,5
7595.660861445254,1583.3758322620372,0.20843050139279248,4,6,106,23,200.9348759060585,203.8254253850981,0.0,0.11076978975140826,0.00589602191787639,0.47560061551089095,0.23320599199846792,0.17439594403800676,0.0,500m_25175_7919,5
8391.315361378642,963.5805159348042,0.11481700513414843,3,8,123,24,209.8413070158598,202.01883296821205,0.0,0.10574439918593267,0.07645632062765967,0.36289181859278624,0.279282235414982,0.17550606955058914,0.0,500m_25175_7920,9
7286.418249868038,1521.4396445720365,0.2087762212083253,5,9,127,36,50.85947575758796,114.94686773454242,0.07082129917623235,0.1520751456281284,0.0,0.39695694000489007,0.1671797537779191,0.21282963860418727,0.0,500m_25175_7921,8
5225.38823391931,2760.5866911005514,0.5282016121925879,1,2,70,35,259.3755659144123,270.09545733325933,0.0,0.09795048938632411,0.0,0.13857595952211255,0.39192095224742846,0.37136126212071374,0.0,500m_25175_7922,0
8293.227732504722,524.9323142191907,0.0632888716283981,0,0,121,14,419.1496926820362,411.9881337160001,0.0,0.0,0.0,0.5458843905870179,0.1333359251298082,0.32065911850752216,0.0,500m_25175_7923,1
10555.037698790671,2384.964092985881,0.22593364679429945,8,18,158,66,51.96671587238671,60.60664249529241,0.14696630820745304,0.0,0.0,0.3941099998382306,0.32773888082033087,0.13109007861895092,0.0,500m_25175_7924,9
9368.530750968743,601.437523595018,0.06419078389094711,2,6,155,18,164.63437785402422,158.06081241516117,0.0,0.0,0.0,0.5804809151429428,0.2667250409847701,0.15268731494139604,0.0,500m_25175_7925,10
10073.277289556718,1269.8503482163906,0.12604877865856973,1,5,164,26,103.96696538962749,97.9739801530989,0.0,0.0,0.0,0.46843903992797503,0.3561940967324864,0.17526760063599658,0.0,500m_25175_7926,8
10581.840793842053,1447.7062918207653,0.136797512125776,2,8,190,33,112.5851557483368,78.25852381463946,0.11178401625152866,0.00386159243739366,0.0,0.32604187184059186,0.4120075843291801,0.03940525430045595,0.0,500m_25175_7937,2
9362.977944315178,732.2471336876251,0.07819829756563754,3,1,186,22,146.3175792417183,195.907515598993,0.0,0.0,0.051968092358126224,0.3927607228247196,0.48067424011750876,0.07449015247886628,0.0,500m_25175_7938,7
10680.35993354692,1675.1300146124433,0.15682741008954923,2,14,202,54,75.12893515107291,88.53410020403263,0.0,0.0,0.0,0.33528486694638954,0.4790083129292754,0.18561319908673155,0.0,500m_25175_7939,0
8905.982876404712,2345.025436669697,0.26327943695522876,5,16,144,58,138.68037774742675,132.29920458878027,0.0,0.04094042667766873,0.07896305727584137,0.3130396142543507,0.27498312328291546,0.19732876238021135,0.09463274466583814,500m_25175_7940,13
8242.898141838416,2051.8938214593736,0.2488984926979938,4,5,140,45,183.47725185183586,135.86945760885416,0.0,0.0,0.08960414683173554,0.15360157076682784,0.23997413353993402,0.4837360155433278,0.03296283147979773,500m_25175_7941,9
7753.562289840849,1451.1420720187448,0.18713397581703187,2,0,110,21,201.65571023025274,259.66361101755155,0.0,0.04767753352369029,0.06617584642066619,0.11263734803299993,0.15301964489478911,0.62036067078414,0.0,500m_25175_7942,4
7154.5521820221575,1476.492977515918,0.2063422835802256,5,5,76,29,158.8754452231641,283.4687125412214,0.0,0.03082744950960588,0.11386543497215888,0.3930145144351302,0.10648937186289233,0.3021816093144407,0.05348186828709024,500m_25175_7943,8
9282.332796173338,1477.0482659604731,0.15910754234398705,2,11,75,21,19.12565882285154,97.18798376640238,0.0,0.07526798892693398,0.11582172475373341,0.46879460832826425,0.006825694708974038,0.1132481796170536,0.10925924467057684,500m_25175_7944,1
11056.189916390842,2794.120214106649,0.2526971350980171,7,26,77,17,170.01191247435548,94.8132443993735,0.0,0.09813206803522058,0.15343635451777785,0.33756055595095374,0.04732641597912814,0.07173443490646207,0.09194771256000848,500m_25175_7945,4
7087.5491747815795,3368.990405706232,0.475272206291782,5,28,89,47,147.51054746979204,72.71824534982427,0.0,0.0,0.24420985499422282,0.2908444652625544,0.4082247604718689,0.056579846680144236,0.0,500m_25176_7913,5
7850.429332799408,1696.8775874286837,0.21612339811045156,4,15,116,27,181.2573758125434,93.67267976745683,0.0,0.07759404438867676,0.09283588569588862,0.32780059298023373,0.3379958499158748,0.13463028319762932,0.0,500m_25176_7914,8
8925.75463646335,2303.2003743539917,0.2580109421789245,5,30,115,37,154.2546437513954,170.27457380478927,0.0,0.0450664172077475,0.14815428077804196,0.4212850608133465,0.15414564911939335,0.23123656928699154,0.0,500m_25176_7915,13
8090.806990954474,946.8811064731783,0.11701726295889917,2,15,111,22,249.55987504020277,160.95308991171683,0.0,0.0,0.057794017484485254,0.46711498197730544,0.1645992721622524,0.3103681465850024,0.0,500m_25176_7916,8
7456.605029395538,178.50499368021312,0.023935967777403398,0,0,96,5,495.4456617798088,454.0455024806171,0.0,0.0,0.0,0.45161578581763595,0.2869283573888172,0.261321765487282,0.0,500m_25176_7917,4
10248.825036351302,4190.338987029682,0.4088205381231898,2,21,112,49,291.81361804879987,33.006065362137115,0.0,0.008033018964538162,0.013163000192143049,0.0993917140672877,0.25183033334777166,0.1923673931646843,0.10956800916762835,500m_25176_7918,21
6775.610292967863,2559.879103372361,0.37775214933471474,7,8,95,33,156.73995346276757,144.5990425960991,0.0,0.10161277074833264,0.0,0.6202294524074045,0.14538985289859974,0.13262035754346932,0.0,500m_25176_7919,2
7709.917597555429,1713.4525763391373,0.22221124200346123,0,2,122,32,489.5586100702306,178.5288232589949,0.0,0.0,0.03186430486145578,0.4547273593148188,0.2622721177783466,0.2510065317937299,0.0,500m_25176_7920,1
6373.469658502304,1841.9308882674618,0.28895437376671546,2,1,90,35,205.8013724004449,192.71682185304732,0.07877670075926953,0.0,0.0,0.4529538865968396,0.2947207404748585,0.1733917963733082,0.0,500m_25176_7921,3
6416.461970728805,3123.5262766732208,0.48672298969907174,0,0,103,30,483.853168763576,475.2727940273023,0.0,0.033523751710234556,0.0,0.2290007953763205,0.4219212681398348,0.31539835993124093,0.0,500m_25176_7922,2
8241.463900814357,916.6052608249853,0.1112052502570772,3,0,120,17,8.591094519130452,391.8946856401042,0.0,0.07189087111997482,0.0,0.41480096154796386,0.3337982169282259,0.17938862745816891,0.0,500m_25176_7923,5
8380.263762877976,2377.9106119953954,0.2837174296467748,10,12,133,60,174.2615091734671,209.81815161796118,0.14807536717353742,0.044290226375449805,0.016003813881698407,0.5079345719328832,0.2565712599842385,0.027005446903301845,0.0,500m_25176_7924,20
8762.66169710305,1704.0991781454702,0.1944505889254926,3,5,126,38,217.31915134474698,102.72587763789672,0.0,0.0,0.07793585578032396,0.2939904715879233,0.48725455885781943,0.14070500621997195,0.0,500m_25176_7925,6
9716.777417290257,3621.3771166263673,0.3726548737557076,14,22,169,65,53.52696019728567,54.823448813983795,0.0,0.0,0.18915729645438356,0.4926630838947582,0.07832721345198901,0.23974950201028103,0.0,500m_25176_7926,35
9310.785920875727,1141.5564057032477,0.12259263855540721,5,23,162,30,107.5359850910064,51.30695686097546,0.07063479991558777,0.041113792058900894,0.043733455218704496,0.3768143720315741,0.34498181488954677,0.12261437510066439,0.0,500m_25176_7937,7
10836.923563395128,1856.1812220021768,0.17126723685996384,6,27,198,45,80.36331609937511,112.1906256598562,0.05561179587765335,0.10852996561011598,0.04833434956679077,0.16877136165214204,0.3494484200387698,0.20828487929186962,0.0,500m_25176_7938,11
11520.299384946475,1502.5272828115872,0.13041300573915843,3,14,223,32,183.7679337298779,40.31290877981305,0.027679328792433323,0.05287850936243998,0.0,0.14751820045175285,0.3684397778113356,0.4033973878165098,0.0,500m_25176_7939,2
10664.223386112499,3134.171289660673,0.29386832100880045,12,22,161,82,160.8385698637553,55.97574706192085,0.0011664503693366813,0.008143832564692274,0.09299056169676832,0.22700872343022763,0.24175151396084082,0.2660963016973919,0.16274885359394262,500m_25176_7940,6
9614.824522327475,762.7200088344202,0.07931925203745363,2,2,119,23,93.09278310376546,98.91172698968704,0.0,0.0,0.05394943073991853,0.3001307089017091,0.14908835530015496,0.38274017571118285,0.11398733410485029,500m_25176_7941,2
9420.22296470379,489.58080598564936,0.05196573818705311,2,0,121,7,48.34714920841419,339.8950548925724,0.0,0.0,0.024844331804017683,0.5911204402730122,0.10606073704037687,0.18130928778544667,0.09655905976482691,500m_25176_7942,3
7588.002080036673,77.81513672160607,0.010253671813624016,5,2,81,3,134.89765305837068,205.755950606508,0.0,0.06599725677326919,0.065969738222746,0.68210048874662,0.04027001715370949,0.0,0.13754295316507423,500m_25176_7943,4
9798.043763286498,526.8544601702401,0.05376590541866696,6,21,67,9,127.4410400985118,147.48848704572774,0.0,0.12213680550894544,0.22964189283936767,0.3485237643688466,0.03522279693166673,0.021635976231967436,0.0,500m_25176_7944,5
6749.4052653553035,2195.2558343281503,0.3252035615690704,6,26,59,19,98.57767295583146,82.54604620479539,0.0,0.15035474516430314,0.28794970232049255,0.29998320366038383,0.061913173749286045,0.19965103585156552,0.0,500m_25176_7945,3
7547.8896494589635,586.5503495497953,0.07770021510273818,1,6,109,7,233.78286694069672,144.60540970491368,0.0,0.0,0.008147288402535176,0.48463290076390286,0.2785828915524684,0.22850444946812265,0.0,500m_25177_7902,1
7015.117494230035,2232.0420644502947,0.31813065648998856,3,17,99,32,203.72665919582082,79.43545484255407,0.0,0.0,0.16029295511165975,0.3761893022961579,0.35601196456902945,0.10736324905313153,0.0,500m_25177_7913,4
8549.953009755563,1231.8471697605416,0.1440596350319267,2,15,127,21,241.78760386301275,121.29638748360856,0.0,0.06396883801282863,0.050458258491985306,0.5000411675847336,0.2441984455833674,0.14121634429792831,0.0,500m_25177_7914,7
8778.481635619308,1471.3218165111098,0.16758641085844952,4,31,109,23,70.55999513955479,62.07201028511177,0.0,0.0,0.11635043433931262,0.49678269544737863,0.1981509104681813,0.18860205780404443,0.0,500m_25177_7915,11
6128.385810071236,2689.5790050018604,0.438800736051334,0,8,76,16,359.6003003712283,281.23149086914276,0.0,0.0,0.019973826371670732,0.5500975219709406,0.29615485067013747,0.13361065250370172,0.0,500m_25177_7916,4
8086.145927688683,558.2643418429866,0.06903107064404602,0,1,118,13,615.519910692273,256.96241138439404,0.0,0.0,0.0,0.53909064124313,0.26924152725770695,0.19154417848128266,0.0,500m_25177_7917,11
8360.59298323936,1492.6519880606083,0.17851287321119294,4,6,112,35,209.89958422474024,150.643521323277,0.0,0.07048641687551929,0.0,0.14689793234764748,0.45841828075629576,0.15214888921256375,0.061191638016736924,500m_25177_7918,4
9599.510875550723,1294.6428458700568,0.13485145349577984,0,5,148,27,363.2112897058256,246.17939400219294,0.0,0.05662873449885058,0.000489626882317892,0.38710330934354265,0.30499274348424926,0.11157039486259773,0.05481303634866041,500m_25177_7919,5
9353.71972953293,1875.76665575276,0.20051553760942176,5,7,147,49,165.48995891563322,172.01074275706745,0.09289919989617519,0.0,0.032379909051102995,0.38600316546074787,0.3972433020172079,0.09136752566345344,0.0,500m_25177_7920,10
9006.696606907679,3665.6654454180057,0.40694814727740036,5,14,155,64,123.29385982352929,120.03034949219807,0.17090325844318235,0.0,0.0,0.4884686793579998,0.2369399349177587,0.02663066728715209,0.0,500m_25177_7921,19
7288.920405455861,3383.8812944163687,0.46418631565357454,6,20,107,51,32.51957394411234,35.63190918668482,0.13955356299488467,0.0,0.0946736331978551,0.3371443705033241,0.35559237230415786,0.056912959742909136,0.0,500m_25177_7922,12
8531.402311874133,1835.942336203206,0.21517296877202022,6,10,119,35,110.09940575480994,134.95896750165798,0.11886873353963001,0.0,0.028404559411049378,0.48336762228048596,0.24574397204335213,0.12349791243845402,0.0,500m_25177_7923,11
8344.314644535229,5186.719697497401,0.6215127791369528,7,12,105,76,242.52829528410862,220.11886162251267,0.24001018318205905,0.021350320296523586,0.004234402195762877,0.3973579239937138,0.16351446042656753,0.09916220107911039,0.0,500m_25177_7924,32
9559.116684294468,1955.2261182900518,0.20451906423926108,6,23,125,51,80.94051973757222,114.83148434908631,0.10933110403888587,0.03747005704653419,0.09557305478550232,0.3295384862658771,0.3076882304467832,0.06018098052457644,0.0,500m_25177_7925,10
9486.854028864058,2439.0628105250694,0.2570721264371189,2,5,149,35,117.07930106512742,106.56289939511694,0.10196455244626286,0.0,0.027960384274550082,0.5039358274221886,0.20437198569993886,0.16166185224548157,0.0,500m_25177_7926,13
8005.422409193728,1210.2405182018292,0.15115871438560588,3,22,132,23,196.35081691154133,157.61894179730862,0.0,0.08209127360900173,0.06895958268568592,0.39107915278658656,0.27485755012294133,0.17964423189183398,0.0,500m_25177_7937,4
9260.76045749097,2933.4670201110894,0.31672888038671776,8,35,111,55,56.17434006066583,48.22742372340636,0.11480037357039503,0.07674172371956041,0.025950182855442736,0.4285899625831623,0.17336422538158094,0.10547554257070767,0.0,500m_25177_7938,11
10171.162570806957,2566.3453643023436,0.25229102921216445,5,21,207,63,182.91405116876388,124.05627989224223,0.0720899123332208,0.0,0.0824286547344154,0.0426117782278503,0.5902080957425304,0.2114097187077576,0.0011535327416364294,500m_25177_7939,5
8422.789770362795,3018.009778849295,0.35827221014791727,10,32,102,57,182.94309430231948,174.22161255038557,0.034057540404104907,0.0,0.17985853977065366,0.21846658403979052,0.22559424428637542,0.23508612707640433,0.10681825300806383,500m_25177_7940,6
6631.914175719443,46.690959520531884,0.0070392829280755045,0,5,80,0,279.26431094110615,66.23489703349343,0.0,0.0,0.19178501069545575,0.2861206742643523,0.16891071298633104,0.35303283875834623,0.0,500m_25177_7941,5
7821.166895622058,272.36368584052235,0.03481946747939627,4,4,85,9,111.6541023048332,213.068954425956,0.0,0.0,0.22825514712821823,0.6073956427713882,0.06953254107478767,0.0946888272122893,0.0,500m_25177_7942,5
7363.100294186372,2148.510806013094,0.29175469102576557,9,10,74,22,35.80887044279147,23.381351468709987,0.0,0.18279995755491696,0.12307972664577947,0.5623866175508937,0.018598253406042844,0.0,0.0,500m_25177_7943,2
4053.281216712725,2369.48379043796,0.5844399201195952,5,15,41,31,92.2496127544359,81.7729827542185,0.0,0.15849190648428865,0.3424754868001408,0.11410079424409422,0.35817165073758567,0.0,0.0,500m_25177_7944,2
7520.924477595804,3536.7307759984687,0.4701896152417761,3,4,56,32,106.41494427719006,239.68680489262536,0.0,0.12616341925909813,0.12658477453634645,0.5704885519795344,0.1766303095241028,0.0,0.0,500m_25177_7945,6
2752.8361953515705,1346.7012695005074,0.4890273690837954,0,0,13,0,396.23152149746267,335.4260060876609,0.0,0.0,0.2770250020434408,0.45517323778418994,0.2674386303675948,0.0,0.0,500m_25177_7946,1
7098.290275380005,154.19633973491352,0.021719965482980594,3,11,61,3,129.2048467638083,195.11031211763805,0.0,0.0,0.09421717881578047,0.7496981845634434,0.06060357371752875,0.0953402037523737,0.0,500m_25178_7902,0
9506.337272611312,1866.1379619758675,0.196283976098316,2,30,139,41,58.761779420842394,51.4156090393709,0.10392535196944999,0.0,0.0,0.4386678100492587,0.3641400864965194,0.07256013147892755,0.0,500m_25178_7913,4
10014.238902165745,2058.1724680661227,0.20550408114788488,6,38,148,44,103.56584090096501,73.4265984580299,0.10637327075528924,0.0568531835986075,0.0,0.4745490670686959,0.18491255642501195,0.11531365429555251,0.0,500m_25178_7914,8
8735.109473366247,2481.522047279831,0.2840534513498532,6,31,124,43,141.27807430708762,83.96497328100554,0.09708712369452488,0.0,0.0657041420682179,0.44572648573734136,0.196051741339754,0.19531603973011827,0.0,500m_25178_7915,12
9096.385408645563,2283.8480230320733,0.2510444397421761,3,20,121,40,113.76548943568763,107.571918592165,0.13319940597882587,0.0,0.036994616369375254,0.2661902096679977,0.4361142775905403,0.12047636128128505,0.0,500m_25178_7916,13
8992.218565537616,1104.0588684204151,0.12276571067128449,6,6,139,20,150.7822103527883,136.11869702864595,0.10797165655071139,0.0,0.0,0.4334268124906254,0.3643454143048626,0.0941449217581449,0.0,500m_25178_7917,9
10216.594902715118,2781.551222907742,0.27223150353794134,9,31,155,55,13.503946208052254,2.5178637535749493,0.10146100132679216,0.0847415799842655,0.0,0.1477393216492229,0.4916435430800009,0.1708351219635224,0.0,500m_25178_7918,17
10700.732735876158,4865.516270556128,0.45464752210126885,12,32,143,77,99.3682798074876,93.4483096471658,0.10019833410363428,0.0534917242436184,0.012575363702767003,0.1655497884159352,0.3247262232664998,0.05522172146370246,0.09585739235765973,500m_25178_7919,24
9806.361384185859,945.2259304244782,0.09637922917255123,2,4,170,43,371.14636052151576,412.86333832399885,0.01871143380468409,0.0,0.0022841502793788807,0.2511678388612278,0.5695520076185077,0.15818260521148989,0.0,500m_25178_7920,2
8115.860181410216,772.1381374724217,0.09512768733417694,3,7,122,16,160.45092113114353,193.13196025271077,0.04375061958491556,0.0,0.04798394428967617,0.5128048170244106,0.24890590634430704,0.1464315124085695,0.0,500m_25178_7921,7
6610.048340049745,2087.8456445962297,0.3158115834591704,4,18,87,27,195.1824777898754,138.92020045986817,0.03327884761782083,0.0,0.12511310181973972,0.5997069070682097,0.13821038100196636,0.10353950055186173,0.0,500m_25178_7922,2
7318.370018506419,578.2216627923157,0.07899882931595618,1,3,98,23,253.820650527132,143.21296706703856,0.0,0.0,0.1256858603009866,0.6556355755386027,0.15660503844785104,0.06193690193244221,0.0,500m_25178_7923,8
8894.349012393814,2111.442456000632,0.2373647681567949,6,7,138,68,171.271565312777,170.36672863226457,0.1132463775425241,0.0,0.0,0.3490386569055291,0.4570465980961115,0.0805559491573956,0.0,500m_25178_7924,9
8356.994170593289,1401.261793171355,0.16765527285261161,3,2,115,50,45.60466465327383,87.48087371137704,0.0,0.06096019343961767,0.0,0.3699717845986933,0.4938298328799052,0.07511854315004636,0.0,500m_25178_7925,5
7393.629656234629,8512.543977133564,1.1511792169275696,0,12,113,39,316.7489446037871,182.78294790167766,0.0,0.0,0.05425428220384163,0.3163797973062765,0.4198602980914184,0.20937038912154574,0.0,500m_25178_7926,8
7201.133870335773,163.0495521447028,0.022639061572608785,3,23,81,4,166.9659943296653,82.81214043824251,0.0,0.062008588734595214,0.11700900842791663,0.6211805344075731,0.11525286943943792,0.08441015125201519,0.0,500m_25178_7937,0
7788.9259142995215,559.759862917873,0.07185689171836074,6,11,81,7,104.71113048544298,328.91810713603866,0.03825228490820333,0.0,0.16883061172965813,0.5294171647672187,0.08860501308588352,0.17476655458343343,0.0,500m_25178_7938,2
9628.121788277374,3360.7316359162096,0.349017460762373,10,39,108,48,112.50009934541211,132.67112325634076,0.10560702492548495,0.0,0.055242336370994634,0.08725402910695457,0.446101197003683,0.13062314451313684,0.1298238366180641,500m_25178_7939,2
8297.813089174886,2535.827241564098,0.30556505060607697,3,16,123,49,134.63509313499281,134.2844086481443,0.0,0.0,0.1603608156229416,0.20780835854650567,0.3580474244844808,0.27366290218682426,0.0,500m_25178_7940,31
6870.491201833814,217.78029234127433,0.03169330876581123,4,2,67,8,171.0645625876632,244.96113517002075,0.0,0.0,0.17956247041032877,0.3757914649001876,0.3368038438825889,0.1076966919878028,0.0,500m_25178_7941,5
7732.559721087041,887.7025350030299,0.11478576063523992,4,3,84,24,148.65839576560668,230.31579754290541,0.0,0.0,0.19032740972650275,0.6107390460145101,0.10834734620685602,0.09045689149266015,0.0,500m_25178_7942,2
9373.331254365774,1065.7986750991377,0.11369330207984472,2,11,67,11,183.29994355736818,78.99479365794568,0.0,0.10616916381858656,0.12026245050987674,0.6387395067704824,0.024067616695248078,0.0,0.0,500m_25178_7943,3
4629.0842762494085,2863.885749948454,0.6185385792304281,8,12,36,16,156.153042546668,109.33333187130317,0.0,0.22687733121441103,0.2414736520464268,0.2173294751458546,0.3009431615329653,0.0,0.0,500m_25178_7944,7
7310.238725303457,2047.3010875560128,0.2800210968998333,14,12,71,20,72.4202786769536,80.02905112158498,0.0,0.13845535383996144,0.2524254136935254,0.6075023638344071,0.001480092904001365,0.0,0.0,500m_25178_7945,22
5086.552884862447,241.60809686065275,0.047490041347685204,3,3,49,1,27.18413868042872,297.01348732039054,0.0,0.0,0.3095579663550522,0.3879610266066971,0.3022844488849242,0.0,0.0,500m_25178_7946,2
6300.120321564714,1251.9529717698956,0.19868736159270908,2,65,60,18,73.07374583241538,15.288954320585775,0.0,0.0,0.09976958995176224,0.5844029649709537,0.09869494259202827,0.21697380054830487,0.0,500m_25179_7902,3
9216.397027153063,1715.511055703125,0.18611664992291077,1,18,143,37,233.76508612772585,70.24261691895752,0.0,0.0,0.028284201292815947,0.38334833897852266,0.4835534221464467,0.10470554708353615,0.0,500m_25179_7913,5
8743.567047888515,1732.5317811173375,0.19812665071116115,4,34,123,39,41.01807013500094,31.334897090974717,0.0,0.05516058837468947,0.05807616055353495,0.46612351089281456,0.27495580833376787,0.14556957512581212,0.0,500m_25179_7914,15
8349.594770736127,2267.8668505157134,0.27158147566485197,6,38,103,44,53.995451841965846,48.860175119313226,0.0,0.0,0.15283047843512523,0.40416666920388966,0.2748658730295718,0.16801722738230668,0.0,500m_25179_7915,22
8596.197001242526,2438.332596210441,0.2836194861950978,6,20,124,34,174.5873482987366,105.62318901054306,0.0,0.0,0.09596571474429406,0.1395594449555528,0.3632678710741491,0.4010906522450334,0.0,500m_25179_7916,43
8658.881234991099,373.17272228950304,0.043092129344876245,1,8,113,17,144.78302689212492,132.25423724160743,0.0,0.0,0.0,0.3276906465045303,0.4177009665752464,0.25449291189546785,0.0,500m_25179_7917,18
9174.145477933806,1693.65682717123,0.18459182268493388,6,15,142,40,68.53669729891645,24.480855800474135,0.0,0.10749248769024229,0.0,0.2844254382223917,0.4243991693007834,0.1835739146891065,0.0,500m_25179_7918,8
9904.78183061227,3182.49891674376,0.321276903849098,8,9,143,59,46.8147265088879,21.633013602461904,0.0,0.005854569091261232,0.016958926061258314,0.26819585918929745,0.30097569998811385,0.16015569058489273,0.11515960601907815,500m_25179_7919,29
9064.696590938465,1560.6252780223824,0.1721462065675451,4,7,140,32,41.012278983700845,160.04139969627676,0.0,0.04507764774783842,0.0704736442605021,0.3352098670695764,0.40171049255170205,0.14741804245070145,0.0,500m_25179_7920,5
9191.77892799228,1125.3763139523558,0.12241959942336393,1,5,154,29,253.964397527678,250.89591099051262,0.0,0.044903128234732664,0.0,0.09940360088936398,0.6380416636500542,0.21754282619153564,0.0,500m_25179_7921,15
7071.373932818177,2807.4243049808433,0.3969564295735915,6,17,102,46,98.02676917499396,99.76229584929068,0.06457913378540392,0.07146789673279431,0.05977100903448069,0.2946526770186886,0.394103228060701,0.11528466012928898,0.0,500m_25179_7922,12
7363.830094154344,2280.092401978653,0.30959198960861584,7,14,92,48,86.40981778888636,84.4915033938771,0.0,0.0686800753015914,0.13098382096949562,0.6455708536132813,0.06454049179726078,0.09008897786081578,0.0,500m_25179_7923,21
9025.567590102333,3627.7487945530697,0.40189681829125284,9,23,137,81,37.054086662713495,156.38321454396927,0.11249263819555398,0.059489728330702235,0.022904781047886406,0.13475894086393478,0.5265959070847599,0.14364722039561528,0.0,500m_25179_7924,26
9271.525971330122,3948.3291950622724,0.42580945119702845,6,26,161,66,47.13160953147579,43.49771138885369,0.0,0.09872455062529216,0.0,0.2181283359042603,0.5575096724608775,0.12552959553109982,0.0,500m_25179_7925,15
6622.46420852964,15799.456021820017,2.3853765226773045,9,45,120,91,129.9671385287602,64.6779985247989,0.0,0.12541414490156308,0.03766761107922987,0.19157470767306548,0.3746007867343902,0.27059177121607897,0.0,500m_25179_7926,39
8694.00604305207,23.147159377089917,0.0026621211374069313,2,7,141,3,183.11340162790177,69.025426936272,0.0,0.0,0.15586743281353665,0.53380529134258,0.20936682095029685,0.10084544634787106,0.0,500m_25179_7937,7
8155.258494876616,1075.3417855227888,0.131842533705653,1,18,114,18,375.3234333448055,116.46657047266567,0.0,0.0,0.0843191622435266,0.48407084598893424,0.157061107153147,0.2744262793781023,0.0,500m_25179_7938,1
10743.35956493979,3477.6106753635336,0.3236684936263134,6,33,182,60,57.211708632502614,32.37549522237223,0.05994979002384639,0.0,0.017685653474028288,0.19120332025288364,0.3193852407308746,0.24714304188386432,0.09254238514038897,500m_25179_7939,3
10699.951298215577,5477.823509177173,0.5119006111251642,7,53,148,89,140.4384571243539,20.726559365608356,0.08905071641852663,0.0,0.10425579333219283,0.11137457946668466,0.2545450359008625,0.39640223599943997,0.0,500m_25179_7940,8
8136.601625872974,3017.351908515877,0.37079130279889877,2,41,104,68,148.51551143715704,51.995732090176425,0.0,0.0,0.10053386076170545,0.09472850662099781,0.24574396951340297,0.5588707767737476,0.0,500m_25179_7941,5
8628.108772175103,1894.2797316079025,0.21952205976543965,3,26,126,36,194.4404571875605,187.58651760210978,0.0,0.0,0.1480756467303377,0.3261212355342204,0.2892723349217882,0.23641489599076118,0.0,500m_25179_7942,8
8942.668204175343,3208.123099773357,0.35870327773067967,8,47,82,49,97.8193782151106,27.10850411661565,0.0,0.1584211515236666,0.12485717071709033,0.582483251485717,0.008712217555696776,0.015800589638771526,0.0,500m_25179_7943,7
6142.458171744515,3199.634268971467,0.5208197369500261,6,18,60,29,20.12072318783297,26.622806355683696,0.0,0.18812931623888177,0.2360824045232358,0.38790438207331074,0.18441557952556875,0.0,0.0,500m_25179_7944,7
7914.677344918086,945.2535833497712,0.11941537560984972,3,4,80,11,119.21833175270096,139.6793749187591,0.0,0.0,0.20426976398384006,0.5128674840203342,0.25222913547925857,0.030507284939820894,0.0,500m_25179_7945,2
5025.493176128531,397.43249178110705,0.0790675482598018,2,0,43,0,57.52705472201498,338.2992633167693,0.0,0.0,0.2272970887941169,0.5018058975745621,0.10351811784928176,0.16717994992357219,0.0,500m_25179_7946,3
8215.207045746496,69.73482706050433,0.008487471977304397,3,44,102,0,223.20855830334517,41.16522130695927,0.05184509392199295,0.0,0.06155676755349495,0.43848197398430916,0.2688412334381687,0.1791532204398722,0.0,500m_25180_7901,6
8612.212144474779,1035.6991387311843,0.12024539989945177,6,44,100,22,149.01896435294634,47.9051837462777,0.14925250057405492,0.0,0.10846992675670149,0.4431500768367995,0.2361396011938428,0.06287179393386612,0.0,500m_25180_7902,9
9726.6884143543,2229.476140602716,0.22918868755221158,1,26,137,51,238.07498863289078,155.7658038023483,0.0,0.0,0.031138478028463337,0.033403436279559016,0.6592529234726123,0.10570647176715899,0.06604857359503369,500m_25180_7913,24
6652.104692119566,1636.3095716240175,0.2459467643072241,3,13,84,29,183.11912059625365,106.10191358253698,0.0,0.09544033636607513,0.0,0.43780616916806026,0.2905670413007701,0.17603614739864773,0.0,500m_25180_7914,7
7858.51997817857,1949.8922798315527,0.24809304960675688,5,32,113,38,118.9931589617743,112.19447159780616,0.0,0.10157974594044245,0.044665427544162875,0.5184017067795106,0.2757550302910155,0.059470855211381596,0.0,500m_25180_7915,18
8039.203914736103,510.87904899870347,0.063540558724184,1,5,120,12,370.99407363873553,56.56023173624418,0.0,0.06923264052173912,0.008692497262107765,0.32576403173679547,0.4762458531483771,0.1199406023759913,0.0,500m_25180_7916,7
8372.41517587971,1988.9234433138001,0.23752834435381306,3,15,124,48,204.96809749127684,177.23569350037778,0.0,0.06924638356076494,0.017222160324936765,0.3584290990991558,0.4179457768738684,0.13703715455696988,0.0,500m_25180_7917,16
8749.855912019839,3701.5833558274885,0.4229967208971109,13,27,106,65,45.98572829267034,52.579005271536715,0.0,0.17059599784287188,0.026595689592222662,0.3286246025587444,0.3514288298716749,0.12264060559836569,0.0,500m_25180_7918,9
8098.167894933259,2078.8983329647376,0.25668048371552726,6,32,105,28,122.74108290133279,86.90584503476674,0.0,0.061102653252701714,0.06002448550760966,0.20166929048038001,0.3357719000994771,0.17652856895831417,0.09094721719679012,500m_25180_7919,8
9023.557336581185,3343.6090061472214,0.37050116492626733,4,2,102,36,44.041247576594614,163.838252926785,0.0,0.11914837041084608,0.004863289336780609,0.18010186944628628,0.4079445816004006,0.07368167117019978,0.04606252597274713,500m_25180_7920,15
8919.982392300784,1143.5264959208794,0.12818392029422623,1,8,126,22,170.97436568948024,132.3244988120381,0.0,0.012404801431342503,0.05706167142868629,0.12173933660043813,0.6181739971596504,0.19050809810202837,0.0,500m_25180_7921,2
8203.465471627114,1144.32967776717,0.13947644508036744,5,17,127,22,55.92199400063086,44.929345401841466,0.06203550450863039,0.0,0.06359858028944382,0.22172078770003906,0.5377128553121084,0.11481038734506159,0.0,500m_25180_7922,7
9067.041661095749,1631.0776805283633,0.1798709954681957,4,12,130,30,66.62331374916317,87.775330976411,0.0,0.0,0.11294649629619609,0.6617056078713799,0.15593653876147015,0.06930107967729249,0.0,500m_25180_7923,13
9489.70269514055,2770.761686157012,0.2919448406676677,7,22,154,62,158.88413919241236,116.9119720359862,0.1093178896034018,0.0,0.07751840358302355,0.17781424038845592,0.5041579451963278,0.13108615495274922,0.0,500m_25180_7924,24
9811.518468308928,2699.595735246446,0.2751175189086487,3,5,154,48,105.96798433657756,61.110210315819934,0.0,0.05060440935356132,0.05449455131569925,0.38376985909682537,0.4710986402411614,0.039930629356534734,0.0,500m_25180_7925,10
7657.6816689411635,2401.9798735160275,0.3136283733082888,4,9,106,33,43.42638806762494,38.450060315742746,0.0,0.0,0.07119368317804056,0.39707663647714164,0.4505706994330139,0.08102841013693303,0.0,500m_25180_7926,10
2598.939363176389,3867.3892283070845,1.4874920865778312,1,12,22,21,235.28431209514684,137.40600610273188,0.0,0.0,0.24337405276309365,0.1435800121111463,0.02415555970173279,0.5885057510692584,0.0,500m_25180_7937,0
6838.358022562492,3065.6626179815903,0.44823835919514904,5,43,77,34,166.22546196830734,63.42930269333446,0.0,0.0,0.12265794153880724,0.10887861365749678,0.13449551775708243,0.6092316777674249,0.02459003672580237,500m_25180_7938,4
10450.890531950137,2601.90391434227,0.24894098406298568,10,62,169,62,59.5050776346935,55.13124610867022,0.0,0.0,0.12557427275949581,0.37544425150396005,0.16321742181855667,0.2485882159083771,0.08708016153874258,500m_25180_7939,14
9857.106932653538,1329.2881104012924,0.1348421273457909,0,16,166,35,322.04007290271517,209.23042142681834,0.02410556041980705,0.0,0.02834881716541133,0.31834461627917876,0.2889073868478598,0.30017106822707573,0.0,500m_25180_7940,5
9894.299719346602,4315.457010294612,0.4361118038554538,6,38,125,63,6.78180789303139,11.087707432732262,0.12871418305039437,0.0,0.05517528582554358,0.16736578455047257,0.21578860007161688,0.314228265855616,0.0,500m_25180_7941,2
7355.807704739029,764.06805028412,0.10385864099613898,5,5,75,10,112.03723016830314,185.43692435864324,0.010763815109555507,0.08293701118241942,0.09259646117286936,0.07392059831668367,0.06580544482014475,0.6096234374203489,0.0,500m_25180_7942,2
8983.739840079394,2050.1901352415994,0.2281858096876718,8,22,94,20,118.05256601895944,46.562046900356336,0.0,0.20366416765075362,0.0998476491913552,0.3576500394638954,0.07015578101399518,0.14278685860018356,0.0,500m_25180_7943,10
6895.036926154517,3419.220840201356,0.49582403296497995,10,29,78,32,149.47358779373457,1.2105791607480816,0.0,0.26644913087998173,0.1407318705410303,0.4108500003899301,0.16418232868743216,0.017641658677189472,0.0,500m_25180_7944,6
5475.6944683900165,1880.133462036123,0.3432971243672145,3,14,59,15,113.57015699823529,177.26593795197178,0.0,0.09485761269642339,0.19641414382205719,0.4196773610944579,0.12604557123702786,0.10055868380733271,0.0,500m_25180_7945,9
8246.139053014189,58.34435020654644,0.007074495753193657,1,25,85,4,160.61728781892106,52.93736377408332,0.07959385739863463,0.0,0.0,0.8089097755204244,0.06501924046879463,0.046355872442236795,0.0,500m_25181_7898,4
7325.362054818313,468.78264776899596,0.06398573320038049,4,47,99,10,134.09882682916265,38.53939954833586,0.05777283259187782,0.0,0.078294672803572,0.5247165971433366,0.15658212506675553,0.18249727900353394,0.0,500m_25181_7899,3
9894.011002357813,1654.6771843391625,0.16722337993812045,8,60,118,34,107.24441993467198,71.22208133023848,0.19995465426862497,0.0,0.06813788419140415,0.2806285376714486,0.20009361392805491,0.1671755995852584,0.0,500m_25181_7900,13
8482.305315363474,968.3775711743443,0.11415097478816291,11,47,90,31,129.53299093845686,10.41660279375725,0.148545605129152,0.0,0.05232191814015353,0.43825450171793734,0.24524413765182984,0.08754083969273323,0.0,500m_25181_7901,10
8682.323815836988,560.3145697025567,0.06452766032756177,2,20,116,11,227.27900578332165,79.13067927152876,0.0,0.0,0.09480746946535959,0.43510127601954357,0.3457127698800337,0.12426332136104429,0.0,500m_25181_7902,2
7550.607495578394,2630.5813278288765,0.34834720016488285,4,31,81,42,76.31484934685612,51.15978454939184,0.0,0.06738644401256237,0.010896687285760279,0.18817874836525225,0.1980559579521021,0.13374927234676756,0.15424833388153134,500m_25181_7913,23
7648.673899216482,3689.709728481639,0.48233555797189703,4,28,111,61,63.206399148082134,51.70403983560614,0.0,0.10482845722114179,0.048918141384398504,0.46071158238103305,0.2672704904287025,0.09928569100640867,0.001947210149888328,500m_25181_7914,11
7505.048245832809,2165.6474820042913,0.28852032535317246,4,30,107,53,15.579235203327698,12.044271500551702,0.0,0.09668263410882826,0.06038065495992198,0.4407417731551035,0.35048218615032195,0.0037014304773196178,0.0,500m_25181_7915,4
5967.550335591302,1984.505032226858,0.33249364094208544,0,1,62,24,488.7538704004502,317.6604673826751,0.0,0.0,0.07708530758240201,0.32393888142051813,0.5016113314469162,0.09719693467849815,0.0,500m_25181_7916,2
6614.15111746868,1141.3107187996272,0.17252980295276388,4,7,90,16,38.97391202228711,79.26856175948747,0.0,0.0,0.07494482498365576,0.2761245289429019,0.4611023192627551,0.18767715868432983,0.0,500m_25181_7917,2
7853.640151946061,1953.4993032685093,0.24870640353708773,5,22,85,28,99.58945801084776,93.33282733753563,0.0,0.14732815538852115,0.0,0.4023989128111489,0.1553148392436295,0.29483077927682316,0.0,500m_25181_7918,7
6698.540594874392,461.5295735662489,0.06888973460648193,0,12,91,14,305.595515989101,120.8764534464358,0.0,0.0,0.02007665264994758,0.48602449200426223,0.33922017556877815,0.15452941581094767,0.0,500m_25181_7919,3
10383.286984013017,3012.9134976580144,0.2901415862539723,3,6,124,45,125.84696518625658,135.97989046575532,0.0,0.02580841520689663,0.003936363400109372,0.13763857388140557,0.3722367500407748,0.15512061412725747,0.10675245057280482,500m_25181_7920,18
9198.550848807596,1199.2651153486104,0.13036126818126711,3,5,127,22,57.09658710121289,84.92622557813624,0.0,0.03252613166499976,0.024533622494085045,0.2561323032146168,0.5244749226088619,0.16222431905839702,0.0,500m_25181_7921,6
9276.276294492185,1011.2566989009168,0.10900361989879385,4,9,137,21,75.57736925733134,70.68217596308672,0.05799646450346784,0.0,0.0,0.14457079431472988,0.5182577877603265,0.2790671631640488,0.0,500m_25181_7922,7
9355.940249394602,1178.136816278901,0.12591047766444025,4,5,150,18,23.143176041690445,131.1932755028375,0.0,0.0,0.09827673532153365,0.3953557465953265,0.32050945216631094,0.18575119337373797,0.0,500m_25181_7923,2
8469.606232577065,1481.1136764742769,0.17485332640987,8,13,110,37,185.9233735451507,12.948959249887636,0.11414749897153305,0.0,0.010147273015533502,0.23049427540820375,0.5001665618079117,0.14492633549209255,0.0,500m_25181_7924,22
7706.584166388223,1797.8247310274799,0.23325398623184174,4,3,100,26,124.09166218469973,142.61333782317135,0.0,0.06318558536288454,0.0,0.4567055173762323,0.3502108411278752,0.12976831379372053,0.0,500m_25181_7925,13
8759.229693565252,381.8726970753296,0.04359163063450616,0,0,146,16,374.07685337895055,373.6607413911372,0.0,0.0,0.0,0.25495110395936316,0.6907966151781564,0.054138128604494504,0.0,500m_25181_7926,8
5028.958425407013,2771.263811656568,0.550951633647414,7,9,39,13,93.36552270153517,87.56361013724177,0.0,0.0,0.10063967429722628,0.40851819060881345,0.22065360266030945,0.26998972363337304,0.0,500m_25181_7937,2
7832.428586277814,1745.0377840448782,0.22276807209320107,8,22,84,24,131.18203153277997,120.57584965110046,0.0,0.0,0.057004404216968146,0.6637593670010474,0.02561986642939243,0.11657204904002753,0.13691665529041172,500m_25181_7938,7
8880.81199237561,3429.2198639721964,0.38609462426314956,6,24,126,32,51.25120590157909,30.056872938454116,0.0,0.0,0.13077251638344475,0.18866877227316045,0.2253685395264546,0.45507758217860234,0.0,500m_25181_7939,21
7995.186618358666,203.5487546672616,0.02545572838431864,4,10,105,10,104.42920954916674,98.65520089467198,0.0,0.0,0.07434065136923437,0.2537099012702989,0.24095860414456094,0.43086578360340216,0.0,500m_25181_7940,11
6311.23284432601,1675.2116799791374,0.26539129992407756,0,10,86,15,378.9965229352396,122.54178447273756,0.0,0.0,0.08497604900438338,0.10193461217677488,0.29549773175912025,0.50482231327911,0.0,500m_25181_7941,6
9213.65302044843,3719.3127362288296,0.4036302536813079,8,43,92,42,67.48580470822246,22.788750103409708,0.13535786829689658,0.039777335039915096,0.0968632554186273,0.16273552616132536,0.01973987841938561,0.27251772704106814,0.0,500m_25181_7942,5
7373.708417993766,557.7089180620611,0.07562453814462561,5,11,85,7,125.36246900593625,126.44687784461013,0.0,0.0,0.19806881260766523,0.28752157788816624,0.18936213801997914,0.32491187290275086,0.0,500m_25181_7943,10
6517.264370111171,2556.049209170667,0.39213647437977,8,25,62,32,119.0300830024804,55.57847281302697,0.0,0.1409791885558499,0.16634375431061169,0.3036333636454896,0.21509320673046928,0.17379707168522004,0.0,500m_25181_7944,17
3457.428559396814,1357.022133041333,0.39238113777258765,2,2,26,8,212.93717112135147,217.36883596402268,0.0,0.0,0.4345650147466591,0.3564422125204591,0.057397208087760054,0.1513064159803953,0.0,500m_25181_7945,3
8434.582996926585,517.0991479450374,0.06129975226767812,2,48,115,3,143.0564644623915,109.20934380333446,0.006554409866259603,0.020713860366124354,0.11127291325433797,0.3864312611831476,0.34637608864797054,0.10080959191882782,0.0,500m_25182_7896,6
8311.301807880096,641.5069063881612,0.07717560324626446,8,39,112,15,75.48731242868207,69.69101376280314,0.19702679837746517,0.0,0.0,0.39190622784253065,0.23020905624067114,0.17070737039958883,0.0,500m_25182_7897,3
7915.779872394449,822.8812722470203,0.10394141121902103,5,45,87,14,45.63257002606177,39.94109472373173,0.13123020749110248,0.0,0.015434198965345569,0.41893801983045165,0.20548675129265465,0.2287845084372208,0.0,500m_25182_7898,4
8819.247534229184,488.7979211957569,0.05541771013782254,6,61,115,10,96.58682630917268,88.93032008802288,0.08887841796756704,0.0,0.1537244456161671,0.32876907035867087,0.25574568190263736,0.17276900865204636,0.0,500m_25182_7899,6
8558.038717439938,103.03997507830911,0.012038732208133883,1,33,118,4,229.56621889514213,2.744454133522836,0.0,0.0,0.0031475273293763008,0.2111723465905009,0.3192535325256446,0.46630975800401264,0.0,500m_25182_7900,7
8779.097885379719,615.6326905372788,0.07011683680228745,6,24,114,7,185.7337167164333,118.51968242774092,0.06366635274385182,0.0,0.06073491251173453,0.40916272272570153,0.27701458034971105,0.18930753772236603,0.0,500m_25182_7901,8
8425.355187399316,1409.9414591605985,0.16732518720181772,11,44,111,28,39.741253142432946,41.805770291469706,0.15663965947748076,0.0,0.04182880972025021,0.44406468628362966,0.2293810879347613,0.12796708131114629,0.0,500m_25182_7902,10
6345.125374296734,3199.901961132982,0.5042292379052769,4,30,71,27,55.79815074516443,35.015893010128316,0.0,0.0,0.2498053657425366,0.12262094815779866,0.5030523483273246,0.12436376130780084,0.0,500m_25182_7913,2
9512.61362816128,2785.4388700532704,0.29278452740692384,10,24,111,39,59.337406479207445,59.359111991015645,0.0,0.0,0.06154825325521231,0.2036420964261584,0.266423107573714,0.12229248215362745,0.12544049590702136,500m_25182_7914,14
5478.635267562684,1622.1769425729046,0.2960373936155136,3,15,64,25,57.26277462963615,49.929560050425174,0.0,0.09809225867513047,0.08119484016098828,0.37913980062202607,0.3652142163202108,0.07617639032357147,0.0,500m_25182_7915,1
4735.37147242839,2713.1083940672793,0.5728242410589975,0,5,58,36,460.22582486866645,112.28736002266024,0.0,0.0,0.014675646660814078,0.23528762449103527,0.5784637713321965,0.17136182542764136,0.0,500m_25182_7916,3
7053.41679388418,1588.7626201704093,0.2252153036304554,4,29,84,19,12.290026941211622,64.77490308531478,0.0,0.0,0.135012550860277,0.4958163385079072,0.2559808026138046,0.11304855285536397,0.0,500m_25182_7917,4
9468.482951446009,1418.2744512196086,0.1497731669713852,8,17,149,40,108.79546225579845,106.25905058445385,0.0,0.09109465916451924,0.021308478916858345,0.3164419562200043,0.35022881814696866,0.2208204851650015,0.0,500m_25182_7918,9
7193.565055810119,643.352115993667,0.08942196102238519,0,4,90,14,305.166496465107,95.39340762597314,0.0,0.0,0.03755972861356411,0.4598309112690034,0.37817537855525196,0.12429498775334866,0.0,500m_25182_7919,7
9418.37650987546,1356.4383540114718,0.14400511037958352,4,20,102,25,131.6641062527253,125.30854434390031,0.0,0.0,0.04301935623005847,0.33019249941377,0.27106668432987363,0.10041695202572262,0.07997106689482349,500m_25182_7920,7
8661.871628111041,2501.421140686918,0.28875195755756095,2,11,112,38,113.86091552561176,105.911289855615,0.007796422631238789,0.1022563847456205,0.02104317954842107,0.3243928144170618,0.3751396680026707,0.04092121645861177,0.05143015050706899,500m_25182_7921,9
10114.255695366082,1833.9187877425406,0.18130226689006787,6,8,90,20,45.440256256313155,124.76382842196915,0.13936943927175688,0.006478263848878071,0.01459397000751256,0.28288343421105727,0.28321429517780833,0.02538193504051964,0.0,500m_25182_7922,6
9910.716714923868,3418.375429325751,0.34488227697012097,4,18,132,60,144.45543281850212,149.49048507137354,0.09921132273130455,0.03413114132738593,0.008362224036692614,0.19095725425174911,0.39120386044850564,0.14598528482968873,0.0,500m_25182_7923,12
9329.095901367062,4275.912926331652,0.45829249468969957,10,26,109,47,122.33769730715306,61.1242006294469,0.22146208011946603,0.0,0.021251940019231037,0.16150385637727457,0.3134067857452338,0.13102180345338765,0.0,500m_25182_7924,29
9461.839753685772,3090.868252378192,0.32663220902312123,4,14,114,45,87.29833320646654,75.53378265936617,0.10700647475619264,0.05237186271543752,0.06411402100413369,0.35427694587290964,0.3108698861719151,0.0,0.0,500m_25182_7925,16
9166.597860795096,2467.33207546066,0.26913615899450793,7,23,116,45,78.6711874084253,103.92291515285224,0.11225842283140443,0.0,0.07452870500102339,0.17819655052214017,0.42595968482211205,0.10282349382577764,0.0,500m_25182_7926,18
9025.615303418435,851.0312090125542,0.09428021250559591,2,13,117,10,219.85864260834842,75.3497589934532,0.07107561496757743,0.0,0.04696803260556769,0.5345412629058672,0.17515916834285003,0.14179362689058714,0.030351510791589886,500m_25182_7937,10
8719.715860707725,1900.7285673365147,0.21795556668696026,3,39,99,39,175.44949696458107,138.92336205113315,0.0,0.030699509511232122,0.09558427218051833,0.46881967405377223,0.09630068582345486,0.19726139642338827,0.11121979252224193,500m_25182_7938,10
7959.753227644176,3256.361141126417,0.40905188843418916,4,33,92,43,52.64999009831624,32.92960169284544,0.0,0.07008776341096089,0.10894911279840515,0.15553211952925988,0.16638852597439366,0.4989168620329142,0.0,500m_25182_7939,15
7598.143785614605,669.4269738280069,0.08809242102975486,0,9,95,20,423.60689275832,214.43187342515662,0.0,0.02387435959439628,0.025590303427814147,0.0603116323364362,0.2051680197095511,0.6849240911591077,0.0,500m_25182_7940,4
8676.201086225692,166.0665126291447,0.019138257945037252,2,10,114,4,266.3108944821389,102.44640965017493,0.0,0.0,0.11210300313465299,0.09651816006830503,0.12560415000865507,0.597982580556741,0.0,500m_25182_7941,6
7287.061556941796,2540.9481674449676,0.34864526700172327,8,33,50,43,119.00409805034016,112.86145465723874,0.13336910444323624,0.0,0.1802255584200435,0.2523174277553018,0.11328644792801146,0.11646629062802279,0.0,500m_25182_7942,20
5181.1969491112195,4808.857267935731,0.927957257348253,6,36,51,57,12.206839073735397,8.613895984008483,0.0,0.0,0.3668941456731203,0.3007648801417642,0.1785817717556638,0.15356623407841846,0.0,500m_25182_7943,6
6847.681590369057,3688.5563021831954,0.5385790321118475,6,38,66,37,64.01963210517958,121.7151242488291,0.0,0.1581550029155152,0.17889393552287106,0.16815390218936338,0.1337212598378837,0.2263359189779549,0.11530920873043399,500m_25182_7944,7
5090.838428416251,1428.796234168843,0.28060517910291416,1,18,44,16,259.8760697537552,144.76208044887258,0.0,0.0,0.15012214439695648,0.20796642849471153,0.1264721910246772,0.32425846958881677,0.1909843737745939,500m_25182_7945,7
7860.8415155661005,74.03372544230886,0.009416842770962166,8,33,89,4,35.61864944860712,106.50072357824035,0.08598017089407571,0.0,0.10760521389206945,0.18680248788109052,0.2500532816613055,0.3694316490091983,0.0,500m_25183_7895,4
8647.399139251558,565.0048871540808,0.06533057483317971,21,60,103,9,103.85060655829706,92.38412422551684,0.21160232430862633,0.030436159426234063,0.1035264447457479,0.3950051626438526,0.14153693570923626,0.11777734483048043,0.0,500m_25183_7896,4
8068.287279314839,369.48200564675096,0.04578867908122408,5,33,96,15,207.03892650874909,177.07610696173427,0.039099678277768356,0.011274106559663185,0.12146062224171687,0.21384071990454465,0.09756146856027277,0.5166394777738647,0.0,500m_25183_7897,5
8882.64450336646,107.78277971281653,0.012132720942623515,5,45,106,2,183.02355831056076,50.50789855338175,0.0,0.0,0.12082961580710584,0.42524073934182494,0.24962631122301585,0.20419076721461557,0.0,500m_25183_7898,3
8527.860998846789,39.79319301727194,0.0046657101133026424,4,30,96,2,196.2468843659445,126.08376260227486,0.0,0.0,0.05611967555043673,0.5038265639164644,0.31782943261215846,0.12210707897056625,0.0,500m_25183_7899,3
7170.323069457176,800.1691711490846,0.11157901594993298,3,40,89,12,168.75636791926502,8.344936909531203,0.0,0.0,0.055315354402743745,0.22756093938908944,0.22912606509835515,0.487858196827312,0.0,500m_25183_7900,5
8419.41742717602,124.95047656274298,0.014838988404479609,4,12,124,5,217.7255438686,128.21960905428398,0.0,0.0,0.04588359068427926,0.3271480763085272,0.24720050275753316,0.3796490712916104,0.0,500m_25183_7901,3
7980.062024165104,368.3438417584578,0.04615223395623092,2,42,108,5,147.0379408153573,36.24224203889492,0.0,0.0,0.07756360924092115,0.3134926267074704,0.3006223622897251,0.30819610515386664,0.0,500m_25183_7902,0
10285.152258091035,1564.7854922952615,0.15212544526204239,4,11,107,32,132.0417975146207,81.84050509920964,0.09276721452968884,0.0,0.04860386312331178,0.24343957012517597,0.20303797125567824,0.1959344477749172,0.0,500m_25183_7920,12
11689.240009359797,5151.489986154865,0.4406658872726583,9,27,80,44,51.392725825445346,36.15565677149742,0.09650167530850483,0.011809422762482933,0.02126781877638038,0.08926737112292023,0.051424302297528174,0.13377237186601232,0.10111782198924048,500m_25183_7921,5
7539.091631643276,6628.356872379769,0.8790817401426189,9,12,94,45,88.9611464676145,86.05489246570173,0.0,0.30943482180777127,0.02012331944780488,0.20079200182536078,0.3720587153551316,0.02528478095176395,0.00914431465504786,500m_25183_7922,16
5935.184978058198,7934.074231838004,1.3365611518449247,15,21,79,46,117.94138393011914,87.76606445803338,0.0,0.4665928807228562,0.0,0.2005217788525809,0.2538088150211383,0.07890806704107646,0.0,500m_25183_7923,28
7598.459793298214,5780.3146657262905,0.7606217840409939,16,35,105,70,58.33888999708555,45.51108005782021,0.2479422756549083,0.08286347962556082,0.07597093134591386,0.232775654584034,0.22217989643496366,0.11544067012680821,0.0,500m_25183_7924,17
7568.206209516068,2656.0441708082208,0.3509012830789337,4,15,125,48,148.96096382348838,133.7738763294343,0.0,0.06804643378395914,0.0,0.3788518343443361,0.360867853375057,0.192101764246842,0.0,500m_25183_7925,5
7940.261095323081,2195.0834247760417,0.2764149671478265,0,13,132,38,362.4567361303398,163.21545798446408,0.0,0.0,0.08942328004157608,0.2996753794222651,0.3569768169802406,0.25379859897190193,0.0,500m_25183_7926,10
9492.372249666043,1629.1554076560449,0.17160976782653342,16,22,120,32,83.76389129778688,137.15318360620398,0.09893352085051955,0.0,0.05478215003658792,0.33842035234156287,0.1333284508188695,0.17583035942607422,0.12351013676750794,500m_25183_7937,14
8834.569466784556,2710.365766286358,0.30675620586487395,3,37,104,49,14.588473416038067,19.481649003603376,0.04190886301852477,0.0,0.17297874446837894,0.23370127242648334,0.14828837422608257,0.40300956696427975,0.0,500m_25183_7938,17
7782.682031691132,586.9238575728128,0.07540439796784634,0,17,95,16,453.16428201350817,47.56894193210721,0.0,0.0,0.16915090794481796,0.2074495022656738,0.1682983515107834,0.45497276437705125,0.0,500m_25183_7939,11
6951.404121616011,1796.511069201707,0.25840141593842325,0,27,78,33,572.3285395403952,48.779781593040354,0.0,0.08570896901770249,0.06831635833973526,0.06213481708949091,0.13998490888830217,0.6437111115276701,0.0,500m_25183_7940,9
9870.729533046897,2199.2649743613256,0.22278416026279899,0,27,109,44,287.5700584925019,60.3345896950144,0.0,0.004933510096865827,0.18518832045883565,0.16092026986135471,0.1126569933007109,0.4164650860113467,0.0,500m_25183_7941,8
6536.92491017086,1629.6279223322385,0.2492576688663208,8,14,54,23,77.11021230900748,70.25971846294892,0.04868922759985972,0.0,0.15664501159719005,0.3082512356620412,0.1436748728150629,0.342586698596072,0.0,500m_25183_7942,13
6967.29853654291,3238.6810431068425,0.46477357795775587,11,54,69,47,31.68001886073558,23.88181272070654,0.10630568413122249,0.0,0.14307490578473353,0.3269640455860005,0.12276459808294884,0.11836815984011896,0.1747546100115483,500m_25183_7943,5
9042.728804808416,896.7805697045476,0.09916048889344656,9,29,90,10,38.58554140025985,123.34027353627881,0.1811371156791491,0.0,0.22191862743476332,0.22595622471975757,0.13089654050939087,0.050574504304411225,0.1037616727810552,500m_25184_7895,12
8884.207206678559,1295.3682126761764,0.1457893082901335,9,85,100,18,121.85423762588914,42.389721672801684,0.05257629135372081,0.0,0.15146715439497543,0.2463849051172202,0.23702113492906218,0.19347076339917352,0.1189672041902495,500m_25184_7896,14
7926.337580084345,2339.201246750603,0.2950803120365809,4,35,90,33,147.7895824384105,68.92125456140076,0.0,0.05553249608094231,0.2152477674869255,0.1846820213648091,0.1181185903135004,0.38153536527401494,0.019135128144988973,500m_25184_7897,3
7982.379712517223,43.498019610985885,0.005448572055615104,3,16,102,2,328.19051888075245,105.09682308392007,0.0,0.0,0.09488101382320428,0.4326648699221488,0.18642725248458325,0.28590160353742855,0.0,500m_25184_7898,2
7518.003842821039,90.32724949980262,0.012013193687358582,8,37,83,3,134.4472663907973,119.63069479016215,0.0,0.0,0.203229392295477,0.579995527887855,0.14753442743429698,0.06910765604124557,0.0,500m_25184_7899,4
6851.195127290005,570.1820556921683,0.08321159060712144,11,48,86,16,169.59320229528018,43.26742163004998,0.0,0.0,0.15758755939614238,0.41632443254630047,0.12288198584684781,0.30306008357623837,0.0,500m_25184_7900,4
7591.506465966336,348.1021414773991,0.04584811919986879,8,19,109,5,112.30243191193765,115.50066881217245,0.0,0.0,0.09635677238503959,0.21563188358507132,0.24415344605674613,0.4437261891620295,0.0,500m_25184_7901,7
7632.301874139708,573.055333558253,0.07507306051915283,0,32,85,12,395.77186701416167,54.07500248185064,0.0,0.0,0.0,0.5233641103021869,0.27662323730382554,0.19988164748726603,0.0,500m_25184_7902,4
7877.821698881398,642.4776871670304,0.08154489487409604,11,39,96,16,19.290879077351637,24.45241470827796,0.15965630400464792,0.0,0.034498645125069206,0.48188231500532236,0.21856640499248917,0.10526940834036906,0.0,500m_25184_7903,8
8133.605410401985,1624.0988440404653,0.19965305778245585,2,9,103,28,73.56222546564254,62.95865189466853,0.0,0.0,0.10890716025617349,0.24254982171232964,0.24741062272715078,0.2551333267446524,0.0,500m_25184_7921,11
7465.022877194497,8987.937897098447,1.2038454803765402,15,44,107,72,18.892104643516507,12.629248128334842,0.0,0.3537458492276144,0.01757902741867577,0.17621402953989065,0.14617125710630047,0.11624332229835177,0.1675793102206164,500m_25184_7922,15
8738.698626571542,15141.617589838233,1.7325102657204636,32,60,123,100,52.83429854450838,74.52516983181567,0.05138530282254698,0.6507516724886293,0.0,0.022398288956894597,0.17450719785824645,0.06394507849124403,0.0,500m_25184_7923,22
7416.521163542494,4129.449210012865,0.5567155278652017,12,27,81,54,159.91254792002627,159.25572956474838,0.2359620882095482,0.0024342791710751516,0.0,0.3217328263611256,0.33044876886310487,0.0950000680157161,0.0,500m_25184_7924,13
7972.790271853111,2155.9329545502487,0.27037743419970955,5,17,107,36,108.34370260329852,108.01719265312899,0.0,0.06193263809245296,0.07084480896483206,0.4150607739827957,0.34171431721868617,0.11032205086812157,0.0,500m_25184_7925,17
7939.0577602346675,234.1491526873397,0.029489603194072917,1,35,111,10,39.30098159415669,26.522061305057843,0.0,0.0,0.20120503435248796,0.43184320576431573,0.3388054358376708,0.028020380377331306,0.0,500m_25184_7926,18
7556.071808348499,3166.3641052745847,0.4189935183329365,4,38,113,48,60.27730817874607,32.1004284316153,0.08167658102296238,0.0,0.14790752753904926,0.358060144116107,0.3262355081890897,0.08598791274694359,0.0,500m_25184_7927,18
10412.621894798523,284.1433861374189,0.027285740639320218,11,2,162,5,74.6510094760311,228.18970101749954,0.0,0.01466563965202913,0.16670528386749475,0.04734825045027271,0.3750297958661396,0.27601115248985725,0.1201438496053852,500m_25184_7936,15
8585.703383218415,249.6183876725815,0.029070340098206707,3,0,133,8,152.4349844704344,315.28076501138963,0.0,0.0,0.13903282483986243,0.1482466080475161,0.3798942148330973,0.3080275461393816,0.024682347010792128,500m_25184_7937,23
9650.247506187598,751.1224378162963,0.07782646101809507,0,9,141,23,495.55684570293874,124.80057027579785,0.10256427864239376,0.0,0.036253823301291954,0.17928606699739755,0.2563034321369516,0.42548878537362717,0.0,500m_25184_7938,7
7503.497096179087,1002.2735656697214,0.13355639329649802,0,15,90,11,296.3018764727606,56.13569455192573,0.0,0.0,0.10094085100620691,0.21363689288263626,0.21037377362777318,0.47491522905051736,0.0,500m_25184_7939,9
6830.521268677479,1912.123805209476,0.27989721908304116,1,10,63,22,209.13178463842925,115.7653116080587,0.0,0.0,0.1337329059669532,0.22917681149081992,0.0743977517341481,0.46633844668992364,0.0,500m_25184_7940,12
7069.061733046096,1517.308282979268,0.21461033018809925,2,11,74,22,127.95663457949554,83.99388587241972,0.0,0.08279298998111233,0.21270728368600092,0.1851783380861297,0.11416562532628541,0.28403139557865803,0.014833964253967177,500m_25184_7941,11
6415.044196032418,2526.0490655358585,0.39370817724384255,8,30,60,21,82.43745231296063,62.66623830927904,0.0,0.0,0.2066429911041502,0.21477592374588128,0.14100152866577365,0.2045711030646058,0.2328525941440835,500m_25184_7942,24
8279.642854714368,683.6651795115436,0.0825618483379363,10,44,88,9,56.71060415114968,50.69002257169316,0.06376353119814171,0.0,0.08499173128850869,0.09024917465955129,0.3126517234597491,0.44259489153835974,0.0,500m_25185_7894,9
8445.914401866996,1665.176533538469,0.19713429713108258,9,72,100,36,196.21340588409976,93.100011933565,0.105497673804309,0.0,0.05070377178198174,0.34285432995228804,0.2603949166111019,0.19767893575230258,0.0,500m_25185_7895,8
7877.131274374713,686.7185923661482,0.08716770112727691,8,71,63,17,54.04374159082273,43.71889987912027,0.0,0.0,0.014410774722662764,0.3822966021574437,0.15717844969462827,0.4459872397699132,0.0,500m_25185_7896,5
7821.248768073144,4319.0569667001755,0.5521502952358915,14,67,98,62,149.1369690399197,102.23493350855536,0.0,0.06167648209374938,0.22633505554753364,0.3569163854478637,0.13027970277773207,0.09997813471606225,0.12468639894181364,500m_25185_7897,9
7972.4297551530735,2777.8949529892648,0.3483939833036047,17,62,85,57,184.37820785478164,28.513607561100955,0.0,0.0,0.13355720497393883,0.4548287729290901,0.11944275051038997,0.15268588790024584,0.13935996714280147,500m_25185_7898,15
6683.035828948183,663.0905595811967,0.09920511746950679,16,47,72,13,39.14523328004763,43.75498529552079,0.0,0.0,0.1783446616696534,0.4474315798855299,0.08824403568962148,0.2186308619189372,0.06719925062685847,500m_25185_7899,13
7422.33332823104,320.53593166994597,0.04317951484826141,10,48,96,9,115.59465721944227,123.20326232128309,0.0,0.0,0.10984898251800274,0.6511820368449841,0.14773146405136486,0.0911028062128567,0.0,500m_25185_7900,11
7374.607245681679,526.2308231622087,0.07134745731889533,11,53,81,14,222.2542164004133,81.98923441226614,0.0,0.0,0.1347412607913446,0.29069657768788026,0.1491678173899773,0.42525876207406815,0.0,500m_25185_7901,3
7067.417528140701,768.4171229211034,0.10871133741914513,6,33,66,10,176.43265642609603,110.21017560557866,0.0,0.0,0.14898705391022826,0.3633334177178648,0.21912894252352014,0.2684091114666004,0.0,500m_25185_7902,3
9889.590893471186,987.1152500058491,0.09980346580278104,3,38,142,21,333.22288912841447,28.63357193338281,0.13126515145189652,0.0,0.022615375645693197,0.3990579599573454,0.2686934001077366,0.14297568925970877,0.0,500m_25185_7903,11
8391.405539041736,703.3157765845679,0.0838038358981487,8,19,103,14,47.6868891045508,52.94456423226859,0.16014853398463663,0.0,0.04073047166156158,0.4744141036555794,0.18413249358457165,0.13155419249981523,0.0,500m_25185_7904,12
7800.629327414645,131.0571684967345,0.01679869204195646,1,11,102,4,248.47841838920652,206.9540371643843,0.0,0.0,0.019660876283286468,0.32238520312359686,0.2868899802402288,0.3709357619996196,0.0,500m_25185_7905,5
9576.716276994073,1476.3746999669638,0.15414684015157712,11,30,145,34,119.11501384712454,14.182486528163892,0.0,0.0,0.07655404315769093,0.1511463473761124,0.30210769058862963,0.4700875098544679,0.0,500m_25185_7906,13
10385.073775581368,1965.6022375165069,0.18925363712876966,5,23,168,41,55.14816507804328,51.52707104336517,0.0,0.09366557833574261,0.008408060272479236,0.31418460668919357,0.3382452241056844,0.24540024782233044,0.0,500m_25185_7907,9
7190.986633131301,3116.0913523948743,0.43327268407869207,1,21,115,20,311.3160527440707,209.7183903993744,0.0,0.06523630932770311,0.0,0.4080678868271517,0.3263364674510225,0.20022029275416542,0.0,500m_25185_7908,8
8378.197936745852,127.0364498303396,0.015160931963814609,3,10,108,6,206.61066833687357,217.40703367715093,0.09833614812949357,0.0,0.18264261720582162,0.3359337071793258,0.2504805093745549,0.13248767494603345,0.0,500m_25185_7909,7
8241.864352764947,957.510353743041,0.11616233299069859,0,14,128,19,277.4695592121595,159.24585937309757,0.031231688594276785,0.0,0.06034952216949589,0.1944879812198514,0.5504288884167811,0.16338060254799697,0.0,500m_25185_7910,6
8711.71005944946,3314.4319016191703,0.38041342808423523,3,19,102,47,150.22939128687023,95.22158204464198,0.0,0.059563647683038,0.13137140777696993,0.37313955278084454,0.18208347926905866,0.1624660172242722,0.0,500m_25185_7921,19
5801.200707418645,14196.796363531,2.4467951178212597,9,24,89,49,233.6093613631546,207.52169855092862,0.012821326411496223,0.10678895603006194,0.05832707622566202,0.11120521060268643,0.43898377455646515,0.14787147211084176,0.12382983566423411,500m_25185_7922,37
8408.551240699362,25973.806761194905,3.088607943250352,24,81,165,106,128.60701692482968,113.9716739747873,0.09263909836726966,0.23519049237133655,0.012669498210333573,0.12354352678556892,0.216325362884656,0.1852825922961592,0.03515843165927389,500m_25185_7923,43
8651.403731454477,7447.935753900622,0.8607938308316339,14,59,107,95,45.31790668533792,29.983731215981585,0.1353027001548615,0.001311627546179167,0.06169158067628405,0.24739314660318232,0.05247825748076899,0.4504652354638627,0.0,500m_25185_7924,77
7370.709904950931,2787.061327752792,0.3780752856105973,7,16,74,43,124.32967032846886,114.43319144186464,0.0030118436124837453,0.07220855674620619,0.0657349948326918,0.224140475472239,0.4383598557371557,0.1964086198617745,0.0,500m_25185_7925,29
6331.019570346568,1059.0503537060397,0.1672531712734544,0,18,82,17,395.98104668164217,8.296724630899798,0.0,0.0,0.2580181238410477,0.25503418786912835,0.35691014747803157,0.1298796133150606,0.0,500m_25185_7926,8
7919.03962193927,1874.665571952902,0.23669901432814786,5,34,118,30,32.29174118765067,17.199973651849223,0.13408216574478074,0.0,0.2111752027574924,0.2774532515081978,0.302926856589113,0.07423626140581244,0.0,500m_25185_7927,6
7579.535510947625,1690.1026031488134,0.22295293000184596,4,25,108,33,153.1635922706692,141.48054107974394,0.07260457994964759,0.0,0.0,0.2943507102891065,0.43063751365595243,0.2022752793035641,0.0,500m_25185_7928,16
6629.567602900328,2869.580590742143,0.43278053442769177,7,14,83,31,219.0839657456303,215.32639534250254,0.14412307338067867,0.0,0.0,0.3626964282966418,0.21441706347075193,0.2786126182009425,0.0,500m_25185_7929,5
7768.597102899678,1308.6848991131278,0.16843664887394427,2,2,103,24,233.27825455526073,289.81284148367945,0.06494378768877765,0.0,0.0,0.5048377267012534,0.3157340053442541,0.1143557734631925,0.0,500m_25185_7930,8
7928.111557581665,2637.503459474929,0.3326354334052721,5,23,118,37,164.49577175779078,97.97636289494898,0.018745996468658464,0.06624670878476545,0.0,0.5553377936893792,0.3124072718676996,0.025548976230390333,0.0,500m_25185_7931,8
9308.236150461516,5886.92232517296,0.632374367781089,10,26,102,66,117.21726725346097,252.42673321855077,0.11548921757027786,0.04322806974164177,0.12212775809208207,0.05091552167809583,0.27459132971125494,0.248053860549132,0.0,500m_25185_7932,14
10951.064315484446,1752.1523573512063,0.15998375346225338,2,19,182,43,229.6607973979365,108.95982437444239,0.08160126558866344,0.0,0.0,0.24985310588992318,0.3728985447042385,0.20861604504728407,0.0,500m_25185_7933,6
9030.241249245482,256.0656638625073,0.028353318973059254,0,3,127,5,431.7867069638318,249.05712057417168,0.0,0.0,0.15397721698656994,0.3612565866475028,0.32799348891230407,0.15666198070273663,0.0,500m_25185_7934,4
9529.470758059097,35.02283586846015,0.0036748274830856976,9,5,128,1,71.1934189272175,237.9364692765133,0.0,0.0,0.09113376635795453,0.090009347149214,0.30952195260318194,0.390130481454213,0.11909952582421428,500m_25185_7935,5
8377.43697662939,1042.5666256769578,0.12443450115875647,3,7,114,34,460.30069773987975,269.36805474343726,0.0,0.036753728663739424,0.07077576916980931,0.0034194271657902605,0.5299777868916914,0.3254050957379552,0.03354883836706515,500m_25185_7936,26
9339.266261964696,80.92961894725067,0.008664594421340124,0,1,141,4,530.813118026568,145.54542399942656,0.0,0.0,0.08898525619663261,0.11119688188960393,0.409017277949231,0.390693520635506,0.0,500m_25185_7937,16
8573.019683444316,1797.0571154854292,0.2095933041715999,2,11,108,28,728.5137635128477,629.0247641655441,0.12461788068700838,0.0,0.0122157989385074,0.03958637065798272,0.21536182909324014,0.6081014892138508,0.0,500m_25185_7938,8
8523.588510028732,1074.5543729133806,0.12605351820198987,0,9,132,11,380.03615468218317,163.85198437199546,0.0,0.0,0.05229747960676593,0.06654022827667974,0.2920080708045147,0.5890369135969735,0.0,500m_25185_7939,7
9774.45353924799,2352.788102578654,0.24068326785374403,3,30,107,57,210.97799885708326,105.81560241617143,0.0,0.0,0.06235812035159885,0.15169197679374427,0.21649992621347744,0.4029735393176629,0.06451769140454411,500m_25185_7940,11
6032.7589934125845,1274.4850699668411,0.21122571706265908,5,53,48,20,245.89953912543828,64.75955385856358,0.0,0.09632748411490985,0.08571385742230113,0.27031626415566445,0.01192391133646177,0.35514438327047054,0.18040836553661477,500m_25185_7941,13
5663.5918261930965,949.4724040654282,0.16761532572833648,4,19,44,7,171.99006304126883,174.62043435909737,0.0,0.0,0.37800434234651037,0.27384296809396386,0.03416580073508129,0.3138103535981328,0.0,500m_25185_7942,8
7179.403602040639,2288.180832805901,0.31867022518840166,6,32,100,37,146.39108074796744,45.04874177942925,0.0,0.0,0.09975688222212277,0.31407795701595537,0.23472715355757603,0.35069546040354527,0.0,500m_25186_7890,10
10136.345791316882,905.4462884026156,0.08931788527704888,23,77,115,19,52.5036249907018,24.207303494863424,0.11474582307973999,0.0,0.11513789887850073,0.1875389568562553,0.1717891620750725,0.315942456386644,0.0,500m_25186_7894,6
8384.320706378357,302.17580143934254,0.03603628436172873,16,52,111,3,105.38587009627008,47.81205541998739,0.06068001489889006,0.0,0.18849368287168447,0.3377615717941671,0.3033182625796172,0.10962721183252494,0.0,500m_25186_7895,5
8423.873407752906,1875.8727867410428,0.22265886927331033,18,56,123,34,150.8001248738549,8.510396164380113,0.0,0.0,0.14699890290983417,0.22746202997715478,0.37068649905783363,0.254733871909656,0.0,500m_25186_7896,6
8859.50129922446,4037.309172531214,0.4556524553395857,22,59,125,82,106.61505704214096,111.7162014983239,0.0,0.05904830998510065,0.11761459763147823,0.3551335991600118,0.23573051843252382,0.2323601143593775,0.0,500m_25186_7897,13
3750.974369111895,4943.749340678208,1.3176394224271872,3,16,37,41,307.24024088159615,100.69701122831052,0.0,0.0,0.1333263576314593,0.25208237111988874,0.3209016681989035,0.29342307670878154,0.0,500m_25186_7898,6
5273.429897926137,1896.3902838125923,0.3595441252443677,2,29,52,17,170.1893094191408,143.72652284524122,0.0,0.0,0.22790297378343474,0.3536570395067012,0.18456964910013882,0.1108445691341682,0.1228361745252442,500m_25186_7899,9
8665.25645537968,1607.294152170281,0.1854657960384422,12,50,99,31,92.71803418016503,41.86955886148192,0.0,0.0,0.008259794108442159,0.6852692976976028,0.0602720528581351,0.11324918671565425,0.13283427854312962,500m_25186_7900,14
6370.864907655504,610.7620440980876,0.09585294932481776,2,15,73,9,234.16551974224726,170.78309584368458,0.0,0.0,0.11224337935201151,0.2067939602696558,0.08969493254360762,0.5911107879098382,0.0,500m_25186_7901,1
7494.354391011567,1314.4304674706702,0.17536601992387923,11,47,77,25,142.44875833649522,123.62664245507476,0.1129945938606601,0.0,0.12983294110763688,0.185611068541813,0.16462221694008344,0.4068057635766807,0.0,500m_25186_7902,12
8958.42587716375,1033.269254830027,0.11532761909037913,12,20,130,31,138.37991465190774,9.409414770238177,0.03493660925943333,0.0,0.13406398731050576,0.14998015439006818,0.38932662693042347,0.291581007814891,0.0,500m_25186_7903,19
8537.682728808457,1943.232737766856,0.22757992063701227,6,20,129,37,201.099260009732,164.27877417657277,0.050199979157357646,0.0,0.053093413264722666,0.39466395722672454,0.30865539567621375,0.19327014059172548,0.0,500m_25186_7904,31
9126.23629144155,1256.0648656483188,0.13761721791141848,18,35,128,28,80.93530306772617,43.66763656810277,0.1230582856611366,0.0,0.0,0.15897185462821078,0.2923783366891197,0.4254819608311764,0.0,500m_25186_7905,13
9391.955253717795,177.55339798934202,0.018902825915098998,8,14,124,8,200.2765281185929,135.2847586288856,0.06220288078905898,0.05366376668560487,0.04514525868077204,0.10629768154191163,0.2713705800018503,0.46121336953450703,0.0,500m_25186_7906,10
7968.110378807405,2109.4495132986567,0.264703262099168,10,15,121,33,137.28780911871723,172.6047859104848,0.0,0.10938543191659508,0.06431282583321611,0.1675802279018923,0.35827264962175576,0.29873302736567353,0.0,500m_25186_7907,30
7337.912792061686,3748.074763868464,0.5107125360479362,4,5,115,45,102.57544868804989,253.5788476501288,0.0,0.059656192783929904,0.014203641029223998,0.15405290328659793,0.6049509144590356,0.16700008847623835,0.0,500m_25186_7908,11
7774.245074070539,1344.1085851623925,0.17287025326633432,0,1,103,12,301.3244425471521,233.2971500056214,0.0,0.0,0.13709653142708583,0.350404896997341,0.3879448938189595,0.12442506444726124,0.0,500m_25186_7909,2
9135.846612419187,1370.1746001081683,0.14996143179702384,7,27,92,24,217.19672641746024,118.30677617868544,0.19147386513609743,0.0,0.01425663908181949,0.3222782269726096,0.24179877372931527,0.06964105296584418,0.0,500m_25186_7910,13
7658.986194861884,4138.407264100187,0.5402630186038875,8,40,76,54,97.70289755055848,92.39510446803561,0.1645675607910741,0.06501016297556089,0.0,0.38017384520774944,0.047330624806019114,0.17877116850895755,0.0,500m_25186_7921,18
4456.281721075752,11296.745898486912,2.5344473617342893,6,13,31,23,219.63508443631125,144.41763210642983,0.4724414163318506,0.0,0.051587631190297974,0.3009228333341096,0.02125872975626679,0.040240270570906615,0.11067282590516961,500m_25186_7922,7
9303.655317684414,10498.458313503124,1.1283016893220934,38,132,127,146,97.51447523590656,41.934830181813766,0.3412718401402077,0.0,0.08786148700963847,0.13302519009642588,0.06248902437200013,0.24321769833104478,0.07659297187927225,500m_25186_7923,81
8371.921416004232,5913.981353677347,0.7063223288317505,11,52,101,83,115.98579140792089,106.96667094666961,0.1917001786185933,0.0,0.07821433975426983,0.37606306633785835,0.06550184051084036,0.28840114215148316,0.0,500m_25186_7924,100
8127.658310062584,3901.801404393171,0.4800055870921619,13,30,81,49,70.22548698826887,64.77196943346462,0.184381112659634,0.06775496721783951,0.0011400465854170291,0.3185831333335985,0.30751778170344196,0.12049993696787331,0.0,500m_25186_7925,24
5294.721504625708,4171.637080719061,0.7877372473373493,0,12,48,11,263.28992729916774,78.90818824060183,0.029837721977665644,0.0,0.11796071303482225,0.10788423377641057,0.4200158738403681,0.3241126256885681,0.0,500m_25186_7926,6
6867.110100611054,3646.671679735016,0.530957079358785,9,29,85,44,107.95515373087126,59.00774878137481,0.18436877304914048,0.0,0.08016731279069204,0.3634612794722592,0.3325766090944147,0.03524414722823501,0.0,500m_25186_7927,11
7311.626356707497,3119.4630454223466,0.4265858657691464,14,45,97,44,89.5492921980916,54.64700464510666,0.23767968101588305,0.0,0.08575984938701307,0.4397532100715723,0.19685984517909913,0.03981066457265556,0.0,500m_25186_7928,53
4405.188774868737,2183.445621160841,0.4955406435635266,3,15,47,19,276.528052178939,29.756295839263387,0.058824356448026166,0.0,0.1564253256725481,0.36731388321211117,0.12461623361765042,0.29259324754152055,0.0,500m_25186_7929,4
7782.8545529340045,2230.4685134961032,0.28655064124436425,5,11,121,27,101.0394137494722,90.38781078296634,0.07313435131008802,0.0,0.04312203531821964,0.4198341434142451,0.3225559441817513,0.14122505472151584,0.0,500m_25186_7930,12
8280.1933143891,2392.6599565915913,0.2889269536111652,6,36,98,47,129.00444220114514,111.8466311955631,0.0,0.04339917108755428,0.07672314499827816,0.5240995736518712,0.2346507788231987,0.12100657589553851,0.0,500m_25186_7931,13
9273.550802466138,3971.4494875048745,0.428209362597793,14,41,134,57,81.29994982238927,39.34289087945782,0.0,0.0,0.24628422185088397,0.09057181854453884,0.17188937822043718,0.4911467594506257,0.0,500m_25186_7932,32
10390.836613584086,1729.5241586313718,0.16643103841437984,2,14,158,35,243.00496460973505,206.6385038892114,0.03643747847435023,0.0,0.06200487068208845,0.15554936390529378,0.3323631274112204,0.3417738692140474,0.0,500m_25186_7933,28
12533.929642151139,2879.4798917079,0.22971647818629065,12,30,131,52,91.13564781197653,48.93299389953083,0.0996791389203567,0.0,0.032053058919778624,0.07068155027648941,0.13627589588502384,0.3187044599975594,0.08455904076305847,500m_25186_7934,8
10075.505851882786,650.9877945839871,0.06460451709680202,6,1,134,17,219.73879822787714,248.75379693581422,0.0971281597793879,0.0,0.07780153883797468,0.08742388206586076,0.18203342052819996,0.43980973602861123,0.023618975352272704,500m_25186_7935,8
9469.825914702284,856.0939016196152,0.09039273969661246,4,9,103,23,236.83627477780178,146.56922446804157,0.06927993449797853,0.05813463556233652,0.04379139186025304,0.17199042307321064,0.2146381431620909,0.2931599625634818,0.0,500m_25186_7936,10
10555.252553820384,697.0811370100524,0.06603490523327558,1,1,138,15,30.333295837700035,258.74016057916407,0.005852343120547713,0.0,0.05422883276925587,0.24424713069805684,0.2629651763599856,0.21295088571651596,0.07827501177307052,500m_25186_7937,9
11747.672483204871,2024.2507946788432,0.17229612941994757,2,9,152,41,499.9057354150963,587.529912274763,0.043397123769173845,0.0,0.0,0.0756846568499092,0.27081891879616565,0.3431286031300142,0.08440525893188013,500m_25186_7938,17
12200.47168311244,3522.0386397736447,0.288656871174676,9,29,153,83,151.74672541284954,140.300053001844,0.04646705671495908,0.0,0.03290165884700723,0.14001078353594118,0.22526431429727276,0.24265282480909695,0.08881571895093986,500m_25186_7939,17
7577.520421123151,3207.561762448181,0.4232437974974559,3,23,96,51,179.46998869177966,100.69183931814067,0.0,0.0,0.1548203374522602,0.20396347480109783,0.32770083572770337,0.21541936626676572,0.06399129768037896,500m_25186_7940,10
7700.896934065464,1245.4069526791222,0.1617013267433756,2,16,93,14,240.48262292778904,229.84853410650805,0.0,0.03492834984159675,0.08430671309001306,0.05835021624371003,0.1347885290726462,0.6874963536084492,0.0,500m_25186_7941,5
5849.486792682883,1312.7540583553423,0.22438373162335556,2,24,59,16,246.93083495836518,156.86864468350927,0.0,0.09259723029284785,0.12460329026573898,0.19417321287953845,0.16894469204758122,0.4195106485665158,0.0,500m_25186_7942,9
8323.669699803793,3332.5193304706736,0.40031850519537354,10,39,106,46,60.72475383188692,62.291623922212175,0.0,0.0,0.08464484337653211,0.3390085550415594,0.22996326291270786,0.16003314272029504,0.14178252075093842,500m_25187_7890,4
7586.273752571588,878.2271333926881,0.11575002590291758,6,57,99,20,73.66256002091954,36.92654072629275,0.0,0.0,0.10918346831836495,0.1932522166557944,0.22321866463199577,0.4014501962069713,0.0727636545401739,500m_25187_7891,2
9200.188582618672,587.0608745138136,0.06380272170736612,0,28,159,11,294.6779503152795,80.48099792243569,0.0,0.0,0.022543845214032417,0.22910629841264582,0.4424151778245156,0.3058259969376185,0.0,500m_25187_7892,7
7069.378505124677,1456.3842750800748,0.2059839192519147,5,31,120,15,201.57451597101348,116.98639147240183,0.0,0.0,0.14172766904571965,0.12299823584148657,0.4143686619298079,0.32076399803926964,0.0,500m_25187_7893,6
9380.491712257373,4350.9216139994605,0.46377716331772384,13,137,132,91,214.74378414643888,39.41918008249161,0.08858017333186409,0.0,0.2160497353883085,0.3288988412988452,0.07351012181722535,0.29285453530723876,0.0,500m_25187_7894,26
9177.489392775005,2029.3523758671354,0.2210987330294866,8,95,125,52,96.91530275530569,60.67811323770733,0.05481654133305665,0.0,0.0796227184587521,0.4211506864472558,0.1448420281329857,0.29255918802810765,0.0,500m_25187_7895,18
9716.601148048812,212.70527064660115,0.0218886603191478,3,39,158,5,54.91798424743742,47.74975647089296,0.0,0.0,0.016308502310555997,0.3413002811295212,0.34952632185425947,0.2927619886504786,0.0,500m_25187_7896,4
9350.48832854995,1803.0608016955973,0.19281003604430327,12,41,137,35,95.4420589777459,48.29735051490053,0.0,0.06614759077993886,0.023601674359777156,0.27066626690815676,0.29972671726202393,0.33975081584028394,0.0,500m_25187_7897,9
7014.58320527332,479.81068725680046,0.06839213123381487,0,5,89,11,355.76867820107844,96.21722598912869,0.0,0.0,0.0,0.5059123225107308,0.2503407701384376,0.24360436752616701,0.0,500m_25187_7898,1
7784.960476314611,820.3331521655643,0.10536055951748922,2,21,97,19,150.10372017378552,99.39720942634185,0.0,0.0,0.13680902949071,0.4668894445353211,0.23445872280394417,0.16171436686431326,0.0,500m_25187_7899,9
7263.754026794273,246.33827260294177,0.033908687299581394,2,17,87,11,60.03297780470117,54.912061674722324,0.0,0.0,0.14746144940734726,0.6339106370050563,0.1703153019299785,0.04817496074799122,0.0,500m_25187_7900,5
8283.119849730056,1688.6551958895163,0.20384243909080366,4,27,97,23,82.12800272218641,55.83456109128817,0.02652153107359606,0.0,0.08127581342436861,0.3650188989416722,0.1699985945983838,0.2150486151083296,0.14201583396946407,500m_25187_7901,6
10327.314095958638,3519.656620237673,0.3407774577280602,13,48,157,65,44.678377813956104,49.01025784073234,0.10082539156806469,0.0,0.04800547293850001,0.34273203012805187,0.14360947545094252,0.18799818960820405,0.09860631083203895,500m_25187_7902,19
8551.298728285212,2800.123680103416,0.32741181863099605,8,40,118,51,145.57831595835665,91.08840731457029,0.0,0.0,0.1265403514550662,0.4631748868428643,0.25657371039246585,0.032387080831629424,0.12120704285047143,500m_25187_7903,12
10098.43120592174,1628.5401516043457,0.1612506802016198,3,18,162,42,224.33978124293162,98.88449692852306,0.0,0.0,0.030712789145336476,0.3447249359420302,0.3819765359864389,0.16466909649573233,0.07781762695329217,500m_25187_7904,30
10082.912540913974,654.1571398178808,0.06487136190082327,4,2,161,12,176.80857556786063,124.721637205795,0.0,0.013568728771014818,0.0,0.2924146300646992,0.33719185415417274,0.35672561915280143,0.0,500m_25187_7905,15
9546.742527941227,1984.2022445352848,0.20781899372847215,12,20,142,30,178.83633947348815,184.88819876830786,0.09517000802892164,0.11855023242695605,0.03373594635347479,0.30734630258591983,0.27948127514383747,0.16561149866084734,0.0,500m_25187_7906,28
7922.094061146753,438.99294064105163,0.05540675615524799,5,11,110,8,250.24955963286087,258.7126375135558,0.04099448192188694,0.0,0.008999741199634223,0.2645853812991904,0.47124802353342143,0.2140461587266401,0.0,500m_25187_7907,10
7340.529772077187,1397.377341466124,0.19033871479768652,3,17,93,24,80.50072735688137,74.37975020156581,0.0,0.0,0.14713139565041838,0.35031313841795336,0.3449492366516945,0.15747001788652637,0.0,500m_25187_7908,12
9578.337278071143,2604.245396298376,0.27186070609080343,10,39,112,46,46.58123943382766,9.887190281379592,0.11204934239549141,0.0,0.058542025874142374,0.22870849697887008,0.28856905231317104,0.11228844523304064,0.0,500m_25187_7909,15
7825.427755678899,4894.500097530345,0.6253811126000451,11,33,98,69,99.80544575255374,53.83686369543584,0.20438139720348425,0.0,0.049430100952880425,0.21961907269039307,0.2892655348357822,0.14542946104892013,0.0,500m_25187_7910,32
3598.5215082791756,16508.331863905314,4.586257319461735,5,15,35,17,194.3270704957067,165.5337079148224,0.0,0.21019568079547143,0.07833494504084762,0.038876828768629704,0.025713745082199684,0.26967324054953706,0.0,500m_25187_7921,5
4798.9693688378775,14712.389801622869,3.0651007685877985,7,23,43,37,165.58222663466725,103.60294833343889,0.0,0.0,0.25121584381535333,0.1820571204474318,0.17610493718276277,0.19962496728149026,0.1907887966101421,500m_25187_7922,7
7581.086382753124,3674.021718291907,0.4845660591059946,10,36,88,62,82.75530130979341,20.498509875766743,0.12933848234668882,0.0,0.1050740319837024,0.21928811681239843,0.12660859662747279,0.4152374463250011,0.0,500m_25187_7923,28
7510.261806023462,3880.522342216092,0.5166272248830692,6,30,84,52,126.63542608309585,67.05179241496477,0.14144965844238153,0.013745217164051474,0.014779091864954037,0.28070066539290406,0.3944958759750304,0.1361905197242029,0.0,500m_25187_7924,13
6477.573933452555,2835.6567376430385,0.4376976734032366,7,8,84,33,139.77164374531222,150.25215088966078,0.0,0.10502354829802026,0.03658459056604848,0.10022787954579342,0.5995203207205062,0.15848930591277322,0.0,500m_25187_7925,11
4849.600240282149,4847.656479434758,0.9993931141092717,8,16,60,36,230.44947026180313,56.249742978241365,0.1692967974042021,0.0,0.04248523464007038,0.43569331887066215,0.31383191931705756,0.038486569715546946,0.0,500m_25187_7926,7
7282.571038948873,3414.024244084534,0.4687294495829107,8,37,85,50,133.5896192152618,125.83640876247416,0.3476115650124193,0.0,0.0,0.23157052634558414,0.3488078070879331,0.07187280626379292,0.0,500m_25187_7927,17
9141.053046297122,4198.724124038767,0.45927584348675476,12,39,128,54,37.75488877630559,21.202030650725202,0.2539866370160138,0.0,0.0006136088251189006,0.3469823132281865,0.33282082654796513,0.06548722976255023,0.0,500m_25187_7928,12
4597.870099098206,3091.661366040614,0.6722654259460077,7,17,50,30,160.88947128592505,176.70144960051132,0.32741948193187703,0.0,0.14199794356625484,0.22429389810625053,0.2668804365864938,0.01474471678666597,0.0,500m_25187_7929,8
8803.951833325584,1846.4492866407616,0.2097057793833913,0,15,135,46,319.12612190102266,51.09866256103822,0.12472407319263006,0.0,0.0,0.37482449451136407,0.42780472471978453,0.0725331351207518,0.0,500m_25187_7930,10
7252.707962409854,6632.552143860396,0.9143671317113385,9,77,110,99,79.69963453404587,64.123492870782,0.1419586928268935,0.0,0.12061367683725589,0.17853657069607512,0.19378750209737292,0.36062870062525443,0.0,500m_25187_7931,35
7942.662119612724,10278.10685907398,1.2938751301742257,17,77,118,115,63.53019835275447,36.58569639908313,0.07710658780905742,0.0,0.32935774223437136,0.0,0.16076605805946606,0.43004859434675025,0.0,500m_25187_7932,107
9725.937118693579,2183.7322902743936,0.22450358870703688,5,34,117,43,182.94680490816245,125.66503625322613,0.0,0.0,0.18771590325737192,0.07341138595647552,0.10928828180207739,0.48991511432263735,0.06709567173251914,500m_25187_7933,26
9791.843342091957,979.692541077538,0.1000416842028492,4,12,135,22,89.0816737596078,90.76933738566127,0.0,0.0,0.003908783987793084,0.075006884987288,0.2747555396161915,0.4919428444451085,0.05568052653987557,500m_25187_7934,11
7635.095684874312,810.1801483861489,0.1060987423181411,2,18,94,15,241.32039058063526,186.41310511807083,0.0,0.0,0.0851899760246496,0.09831670611426392,0.25817639173004364,0.5581859691549569,0.0,500m_25187_7935,7
12127.276567783822,2755.1294345662127,0.2271657823078199,7,46,135,60,43.169875892391154,36.45034350819526,0.02967976109552938,0.0,0.10326674424895842,0.05344381902289094,0.14246126531921735,0.3466049332562565,0.09435624773856581,500m_25187_7936,21
10462.841983220895,1607.2081742800212,0.1535963728100282,2,0,190,39,269.1864029283797,332.35111647936395,0.01085937660796762,0.0,0.0,0.11963190618099082,0.49515310412382735,0.26256040910367645,0.026312498816932057,500m_25187_7937,11
8358.282027352425,2605.6077996332215,0.3117023437069603,0,6,159,42,375.5282768799136,87.63057101884692,0.0,0.0,0.04660243791826828,0.08486883937149589,0.5070118978926262,0.3613971973188938,0.0,500m_25187_7938,7
9184.821734558687,4292.324010905958,0.4672770858112209,7,36,119,80,127.65049082026482,79.31912079494329,0.11178318656452109,0.058864490979113566,0.031688259649680174,0.1256215431342235,0.30191668664324584,0.296189509316644,0.0,500m_25187_7939,10
5537.375779741092,4048.9441559058278,0.7310706815374504,2,41,44,43,51.39161601879601,38.0964833973535,0.0,0.0946653458673032,0.06320590426333267,0.5030480414086965,0.08781556441974167,0.2510845856895669,0.0,500m_25187_7940,3
4935.816965506509,5150.167841405257,1.043216282351448,3,34,50,46,198.28996741893425,167.7513073862419,0.0,0.0582126246329108,0.22849830287692618,0.35064154815446125,0.11230871741425795,0.25013624725456,0.0,500m_25187_7941,5
5919.862176012524,3984.7513721350556,0.6730018794017317,3,22,75,42,68.37944548285475,57.240834612595044,0.0,0.11990575698261761,0.10554861754070365,0.0716999861798969,0.4352662383596992,0.26741050661556853,0.0,500m_25187_7942,8
7046.5090964905285,1817.3790394569444,0.2578753733516925,9,30,79,32,59.89481129633031,55.48545223526276,0.0,0.0,0.029922863630997866,0.09198586687209856,0.2939440658764227,0.4980118007277568,0.08599350878711798,500m_25188_7891,6
8335.893718531119,1921.9286597249404,0.23053294483686496,10,44,103,32,50.71466820684711,50.65402113937362,0.0,0.0,0.11718727977993004,0.34366957991598096,0.27180598540977324,0.12695565493553182,0.1402615512064351,500m_25188_7892,11
8475.283287517852,683.9445739721023,0.08068920666906884,3,34,123,13,83.61567499019826,25.5950644265395,0.0,0.0,0.06123623796940933,0.24955570255630624,0.3808026743794017,0.2881278658237641,0.020159543034826494,500m_25188_7893,7
8113.933780104121,4909.793756580187,0.6050318942365036,13,106,108,65,43.08251745891684,32.999749829211126,0.15375313517946937,0.0,0.2554330121239982,0.23129959848738257,0.12285607730140932,0.23536913051146258,0.0,500m_25188_7894,29
8245.58706788426,2932.993574968341,0.355661505884134,7,55,118,37,213.35135849189476,56.83664546432806,0.062119284749264154,0.0,0.018527863674969516,0.515738306398629,0.17924460592861155,0.22424867696247114,0.0,500m_25188_7895,22
9196.215137870933,774.3065900111641,0.08418924407050551,0,22,146,26,462.74803738227706,33.50162200002315,0.0,0.0,0.0,0.5180807649158389,0.31048029302324376,0.17133021349634586,0.0,500m_25188_7896,2
9547.362081438981,447.6426003587999,0.046881611373847075,8,26,160,8,99.70021027790645,17.649331376257088,0.0,0.0,0.05304769447099388,0.3125604653486977,0.4537317567087228,0.18055535346747895,0.0,500m_25188_7897,6
7946.193003298175,2383.7307547871483,0.29994625194051194,3,49,115,38,90.43740505679928,61.16378382651004,0.0,0.07218304150450769,0.06563436820551174,0.3523795398966782,0.24446830976507122,0.2652089100362739,0.0,500m_25188_7898,18
7820.226807558512,629.6336422306509,0.08050318162646386,1,5,121,11,72.21051453052121,81.54243800872588,0.0,0.0,0.07013399408063459,0.6009413493417026,0.2544375715753785,0.07435922782276427,0.0,500m_25188_7899,5
7334.601641427602,969.0575812075863,0.13210335410457147,2,17,82,28,234.70355086552487,107.96554428440544,0.10247301776889048,0.0,0.05344497542082644,0.6162161351160903,0.12934082777903347,0.09838872244503638,0.0,500m_25188_7900,3
10086.130280230449,2292.675503296001,0.22728719066803038,9,38,153,59,70.04346573538682,23.59252348701162,0.12506802389230187,0.0,0.06937907748396188,0.43805672922497635,0.27092676125896514,0.08975731976956704,0.0,500m_25188_7901,13
8100.281092701316,327.42552273224203,0.040416511781973516,1,15,92,13,262.07016371617897,112.92545131977569,0.0,0.0,0.10283914720584066,0.5125059102331372,0.20931273449155127,0.17521877080213502,0.0,500m_25188_7902,5
8562.971529930519,799.0963868691945,0.09330908960596203,6,45,110,36,95.51775649510898,13.574875319548674,0.0,0.0,0.2372757941366445,0.46587883296726074,0.25054051996273563,0.04618808467969272,0.0,500m_25188_7903,15
10088.317940503284,299.39450051344,0.029674404382830394,1,15,148,9,162.5541121264225,42.99869916456142,0.0,0.0,0.007536216803368213,0.5456501564371057,0.31932523609768687,0.10785801395872828,0.01953126197544746,500m_25188_7904,5
10000.999314832838,2037.4229105904922,0.2037015647030709,8,40,143,47,163.0375321213503,85.74995775911243,0.0,0.06641269827599687,0.008315311329475331,0.39783301587697684,0.23065373072510098,0.18964455735369937,0.10704070642790312,500m_25188_7905,18
9403.402758609602,1891.7887224103695,0.20115990041775517,4,13,131,42,46.44321088932773,39.4545987107621,0.0,0.0,0.054388767360102674,0.37010034150741483,0.3652721617105727,0.09304200048105102,0.1099751398543249,500m_25188_7906,38
11537.542253217247,3378.816861160271,0.2928287462151615,18,65,133,56,18.7583312968915,11.37139266446291,0.16162362069932373,0.0,0.055270001597446224,0.27065783083867356,0.10747443418070908,0.14904467093399054,0.08397014580319906,500m_25188_7907,24
10261.09239498126,765.2795640655071,0.07457344317419826,4,29,103,23,185.83782056039502,20.937778179366948,0.14691947442757403,0.024479646024477438,0.016532306503998735,0.35274868308382595,0.07926155680216147,0.18132199475330435,0.0,500m_25188_7908,13
7123.077055436345,1303.393807619354,0.18295616365136605,4,28,56,21,221.34899785407532,67.71639111391396,0.07515143373805425,0.057334395117316694,0.09485089589073288,0.20674919358575178,0.07684953113719166,0.3339692086439352,0.0,500m_25188_7909,14
7269.6400202527275,5439.568536668745,0.7481553923061185,16,13,88,34,125.24448196459434,133.4333488337753,0.055654752423991496,0.12312921442169528,0.07394525620147917,0.144991796965116,0.3411254244734514,0.06379464215977405,0.0,500m_25188_7921,13
8314.233211652221,3625.8277226685814,0.4360464259243712,7,32,105,57,81.43310440935,62.74846997644351,0.0,0.10112830233641448,0.06112129212343676,0.2777974279845503,0.3106974947057683,0.117644231099565,0.11888269100197468,500m_25188_7922,24
7949.960588427883,3658.7062870228788,0.4601590268662497,15,37,100,76,29.479421599103585,18.65790643806199,0.1773490517887781,0.047554121039339196,0.09319312137977652,0.3870122015443756,0.19910768301093396,0.09565805027002083,0.0,500m_25188_7923,19
8439.461728569968,3129.22881292401,0.37074142547580535,8,28,119,93,92.02954219511575,78.37472046358327,0.20102746364968718,0.01807548056238634,0.03073732998363837,0.42126737415034965,0.2620517750260601,0.0667220996970947,0.0,500m_25188_7924,9
6667.203915241119,3103.9742822015014,0.4654888065295861,8,42,92,60,79.7918462659068,85.00346164873184,0.01767379167604117,0.13427328143226144,0.11619725714340252,0.200666222748852,0.4200520256281819,0.11098745595137972,0.0,500m_25188_7925,11
4902.324348636374,3710.9065728261025,0.7568144199675704,5,17,49,28,71.40927724257907,40.44579487550789,0.1613864107913341,0.0,0.15141635298687245,0.21243085792965963,0.41902852183611516,0.05553391318633092,0.0,500m_25188_7926,9
5906.969172738522,4750.1624628609925,0.8040262777233059,7,14,71,37,26.14546419743411,78.14689336368158,0.2844243914139642,0.0,0.0877351792430236,0.17711129290451205,0.38945685913124306,0.061103014406459405,0.0,500m_25188_7927,2
7762.700354018831,3475.626893968043,0.44767658918841535,6,25,125,41,179.4112620099447,155.62851324577932,0.15613020656635168,0.0,0.03158232107864519,0.2866587259080492,0.2777892520133382,0.24771068987465583,0.0,500m_25188_7928,14
8305.683441417692,3184.503189837684,0.38336638350265445,5,17,149,46,113.60786759184774,139.3120441506356,0.07160434079987338,0.016590775854891757,0.028507809443448627,0.348789417167848,0.42544643336865845,0.10278293745622431,0.0,500m_25188_7929,9
7600.8588199206015,10708.649365436435,1.4086882720545293,0,12,116,81,342.190676309022,146.0201312749855,0.0,0.0,0.0,0.3852424710488347,0.31384278660297155,0.28253137929369376,0.0,500m_25188_7930,2
9978.287765562618,6423.045784938686,0.6436376959790541,22,87,109,92,2.3913629659385656,13.340272440290358,0.0,0.11790478399425204,0.11528968930689298,0.12963690459955038,0.07210780493923553,0.3470470860946427,0.0,500m_25188_7931,24
11700.76317264351,7914.313384067313,0.6763351186742069,24,141,136,155,39.562176685545076,41.884706436947965,0.07046250147620758,0.07700929523604921,0.12364895062751864,0.054849017447721866,0.05797238269441525,0.3231267055218282,0.06643050255388114,500m_25188_7932,54
10483.26191687934,2029.144421333398,0.19354194290649468,2,9,147,29,231.21729451367196,209.35830308917016,0.053119449781896325,0.0,0.024661558001965612,0.2763654668615608,0.33126352925234015,0.10290613474239926,0.07510257529269515,500m_25188_7933,19
7514.432699667334,307.09009626951934,0.04086126621599745,0,3,103,15,405.59091479155427,193.76746323620534,0.0,0.0,0.017606945487247734,0.17662763780816368,0.36940346187237033,0.4362288952946028,0.0,500m_25188_7934,8
7442.2259019634685,2016.5553867285973,0.2709249206310727,6,31,104,37,221.48874051611472,92.3138329791849,0.0,0.0,0.13936472974596112,0.2489441425893764,0.1632388275420811,0.4483179497732612,0.0,500m_25188_7935,22
10108.397555642947,2253.772164979892,0.22293832570882155,4,53,120,50,114.3593194121412,80.16138280945621,0.0,0.0,0.13541796416230797,0.23305294093859683,0.06667340623567515,0.30720466428006293,0.0980768407158346,500m_25188_7936,16
4099.440682286396,3134.0976242432102,0.7643319016373735,2,17,56,29,176.5389028582951,116.90171514027686,0.0,0.0,0.24550514056521866,0.16815817525653878,0.24429541016964806,0.3417973977822372,0.0,500m_25188_7937,10
4688.03010485204,4893.57958128222,1.0436229821212961,4,15,61,52,30.512200203704932,24.986407678133045,0.0,0.0346373092581014,0.31220481557198226,0.062545491473703,0.2954149589045817,0.2949841610723469,0.0,500m_25188_7938,5
10685.111240757697,3204.233456541308,0.29985028083182413,2,13,185,75,183.24695921080004,90.0360995127045,0.10103398288134642,0.04071106758023778,0.048628302848897936,0.13574671650518197,0.4793306290351394,0.16635195000748998,0.0,500m_25188_7939,6
9371.248717832903,1460.993136106256,0.155885015442065,0,0,155,65,449.67672986682936,301.1805022397642,0.0,0.0,0.0,0.344628735059365,0.5186695600556448,0.13659500690565657,0.0,500m_25188_7940,1
8788.378759064015,2465.076258100518,0.28046080680712693,2,28,133,77,240.84974205835903,60.88675292274683,0.0,0.0,0.043029143570527444,0.45033136700303894,0.340217760583536,0.16630795515906605,0.0,500m_25188_7941,5
5466.190903081909,6323.924939359212,1.1567046132949836,3,35,67,65,127.93746383510086,114.05417337349992,0.0,0.018422236740760423,0.16753392454780522,0.44687290588033324,0.2415719236859347,0.12541609985633242,0.0,500m_25188_7942,7
8544.430101280219,1019.3349014952549,0.11928421266268915,4,55,117,15,114.11309403575983,34.050886287899644,0.0,0.0,0.1298820270479671,0.15054185694349165,0.2947011550863748,0.4247579393108322,0.0,500m_25189_7891,9
9827.130341084921,1897.5608024106082,0.19307444412678978,4,36,155,28,61.519542173479536,28.409501588165305,0.0,0.0,0.09971800107175893,0.23620181680568056,0.3114386729218217,0.3525397604484027,0.0,500m_25189_7892,5
10562.266412113991,3227.471449963317,0.30553725751553906,17,74,138,57,165.04422820163444,31.57941383859496,0.09467488798847815,0.0,0.015075261454653955,0.12058977548970892,0.24380336418908666,0.3531045606957776,0.09419355197808497,500m_25189_7893,8
9506.001686422984,5181.033903877218,0.5449703360499335,20,138,133,73,68.648664921095,64.00124571454815,0.11442898172491119,0.0,0.17494132430735987,0.26024028981286396,0.054503352808717494,0.253037681353646,0.09644802092600373,500m_25189_7894,30
8869.349709613567,1532.5946668242175,0.17277725422293236,5,39,128,37,25.7770261651673,32.107120874823664,0.05879495143228929,0.0,0.0,0.37536438788996634,0.34043552602694294,0.22529239952391897,0.0,500m_25189_7895,3
7381.863707799328,3339.3719398543544,0.4523139085347885,4,46,119,65,113.02498805138265,62.709918609541475,0.07020763484987537,0.0,0.0,0.13261689326359316,0.44996457001887175,0.3470754530716936,0.0,500m_25189_7896,16
7116.382886161442,1878.3424578824881,0.2639091486190254,3,19,86,27,255.596045496425,99.5130981787804,0.03001798082154687,0.0,0.08172119131036679,0.4001273495707732,0.20240048277672834,0.2855924944380955,0.0,500m_25189_7897,13
8663.97609012656,3589.9463244096883,0.41430539300625513,3,32,135,66,363.87904002764884,34.727275278244456,0.06712086154663902,0.02987975229294296,0.022634804778475313,0.3459957620466819,0.29213630790431744,0.21250469396255942,0.0,500m_25189_7898,17
9640.730168482229,3191.496394910792,0.3310086819628543,15,35,161,67,72.87529424034881,65.64948906927391,0.11791069365414915,0.05735972501468827,0.0,0.30802559885448166,0.2871018642763663,0.1700121072638765,0.0,500m_25189_7899,12
7626.01618850204,1314.278193375575,0.1723187890117356,2,6,121,37,386.8074210969861,244.91362704283864,0.0392385313504425,0.0,0.0,0.6388699573835771,0.32176039839362225,0.0,0.0,500m_25189_7900,5
8962.45810361898,2412.6852920920196,0.2691690265298281,6,16,160,54,63.5514426662276,52.071070488912326,0.0,0.0,0.09304129005246937,0.5005428348327019,0.391110427197895,0.015193883832130205,0.0,500m_25189_7901,4
8784.597379630553,193.1731581879213,0.021987481310695403,0,11,142,8,359.6520133604829,88.8150504159855,0.0,0.0,0.12823140702023658,0.488716884124693,0.36094211894811107,0.021995767254180426,0.0,500m_25189_7902,4
8737.968206546404,1414.9459939896822,0.16191224874004453,10,44,133,32,33.59924001587519,18.61799390636401,0.0,0.0,0.24536418422545458,0.33557702462715,0.2824303057720253,0.11630331883371343,0.0,500m_25189_7903,23
8821.25996135347,524.6010106292752,0.05946333625707322,2,18,134,18,246.54025937203176,62.07487573507064,0.0,0.0,0.09381135013295325,0.5563872944798627,0.3213045529027269,0.028383452843391593,0.0,500m_25189_7904,3
7548.26448557605,3215.2039274330273,0.4258963152736448,4,10,106,24,116.39798217178449,132.9422147421627,0.0,0.10153034660771817,0.021391740911417868,0.45635979215837413,0.18120665117788257,0.21020276587874245,0.0,500m_25189_7905,6
8688.572149547153,893.7955797132988,0.10285841055590728,0,5,133,22,410.045077985343,258.8972146595458,0.0,0.0,0.06778024678779118,0.4981380244917695,0.3634187485954488,0.07054789966040795,0.0,500m_25189_7906,14
8848.792036980143,2550.8594857813832,0.2882394834954591,1,12,159,57,486.127966814007,242.0000398779328,0.020840763422794187,0.0,0.05270270140030262,0.34733359864939795,0.3908655209081077,0.16677161476995087,0.015797784216584395,500m_25189_7907,6
11155.07822719982,5304.75838001895,0.47550387080339135,29,76,155,99,47.54282385421258,48.63309965956013,0.2416427825402611,0.0,0.022264946954108494,0.3075381198415332,0.041322644694922465,0.17160906599499237,0.10323052423347405,500m_25189_7908,34
8354.834976043028,3485.3747507193734,0.4171186674595984,15,42,91,45,89.72823542575875,82.338964021451,0.03114766450340648,0.07802410542458965,0.19907148909627925,0.24806148405686454,0.02335588683964134,0.2841234124237454,0.06186301550009164,500m_25189_7909,22
7394.107095079094,3707.1752391573427,0.5013010888813495,17,35,90,75,102.44317920844102,108.42481815365491,0.14069344726778088,0.0,0.06771805283488228,0.2011247025306293,0.31716746176031824,0.12486758276113266,0.14681481597969656,500m_25189_7922,24
9793.398538886735,5214.651478038444,0.532411608261058,18,44,129,106,70.4644057436022,63.65794659125991,0.3182490595055576,0.0,0.02872909424206914,0.2735322038299352,0.2560599647067703,0.116302779804087,0.0,500m_25189_7923,25
5056.134869639267,1655.2695236890434,0.32731369962595364,5,23,63,31,233.56882372126853,56.62389888620806,0.09479645345011582,0.0,0.11201765169211687,0.2579943286250464,0.2953025311410309,0.2396912946663748,0.0,500m_25189_7924,17
6667.52439070632,2427.5411395576916,0.36402973091631297,3,18,102,41,139.45431251784288,123.30431180977112,0.0,0.09422861199191802,0.05949857461188313,0.30281090064560845,0.4667415378535471,0.07657041668418947,0.0,500m_25189_7925,5
8329.707556024545,2959.520493118053,0.3552543974464458,14,41,132,58,93.2180866177615,87.19017132722351,0.11872700716317916,0.0,0.1430296420233654,0.35232154881733224,0.27083197234264805,0.11496979183036306,0.0,500m_25189_7926,7
8453.733841593765,5312.063311569729,0.6282945638615604,13,69,113,57,119.41326513759401,75.89069246424879,0.12870388719192422,0.0,0.21328094233217057,0.41814025301666413,0.12712494285668022,0.1126316976681544,0.0,500m_25189_7927,10
5054.013544071053,4769.493459756872,0.9435174442511508,4,14,74,38,194.34148548718167,129.40326461429638,0.10368310018709492,0.0,0.007573373727003721,0.40620935112563844,0.33720261951851344,0.14513373203508947,0.0,500m_25189_7928,5
8998.004684972213,1668.143091882209,0.1853697325736374,3,12,144,32,69.16637962920109,12.496953983787833,0.0,0.10609182320181247,0.00366378263703585,0.22714553628470338,0.405622914900472,0.20720134254878683,0.0,500m_25189_7929,7
10339.058503943323,11099.646846090684,1.0734607393041038,2,5,124,105,304.5267674440156,145.121812998311,0.0,0.16761305509328436,0.0,0.2219992943228166,0.35777970509650464,0.059119303940137605,0.0,500m_25189_7930,6
9015.410493852512,6963.626331111548,0.7723280052366099,8,48,142,101,99.30895964569473,59.2371905476348,0.0,0.01819434904693766,0.11437133610955465,0.2501495921329736,0.4674682801603577,0.06560670769751208,0.03537875539480996,500m_25189_7931,15
9369.358782956268,2219.367918393919,0.23684983358702594,4,31,142,49,127.44404207539355,120.22730420038825,0.0,0.0,0.07755646059768258,0.2966530797960228,0.3365994393666218,0.19416444808049219,0.09491985265962209,500m_25189_7932,20
8368.23180779092,2808.670502639322,0.3355947794425684,7,15,106,52,182.9454980795056,154.78561057715282,0.09151200755168672,0.04594093265036083,0.05717023698072576,0.21564012151138218,0.35682368288332894,0.2327935331432247,0.0,500m_25189_7933,11
8911.57151109749,3392.4977513347935,0.3806418548351196,6,17,122,47,202.62878484180752,81.23132045468616,0.0802639077187494,0.0,0.17827823495000916,0.2065804700661632,0.23825223856666095,0.29651294763514924,0.0,500m_25189_7934,14
9387.291550872793,3041.243490376342,0.32394003465876703,10,24,140,68,109.94369852469336,14.082182875487725,0.0,0.0,0.1565413401197838,0.10375119681169447,0.3537385050221834,0.30557647527926224,0.04593321486973037,500m_25189_7935,18
8993.46411337882,2978.701298866711,0.33117051347573234,0,20,130,44,285.6053978362867,181.84352508159432,0.0,0.0,0.05328422305191437,0.2651190064663045,0.3391598800526805,0.12068687239576396,0.0813139927734477,500m_25189_7936,7
3627.7926340889894,3227.2117316983513,0.8893348441522465,2,16,33,17,72.95551141614,61.17976873972096,0.0,0.0,0.1985792009954532,0.24469524639251874,0.523113930240538,0.03333604861987716,0.0,500m_25189_7937,2
7902.409897508494,3058.3840149540456,0.3869701881359062,1,20,139,70,401.73597814945356,43.24861943719298,0.0,0.08849627951270289,0.0,0.2287111787621427,0.560429020444633,0.12223699361550568,0.0,500m_25189_7938,10
9952.995410312158,3047.642287984236,0.3061727640367339,2,19,189,82,121.47754422008249,68.51934825096875,0.014161445883056243,0.021834499524589688,0.10376513825386131,0.2115413778148865,0.5122870838458939,0.13630999250561054,0.0,500m_25189_7939,16
8524.185451815098,5003.787366673301,0.5869417615552216,4,19,145,80,205.69126495749597,69.83175693537336,0.11959952733333234,0.062228335739158876,0.0006607472306466481,0.3548900554673905,0.3704803143607948,0.09202372036760992,0.0,500m_25189_7940,9
6835.279565598689,5834.568653712288,0.8534713359402124,3,39,76,100,106.83868064511455,85.76013270257488,0.0,0.08120618180327627,0.11943267362333272,0.380360016971152,0.2226616533888941,0.19619319581872982,0.0,500m_25189_7941,10
7876.784145842513,8680.876926566558,1.1019439941303641,16,77,126,112,68.03756200376854,35.4750582906813,0.0,0.10146306183507318,0.15294886181685158,0.24584633157541816,0.13824449980888193,0.3613703057151886,0.0,500m_25189_7942,31
8148.979147371196,2975.3798544233196,0.3650782168421914,6,50,108,70,60.30523304494227,28.59201371175148,0.032497007189909485,0.0,0.1254681581093372,0.037953609086741766,0.3326022145636491,0.4713563113499188,0.0,500m_25190_7892,12
9637.016140243784,1829.1631569508754,0.18978627243766044,8,97,124,42,105.19523247286529,25.892765466173003,0.10750225825119429,0.0,0.06305595214265909,0.06236125070593978,0.23500310576531203,0.5319736773426813,0.0,500m_25190_7893,13
9022.204730451247,1487.2381510869047,0.1648237179045508,6,54,135,39,156.37641267811705,82.15923962453564,0.01303054650307029,0.0,0.08763442801780946,0.10800242934060271,0.3134568433293579,0.4406032555713746,0.03716167186809886,500m_25190_7894,14
8347.432125082789,2975.0553353929627,0.3563609658458426,10,37,96,58,35.026955395625635,40.696123921323085,0.0,0.0,0.0,0.16919290780355523,0.21344188675328102,0.4759432145309096,0.14130220794162876,500m_25190_7895,8
8260.137558879444,1202.8952598848325,0.1456089129749336,3,16,100,28,154.77064943922167,208.02462588507905,0.0,0.0,0.0,0.3101238442067431,0.23741682434598352,0.39873238983290427,0.05360589290977204,500m_25190_7896,12
6783.521966111397,1286.5701449695975,0.18963313132391632,3,10,65,25,170.35967956169725,212.38637975919062,0.049875754626807885,0.0,0.0702998038500252,0.33662990346521,0.21799671016580988,0.32505043357240004,0.0,500m_25190_7897,12
8573.495643219234,2178.439371414486,0.25406035084258394,10,31,118,48,33.86213179917516,27.31488156026987,0.15645327961023375,0.0,0.026161871591869466,0.23585224434612478,0.37098690233296894,0.2104290771834592,0.0,500m_25190_7898,17
9002.875179400788,1078.8676202193324,0.11982258735522937,8,44,134,25,152.11857632963714,7.843813404411079,0.0,0.006748881570368548,0.08788164043754425,0.16984925140799942,0.3838176660498809,0.3515914972442258,0.0,500m_25190_7899,16
6657.59446160216,5482.01980940566,0.823299848191476,14,69,94,68,68.16689113459243,32.726279520436975,0.0,0.0857984934908185,0.0598169164351981,0.2535013653535824,0.20130330674962277,0.399429736125981,0.0,500m_25190_7900,59
6953.109209362917,4353.919302283597,0.6260930294884556,6,22,120,48,172.8289611006558,100.11302403542639,0.0,0.07282731682041706,0.05699553452445367,0.46710909571802306,0.3448539661699074,0.05807028689723886,0.0,500m_25190_7901,13
9444.112822812502,1364.7670840725339,0.14449452427675108,7,28,155,34,170.38032302631044,152.7982983986116,0.0,0.055687925307067634,0.06835984152062316,0.3728645644364577,0.45522487039234594,0.047756923483271804,0.0,500m_25190_7902,14
7227.842109689656,420.7168523537101,0.0581997567480101,2,32,92,12,200.42967910610827,79.96821075647617,0.0,0.022576392330205336,0.18298679063999915,0.2370915146663323,0.3447062773030578,0.21250069031954022,0.0,500m_25190_7903,8
8681.084145042869,1786.1235296918283,0.20572520374749365,10,46,122,39,93.52989027283857,41.78900822459091,0.0,0.02723618859249098,0.2154480082686376,0.4821543529797929,0.2552476708353324,0.019798599606145394,0.0,500m_25190_7904,20
8915.943078187585,3623.5088754451217,0.4063622301580979,3,17,145,41,209.32631878907134,78.40845980642393,0.0,0.09877436130681,0.0393145882089688,0.3291751607563934,0.3857803861479069,0.13998859922533796,0.0,500m_25190_7905,11
7817.532278221514,3262.2747209066397,0.41724899313822505,2,17,112,34,297.402912095262,142.7377494219685,0.0,0.0,0.16915269836570215,0.42430288973898794,0.32086609220582984,0.08433252918845897,0.0,500m_25190_7906,9
8454.527712824776,11669.77203809387,1.3801352717931423,21,51,94,65,34.190555221259835,9.14638838897674,0.16216665610769054,0.0,0.3101077984291422,0.12957146954921314,0.09157255255510434,0.18172865189940102,0.0,500m_25190_7907,21
5943.7244176372415,7009.34364495835,1.1790863886242595,6,39,62,62,93.12650287833857,16.82840425945807,0.10688016664513438,0.0,0.1864522215251585,0.02886751142990089,0.11263443684503431,0.5649974471784113,0.0,500m_25190_7908,20
7528.926462410544,1255.766095873957,0.16677003449406205,3,15,84,25,216.4842243703549,126.90531590862356,0.0,0.0,0.188095058344907,0.08347864826341357,0.20351606561695043,0.397042318973616,0.12773510537932756,500m_25190_7909,16
6639.300246848732,4042.9134200929575,0.6088449723356396,7,37,79,52,214.19896162852305,44.43762545609611,0.16655452261068865,0.009025313929816455,0.04121726342065579,0.1777926151532634,0.5504141929644683,0.04496009334278727,0.0,500m_25190_7923,11
6029.374666347368,1422.036455299965,0.23581228928206885,6,27,79,22,237.12341959765132,59.61993913913485,0.08265425897373233,0.0,0.08463578689741497,0.11216317744863012,0.48756178859122523,0.2328191609131867,0.0,500m_25190_7924,6
7674.921417431029,1995.4337889034232,0.2599601637885518,6,17,103,35,160.6142900436257,134.34896783599038,0.10425043150742733,0.073939655391158,0.0,0.5045304093819651,0.2454747632010471,0.0716744629991816,0.0,500m_25190_7925,10
8864.386947700044,2558.121239958889,0.2885515606989433,4,47,121,50,85.34053428901943,16.507314447479345,0.20809705478810797,0.0,0.020135795203782666,0.4476075145092469,0.25958044288922044,0.06446639437467401,0.0,500m_25190_7926,4
8847.156154050652,4997.665942943423,0.5648256942951341,19,71,118,75,41.75677637931475,33.08823697391805,0.17235854883516905,0.0,0.11450713385725132,0.44800964831061174,0.05753332717530723,0.15218114935305227,0.0,500m_25190_7927,12
7954.9452717398435,4822.968196283775,0.606209322909164,6,23,94,50,146.3626011405733,100.3453587037801,0.07979402405549692,0.10167277170358827,0.0,0.2833499657891088,0.27395779407277376,0.07901229111937814,0.0,500m_25190_7928,4
7563.052201368281,3187.415675672234,0.421389962789476,8,14,74,44,49.2926223424099,42.46297424761805,0.0,0.20381282465316325,0.06808649189804479,0.1881423253614376,0.33081447526429875,0.03584726268072224,0.0,500m_25190_7929,8
5880.311279715244,1156.9333352743938,0.19671350150512848,2,5,86,22,276.67909208337477,193.40941005580623,0.0,0.028064365457075614,0.08537512782922796,0.2463623257314081,0.4991692749456381,0.1199687518993338,0.02089012402796798,500m_25190_7930,10
9495.265499170546,3790.0044323569678,0.3991047251878127,5,91,148,85,159.21540379600876,18.795718673045613,0.0,0.0,0.15604916191289214,0.3876407821734435,0.29137016257779297,0.03552841405297797,0.12601865514196814,500m_25190_7931,21
9887.66130602091,7228.126194038474,0.7309509316127032,13,92,165,104,144.8315798746617,75.57639049730794,0.0,0.06134138904135081,0.23660354248116483,0.3646982769871068,0.11919663212687807,0.21559355580487383,0.0,500m_25190_7932,33
7742.946989917289,2085.1068893246274,0.2692563484795882,1,13,117,37,173.54868207609277,168.0637764050032,0.0,0.04175468374012804,0.07501418484807904,0.33442603706983515,0.3867735760402537,0.16190238518634253,0.0,500m_25190_7933,6
7573.085873387487,1400.7605387163378,0.18494120110759346,10,19,99,35,178.41388652972344,31.51904055717784,0.07899274905940684,0.0,0.1434478683498719,0.24434462261576936,0.37854967703611897,0.06691318021980261,0.07023620930406947,500m_25190_7934,12
11158.256600964745,3488.559561029061,0.31261576696134635,7,28,173,97,118.92160816661877,57.46874293945561,0.024404396470648217,0.0,0.02664164032841569,0.16697689148160041,0.2840107383599662,0.242481376670816,0.14435872929228444,500m_25190_7935,13
8178.145743745015,5031.689356083411,0.6151851933842095,3,32,141,106,110.2338364119693,70.59940872948398,0.0,0.0,0.1785921691475969,0.2043190636583325,0.3770524628549504,0.2337566754123662,0.0,500m_25190_7936,7
5910.837710112916,4948.016821219621,0.8369676340667197,1,33,81,62,266.79969621626066,131.42385965326056,0.0,0.0,0.09172273756255696,0.21472492537666918,0.638338649128383,0.05504453579239153,0.0,500m_25190_7937,7
8723.936477998988,4669.068318454993,0.5351406660929428,4,40,141,77,125.31762826040143,58.290924799414654,0.0,0.15314109269201537,0.03421653767262418,0.14908926191958013,0.5564073477009772,0.10703114599984492,0.0,500m_25190_7938,12
6916.229616045729,4361.135871100386,0.630474353631975,5,34,93,80,130.99335672585218,80.1338214761625,0.0,0.046856505830866306,0.16901450472037605,0.3881345366285595,0.2026742872618942,0.19317559901136092,0.0,500m_25190_7939,10
10631.45943379292,4485.194624505982,0.4218398059672613,11,49,168,97,48.80238471576613,33.22281141992853,0.0938246277449036,0.0,0.09322830837620741,0.5108145861472864,0.29237474823892745,0.009663677875903724,0.0,500m_25190_7940,10
7139.048094873472,6545.77419163509,0.9167689215335861,7,60,78,98,126.73678833160209,32.014626200456355,0.0,0.0,0.21068326686354247,0.29180940561395663,0.14450556697198874,0.3528617054715104,0.0,500m_25190_7941,2
10081.606464708726,3794.640333047336,0.3763550969017175,5,34,174,68,156.0483091667359,89.6710692932709,0.0,0.0,0.10209522838775736,0.3395333755166119,0.3214651190628761,0.23680709632948022,0.0,500m_25190_7942,8
7898.7953929034675,1040.7365587160716,0.13174221697576935,24,64,94,23,44.93595448892909,49.59910947250853,0.0,0.0,0.0032712280810411622,0.14392589508717996,0.14051940022520576,0.47386438256500923,0.21630122578568556,500m_25191_7896,12
10083.049092893567,2277.912978297881,0.2258926902590322,15,55,139,47,69.04936703673543,32.33929490682197,0.0,0.0,0.04377937449610113,0.32064442947362193,0.13409565548674815,0.2374926068400692,0.15261807941867206,500m_25191_7897,15
9271.269861027962,1949.3959029186767,0.21023934075863476,14,30,100,34,124.41518846123513,103.13939780995568,0.11477532275665801,0.0,0.0,0.09063387783267719,0.19352756433736645,0.3865721606505978,0.10150154835395336,500m_25191_7898,22
9043.091969465959,828.1437253824898,0.09156737107256446,4,56,133,11,126.49485073350473,18.52567501607001,0.0,0.0,0.08397146068241805,0.04159560548222466,0.33714874399397093,0.5204295066464758,0.016744113775296075,500m_25191_7899,12
8150.424581036316,6045.739891167368,0.7416789336715858,14,94,108,77,104.96529723717148,18.95013104191803,0.0,0.0,0.20678445874240214,0.1088268651730796,0.02089457773817808,0.49944077462971026,0.12162106217327875,500m_25191_7900,20
7905.416678603101,4569.351565559691,0.5779295161518101,10,97,77,79,79.21721088754937,29.563395421008437,0.0031308845042874634,0.0,0.205389005151454,0.09691769799337013,0.0334319877790169,0.5745012687005615,0.05059296034247901,500m_25191_7901,8
7576.997527926173,710.5313851219029,0.09376241975580982,7,33,94,25,135.68413786218133,131.29720980240737,0.0,0.0,0.15019544517768124,0.19722489489006298,0.23269638054426348,0.41975131840538227,0.0,500m_25191_7902,10
7284.004110238592,1511.67696662128,0.20750530044268853,3,16,105,25,194.2846031067663,171.78291968614633,0.0,0.06514234555921228,0.022579181605497115,0.1574200605403476,0.3881460027229253,0.36002979021465653,0.0,500m_25191_7903,8
9282.070459270055,7587.75416364696,0.8173754790442039,22,87,162,102,63.45978422015122,38.95407861015184,0.0,0.13609364347104042,0.2918033160729479,0.3615040278675644,0.09743651959840717,0.06890754789400858,0.0,500m_25191_7904,43
3034.258719845269,882.5057944394828,0.2907514238142016,0,3,29,10,309.9303738358736,269.2575589376821,0.0,0.0,0.15184638777157525,0.09288118778068107,0.6950103082783776,0.059932654962825946,0.0,500m_25191_7905,2
5063.480650915653,1628.9811704239714,0.32164821680767075,0,17,47,13,321.48931469662006,52.52467773610861,0.032593401496555235,0.0,0.16857844402137237,0.20554916152166272,0.3349138696710822,0.18897048105171899,0.0,500m_25191_7906,7
6176.033055558396,2210.846602342727,0.3579139989146244,2,10,64,28,119.87965753150624,72.28636069279052,0.0,0.0,0.18908964281504273,0.3689208025394016,0.37253699626576703,0.06929066836058242,0.0,500m_25191_7909,6
5553.632544558133,3556.7710071053853,0.6403251661696235,2,16,69,40,136.48114600526077,82.26990634583096,0.0,0.0,0.19826865814746752,0.24606435284855482,0.37270062925314984,0.0574003830400613,0.12538594680024148,500m_25191_7910,10
5973.294026325349,5111.7825682386565,0.8556295598632927,16,34,51,47,22.707890139480007,30.054033923174167,0.19432086633839793,0.1933771940179024,0.07456211870188185,0.16902679905384024,0.3334843983954315,0.03359099528944753,0.0,500m_25191_7923,14
6651.051537046393,1880.409400741536,0.2826811232999655,11,18,83,27,49.91743351456402,52.91440228483004,0.0,0.07200388542396194,0.11405381695503954,0.3381145682004637,0.2650594462672638,0.210617953590364,0.0,500m_25191_7925,10
8442.59204396874,2436.0345652026485,0.28850689996832674,5,33,145,50,98.93568315099833,98.56319081407733,0.06633713175832898,0.0,0.05723094474442962,0.19580618236680267,0.4534102388576392,0.2270970692652847,0.0,500m_25191_7926,16
9895.706830305093,3849.8833182925587,0.38900650330508735,18,68,135,74,22.910373561790216,14.780349092105038,0.14332135760659825,0.0,0.11017889745001418,0.2663690055037819,0.17744919774310147,0.17717699244931026,0.0,500m_25191_7927,28
7362.788087687588,1489.1349534252079,0.2022240368262462,3,10,103,44,110.24774010344873,45.84264792678448,0.023255069813077157,0.01378216882944603,0.08319746569809315,0.3332821558023027,0.4224583079326042,0.1238890322534252,0.0,500m_25191_7928,7
4121.21256089998,4815.276032014539,1.1681289988993788,19,26,44,41,59.79016942876802,67.20516577508971,0.0,0.0,0.20637537299074735,0.2527222801224657,0.28600559002282944,0.04012367502755857,0.21453049366676225,500m_25191_7929,10
8136.391165398902,3949.419739354681,0.48534225024699024,3,48,118,57,148.98950929088315,137.18145737325838,0.0,0.07573427310521093,0.02544881330757274,0.49215127445098067,0.324182300071911,0.031113548650419515,0.05124690090550182,500m_25191_7930,10
9401.593013105397,2011.523661229045,0.2139328649475065,3,33,132,37,39.1464511904248,31.8086981359046,0.0,0.07565166620860747,0.036007961641408945,0.42051635084992667,0.3625685315411642,0.10514913611808227,0.0,500m_25191_7931,11
7753.233775313989,342.8696303526105,0.04421708711493249,0,18,117,16,279.2616240563812,113.64096023970009,0.0,0.0,0.02556339024541489,0.3515701722854333,0.3491666398096442,0.27357083585245157,0.0,500m_25191_7932,5
9394.161244136372,2648.2314903623064,0.2818718510036321,1,36,120,71,212.7376344884212,19.672472843460955,0.0,0.0,0.0,0.14487118232824495,0.47904303054220454,0.2800177384481767,0.09596161091261039,500m_25191_7933,9
8138.140192098032,4215.819516489813,0.5179686572523698,2,22,134,80,242.07043162831724,68.4987663157248,0.0,0.0,0.08290714058322944,0.14949475710451568,0.5466936632419722,0.12699511051906748,0.09378646545064225,500m_25191_7934,8
10165.6900601042,3845.9534449808098,0.378289632342878,6,25,160,93,105.94345259801439,72.19510313824246,0.0,0.0,0.13271765852288434,0.1760531930208613,0.28399383263211586,0.282061616185806,0.045347413508753036,500m_25191_7935,8
9134.822935576532,4530.758766711888,0.4959332945331395,2,21,137,81,241.05752881366772,127.68113905473452,0.0,0.001563145102561921,0.07354015250119987,0.07154114249201952,0.38442004221319437,0.30525818834030916,0.0965659440101476,500m_25191_7936,7
7382.367822542698,6410.9835481730315,0.8683007134764694,4,52,99,92,73.40040412112292,28.543393237631264,0.0,0.09715109456165666,0.11200149207064516,0.42444052114147834,0.16189138099428518,0.2043800716840159,0.0,500m_25191_7937,9
8986.071555360211,4550.3829398251755,0.506325437801946,3,38,137,66,336.04810260004535,40.967564742705356,0.0,0.08115362941872804,0.061973638261404174,0.28668377751002483,0.28093554280198546,0.23889006268865165,0.0,500m_25191_7938,3
6733.085230069015,6439.451222819803,0.956247359933371,3,47,95,91,178.9040189804317,46.230673218628304,0.0,0.0,0.09001437323348505,0.33241614958893784,0.24545627031052145,0.26582598532717544,0.06613872327087521,500m_25191_7939,8
11502.432904864947,4942.28455366274,0.4296356222126167,9,39,176,104,128.27282925533063,115.41843436722765,0.08480889948827788,0.0,0.010317646778185833,0.3144102006608652,0.38624705846551177,0.04266263079857631,0.09734734383272617,500m_25191_7940,17
6120.158902543597,3725.1483306638015,0.6085691271820842,5,13,98,41,178.67398366956837,82.46727519194714,0.0034207768893206067,0.0,0.03646424605292914,0.30200262093829405,0.4941070608234922,0.0,0.15271873020333926,500m_25191_7941,4
8481.838955789553,3960.6024894580814,0.4668958717829911,11,40,139,63,61.26796592341093,17.893444286025765,0.0,0.0,0.026666142428180724,0.33248780849607645,0.42089335662335553,0.0928980370914621,0.12693677029848285,500m_25191_7942,2
6221.7363442521755,1820.5049409857172,0.2925569781961409,2,10,89,18,189.01283041270744,144.68648126536152,0.0,0.0,0.05899472775614132,0.19863019417989058,0.3922773568038994,0.3499370202525571,0.0,500m_25192_7897,3
6639.065998188515,5439.006776949956,0.819119385023248,4,30,72,38,16.374011945460598,3.404480376471114,0.187888971751326,0.0,0.05978197116030243,0.23798085032968092,0.32586366689001467,0.17232427745572257,0.01600966150020994,500m_25192_7898,7
4623.330608338672,5740.935378328785,1.2414630061217145,13,31,54,38,211.91742459697895,198.51760896675313,0.0,0.0,0.28996932762221794,0.024502882028565428,0.24042024859717737,0.26641893846963105,0.1784723557679686,500m_25192_7899,6
4337.617186532382,2768.089756081262,0.6380119833281819,0,9,36,11,278.78842880083806,267.0415534439481,0.22986067545029376,0.0,0.0,0.12524207152986722,0.26215516217146057,0.14434098985823537,0.0,500m_25192_7900,3
6861.982056587622,5760.367127324248,0.8393388005138381,10,23,43,20,108.49503129094752,118.23554936897257,0.23775505529733984,0.0,0.11933747225555077,0.010874167504458356,0.09562952602804359,0.1380893633111697,0.09558511078191119,500m_25192_7901,3
7647.636467143012,4307.723452202322,0.5632014896651745,15,39,111,51,50.76535106960383,44.0579681700994,0.01660277419107586,0.0,0.19681406559164136,0.11903097774626242,0.2730119739210656,0.22886039579718456,0.1321978892692982,500m_25192_7902,15
7535.009744169306,1574.2608606016704,0.20889846404719598,5,16,88,20,38.77767932242085,44.921954236480445,0.0,0.0,0.05837717318972547,0.2444862723021785,0.21668110494286255,0.3339214172224627,0.1464013361236908,500m_25192_7903,6
8367.699666037423,3420.339101960244,0.4087061596726859,8,38,118,63,97.27414627282816,88.3150690312907,0.0,0.1363296902716181,0.07657228782916427,0.3193607115583377,0.3058132122671548,0.08059959896352405,0.039158495057128935,500m_25192_7904,10
7504.965236533991,1823.8458472278187,0.24298618362240257,1,16,99,30,377.39263213540744,43.65868528105447,0.0,0.021503368992803914,0.07935525678626484,0.31740870778035274,0.43481309154757336,0.1380833606188468,0.0087029869051943,500m_25192_7905,17
7824.834438176112,4530.581038566511,0.5789262569196912,6,37,87,56,572.2866190609175,90.78447960925152,0.12497523197210873,0.0,0.08745035085311686,0.1545135125414878,0.237583058628192,0.1591569812051675,0.14142216943779645,500m_25192_7906,15
5325.765059828742,2814.9318481321943,0.5284505354592635,4,15,57,30,470.4642331865216,264.58322239296336,0.0,0.0,0.06895895551511526,0.11554100753229103,0.2036576652484974,0.4019996489095628,0.2096549915939335,500m_25192_7907,9
4106.109165815083,2988.2384394510027,0.7275770666928371,6,23,38,24,132.89596693890562,128.1805183386774,0.0,0.0,0.17946737509621258,0.06092137150175053,0.3877354208449683,0.1270218624304631,0.24101970941182146,500m_25192_7910,5
5582.781970515647,5642.272149018525,1.0104750111683671,6,19,45,28,25.038827349111028,21.818820104481905,0.0,0.06374554183855227,0.09239375832715083,0.3031448652790742,0.26831679578541134,0.05897306223495763,0.21324688644765483,500m_25192_7911,6
7262.456521744892,7464.754788694279,1.027713839319717,11,32,78,35,189.3787160087082,106.47494099433985,0.0,0.09420811244100136,0.1026842225491169,0.0729183115131527,0.16180100282612006,0.12969596362608565,0.19820090077478952,500m_25192_7920,29
6868.386941133643,4881.561915458222,0.7106255561508122,16,55,78,61,78.43866675112336,65.14876019482404,0.0,0.0,0.22195829857960908,0.18214065709759225,0.17878083431293715,0.27095734499278623,0.14601729161895816,500m_25192_7921,16
4614.249974876654,2122.5835121786845,0.45990651074872974,6,15,34,30,96.05791306118067,301.8217429386278,0.0,0.0,0.22181514697012877,0.29403937361335214,0.103297004843658,0.3806318015853864,0.0,500m_25192_7922,12
7226.388823825007,2436.5462025972274,0.33712676348132536,5,43,99,61,188.23475840818642,48.074898030751996,0.07482284760462628,0.0,0.13471102028092227,0.32535118189702267,0.3353712388700019,0.12960534879016333,0.0,500m_25192_7926,11
8432.36589810131,3611.1479230363643,0.4281977050052315,10,57,103,55,106.65886219270861,66.23429198524359,0.12223408787477767,0.0,0.08747757342627764,0.1346699943605893,0.2072596342893584,0.312968908612417,0.0,500m_25192_7927,4
7323.104997698353,1898.9800832436222,0.25927810754220326,6,18,110,43,162.65255223971323,156.4909712469145,0.0,0.0,0.10332859685638057,0.2937296680229841,0.31251743545880006,0.18136221555192442,0.10892554865604788,500m_25192_7928,8
7411.998381824732,3437.2458318631875,0.4636782115440175,9,49,116,41,103.04413503445691,91.48883295316311,0.0,0.025397079999034223,0.18668166625489788,0.5127990385142601,0.16645548893761683,0.021350001620050265,0.08718182649279813,500m_25192_7929,15
7382.0906728020545,2535.430082419911,0.34341039474971746,2,30,105,41,169.58679899947094,81.14488171073343,0.0,0.1341505161291665,0.0011677243208486985,0.41173738989060077,0.2252666931609112,0.22754223186636455,0.0,500m_25192_7930,12
8146.004555881037,1110.3346712944622,0.13628747396402896,4,23,105,31,388.18526270625694,121.25495634659117,0.0,0.06887363276217136,0.025353144536842807,0.5373228779125113,0.23464223195175674,0.13368536833680478,0.0,500m_25192_7931,4
10213.79005976355,4803.821911070373,0.4702810222202032,12,117,165,93,86.36347340646128,43.64376116965498,0.0,0.0,0.05646647943480516,0.4202827275277487,0.12297236383686777,0.29417794590811247,0.10600258602838614,500m_25192_7932,18
5712.9622782262595,3078.5751838331485,0.5387811528900759,6,58,91,64,115.21415581315534,23.642682676677335,0.0,0.0,0.05172682543276123,0.26609617172779976,0.28780811511025234,0.32674743099158277,0.06744644683181347,500m_25192_7933,12
8721.215878162926,4209.62969965709,0.4826330554597237,0,20,139,111,646.2883648913129,111.76314404417204,0.0,0.0,0.06373426894162075,0.3556738512997369,0.43100959732542105,0.14946763266830337,0.0,500m_25192_7934,4
8986.327008023281,3294.088808497898,0.36652597658426767,0,31,132,78,549.8176357352305,52.9684056419716,0.0,0.043243249120853415,0.11571831259559996,0.3047929748385086,0.36346942697791895,0.16972555479404583,0.0,500m_25192_7935,10
7439.580173093088,7150.172547257178,0.9609697605455427,8,25,105,73,159.5713378606161,77.21311576153839,0.0,0.12151331721931603,0.027638199488909693,0.11419413090387906,0.3178907506663979,0.2294883318436868,0.08730330576119932,500m_25192_7936,9
9530.126399388324,8181.3479102007705,0.8583820597244227,21,71,130,92,6.80685457315355,2.6702149492901914,0.09508267768402559,0.0,0.0710702443792482,0.22709964823059586,0.2651741732766724,0.06531001293027852,0.13131169559042713,500m_25192_7937,10
10549.56241084339,5614.352514970982,0.5321377473868886,9,58,114,89,98.94100150249494,8.605232735611125,0.0,0.021538756678270363,0.06479001878648193,0.189207815029023,0.13403238074544407,0.2199865769461572,0.09353037642780129,500m_25192_7938,7
6590.648197898921,5277.397738424351,0.8006188406879047,7,47,79,74,95.08938751282622,84.48391065614855,0.0,0.0,0.09049723297241327,0.22244856327178533,0.38172805272448157,0.20492285666831184,0.09557878299003626,500m_25192_7939,8
5471.345118160817,6795.211763032798,1.2417366990400232,1,27,86,87,85.62054564173407,76.51216842270273,0.0,0.0,0.11275405770096776,0.18141714185080818,0.4840145552508563,0.2216315081845505,0.0,500m_25192_7940,4
6512.744019859451,4362.052637312045,0.6696690296721494,5,29,67,50,22.88129864146594,14.919558001200379,0.21983409733342085,0.0,0.1052603066198844,0.015015371052182681,0.08970917405370711,0.5115107145580974,0.0,500m_25192_7941,8
1550.7139828297452,2399.338542180785,1.546250513129546,0,9,12,12,402.49102577684135,239.64147623566464,0.01744306416392101,0.0,0.3088342664550135,0.0,0.27615240662971957,0.39692581408937255,0.0,500m_25193_7897,1
7864.763162925901,3180.967704153513,0.4044067483682357,3,17,78,17,132.7525093771808,62.94022795990588,0.17724621355382653,0.0,0.18476386122323415,0.0,0.22299645496306322,0.011988747966454586,0.0,500m_25193_7898,3
6250.659470930549,4765.578675175373,0.762290188282764,16,42,56,50,42.37948169430781,39.606844749941196,0.0,0.09084976931939004,0.15462161295795257,0.1350332877654252,0.08739896431662462,0.34830830450985845,0.18362810360192974,500m_25193_7905,25
7774.224397809599,5023.152748554406,0.6460460163657148,7,45,79,67,36.507125759296365,40.557690572450504,0.0,0.0,0.2257513562176518,0.02232116536211726,0.15186442562035168,0.4310778824116593,0.016470871522589373,500m_25193_7906,6
4848.614297725593,4969.344287494883,1.024688559217058,14,23,43,47,36.574123825131736,31.50055053291914,0.214355907401962,0.0,0.4442533282762645,0.0,0.12626373651962403,0.21492082583667224,0.0,500m_25193_7909,15
4790.229517515202,4675.203553310489,0.9757836764486946,8,20,33,21,133.32029650170372,117.47769016424363,0.20863275777994997,0.08015640451982231,0.10844531999244943,0.07696562124662908,0.49784275914109916,0.027748422626599593,0.0,500m_25193_7910,7
4053.6164127154907,2492.905484121174,0.614831399661702,5,9,28,19,194.63670045514618,200.35844422700598,0.23207154391995896,0.0,0.1863466575900758,0.14950830879418583,0.39063061516589676,0.04119624207487019,0.0,500m_25193_7911,4
2573.432261508147,3560.5116257292266,1.3830278927764126,9,23,26,18,133.5936678834561,122.76576109973337,0.0,0.3069595726836498,0.391647708735765,0.041292888290477836,0.03608534827991877,0.039580954697902626,0.1731443606311124,500m_25193_7912,14
5442.521367750699,6328.2433907368395,1.1625275190848958,15,46,66,55,92.60683727106925,57.7182067533998,0.11529721998561715,0.04112736144147901,0.133931362409877,0.11894626920476228,0.20304105939195896,0.054218678294561375,0.3186549448687161,500m_25193_7913,33
7005.4346398327,4050.898650585662,0.5781683350838179,10,34,90,82,66.61418870521008,26.48227396343041,0.0,0.0,0.1156370850046379,0.3032147813027622,0.25293645067762494,0.19492304622616852,0.12696316527513668,500m_25193_7914,21
9279.418208469797,5379.615140828796,0.5796737840886391,19,62,116,63,74.19526549320902,39.30011421320418,0.1827429259109388,0.0,0.1347718845167908,0.19000597274253636,0.16762749350855094,0.025514520294637494,0.11463221508295211,500m_25193_7915,23
5129.32125790318,4699.734764183652,0.9160702669338269,16,43,59,55,34.524614661768965,24.163466140543694,0.11717476951135833,0.0,0.22445098137890868,0.12166217300156687,0.25406686261357886,0.03822182315078199,0.22175298655974218,500m_25193_7916,12
6302.066130637654,7083.352477556101,1.1237947263674843,3,49,80,64,74.24650086811654,37.36583195128955,0.0,0.0,0.34672325826043204,0.22767905498896968,0.18821516614846717,0.05543786616009127,0.18178600149769933,500m_25193_7917,17
7669.684144389799,7395.0433087443125,0.9640656777861092,23,57,81,78,38.59781525436313,36.02557854196247,0.0,0.23759879711675225,0.32290798725525005,0.023207715240980194,0.1978976343837048,0.07808639208419216,0.00963907051036815,500m_25193_7918,17
8067.7968849405925,5887.581587974878,0.7296727965681374,9,33,100,49,49.02894818902525,46.963278774072045,0.0,0.27985924471347007,0.0,0.06164653530843589,0.3002798663265264,0.0661112775237949,0.0978669134493909,500m_25193_7919,6
9820.692687566443,6634.399394808039,0.675484318828944,18,63,116,77,124.5094071669783,84.89788311803147,0.0,0.1692475946651132,0.0344946735182988,0.0009951627758756057,0.3721629494559594,0.0017073418209938252,0.1885284798793786,500m_25193_7920,1
7153.222598069179,2279.8855891507947,0.31867691533194714,9,40,74,25,55.221562387677025,40.73354494048486,0.0,0.018725897914058827,0.1111920945555788,0.005665594150335101,0.24735550697046768,0.14024143187870183,0.19373927683874054,500m_25193_7921,7
6879.940786208537,4143.424361601944,0.602159572410012,7,18,56,38,144.88059511526222,121.44054815450538,0.0,0.15360545144187304,0.2392267522019609,0.04241292042647449,0.30323336111216,0.08711536295487468,0.0,500m_25193_7922,15
6507.558452412279,5663.057432576728,0.8700939653507789,9,39,55,57,110.82559534697765,102.43982424186935,0.06905795901259779,0.17076981030069924,0.2845898096037342,0.23392331960936888,0.14775397916104283,0.06526489868371411,0.0,500m_25193_7923,8
6967.4638467272,4588.371056260095,0.6584479961699254,11,37,90,63,145.72472578063076,52.23947089533384,0.08964148092048398,0.0,0.18435974763236496,0.11266276676693893,0.3830592254543919,0.06197538103711531,0.09071445054408457,500m_25193_7927,7
7034.766033224083,1874.1455831322592,0.2663740627931948,5,18,108,38,196.22785446116086,74.66513410435483,0.0,0.011389946027701832,0.11580528896857728,0.16352378297934295,0.41380351781802904,0.21175993345468005,0.08357539981734367,500m_25193_7928,3
5220.413068463866,7278.915834169144,1.394050947267919,5,27,76,43,124.44307185550761,87.78398532249888,0.0,0.11134535871596785,0.14657609733434634,0.33602946095289077,0.21386345512934712,0.1802225316627377,0.0,500m_25193_7929,4
7173.240347116856,2098.222738510898,0.29246618972754657,0,4,118,10,455.82162461260634,224.28028733710528,0.06295983418325177,0.0,0.0,0.42197773025234503,0.40834913132381667,0.09741123248766194,0.0,500m_25193_7930,2
8117.364596593037,3925.5074669772835,0.483534266079238,15,48,110,65,93.38961549959701,97.90838873416342,0.07219676530969688,0.10753369996684727,0.002034742978480479,0.27557512855458066,0.26297772071806713,0.13791404391152362,0.09501532925478712,500m_25193_7931,17
4994.076093084815,6615.828603085115,1.3244700340489448,5,48,52,54,129.50787271770315,28.791261970507055,0.0,0.08832690597134034,0.16118238707670485,0.266149982149921,0.14912014082486474,0.27388406497302137,0.060266478353927656,500m_25193_7932,3
7384.931122187871,5601.478929107432,0.7583984790056036,9,53,137,93,184.86083558303284,41.4631329416081,0.0,0.1122377484660146,0.05067211853787032,0.22150323041769251,0.32103771392877917,0.2944137961062447,0.0,500m_25193_7933,8
8925.13183449315,6282.012767280953,0.7037777263165039,6,33,166,123,313.53679941122937,9.862489696704234,0.0,0.09361753651957798,0.07824041641485562,0.27436452729032657,0.3296564847709298,0.22400900439367727,0.0,500m_25193_7934,9
6662.756913026272,4892.929786531119,0.734259945311998,2,32,98,65,175.86193362262333,82.11466334505604,0.0,0.1775392897820867,0.0690221450315802,0.09655583413907848,0.5284248614116517,0.12830780413755968,0.0,500m_25193_7935,5
9405.981739907642,2408.890356640528,0.2560747350471819,0,1,142,58,319.1992709706289,207.18403071289873,0.023371327354827557,0.0,0.09130376048647358,0.0671941671180019,0.42814177102319106,0.3898826699948504,0.0,500m_25193_7936,3
8707.136803938763,3457.5586301292246,0.3970491860630097,10,20,112,42,99.33093699767181,88.70071996684234,0.15370353694755964,0.0,0.07231262862981513,0.041324500571851115,0.39097331902166105,0.1277063468023871,0.0,500m_25193_7937,7
8771.296214305281,5225.1531926705975,0.5956425849083576,7,39,112,87,77.3151401717179,58.217097676180735,0.10507551152740474,0.0,0.07546520107555849,0.20871341105501587,0.21390211769183495,0.3043597335240681,0.0,500m_25193_7938,8
9130.6507162625,4642.888778165884,0.5084391554636877,4,46,135,88,128.74312757983023,77.78505798953539,0.008387325084232289,0.0,0.15833270531636076,0.32938884313635725,0.3998521621253701,0.10392945511190309,0.0,500m_25193_7939,2
5043.296933900257,3724.798542038054,0.7384177796920522,3,13,66,36,147.23264870466986,140.28117998846218,0.0,0.0,0.10512173111172429,0.21576899969058183,0.3360073870980441,0.34290363841710997,0.0,500m_25193_7940,0
6100.223350193082,5286.549622380224,0.8664737084592917,9,57,83,68,38.86408148800836,33.21513437133567,0.0,0.0,0.31620447586489275,0.14307925982797137,0.30529079105604545,0.21861652971956763,0.0,500m_25193_7941,8
3229.4978234279433,3217.8648248066597,0.9960894576279644,4,4,26,11,237.90479188212618,264.00708731552027,0.405757655092484,0.039202563791049264,0.13677468919258715,0.0,0.0,0.09845136442292424,0.0,500m_25193_7942,2
5185.07633752992,6002.711866183431,1.1574669317425563,16,29,50,39,11.359970486239774,4.872988651371547,0.27174164012487156,0.0370118245510778,0.3975243406610584,0.1402940803856819,0.04206165391686882,0.0988313608167243,0.0,500m_25194_7912,17
4902.102875573549,7926.1970708832505,1.616567563852323,10,49,52,48,166.21526255533516,117.48454928744407,0.0,0.04892602380053778,0.3207619092948188,0.19357870340258027,0.12674923752142594,0.11890635874803322,0.18551772539744468,500m_25194_7913,15
8072.443939427244,5720.2192151178115,0.7085228135644455,14,56,89,66,116.99456235575964,36.537108231544586,0.0,0.1273279924568588,0.21623087039509067,0.26142791007906224,0.16310768634356476,0.14366900626267412,0.02585177152164303,500m_25194_7914,24
6714.764714510176,9156.721519893727,1.3634666950302152,15,37,71,65,152.59428918400064,43.46606288684123,0.07043481062155912,0.15296798355384394,0.12074240121324172,0.09416566954022972,0.26920557046182936,0.10669583141712533,0.0,500m_25194_7915,11
6605.932018695344,9245.486972341556,1.3993616017510109,24,47,71,54,52.921013839587076,56.35177113714024,0.12924557522109092,0.15261347555217153,0.2621266729555683,0.04808261642750197,0.23893149247576004,0.14284134846441268,0.0,500m_25194_7916,11
7709.348150845737,8216.859510493692,1.065692410996045,10,71,85,108,89.35408516890026,53.0486711530959,0.13641709828447762,0.19552488812056146,0.07301250157251028,0.2700353630106611,0.10151073202982172,0.21908044204550983,0.004289279106848357,500m_25194_7917,13
9446.20875154085,10638.167151384121,1.1260645796197766,24,75,125,133,68.44824084296917,68.06961398211497,0.10097950890217289,0.18690329453071217,0.09187519674313256,0.137172524210149,0.17584444921158965,0.16864982261817424,0.11408383858845636,500m_25194_7918,21
8483.441225957598,7771.23238199593,0.9159392086093245,21,47,113,59,42.84198822788878,30.510640494757133,0.036048217651020655,0.19244192185019307,0.0740079296542393,0.0,0.3655821075631416,0.04063282121119277,0.12957263150865347,500m_25194_7919,2
7271.269067734009,2743.0435232153113,0.3771922487557279,8,22,77,23,67.59839169380315,61.14628965953781,0.0,0.20382737682660088,0.0,0.0,0.35163562262106474,0.0,0.20390666029293394,500m_25194_7920,3
3665.380622675681,402.6353713345577,0.10981821386583676,0,0,39,1,467.88332602840177,462.7069768504584,0.0,0.0,0.0,0.0,0.9997272514496135,0.0,0.0,500m_25194_7921,0
1389.0728576761849,2019.9231257899191,1.4531059394733228,0,0,11,2,456.44249683932594,324.38521211961444,0.0,0.0,0.3038343535719468,0.0,0.6224544561484248,0.0,0.0,500m_25194_7922,0
4993.817430194142,6052.806824169897,1.2118174305191036,0,15,42,41,364.69686977896555,113.90571032233862,0.0,0.0,0.25281618146313095,0.0,0.353112064239676,0.07214295902736304,0.0,500m_25194_7923,1
7174.551811961744,8612.787769910909,1.2002962274696802,22,51,83,73,104.78271737975183,99.72533869435252,0.24971239798487146,0.06505949248052922,0.12202114107340298,0.10143169117897916,0.11284564036705558,0.1843606713033603,0.0,500m_25194_7924,17
6081.350432376426,6215.551294440513,1.0218995704941722,8,29,59,60,94.55326704194772,77.66809842946287,0.02616989792357962,0.060640642460585786,0.04206102776939506,0.11599242183419733,0.3388695629759307,0.2172558325565572,0.19884620435391268,500m_25194_7927,15
8486.485410402434,4672.0269226901,0.5504606720105779,5,42,129,88,39.133389345840264,25.888511200823277,0.11316462103279126,0.07080322515727468,0.0,0.24268777074207235,0.26992593566147904,0.28708610345818236,0.0,500m_25194_7928,19
8418.328303680126,3458.4130044574827,0.41077065529631324,5,24,117,63,116.91349560095243,87.10684958570052,0.15868826080672838,0.0,0.02822328428561024,0.3094967213247295,0.3425099738933052,0.14902138214473468,0.0,500m_25194_7929,12
7097.902124149908,3276.2927264905416,0.46152104497184865,5,21,102,58,165.66355704126664,165.67441496712655,0.13362185631220544,0.0029364245920507166,0.0,0.3121138115861762,0.3888097860393529,0.09566448461810816,0.06465524162498713,500m_25194_7930,9
8460.384991053237,1736.2394730612834,0.20519565944548326,8,14,142,37,206.659139827759,233.56263457722386,0.0,0.07880510482508442,0.0,0.4851266597567279,0.3828948951838979,0.028251642685409223,0.024803513587147982,500m_25194_7931,5
8697.611154882998,6988.169099701986,0.803366074799096,12,98,127,89,68.1881679348002,11.540358942747815,0.0,0.24571263120233383,0.0833785477581829,0.32755506554448544,0.1853776241531698,0.1578611704610397,0.0,500m_25194_7932,11
10740.89116246099,4944.073085067042,0.46026095501179365,5,100,177,109,141.2054641310429,52.76048490973424,0.0,0.025721669104029597,0.12530728617150938,0.4776712656263711,0.2640676112144955,0.10713907440639724,0.0,500m_25194_7933,12
8433.029260423571,3530.490227377443,0.4186006614826631,4,28,128,68,142.40118313017106,103.48319634329907,0.0,0.0258900493981417,0.16513394565727016,0.2915538572206294,0.2318928825461345,0.2854106978870166,0.0,500m_25194_7934,9
8583.549862824833,2896.9130566219224,0.33745660551951917,2,9,130,49,20.642773109951758,136.55812396075729,0.0,0.0,0.09304021906547313,0.08094127705834858,0.5093202876706621,0.31658172786122585,0.0,500m_25194_7935,4
10371.107435470934,2389.7797686982326,0.2304044557546301,6,9,133,53,52.39181473644005,50.82877097257234,0.1224326471378189,0.0,0.06318196145156688,0.15343281834010913,0.22408335126897694,0.4367728093794411,0.0,500m_25194_7936,15
6363.528476804549,2917.1324014262414,0.4583422655830195,1,16,98,43,218.8568190310568,82.73830370883034,0.0,0.0,0.06679922162546721,0.07444191729301787,0.6263188804898452,0.23228285976117194,0.0,500m_25194_7937,6
3266.6194823678225,616.0750211385057,0.18853940137854663,0,2,20,4,449.7607274065085,355.0652707943612,0.0,0.0,0.14383029107610695,0.06739035664957091,0.17846680783739327,0.18539614914275218,0.0,500m_25194_7938,2
6115.065601573774,5332.773189034362,0.8719287098003238,6,23,76,46,86.41433690215511,82.7629320396348,0.1025269797596928,0.0,0.09008522373703264,0.14296667588920653,0.5619747534408666,0.10228286336779122,0.0,500m_25194_7939,6
2666.266999983378,6271.693639992665,2.3513557660450752,3,10,18,18,76.2490823613543,75.88642969807205,0.0,0.0,0.4595680194020957,0.14372221052488704,0.3963348544758885,0.0,0.0,500m_25194_7940,4
454.42177890296955,1600.1926424785272,3.513649800264511,0,0,1,0,341.1805860247218,303.84321309491145,0.0,0.24737368585332126,0.27513206825485353,0.0,0.0,0.0,0.0,500m_25194_7941,0
7979.337299051253,2937.0759517666384,0.3680390742526402,3,24,48,16,189.97079631935094,94.3743536309503,0.13552641205766855,0.1572706291814772,0.06956025966152773,0.18481254476998238,0.0,0.13439760561241718,0.0,500m_25194_7942,3
4424.016419007574,1745.221295632927,0.39439882937752774,0,0,15,0,316.7893206364085,332.94814880722345,0.0,0.0,0.0,0.0,0.2564827031103361,0.0,0.24605086509237642,500m_25195_7901,0
6191.261105670644,2999.397346446317,0.48437837088290414,4,2,36,2,111.90266036066869,163.83110200766393,0.0,0.0,0.16886680910708723,0.03961347804835344,0.11589872381110844,0.07484209281008196,0.13376279310785313,500m_25195_7902,0
6770.255391824901,9614.490475510887,1.419897776580498,22,87,82,79,103.97675846886122,49.68741985922689,0.0,0.0,0.16280487709430744,0.06879137355552437,0.17360803687936274,0.4210483702725282,0.1443187621001636,500m_25195_7915,17
8991.673204762234,7045.417930140596,0.7834620217722986,11,123,119,112,118.71280765311455,27.070263453229952,0.0,0.02024632145184501,0.14611507765833365,0.09875644777176844,0.08848893223206969,0.5188516086915976,0.12743041055531434,500m_25195_7916,20
12996.843821560262,10114.968956178838,0.7782036078476774,20,145,168,213,15.473168070316206,7.024511652237785,0.0,0.19504784907160655,0.12302164676707704,0.14996759935538992,0.13781399652962398,0.29999201692793226,0.03834139386752226,500m_25195_7917,66
7824.038467080269,9517.84592746071,1.2163321583021014,15,82,88,117,64.96393828128308,30.613902001788915,0.0,0.26719911217147213,0.1767751892912568,0.1829827177175886,0.1611373565326703,0.2117778293880844,0.0,500m_25195_7918,39
3650.3322816875734,10398.464726353594,2.8478549537944624,5,15,33,42,178.0832711298966,146.5232964600398,0.24284184187924307,0.22715319986602148,0.1520792689279622,0.00245400296985982,0.37519781372006344,0.0,0.0,500m_25195_7919,7
4281.52927235628,5893.470227471508,1.376165777899955,10,32,41,26,114.05887283693589,105.51071115080968,0.28274104653942284,0.013173108636503991,0.0,0.0,0.34646274685418366,0.0,0.3003255324310908,500m_25195_7920,6
2428.641020809664,3153.9170812861876,1.2981000297052783,0,1,30,13,345.2424730762685,177.20586386708234,0.0,0.0,0.0,0.0,0.9995884165638318,0.0,0.0,500m_25195_7921,0
1018.5979564278288,6137.248621598419,6.019282976105924,0,0,11,6,418.40232889771687,358.5767104947203,0.0,0.0,0.0,0.0,0.9990192212590309,0.0,0.0,500m_25195_7922,0
8643.49285917002,4772.388166745449,0.5520726599574816,10,15,74,22,41.50972605736559,56.64575587610115,0.0,0.1534714378242165,0.2005975476519269,0.024366262584988054,0.17167897423596953,0.013178378893675815,0.0,500m_25195_7923,4
10441.781594905922,7826.585952113001,0.7494732970314036,20,88,147,138,13.218347080111561,5.294018611176043,0.1352758794663884,0.004132327330862066,0.08443188101828236,0.27813852541552303,0.2148709139623975,0.17416492221586283,0.0,500m_25195_7924,28
8649.30900681085,7652.208132434349,0.8846167375534627,16,69,113,128,54.481550905534114,2.916340381083288,0.08369003292065227,0.08840887294777697,0.029991840561790804,0.3738036358773935,0.1396862694765065,0.27196624673919917,0.0,500m_25195_7925,17
6763.119030468188,6959.690857296386,1.028913126150984,8,22,76,57,58.98981005831902,25.58808806129922,0.15932749069732258,0.09083292223236868,0.054450866983583965,0.29079091642452126,0.18092464957570584,0.22352531517421723,0.0,500m_25195_7926,11
8274.808812835514,5002.0545974002935,0.6044188200242455,12,39,105,120,204.81035574655223,174.0041371010202,0.10568562759247213,0.0,0.027448306141899158,0.3489836137001684,0.31490644703421555,0.0829218603171414,0.11993331110318807,500m_25195_7927,13
8246.815125756342,709.7985460510243,0.08605897867842113,3,7,131,27,126.49316579584689,165.64519902986294,0.0,0.0,0.0601960255541031,0.36329121267578074,0.37064691026291813,0.19528816328455098,0.010456443991932522,500m_25195_7928,3
8077.430047782063,3318.2201093030835,0.410750614869049,14,26,108,59,47.77895498169361,56.83487279079818,0.0,0.12478857463080441,0.025328877034779193,0.30709410835869344,0.37647595516046634,0.09085177227033353,0.07441529284016453,500m_25195_7929,14
6975.096225062136,4245.566060444072,0.6085876575485821,6,21,99,64,131.52815937195274,91.89452172984765,0.0,0.2562304579391161,0.0,0.24291943722375467,0.4195592443055407,0.04916400687008324,0.031983507014937,500m_25195_7930,26
7409.339308378562,2289.5691375926567,0.30896954138172,4,5,111,35,67.4394107794831,130.94243632581052,0.0,0.1326566309264881,0.0,0.15828928998723205,0.5959152829042434,0.11300384959479022,0.0,500m_25195_7931,3
9736.071421245357,4716.4803011161275,0.48438386626447244,7,78,154,87,184.41330391725407,18.99957979719343,0.0,0.0844006279399898,0.11020136711926867,0.4900068081424013,0.2897277104488671,0.02556078606550281,0.0,500m_25195_7932,15
8849.343753455541,4601.895461270332,0.5199679910143107,3,25,140,58,173.8306302960048,85.88209936302304,0.0,0.0527385450422838,0.16248773257196591,0.22023972473761635,0.44870102241062804,0.1157199852760012,0.0,500m_25195_7933,4
5374.752639829257,2987.526033078499,0.5557409786573416,3,10,73,57,56.128398198306876,92.63024461526672,0.0,0.02424489439660836,0.1311047072205419,0.14826944357125713,0.3759620360934539,0.32023289825421514,0.0,500m_25195_7934,3
6590.656245314037,6288.950910376934,0.9540774998465228,7,26,88,62,101.41927795182922,95.58631339344801,0.14501806563644593,0.0,0.18311808252107248,0.1958399571030114,0.22050676903112687,0.25536541876811786,0.0,500m_25195_7935,7
10482.499938141715,2118.2372262659305,0.20205439392995364,9,16,131,50,84.74953541843736,95.9807973521165,0.028445798159468835,0.0,0.2693410396722081,0.1173702643154123,0.09927657000647158,0.48547093985522377,0.0,500m_25195_7936,6
5472.243246178351,2994.8876973085876,0.5471870265221164,0,2,80,17,295.94698930028034,238.7394239558909,0.0,0.0,0.10419418328516246,0.14393603839982322,0.45986178306927156,0.2918252882190275,0.0,500m_25195_7937,2
6841.140827794762,342.3762295243032,0.05003934267670603,4,10,74,1,180.0933557667415,198.2240983701725,0.0,0.0,0.19169964506702322,0.17122122876311574,0.31386538727352675,0.32306758580987077,0.0,500m_25195_7938,1
6218.416017841547,6470.522502624253,1.040374608172594,1,10,53,24,166.02245265680958,156.11104498496084,0.08973650294086565,0.0,0.1080623559355028,0.24774385069523702,0.2322859541826337,0.0810030802917815,0.0,500m_25195_7939,2
1784.7163916463544,4442.280861029386,2.4876743484074715,0,0,12,6,508.89874385485285,490.3894367510287,0.0,0.0,0.2806257316689749,0.1942658796082779,0.5245483893831671,0.0,0.0,500m_25195_7940,2
3953.210321176605,2223.7411648586317,0.5623730111040075,1,0,22,14,250.46981332560603,255.18263224472474,0.0,0.28918790343100803,0.06034013429792419,0.03655141970026913,0.2666483245224717,0.041386939182617835,0.0,500m_25195_7941,0
6619.861332244555,1475.8675566485172,0.22291171534749232,4,20,60,16,112.90275187930649,147.99589945782176,0.13647746844469894,0.0,0.12713289833351912,0.4780130817096921,0.03619446945858637,0.22203104430330575,0.0,500m_25195_7942,13
6686.536604251292,2596.387659238774,0.38824275856497603,4,39,67,39,209.3739346121446,82.25721799753222,0.0,0.0,0.1623201544371678,0.06765905450746215,0.07430237305418731,0.6955688861093697,0.0,500m_25195_7943,5
4379.4875000746915,2297.0412542224644,0.5243802782643022,0,8,32,2,442.5238848936143,65.88773217737238,0.23074748041435136,0.0,0.017848300712577262,0.0,0.46929306304899165,0.0,0.0,500m_25196_7899,1
2761.814871791085,808.233477027482,0.29253986044440183,0,17,28,17,464.5086046615867,137.15394572856732,0.0,0.0,0.347896441796543,0.0,0.651741608508524,0.0,0.0,500m_25196_7900,0
2752.5342543978654,1031.1100352569756,0.37446784386652043,0,7,15,6,457.0146957745386,114.43423968577643,0.0,0.0,0.2557854933986953,0.0,0.7438513369772473,0.0,0.0,500m_25196_7901,1
5160.347833694811,3584.001140212573,0.6943924834546413,8,11,27,12,194.59727541587097,194.90828754363417,0.10362690619920925,0.0,0.33215681422048043,0.0,0.5640225317391989,0.0,0.0,500m_25196_7902,0
4255.819071839559,1134.6276614726694,0.2665435486743266,9,11,14,11,28.95848335506788,30.048273670345576,0.24482303875937028,0.0,0.16012470283105823,0.0,0.594817341213627,0.0,0.0,500m_25196_7903,1
3695.7950102806085,8491.34132221398,2.2969467602612452,5,11,17,14,444.99651099649554,432.9433285441503,0.2712186157975085,0.24538494347288659,0.06251893629499047,0.0,0.0,0.016218860851510444,0.0,500m_25196_7916,8
10495.086197871316,11613.360498848437,1.1064467535721754,27,46,99,50,13.063324040257386,4.706547105740134,0.18806980491961323,0.35572217124030897,0.012205744800890837,0.02220896009407592,0.08798110948442239,0.05163602480106166,0.06242235173118781,500m_25196_7917,17
9244.318099015132,11182.16901198813,1.2094953242527504,29,140,95,161,85.63093132094981,89.39833422630615,0.026007348770352965,0.18352910576463524,0.07251825581352873,0.030481563563618023,0.07457639887666728,0.49118993562985047,0.11167407423072756,500m_25196_7918,94
7443.00647257295,14295.179804528867,1.9203610122047454,27,97,92,116,31.994157620129172,21.223939982916445,0.17738639470152287,0.15053159137142913,0.04723174090176362,0.07181990856005441,0.02706392292129873,0.41380226647635016,0.04917888155540277,500m_25196_7919,52
4467.000003806154,11504.909838924952,2.5749574371361383,17,68,28,55,50.209905160091054,41.660470010660205,0.0,0.3496602009874518,0.1634965660341001,0.13137507123297681,0.10204027218583997,0.005509586530021371,0.24769448924287168,500m_25196_7920,13
4557.146962093565,12060.268494796528,2.6458709197162933,16,59,32,41,71.99457354512049,74.93234444426196,0.2612502024256006,0.1634052400363767,0.07190557198820949,0.05947180534928312,0.21699160049913396,0.0,0.22675619230377286,500m_25196_7921,9
4485.980275261806,6685.732423975637,1.4900293769589923,15,32,36,35,30.91951298043788,35.357420839679996,0.23759884649720833,0.21847383263192638,0.16866904736381275,0.0,0.29644054724807534,0.002352812764703087,0.07624204645705787,500m_25196_7922,9
8875.435590132698,5270.653858777216,0.5937804432036016,12,43,83,70,32.169073823856635,6.605068742239575,0.09741978464113937,0.06392201132083518,0.15461787339824207,0.2685552834176715,0.0905318385352124,0.07307639971773182,0.0,500m_25196_7923,32
9457.482751956806,7041.03357820843,0.7444146976693228,19,103,139,124,21.221510412888968,23.770204357666746,0.12976115859765397,0.0,0.11582024760248741,0.2815957375248752,0.21642039377957845,0.25199878777371437,0.0,500m_25196_7924,42
5119.14084312369,5893.649306437465,1.151071715996366,7,36,64,66,162.94182134043797,74.73254488920672,0.0,0.10690290235856532,0.13382542104433104,0.2433744302484584,0.24187520815271749,0.27382673106851874,0.0,500m_25196_7925,17
9018.175857899083,7414.440711950718,0.8220751905460495,18,113,118,129,8.571681991135781,4.504941767881538,0.0,0.0,0.15360753293936052,0.17143837254749364,0.1047536314654563,0.4337976867166712,0.12731225321879155,500m_25196_7926,25
6670.401127862709,5258.473389297213,0.7882112450614778,13,53,88,88,78.053212999888,44.33385853963441,0.0,0.044798040046355486,0.022125880665349058,0.01964549451172633,0.6258746932510403,0.14150723670929252,0.14589876126601675,500m_25196_7927,8
6654.983939258408,6053.194596811667,0.9094364788215066,10,34,86,81,379.7780443527384,135.03681046518844,0.05540075434481567,0.00522773266915648,0.04489214953425015,0.11374998359274893,0.6725205336414143,0.032180246059436146,0.07587835941103702,500m_25196_7928,7
6326.756351007175,3513.958702161573,0.5553245901451727,4,18,93,60,243.35573506961836,93.48959032259489,0.02601871433198387,0.05504992575706817,0.03795219604127221,0.36952602765465775,0.4741374721304015,0.03715763018689295,0.0,500m_25196_7929,8
9191.526085059204,3169.830536275101,0.3448269286314118,9,13,145,81,119.67998527285208,201.77959019149765,0.0,0.11323526680054814,0.027496326068510466,0.3185618211944688,0.4177006460065379,0.1228971559035694,0.0,500m_25196_7930,13
8239.739985354381,3099.5664487424024,0.37612719904414144,3,7,127,66,224.3565644112402,66.80818519871185,0.0,0.06452733385334948,0.06480007878890898,0.22125719467350377,0.638785152994575,0.010508891363932567,0.0,500m_25196_7931,7
10911.336447657426,3381.9052083815823,0.30991577510493484,7,26,196,72,83.91991718574225,34.42966615283134,0.0,0.08200741613116476,0.016021754531226045,0.08027059672119545,0.6048632001087095,0.21674539310446678,0.0,500m_25196_7932,17
6846.487366041374,6185.328281456743,0.9032989695069077,7,24,106,80,36.49806415689755,39.6959823814868,0.0,0.13429338012660447,0.059678495470874546,0.0652389313550342,0.4995462322902554,0.24109692178752753,0.0,500m_25196_7933,18
7075.188968707,4690.547073874335,0.6628634558259144,8,35,95,67,34.4426364688352,38.47132020509388,0.06729445978968493,0.15042559593027657,0.1679262888851959,0.04332282362071107,0.20631568460318817,0.36457382816371725,0.0,500m_25196_7934,23
9686.52527989796,3280.601426528375,0.33864184420099186,2,28,165,46,219.65202579471432,174.20229906089793,0.07706673652832924,0.054585054365787894,0.03692696122745249,0.16807334702488597,0.31016277058978603,0.3530819047266769,0.0,500m_25196_7935,8
9871.611126874652,2357.6089664529004,0.23880298090898702,6,21,162,47,96.07249367471154,87.02934990676377,0.10176674925861251,0.05173549833254664,0.0,0.05765523049441885,0.5160242552376815,0.27271697635069225,0.0,500m_25196_7936,13
3913.1700824493355,3962.9581042981267,1.0124644613854545,0,5,53,24,343.2841630018949,169.97710782030722,0.0,0.12302886770405098,0.10873219792980594,0.1415466787829646,0.2393332171692339,0.38710355641420086,0.0,500m_25196_7937,5
6220.869382675737,2198.562112271514,0.35336037725144503,3,16,81,19,58.155475449308064,75.16886667523406,0.0,0.18436323683664008,0.06109592203605675,0.06832209363731954,0.4124821282100646,0.2607003231294227,0.0,500m_25196_7938,1
4065.169025427974,2184.5465270880327,0.5372493158614093,6,3,25,6,209.64807160219456,379.0992749765667,0.25958236380458927,0.11004114017358704,0.007524100366146002,0.0033007556145606062,0.037150004247995125,0.0562799458430831,0.0,500m_25196_7939,1
5545.015371393769,2022.814408885327,0.36473292506886323,8,2,47,15,83.69412947389364,160.0065442385863,0.14744559160567922,0.12107347023196713,0.0,0.0,0.1560284623323558,0.23193814792769546,0.0,500m_25196_7940,1
8253.542848657378,1188.8745803822062,0.14402670168167817,2,6,95,16,89.79806759622144,173.49253197806857,0.0,0.12775506232188527,0.014971438809881074,0.3087873775025233,0.1411424443241329,0.34074524010910173,0.0,500m_25196_7941,3
8714.609129315226,730.4450595068603,0.08380883638413583,3,22,111,9,144.31226736536627,128.67812771848438,0.11459799542164635,0.05788619147991412,0.0,0.527584765069747,0.14395616283831494,0.15586014851676475,0.0,500m_25196_7942,2
7915.266783783012,1966.0428960949369,0.24835480533861032,5,60,107,36,126.83442778598933,23.47225985883273,0.0,0.0624207539955511,0.07865997077584726,0.1285373908862725,0.12869434272865443,0.6015612194434755,0.0,500m_25196_7943,7
7803.692822323117,2895.6149828197345,0.37100947452251376,3,31,90,42,35.18367332162808,28.989151563802878,0.0,0.06759995950413361,0.16225811423062494,0.12611026606577677,0.058405142480932856,0.585498389677779,0.0,500m_25196_7944,2
5222.470025016412,727.7509910066224,0.13932328270694647,12,32,41,16,25.392556932684997,29.384027953161166,0.19494746507923405,0.0,0.2852337725022384,0.0,0.5196273188005474,0.0,0.0,500m_25197_7901,0
6892.051155718662,4357.347342260082,0.6321362258635073,11,32,65,49,97.51316575850926,72.92306951957907,0.21827459342768785,0.09361355416467759,0.19160887421199047,0.015761073174465092,0.18577881589338974,0.11077948688652288,0.0,500m_25197_7917,12
10611.440338224085,9972.901244203487,0.9397368490527956,28,77,104,126,55.27749609886509,42.27572816778026,0.30563683800555225,0.0,0.05693823133260178,0.05568747722658719,0.09601359840594716,0.35713020519376226,0.026262466670982983,500m_25197_7918,49
9289.643142702984,14626.969025595865,1.574376369959287,30,126,94,159,50.65572096037139,42.81746826553697,0.1126589097119608,0.07404734112478137,0.06564724249906151,0.08977184688760888,0.03352614101794948,0.48312356379370464,0.14001205664063682,500m_25197_7919,77
6825.044313340286,11516.511083134452,1.6871427366252933,19,41,69,57,63.63997547251803,60.08324937977791,0.0,0.3887210556355231,0.11298408876832236,0.05436993288011878,0.2902523591748264,0.13960064090738566,0.0,500m_25197_7920,19
5212.335863758814,28983.03221695382,5.559402458305661,29,48,70,49,48.92522952606009,51.495480156793036,0.0,0.37509520568334254,0.029179386721254887,0.033718165803364494,0.422648098697153,0.0,0.1270973331517123,500m_25197_7921,24
5566.919797686143,8257.915554869413,1.4831240130831533,11,42,38,47,65.15148953530374,56.099572458936926,0.0,0.2835407000176393,0.26943072851699745,0.012307895959812035,0.05156250232443504,0.0818757506669208,0.05113561524557671,500m_25197_7922,20
10366.911108220382,7481.168404784877,0.7215694971432867,17,96,149,164,51.667040602479375,42.03276265729884,0.0,0.19086115353626884,0.05967907063735346,0.2744570198033133,0.23313164063288797,0.2166584834165602,0.0,500m_25197_7923,42
9722.725464406227,9522.26543062492,0.9792815999877051,18,111,149,126,74.59111131341402,35.87150108574131,0.1135609568752303,0.16434953475939798,0.012520952033986033,0.37334836249386294,0.1252755282534865,0.21084182434240953,0.0,500m_25197_7924,34
6346.90884778992,5493.974028799205,0.8654777755216161,5,38,82,71,203.62683201110428,109.01271208005795,0.0,0.15976885283226738,0.018971277817741904,0.4118309072178019,0.3539171813887554,0.05414307190784458,0.0,500m_25197_7927,17
5726.206744517229,4839.756291729828,0.8450465484527907,3,19,75,50,120.78490132392196,115.91327379252667,0.0,0.09503665137987563,0.10510489924675072,0.0998188817344009,0.4444246844250562,0.2554402780277225,0.0,500m_25197_7928,18
8426.909300735213,3685.7446077941026,0.43732608838974746,7,34,139,71,42.049868489806265,36.91861055732753,0.07423636524238862,0.0474078292302185,0.07252017756630795,0.3755928123488272,0.38780014039084026,0.04232402183250303,0.0,500m_25197_7929,11
5430.997628440518,3348.4364174773777,0.6164281810334086,5,13,70,79,167.8128784587064,165.5715963412708,0.0,0.09522022378153616,0.08276891549614997,0.45082548103418724,0.3582498256695291,0.012751459681963584,0.0,500m_25197_7930,7
6754.383046755031,3213.660534242881,0.47571847695395647,0,10,122,77,286.46535881090483,139.40905719002467,0.0,0.0,0.0,0.34925374160359285,0.6332564618411064,0.01734176645943811,0.0,500m_25197_7931,10
8113.015304655767,3598.325780356078,0.44347042065491094,5,31,98,63,30.61601996165478,21.798504786977453,0.0722782064781777,0.07381994788477873,0.03114337052261088,0.32013283346544946,0.22178895508643265,0.280713443018825,0.0,500m_25197_7932,15
9159.78646158139,2366.9795396764493,0.2583816956767975,4,39,115,43,144.24155111122133,47.79738687477304,0.12160005953285517,0.015993058813859738,0.10197144509932562,0.0760993345590894,0.059825329186506224,0.6244016118750543,0.0,500m_25197_7933,5
10561.307168743722,3381.478255733476,0.32014579785560887,17,60,155,72,51.629633806512615,47.141634640135216,0.2078721142154382,0.029073922310349994,0.058729414126136435,0.080429685419493,0.19957107694630066,0.41853833077611025,0.0,500m_25197_7934,15
9738.94625273937,839.6491787049329,0.08620675688726523,3,17,170,25,154.52807909441398,88.82729661758948,0.07102864904548563,0.0,0.08013187893014417,0.15261895092901215,0.342379739834983,0.35373811128930405,0.0,500m_25197_7935,4
9596.884609618912,2477.2243802907838,0.2581010796700069,0,20,148,44,270.61033600033915,93.76864661289298,0.11052559756541519,0.0,0.00649580760614761,0.12764825335371024,0.30012953554388894,0.4490035692508004,0.0,500m_25197_7936,4
2160.6356993552004,3913.3989569615687,1.8103878272036802,0,4,13,12,336.5535498801479,183.67650199807068,0.0,0.3411464620934865,0.0,0.11090650592274352,0.14855864014972928,0.39892577919292876,0.0,500m_25197_7937,1
1693.5924223815946,1823.4796918473187,1.0760579758078848,0,0,8,1,414.1978477877077,321.4974371551763,0.0,0.409177650631905,0.0,0.0,0.022015811124815914,0.013193603810301087,0.0,500m_25197_7938,3
8676.769072114374,3345.7524663484865,0.3855544482164101,9,8,86,36,150.38829301888933,89.62369406857401,0.06709037666206978,0.11481624618672799,0.05291318866540667,0.022918310919117647,0.1987243450593436,0.2608997621440553,0.0,500m_25197_7939,2
7452.514725762025,2301.5994411704883,0.30879384100702634,1,17,96,42,158.41937987287127,85.99215269331671,0.025202713541186597,0.0,0.07237623746275876,0.246605167414001,0.3699838229556797,0.28569789373413335,0.0,500m_25197_7940,4
6862.006986992364,1341.517163442709,0.19547075589247126,5,7,88,24,114.3038401158781,126.35703887046253,0.05998711823757564,0.0,0.07187893385484635,0.11910786300445297,0.4435832225329877,0.305297153644809,0.0,500m_25197_7941,6
8041.897352525803,2961.6280899290973,0.3682290050610957,4,13,94,30,195.08056709288414,150.3465482389311,0.20619388993167123,0.0,0.10713946559991369,0.3742494313021162,0.10970289042891836,0.20258998943357684,0.0,500m_25197_7942,4
6638.97614088095,5761.343874299495,0.8676753879924509,5,46,78,62,175.4328013213654,36.916404509003186,0.0,0.0,0.32857975820643154,0.3370008647234571,0.17567544205798596,0.15635697577429036,0.0,500m_25197_7943,9
7072.9093874736855,4006.9552949330687,0.5664414223383314,5,20,81,56,73.31624769196351,28.619533930322618,0.0,0.0,0.2883344236303987,0.07286892226870438,0.020270660388704623,0.6183846291646373,0.0,500m_25197_7944,4
7993.678664863957,4762.5004915268955,0.5957088072166985,3,29,92,78,89.5942922460207,80.25888554322387,0.0,0.0,0.2761722917026094,0.1491369393676115,0.099910282078948,0.4746554036496267,0.0,500m_25197_7945,4
5654.915387752507,4259.876483700223,0.7531718902522287,3,27,48,30,146.53713422988653,45.46443177774301,0.0,0.0,0.35540164491207565,0.20285336864241452,0.04847179699017461,0.3930963834157389,0.0,500m_25197_7946,3
1009.0412273383114,2307.9193685694554,2.2849754110051017,0,0,8,0,373.6513148599973,359.9468115712064,0.0,0.0,0.805227874612419,0.0,0.19378206679102722,0.0,0.0,500m_25197_7947,1
6442.357942420551,6280.4113074551,0.9747109137158633,7,18,63,67,173.91528726143602,42.770459780428375,0.0,0.07944918441124459,0.20096092835046866,0.10243670523225812,0.02656030963892582,0.5904376737875834,0.0,500m_25197_7948,3
6553.752910084648,3011.0941303835707,0.459375688403285,13,24,67,44,99.48326322825963,94.17132824621666,0.0,0.0,0.1582120223458507,0.04107732968776468,0.08136277781710591,0.7191953090972117,0.0,500m_25197_7949,3
6213.417387432296,4452.082073428763,0.7164118204278351,11,37,68,72,28.399512656524173,17.20910427219218,0.29670972124556044,0.0,0.12307848021686679,0.4725795761009573,0.05774688270741176,0.04972442359859033,0.0,500m_25198_7917,20
10783.775801349488,9058.036309899184,0.8398910164424337,21,68,147,127,49.28846479640635,37.95511532566679,0.12651712215297942,0.05509280103513555,0.09872174794312773,0.3075288619160388,0.12010821704339394,0.12914040376015168,0.0,500m_25198_7918,34
12570.652329465409,7734.755179617723,0.6152536657006512,23,47,164,144,67.22184106485436,111.95037059974453,0.13345779695435617,0.007295499683094495,0.1726598066222845,0.21291837704733857,0.07798726094163061,0.20693002322327697,0.0,500m_25198_7919,34
11480.306256857057,6320.46917910314,0.5505008783585338,25,99,168,131,104.46912162853216,93.91204858698259,0.17841428431544756,0.07325626394875455,0.09574632023455132,0.24084270863684304,0.08185898105748508,0.16153184069896623,0.09742822139619967,500m_25198_7920,37
7771.807663823581,11241.74974712097,1.446292026424716,29,128,113,148,64.11047949280186,53.36727673424447,0.0503457316875691,0.10656882637680859,0.1534712669133161,0.03817052348674009,0.1050470491219709,0.21042838844967565,0.24220946953839081,500m_25198_7921,39
7249.875950417925,9372.055428910373,1.292541134753545,30,104,81,101,121.0518796280209,17.199986793976148,0.0,0.1697630298820155,0.06792333481027676,0.19528754110162183,0.10123634678467411,0.2689332556587301,0.0975710855984984,500m_25198_7922,20
12240.280994602404,7880.540875487042,0.6437676644267736,23,140,165,155,45.14673251860606,43.861768035884964,0.0,0.0,0.07494691390459367,0.28676477770861125,0.22503999280249626,0.1910467846978776,0.1399468088624183,500m_25198_7923,34
9418.56013911444,8878.12146125681,0.9425197493448423,32,149,131,141,43.2739408539558,25.89558825779819,0.10259700208770342,0.013574468080825455,0.1353377028943169,0.14027202956586612,0.10503545570140724,0.35391259000045905,0.13642200997653633,500m_25198_7924,39
6974.169783403698,9933.712902243393,1.4241535633840878,20,82,101,121,84.62043498584565,81.38132038443852,0.0,0.3280148534295736,0.02261839588527986,0.1088877066988245,0.1892222548743845,0.35111342342607627,0.0,500m_25198_7927,83
1546.7582596840446,21182.007497650633,13.6856045607372,0,6,15,27,332.39190666774556,63.45486493859818,0.0,0.0,0.41734834764704015,0.0,0.49888310790150614,0.0831224487231682,0.0,500m_25198_7928,6
3165.5723773471245,8299.035941459526,2.6208262286467146,5,16,35,26,85.30606513849895,87.08708698924315,0.0,0.1604869696971709,0.3506335622476,0.11539491323064112,0.34477732444355175,0.02839143150425823,0.0,500m_25198_7929,3
5582.035132689388,5008.647583266796,0.8971191232418583,4,20,83,43,150.8044713099619,148.6727070265011,0.10473174670411793,0.06029274177867247,0.050020258169514636,0.5222770059125669,0.21788116031516822,0.04461797307603325,0.0,500m_25198_7930,2
6299.25191836388,6804.4190765656185,1.0800233331515205,6,46,97,81,134.87479067828863,30.551932240079616,0.14564477311388524,0.0,0.10353953641712252,0.2912176577136121,0.1852029968888864,0.2742363120546593,0.0,500m_25198_7931,20
9373.118192026064,1992.345917321208,0.21253688896476294,2,13,146,32,220.6562837195526,200.84205976101137,0.06692487708227025,0.015052455280875048,0.08896703637124297,0.599286115471814,0.15204646402830754,0.07761637506486482,0.0,500m_25198_7932,8
10527.078098779848,2791.8872969574486,0.2651848961189806,14,44,165,73,114.1815122547322,75.87127505475591,0.10332764625420068,0.03723327419992152,0.09707045300234125,0.16158109302519952,0.2764919575127924,0.29521740064067614,0.0,500m_25198_7933,8
9001.545057889447,1353.4019568596386,0.15033548270592378,0,23,141,35,330.6930644543932,154.29831240729615,0.0,0.0,0.05898513709897643,0.1710182144599646,0.28947372447660685,0.4804118442649266,0.0,500m_25198_7934,6
9817.789442843556,1700.9643376523466,0.17323564656864068,0,8,149,33,266.30768262063816,93.65310160917058,0.12069778858036284,0.0,0.004435577040176674,0.07918300814615847,0.26948105395454847,0.5073593302020478,0.0,500m_25198_7935,8
8502.688464241413,2094.1517412731187,0.2462639300674253,4,23,106,41,61.00883038482966,84.32863417508513,0.18182595859116074,0.0,0.10342567892170525,0.08155081177954215,0.2330218054911291,0.23609593973043383,0.0,500m_25198_7936,4
3046.137239892045,4862.537058621904,1.5957722530391103,3,7,18,13,127.09513853433641,215.7780403498365,0.3364286661651581,0.3286902347556852,0.16500835176267714,0.022085776214141303,0.09402993582185283,0.007301974476948777,0.0,500m_25198_7937,7
6517.380721264159,2752.2891897145737,0.42223510828940986,4,1,40,9,306.1226353861598,178.31032891214522,0.14351227565070285,0.1603196800114603,0.0,0.02617606465720611,0.1881360834759029,0.1043307452991332,0.0,500m_25198_7938,0
8574.07576245149,3205.1173630462026,0.3737713172262289,5,19,113,40,123.83799651249784,116.63883842267236,0.1449890243551375,0.04353143679663046,0.029644537981534474,0.04005650326713808,0.2723556090911572,0.4321183750277734,0.0,500m_25198_7939,6
8043.7262711570065,3449.9215013381463,0.42884262124707107,2,22,110,57,172.07411294225147,153.3827620599267,0.1305127857956157,0.0,0.06437100346682498,0.18081769620996432,0.2757499159075701,0.34842429358262683,0.0,500m_25198_7940,5
6964.265141817483,1836.1945601555121,0.2636216314482444,7,23,87,25,183.57859739691546,11.32339755272107,0.20275348923261735,0.0,0.10757046119884345,0.1757634990173473,0.2968597614284083,0.21690921957020473,0.0,500m_25198_7941,12
9195.500422066087,2288.09255259541,0.2488003531327373,10,25,115,31,203.8976759698701,24.204523896002065,0.2875958140692408,0.0,0.05430903923470823,0.22310050179794327,0.3132043278854641,0.12168157999811637,0.0,500m_25198_7942,8
7362.732844285674,6079.75913367932,0.8256354843722054,8,66,78,79,143.58045341575735,31.456131785367464,0.13301535416874713,0.0,0.18412680873598358,0.1933641200694977,0.09714645320729981,0.392211463128638,0.0,500m_25198_7943,12
7986.458709076564,3357.0598635177716,0.42029135746304014,4,93,95,61,233.57214436059257,19.202895385762048,0.12239299212577322,0.0,0.09959607881266194,0.00949752108528246,0.10217754169264562,0.6662106700182878,0.0,500m_25198_7944,4
7339.1072096588205,1805.8308511371079,0.24602240805976533,2,49,88,19,192.22795590225203,37.933246968457894,0.13899105244498858,0.0,0.11507484307575822,0.16369056274990962,0.27845026167097536,0.30365704226627116,0.0,500m_25198_7945,6
2694.655274859527,5475.1799269139865,2.031112797684898,4,12,21,19,202.30497342930832,193.18925304413966,0.36091568781789696,0.0,0.3413404789076866,0.05868378973537169,0.23101933158896779,0.007669744634884322,0.0,500m_25198_7946,7
2216.2855935040047,7853.692670310432,3.5420302613787973,2,3,17,14,447.1280834830977,432.48838640797834,0.4533347778873342,0.0,0.22125791084765556,0.0,0.27785502709479526,0.0471012822772116,0.0,500m_25198_7947,2
6919.991298031535,2197.341380164993,0.31748940080158167,2,10,69,25,216.6424119418296,207.08335374980578,0.1448315485758613,0.010359003624756755,0.06727147266095705,0.0755242057385001,0.13707011968635258,0.5647991617411212,0.0,500m_25198_7948,2
7259.680365936246,2872.5253601514696,0.39562757419098493,27,34,82,48,91.46639570402877,43.71712592182517,0.14183426337113486,0.0,0.19887185671175306,0.11816697009927973,0.08579907694766321,0.45519010473043586,0.0,500m_25198_7949,3
5266.48384316832,6018.775191036079,1.1426281257306843,4,26,43,37,230.93056594321794,88.75340179421623,0.2832453234363248,0.0,0.39908376217371133,0.1456352616518135,0.04894530115682472,0.027300086920396784,0.0,500m_25199_7915,7
5629.400197650468,7603.4454823874985,1.3504271837657953,15,56,50,95,58.26713861709043,47.230240857843356,0.18929810630554436,0.12699429602905354,0.3264257744278934,0.07517925093427846,0.027684651614810946,0.25424031341985975,0.0,500m_25199_7916,47
2127.2561609059776,4237.0966279442355,1.9908771818804676,3,23,19,20,224.25163166501838,151.54379445768902,0.0,0.0,0.3016426713567795,0.415078804818818,0.018925346037370065,0.26388330953603417,0.0,500m_25199_7917,7
8309.405408210092,5850.224749379277,0.7039638215001724,7,39,89,53,87.73957962999829,78.70566873897464,0.029441059690972386,0.1310618447717559,0.2790139637241654,0.18197392813007324,0.12177223439464133,0.2106927655159733,0.0,500m_25199_7918,14
9804.430154288802,5730.686388632456,0.5844400804921249,19,52,124,106,92.09875992236164,81.89977818690812,0.10596047915902128,0.0,0.2573212942596523,0.253701812730651,0.17157102119268175,0.21134340835090312,0.0,500m_25199_7919,33
11720.041135627476,6711.423243193268,0.5725961683380764,19,122,179,153,105.90055018652946,20.063484318803567,0.11168632377838365,0.0,0.19063336056771105,0.22443496856407696,0.1470265444123448,0.2420479918432369,0.0,500m_25199_7920,31
12331.573208669413,7085.886866784198,0.5745667791214116,18,76,132,103,123.93802109443222,109.79608230503322,0.22362868571110833,0.0,0.09702210928134072,0.09434316343703102,0.03932960527105407,0.17757852801351343,0.0,500m_25199_7921,22
11176.513498267623,5130.363984748414,0.45898973734574844,7,61,123,92,94.05607965194199,47.946825033580176,0.09124024468328688,0.0,0.04882715036450168,0.46067784609975426,0.07611510934337222,0.1511586386606996,0.0,500m_25199_7922,36
10809.262187359549,5794.491157203347,0.5360176336868917,19,109,113,106,15.27413070713903,7.35983707108513,0.006145488253294049,0.0,0.09235530306071019,0.3477172197823242,0.15123731698018075,0.17105544747718315,0.14476587494813145,500m_25199_7923,20
11685.583100401895,8253.37103495126,0.7062261881034698,16,97,154,139,75.19589663867254,31.43836647689667,0.0,0.07695812569826735,0.031170548772173443,0.1974085709009318,0.08388754577987531,0.3808043834189942,0.08458168649461717,500m_25199_7927,59
7467.481877128701,13803.927733644045,1.8482909861396144,14,49,76,68,53.40317403705893,47.695255673502665,0.0,0.10819457909279184,0.11008086225047099,0.16475218008159995,0.12272773608854931,0.1784259921535243,0.15380177758557137,500m_25199_7928,18
3339.5926209620984,8477.142674298522,2.5376164160528756,4,11,36,42,232.77365868765537,79.24148298846063,0.0,0.1787425027800808,0.11174266564935277,0.023033691463449173,0.37064790763931565,0.31553388438395413,0.0,500m_25199_7929,8
9019.354448006561,3438.5403429651365,0.3811979188606088,8,27,104,79,32.469760752861205,20.11239437246437,0.20302901157400874,0.0,0.026204364447027527,0.21555408126250614,0.35878500305220085,0.10284925842668993,0.0,500m_25199_7930,18
9471.773962554085,3139.9097861613577,0.3314667697733984,8,45,132,59,110.06246325740781,43.35100343445792,0.10335377319448184,0.0,0.0842839404563501,0.18823900802905072,0.17487425717865412,0.4491434554429728,0.0,500m_25199_7931,11
9948.16035981633,3303.519751668281,0.3320400548583848,5,17,172,70,93.45489649276927,41.13869000728281,0.04723983769669619,0.0,0.04259648345648553,0.42320838477085526,0.3108139991174162,0.1760407839642675,0.0,500m_25199_7932,14
9050.964430966675,2861.9924328695997,0.31617362780158015,9,10,124,43,97.67151559984909,103.47007430231157,0.17825763203426076,0.021980451026799828,0.028921426242069486,0.3174565214532202,0.2340867985660098,0.1301369904570955,0.0,500m_25199_7933,9
10103.611892120089,1282.309472805275,0.126903386938123,6,7,160,36,132.8229174193522,322.70245884507807,0.08153441978179635,0.0,0.06559989263032473,0.09428225345951108,0.3946576691696928,0.36382680024724484,0.0,500m_25199_7934,14
9894.243956811693,2018.770150903835,0.2040141869887051,1,13,159,47,286.7507665469796,206.98906497920566,0.08067924320127016,0.0,0.049319657101050116,0.2378168983037563,0.1956410058262207,0.4364421369172669,0.0,500m_25199_7935,5
7333.598240789854,2572.3592027120612,0.3507157608724111,3,9,111,46,45.9649948371087,41.743450104494165,0.0,0.0,0.15427794668784822,0.2470758506305142,0.3810908363904397,0.2174190261717829,0.0,500m_25199_7936,5
2121.3239037920926,2574.6048964399442,1.2131064875817175,2,2,17,9,192.86614613029568,216.10934178984883,0.0,0.4778504361302928,0.25022337079699314,0.0,0.21418007825324747,0.057274933206606496,0.0,500m_25199_7937,1
5160.740647184019,2246.134402511852,0.4351505734286026,4,2,42,10,81.47899398616943,322.4359542581298,0.0,0.2006548108804901,0.0,0.13586057335832125,0.11754580143064086,0.21012001810273187,0.0,500m_25199_7938,0
8374.955555020779,1708.429329454932,0.20396828973511594,0,7,129,34,344.0848478702029,162.9999276887215,0.0,0.04939578208259085,0.0,0.10471612522711903,0.34465634717566024,0.5011123561514187,0.0,500m_25199_7939,1
7316.748851196811,964.256581900837,0.1317695648632617,0,0,95,17,482.99471526677365,328.6586536985249,0.0,0.0,0.02586855281913034,0.20988142210339303,0.29819219658949253,0.4659211744403617,0.0,500m_25199_7940,6
8014.538531099538,110.40520285004051,0.01377389709021779,0,0,115,6,460.3523099637983,324.98427927038813,0.0,0.0,0.0,0.14027701680722227,0.5092874580943334,0.35031076741733247,0.0,500m_25199_7941,0
9035.059063048897,1821.5259250570846,0.20158411010236085,5,3,124,32,90.19391713548534,113.60367594281561,0.16331779710974875,0.0,0.0,0.06528422655565443,0.37915548620205386,0.3921318224185506,0.0,500m_25199_7942,7
8224.638646891228,3878.0241124330823,0.47145568616714406,4,28,127,66,126.8556276114199,120.36828914976428,0.0,0.0,0.09826042941618271,0.04179075886560708,0.2797370115226693,0.5800902290880648,0.0,500m_25199_7943,4
6732.86634555949,1873.94023026003,0.2782859258107731,2,45,72,23,133.84396859209463,134.36955249015205,0.0,0.0,0.14604323903448677,0.006253812253219746,0.05544808081382568,0.7921063648025222,0.0,500m_25199_7944,6
5696.530638674373,145.06889768062865,0.02546171436023754,3,45,61,1,169.46601574070087,55.18375595806907,0.0,0.0,0.11222969308145568,0.2568442258381632,0.15097079779351844,0.47977976865369665,0.0,500m_25199_7945,4
6294.329071391801,945.1917264210646,0.15014175044738323,5,44,64,13,82.89592423223627,76.53539197845305,0.0,0.0,0.2515667196078813,0.13538197422859224,0.18904924415676197,0.42384321407544007,0.0,500m_25199_7946,6
5179.27856758868,4574.821234193837,0.8831226302803497,2,27,41,35,203.03266564658918,26.126840019043733,0.0,0.0,0.18562769502214746,0.06408673890161394,0.0775969865162178,0.6724955397481746,0.0,500m_25199_7947,3
4152.7875373595625,5470.641386592137,1.317024844768459,6,5,25,60,137.0747203675327,359.0743447623073,0.11919534078277919,0.056447069525633595,0.36002868044401576,0.0,0.020180227143277437,0.4439079379663224,0.0,500m_25200_7916,12
8709.14238992525,10011.898701019063,1.1494529311713106,15,32,56,155,81.52960104781985,101.77046303202916,0.0,0.25217650159219934,0.23773419189612022,0.0,0.011871404727382623,0.3714802152118598,0.0,500m_25200_7917,25
3524.3331580404415,6679.117803159193,1.8946061276295896,4,8,40,56,165.32570380299123,183.77121709423287,0.0,0.4168239454188969,0.15074616965031412,0.07627234998141372,0.07363672197729211,0.24562856392622417,0.0,500m_25200_7918,6
5313.14084760017,5987.375676521534,1.1266874266656655,6,28,72,57,57.30715948596699,30.72789574982117,0.0,0.13329253056360385,0.347439081484736,0.1548865003687903,0.05511255266714954,0.309081157743026,0.0,500m_25200_7919,12
9638.58770353093,4582.093387021017,0.47534122080165536,11,21,120,74,103.52986482184474,87.95977470089312,0.1279789120699078,0.0,0.1851260969349745,0.148926434005756,0.11534844151135741,0.37404013251141377,0.0,500m_25200_7920,22
12592.884285035207,6118.078619839512,0.48579758884313173,18,61,162,120,81.66011660116963,48.05073240151215,0.11065022920533638,0.0,0.13343090204048516,0.19455506192778454,0.07498955959479167,0.2917232621844019,0.0,500m_25200_7921,24
9797.049827013914,7074.626932503465,0.7220443922420378,12,64,120,134,118.80717227931909,95.72486696830337,0.0,0.0,0.17870140634190324,0.5488021727188218,0.11751900042855291,0.15487535938451197,0.0,500m_25200_7922,31
9258.036395416928,6746.845749956403,0.7286768797340489,19,78,99,106,27.873406716646826,29.4080635712535,0.0,0.0,0.18042551163180523,0.31454513204233936,0.07341982099166958,0.371726242752166,0.05977528998247304,500m_25200_7923,20
11157.115193162956,7233.054838086006,0.6482326730699107,11,83,158,149,127.01327261790598,2.7547155186773913,0.0,0.04433943247965308,0.17207610427321446,0.5319750599128835,0.13754646732663028,0.11397331513682765,0.0,500m_25200_7926,21
10090.692060938574,5232.927756225238,0.5185381920718806,18,77,131,122,79.02871022640257,75.3392279355825,0.0,0.09964656611111014,0.1966363419609166,0.3564544605043853,0.16380020403896944,0.1833633359741834,0.0,500m_25200_7927,14
10509.926372238866,6443.869308498869,0.6130638804128833,20,111,150,160,33.24435886276911,27.684428638812708,0.0,0.0018711443550542693,0.24107628670669537,0.40064107373882724,0.20066624254994797,0.1340101840680107,0.010231867575918017,500m_25200_7928,13
11394.860250091482,6063.17405639581,0.5320505800645579,24,97,147,131,64.81812952664568,8.355901217633741,0.08172361723553402,0.019958650135400016,0.17629784245551156,0.3856227181145532,0.1217676410693996,0.023767535435034823,0.10318847658468712,500m_25200_7929,17
8822.251601001311,5550.521646241823,0.6290789265957143,11,50,127,101,109.75944047020549,15.03986290941775,0.022558526620374594,0.0,0.24275393559489217,0.22426279016373496,0.2780630955041317,0.1703267412092951,0.06192157400580091,500m_25200_7930,23
8696.171302773528,2448.667701995908,0.2815475994148842,11,27,102,42,24.733653697805877,100.28217836238765,0.0,0.0,0.29880252394585827,0.22950104801780252,0.200097981833804,0.27148346628950604,0.0,500m_25200_7931,4
8400.632991325892,192.94911037766627,0.02296566757639532,3,5,119,5,66.23210578590496,187.41044031775058,0.0,0.0,0.10770732996742323,0.4582911257017819,0.23944573457917193,0.19443678527137898,0.0,500m_25200_7932,6
8266.045224131345,3053.2170665748704,0.36932386164558395,10,10,112,56,120.4534428777593,60.56842655716878,0.12925730071273073,0.0,0.1618839244493456,0.06710812306813382,0.40191034555227534,0.23787031940181594,0.0,500m_25200_7933,13
7226.2159897829,3072.3715998908638,0.4251113574347673,5,11,103,30,96.59611826083928,93.61293858243613,0.006234388928280757,0.0,0.21221725507750042,0.1763780562817528,0.4480440196506474,0.1569879141957064,0.0,500m_25200_7934,8
8970.798030758977,799.3825264564877,0.08909947857897367,6,18,128,16,87.91949200956155,75.39016670007213,0.06444041107952161,0.0,0.06636966778125468,0.3452950001201579,0.13303662280590892,0.39074683783514,0.0,500m_25200_7935,4
9357.026559109287,1058.1058583156537,0.11306933696246808,6,15,125,25,53.12185129806163,48.761821877997015,0.04132272634614871,0.0,0.08228317959052857,0.18263685408669283,0.17981116156984053,0.5138392182698056,0.0,500m_25200_7936,11
2191.00719467043,2248.931920009925,1.0259692237680147,1,2,16,2,108.45109189828551,220.92329250222292,0.0,0.43817337643386306,0.15587703783447782,0.00964464368393763,0.20510043218271573,0.19074830698281153,0.0,500m_25200_7937,3
3521.3674088726643,1846.481443707394,0.524216025578763,4,0,27,7,398.83617618008066,569.4973787173656,0.0,0.2820480070869923,0.01891850943063576,0.04717854817993241,0.20945530346634633,0.18581644951476353,0.0,500m_25200_7938,0
9309.43448187716,589.1128563174689,0.06327447526366058,1,0,149,18,299.96677634074894,382.8818213571014,0.0,0.017093048419610676,0.077654153675118,0.05777089201982351,0.41365920387786437,0.43371529563444977,0.0,500m_25200_7939,5
9173.778934750084,1962.8708082623598,0.2139420276196363,2,0,152,45,252.47403449938574,586.8028184925413,0.0,0.03863145428084561,0.03299441919304766,0.20537908159197873,0.4399634647335306,0.28292258574883933,0.0,500m_25200_7940,5
7477.224884528787,3131.4230002824943,0.4187388115006934,4,3,96,60,141.7231139858285,204.29794053455632,0.0,0.07202259153897315,0.10163793388391515,0.11808817373564882,0.3820639223307025,0.3260536569370662,0.0,500m_25200_7941,10
8902.516227592463,4603.554994319592,0.5170490934865637,7,6,131,74,151.73240647125945,148.3370560644181,0.10160586598021233,0.05106091251903049,0.09970919813005441,0.05282762230362729,0.31005453279530526,0.3846295530948851,0.0,500m_25200_7942,13
8580.760699091272,3495.4784671832745,0.40731483779935895,9,18,109,56,64.72897586715447,121.41081034136457,0.0,0.05749554210732734,0.14846876398464584,0.06414115901664437,0.14254123214853867,0.5872367765386001,0.0,500m_25200_7943,10
8209.996534155447,3573.961990645888,0.43526531472510144,7,55,126,57,39.74335961313284,30.579075144800584,0.0,0.06378044006270295,0.18923816495670143,0.03537366936215026,0.12351581275225056,0.5879701249692146,0.0,500m_25200_7944,11
7423.689009399026,1553.4083933100542,0.2092220147326805,3,31,91,23,21.865459397123107,87.70549069392433,0.0,0.0,0.13058452363518133,0.0741796100786384,0.13887341971765324,0.656227760792633,0.0,500m_25200_7945,2
7436.255478129149,1512.9664504024872,0.20343074872870653,4,20,102,27,73.26599766725361,54.56996436563977,0.0,0.0,0.15124577039237144,0.09061347880541117,0.17724756673774006,0.5807587258623972,0.0,500m_25200_7946,2
6811.139279412004,2271.2142387333774,0.3334068998849682,4,0,91,30,188.96638867740845,303.68072343386314,0.0,0.0,0.22527465538259253,0.07527957970379111,0.23284954373785266,0.46644942441207754,0.0,500m_25200_7947,8
6403.208822121284,2680.9542661492424,0.4186238051589989,0,6,36,7,272.8199444301666,38.82719455207274,0.0,0.0,0.2533584023952335,0.0,0.19429343722737616,0.07103776213829778,0.19440775020730772,500m_25201_7890,0
9726.024210493522,1524.5014258179883,0.1567284498144206,0,1,53,0,324.81270645252823,142.20277369838283,0.0,0.0,0.24257338665464998,0.0,0.33755065498979137,0.09679577990164179,0.12510228399034373,500m_25201_7891,0
4858.282273499599,4093.2880630987283,0.8423647429213429,3,12,24,5,127.70317436918226,128.80682873320114,0.0,0.0,0.31323139127063526,0.0,0.37634109618995076,0.14058642367274113,0.03091229423832365,500m_25201_7892,2
2285.927520216529,605.0347450438318,0.26456227392223886,0,1,11,0,593.9143743342879,224.56072279441088,0.0,0.0,0.0,0.0,0.9995627320974714,0.0,0.0,500m_25201_7893,0
3276.4899496226276,5458.956438361377,1.6655905959345276,4,6,28,13,198.57676406334238,194.7340404526993,0.0,0.3767898646834947,0.019567183349709503,0.0,0.4947801750329459,0.10855766539563902,0.0,500m_25201_7918,2
4011.2093212271325,4236.34762717241,1.055864060920113,4,6,53,20,207.99449173862294,49.13100023754354,0.1459646605980881,0.0030744644903856135,0.01739786833771576,0.3523204531590454,0.1273671582842188,0.3536261558910311,0.0,500m_25201_7919,4
10627.214204662972,7247.763777187535,0.6819361783287813,15,86,146,108,90.49213405553314,31.195157968165507,0.08880716372059713,0.012174171164432809,0.11422800586310851,0.34388732131620636,0.14864993519068295,0.1593409196306846,0.0,500m_25201_7922,17
9644.58814718982,4087.621240063289,0.42378144055986794,19,76,141,93,50.66359657620023,38.04595979129294,0.1128059603187507,0.003927117510680121,0.0712449329065877,0.40019976912234667,0.14956579968054942,0.12939402703013644,0.12134723956874521,500m_25201_7925,17
11067.359484117278,6634.081606734622,0.5993735219979353,16,106,167,143,86.40398848631261,24.984613776010622,0.0,0.13765516717091636,0.09767378618682793,0.49446577818280635,0.160516150377869,0.07775148851370013,0.02776315633900037,500m_25201_7926,12
9272.326950193466,7420.355572471425,0.8001826757889321,17,69,131,162,92.11085247344835,56.65304371187142,0.0,0.18875178409658555,0.14137725145572388,0.4038867794995486,0.1459932936208087,0.11988305516396135,0.0,500m_25201_7927,19
10158.102611372336,6024.78669373074,0.5930431972393362,7,77,143,117,57.34785506678409,10.212335226296137,0.0,0.0,0.10609157074276171,0.6706240712654444,0.12054928906541659,0.10263663503528986,0.0,500m_25201_7928,13
10686.344228729842,5992.763421126607,0.5607345747334301,11,86,151,130,50.143444878949715,30.249710325904903,0.1016626947375496,0.0,0.17028653214915668,0.5467158242889485,0.14765724444850095,0.03358413576061147,0.0,500m_25201_7929,8
11280.490833053844,6802.849724979495,0.603009817199665,15,99,157,143,193.21646649418295,24.597028338739957,0.0,0.09394936365184924,0.2436912512116255,0.42268430060596274,0.09662173467594716,0.08771626071854902,0.05524844836909749,500m_25201_7930,19
10100.129526478664,4462.517552702826,0.44178401445154974,25,74,114,76,52.869918713712785,60.92605626003597,0.0,0.08004099260816061,0.2092213499302788,0.33764573411164933,0.0550285044860681,0.19465067725962928,0.12331374277468904,500m_25201_7931,24
8789.598760082243,3422.00897184597,0.3892805331287757,13,38,112,62,18.868399684050807,17.941171130803017,0.1535973127332242,0.0,0.09210530174669894,0.5084214395159757,0.17754449713648154,0.06566378191560508,0.0025539090582352686,500m_25201_7932,8
9481.661635206476,2678.9035477337766,0.28250544528423915,5,20,146,69,104.4924693540166,100.2857312843631,0.005920280770619984,0.0,0.14178694263759495,0.2984418101059872,0.254131410782135,0.2996141000796555,0.0,500m_25201_7933,4
4488.9900277544875,6432.535692957403,1.4326391936719762,0,18,45,18,367.9582575105235,114.35638486733501,0.0,0.0,0.2315113943186895,0.04373732684868465,0.40369551586875,0.3208330453200012,0.0,500m_25201_7934,2
6001.498791410425,1025.9478283249211,0.17092012243185328,1,8,59,6,300.9147277199175,229.9339278425182,0.0,0.0,0.16057139988657104,0.31741976893912427,0.3923105303995382,0.1295317034900777,0.0,500m_25201_7935,3
4348.771936278221,1359.6529706617082,0.312580289399049,3,27,48,5,265.0188286831914,57.22053034795309,0.04578369348797524,0.0,0.13092813749113152,0.08715886985731991,0.16952230208430957,0.5663770999686459,0.0,500m_25201_7936,8
5533.156666947698,6012.018671708905,1.0863477551358816,7,25,65,51,39.69709398384685,81.90721606748578,0.08391276947304162,0.29784066197786685,0.04392121027566052,0.18934812571089463,0.3847965365576737,0.0,0.0,500m_25201_7937,9
3479.4514022012568,3621.376064894107,1.0404903405930968,4,0,18,8,288.9366881143423,288.94488477760376,0.0,0.3861861937486358,0.003654297553513427,0.006297000158075127,0.10834244797613006,0.03454172829824439,0.0,500m_25201_7938,3
9106.485855128167,2447.4091924665026,0.26872500615396905,5,9,125,48,146.0507390781436,31.924796436623232,0.0,0.12885081487965533,0.06779811777498594,0.1567543338470091,0.2793414567187127,0.3148340130201279,0.0,500m_25201_7939,10
7825.215693207441,1361.2866112590016,0.17393931685789016,1,0,111,22,262.67354287033385,457.1789686443965,0.0,0.021924043281631982,0.010784938803737874,0.40633545086938305,0.34542448931733394,0.2154033020520044,0.0,500m_25201_7940,1
7485.420408909995,2671.4924609520085,0.3568451028708621,1,3,93,26,247.05880913530945,226.57140600283137,0.0,0.0,0.1897367100252967,0.23978114159694663,0.42335487197415694,0.14699370121741182,0.0,500m_25201_7941,12
7750.342215454066,5553.98941292474,0.7165197018203631,4,12,89,61,104.05802535280313,91.80075455811642,0.1361971246486248,0.0,0.21729406808229598,0.02048202027526527,0.3286115942684261,0.18902034413524538,0.0,500m_25201_7942,16
8168.683358559586,2944.4715762845944,0.36041440617151904,5,0,90,39,90.15910112123846,291.73648183545447,0.0,0.0,0.18845091261155789,0.12995113614025894,0.26219043945482345,0.4192851080285978,0.0,500m_25201_7943,3
6748.989862462783,3140.954949513486,0.46532735804250314,7,0,67,32,72.51824282418653,447.6466969607593,0.0,0.0,0.18519460130237547,0.14434026684894022,0.07019459525834672,0.6001223882196919,0.0,500m_25201_7944,4
6841.346614496387,2715.265600073943,0.396832512740776,4,2,75,31,192.92490209838573,271.869688247479,0.0,0.08283781209213856,0.07614214682821314,0.026526011683738818,0.08513492851221549,0.7292129521928519,0.0,500m_25201_7945,5
7673.594965342954,3805.855163584777,0.49590306469218404,7,7,113,54,66.13484285166672,219.14083341833324,0.0,0.05391602409287447,0.18697492640160426,0.14970140213801625,0.1784889388943147,0.43078840843722627,0.0,500m_25201_7946,16
6517.944567882531,3123.6549223710927,0.4791657437556201,5,0,75,46,266.02029217361826,557.9660498808505,0.0,0.08460548473691173,0.07671031961907615,0.0680154964365156,0.15118317948434243,0.6193321206583843,0.0,500m_25201_7947,2
4969.023825838475,1926.4526080844844,0.3876143607338702,0,10,16,10,1940.8442016440724,146.64617462314456,0.0,0.0,0.446236592577465,0.028328147579803988,0.1546622300737111,0.0,0.0,500m_25202_7889,1
5229.127940161742,594.3362792649043,0.11363704407707556,2,5,21,2,219.0721786767431,109.58166652456664,0.0,0.0,0.24083315830334479,0.0,0.46072023306794324,0.0,0.03761112279308698,500m_25202_7890,0
1507.6200926746526,274.0115824716255,0.18163060654046223,0,0,3,0,591.3410958704476,414.1211033101941,0.0,0.0,0.0,0.0,0.9993371425948417,0.0,0.0,500m_25202_7891,1
7938.643633797702,5856.381257071487,0.7376126092286909,12,5,46,18,55.28691789314761,107.15602229150431,0.0766326067566157,0.034593590546399655,0.08210367216423169,0.0,0.044546448991689705,0.041079443751108724,0.1569259059255707,500m_25202_7911,1
8150.530036831328,5189.347944549608,0.6366102953804261,6,27,114,67,208.51409390350705,43.33370196217484,0.0,0.05750415118900699,0.15206856617360648,0.25129282209147275,0.4321164712502404,0.10689531293976426,0.0,500m_25202_7918,10
11298.52651434897,4983.0990594262985,0.44100069618832194,31,45,158,82,105.03388376671363,93.95704314009251,0.10083994543785577,0.21205967208931026,0.061395367618355214,0.2948687057162977,0.14027007582305026,0.06329521351538606,0.0,500m_25202_7919,25
9620.60564325055,2700.7376100538663,0.2806951053900659,9,48,128,60,42.14936802945673,37.99849393312667,0.0,0.0,0.2833245909815653,0.38675157983681774,0.16898748006240674,0.08437868495629815,0.0,500m_25202_7923,10
6715.023457897216,6123.876599700815,0.9118307340781978,16,27,78,55,169.7800657946039,69.75314696246915,0.0,0.0,0.2600539705880912,0.1923206557370514,0.1955049737528443,0.14681918076023592,0.15385150729396244,500m_25202_7924,17
5978.728283925563,7049.743977148934,1.1789405207757917,12,36,46,38,75.7048367324519,69.10587648939534,0.16307252196367067,0.13002086273768065,0.19554604274591347,0.19625913591836952,0.08499865158379977,0.06410110338970977,0.0,500m_25202_7925,6
8393.4015300256,5490.844836883883,0.6541079572193323,14,55,94,67,30.567121043716604,22.459300823358227,0.0,0.10796657377989574,0.06992161395155577,0.3120445186284333,0.06829459264680178,0.1436540917756511,0.11897289352674233,500m_25202_7926,20
10638.040997877479,7242.365561112872,0.6807348108309523,28,108,159,131,22.606721279331474,27.648158510627656,0.0,0.1172682644484464,0.18665684061401164,0.519552754083798,0.09696492785199573,0.004384619377598087,0.06521216039303995,500m_25202_7927,26
6695.782054204398,9454.766818514892,1.4118373185788489,6,29,86,104,180.0068533675486,111.14881559190769,0.008970625258771011,0.151183383441765,0.04449324860232679,0.7424600714294173,0.039622227269529416,0.013121118547263607,0.0,500m_25202_7928,37
12717.564959993397,6491.915500496764,0.5104283007491228,17,106,199,165,30.729966137154467,20.326686644460466,0.07836026375679753,0.08065696606894716,0.1733660099281621,0.4804182655358854,0.16859312541282265,0.017926363260487358,0.0,500m_25202_7929,22
11000.310938256616,3617.773156845575,0.3288492777951503,12,64,165,89,32.20745153122253,26.53252585430898,0.0,0.0,0.3375483535290076,0.3050562565373866,0.3557528754722966,0.0015516162033101953,0.0,500m_25202_7930,18
11751.07270817455,4273.446512859082,0.3636334303723753,17,63,158,112,19.76726594733124,12.044687160294695,0.08643949969873589,0.0,0.22173271432965114,0.5305196102740609,0.12486335343407198,0.032951320124971595,0.0,500m_25202_7931,17
8464.813870133707,4330.407316545684,0.5115169531216366,9,30,110,86,215.0649768013215,121.31625541327534,0.010242061828494372,0.0,0.09037773168506494,0.5684308676973331,0.18780301460364632,0.017442616854821947,0.12558558519668497,500m_25202_7932,22
7128.06917571237,4858.899616753535,0.6815615751502384,13,34,74,83,170.52172104909872,75.146794435664,0.0,0.027447464066499474,0.12161158457107078,0.35637676515577965,0.16298536676355685,0.11032219690213799,0.22111635177413347,500m_25202_7933,17
4016.0736678112353,6601.705551607888,1.643411621874719,2,23,40,30,168.75133296441055,106.72335396134952,0.0,0.0,0.4080443240924261,0.15627193033638262,0.19410553405619027,0.2300067737943668,0.010119646100012841,500m_25202_7934,6
8704.780840081148,1790.3673687344672,0.20565270383233986,5,30,118,27,95.66838055949972,68.7208647604978,0.0,0.05176845279223592,0.0495731044079141,0.2606318048446366,0.42371103090572465,0.2142007408452531,0.0,500m_25202_7935,5
7739.504963574914,3022.445052428413,0.3904713021503589,5,21,102,50,81.27250729761502,64.28128882044727,0.0,0.07224845577172927,0.1269751045988914,0.23985319781137296,0.4753083647606083,0.08548568651948026,0.0,500m_25202_7936,3
11778.89023512186,2732.271384890477,0.23194370493743502,1,10,234,87,232.98203564468108,210.62520837919848,0.0,0.025678068429739184,0.027675852683794782,0.1611137205193173,0.601104378683767,0.18434308924891862,0.0,500m_25202_7937,5
1544.9435146595583,3730.443308731733,2.4130527883829163,0,4,23,24,466.61213900865056,200.96058895267146,0.0,0.5720546110447033,0.0,0.0,0.41826927728892715,0.009029257502218205,0.0,500m_25202_7938,2
8697.780204220555,2343.4677507492715,0.26940188115251446,7,1,89,24,76.54095734793923,201.0074917724688,0.0,0.18448179936557368,0.04896513071863553,0.07534861005292921,0.25269735597180754,0.30924879207650835,0.0,500m_25202_7939,0
8200.142276447892,566.2215814340417,0.06904179470951523,2,0,105,14,109.49935348873046,305.96361301371195,0.0,0.0,0.10824497938217616,0.09383067640588576,0.4578439310494744,0.3399584789286355,0.0,500m_25202_7940,2
6021.342519202202,3361.037578871413,0.5580947228017612,0,2,68,39,280.05686216260705,101.63500924875898,0.0,0.0,0.1906123728170516,0.19684332535191065,0.39604399905008897,0.21633425443733337,0.0,500m_25202_7941,11
8622.647084611475,2313.2224419906715,0.2682417797591134,4,4,133,45,154.95928475595267,235.7995986100772,0.11558856666059283,0.0,0.0951184273497322,0.12638515530268982,0.3058151112517897,0.3503300429993364,0.0,500m_25202_7942,12
7908.914622107943,3088.07827534826,0.3904060186335243,3,0,115,52,103.84815692662525,291.633736394023,0.0,0.0,0.1513159773426842,0.08482009032719649,0.32475612888556615,0.43898137982966284,0.0,500m_25202_7943,4
7587.249941863688,2974.4832930896005,0.39198541374864915,4,0,107,54,39.07903993391498,397.69034070242884,0.0,0.0,0.16107406141336741,0.13648015684468817,0.20381852595541075,0.49849547309518066,0.0,500m_25202_7944,1
7859.65247099998,2964.3153295266575,0.377108050567405,2,13,80,43,40.55120509145569,31.685261853918533,0.0,0.0,0.1613467212346363,0.08090834149900422,0.035824007713376654,0.7217937136502711,0.0,500m_25202_7945,3
8000.389141906762,5916.578268267641,0.7394438844725026,6,38,87,90,13.043691209599164,6.863761778035371,0.0,0.0,0.16922231623324394,0.29373502181534356,0.09391958810721958,0.44299809554576663,0.0,500m_25202_7946,11
7775.958402508097,3980.3510370181602,0.5118133376841109,4,6,121,47,137.2248699939103,240.19255900112447,0.0,0.06762881576699159,0.07974247402757788,0.2622190630611334,0.4218247231131896,0.16845633905633528,0.0,500m_25202_7947,1
4506.103608505347,4650.918520647556,1.0319084992567766,3,15,44,31,381.42952830514577,137.15555019223865,0.22093402669950563,0.0,0.20797372347806614,0.20756552986027246,0.18680483515699878,0.17650001282553035,0.0,500m_25203_7915,16
2335.0361888956436,3328.3688995515195,1.424793380930027,9,15,19,16,258.9055569942307,248.1377454243683,0.1743399517980151,0.0,0.7789989255368829,0.013697902431683699,0.026838037346871596,0.0,0.0,500m_25203_7916,9
4204.187790177219,2962.055411814668,0.7043812451690388,6,13,50,30,118.63059636302842,118.81378480599768,0.0,0.0,0.4127698564804524,0.06674548191100042,0.36369129005600614,0.1565555700440485,0.0,500m_25203_7917,5
7025.787684554459,5850.44479930187,0.8325916566629299,10,29,91,85,68.72880132008147,43.2792761513031,0.13969358757135514,0.0,0.20092325907783687,0.38235054047859646,0.22208725067485913,0.054803049657841545,0.0,500m_25203_7918,11
8517.707746992852,6776.06613997388,0.7954335729343299,9,13,76,76,181.3310799988108,187.77424348376,0.012752293839747865,0.1166796355445637,0.17992518954254283,0.33477878069813494,0.15356658668744072,0.0,0.0,500m_25203_7919,19
7142.534469094067,5378.305541809994,0.7528913824212375,10,39,89,84,100.33935512903437,35.166650460765574,0.0,0.09440144349830898,0.20077209366775745,0.3257709960195924,0.14728323619165495,0.2316322438970213,0.0,500m_25203_7920,5
6952.72559950602,7786.10920503998,1.1197032574298145,7,34,94,101,94.2464191733766,185.3892443578389,0.0,0.22442185485412608,0.08865027163479516,0.4086627249137046,0.18460989247580262,0.09351144831873408,0.0,500m_25203_7921,10
10485.039537329536,4970.081386764889,0.47397126141588175,14,65,158,95,116.3178445925305,19.484755256999822,0.0988712855955502,0.09813607521219553,0.08669582905886694,0.436375498664981,0.268516905844941,0.011309040734134303,0.0,500m_25203_7922,18
11156.364748201247,1503.4274045106956,0.13474753568068779,6,78,123,38,286.52578247905865,40.53905824442195,0.0,0.08829043770525168,0.13566243199709468,0.3431629211868894,0.16460766302463084,0.10015514291662499,0.0,500m_25203_7923,9
10029.065350677658,5222.404918203603,0.5206750639815885,16,97,124,110,123.6387031719087,17.74362873395419,0.0,0.10541868443351289,0.048555858196126005,0.540202372080412,0.1124143378004742,0.09591230645275332,0.09739674078901317,500m_25203_7924,20
10331.793944345729,6671.976285552772,0.6457088297211022,11,101,144,136,105.08575518523854,45.55652911350287,0.09509309250859255,0.0171373545304111,0.14667450132587748,0.5535326693611067,0.1388606231450975,0.04860497988359267,0.0,500m_25203_7925,6
10255.200640352947,5391.13900470888,0.525646795899983,12,60,127,107,162.6016818911603,118.79070795833285,0.0,0.07085846487193033,0.11646207681324426,0.703505209557576,0.05941520602241118,0.016087689660374112,0.0,500m_25203_7926,8
8153.320693938309,9759.597332252531,1.196862092940193,23,57,92,87,114.5456802804419,96.3887376828746,0.0,0.22383837454663855,0.14055289693402498,0.3306081212219627,0.0758462313430411,0.017938098688788165,0.05875837477029612,500m_25203_7927,19
8376.602963890597,10534.395214825245,1.257447417862952,30,82,105,110,30.41657718884708,46.74808065210818,0.08854131087036597,0.040220351099701665,0.12256843672200639,0.5681258008002289,0.03365014104719254,0.0,0.12254369434384789,500m_25203_7928,23
11214.92721186041,5880.847243877785,0.5243300114910711,23,87,142,117,152.20384055934053,31.20248246435456,0.0,0.0858049315885629,0.22716611835812495,0.5681155983527898,0.06263579822488308,0.056188394551805576,0.0,500m_25203_7929,10
11730.724012299344,7105.986416013909,0.6057069198494706,19,64,155,138,120.37433068145783,6.177577646880766,0.0,0.08672422311471412,0.22408489989303662,0.6020850321349297,0.08561465832485371,0.001405947568529858,0.0,500m_25203_7930,10
10972.268176154317,6147.638370451912,0.5602376859622517,17,43,142,120,37.10980896711952,40.755049235457044,0.09258066431870125,0.0993774026446429,0.10126584179695057,0.5874639407521729,0.11922101993426916,0.0,0.0,500m_25203_7931,15
7667.730178399965,4190.853498234397,0.5464859762622127,14,34,82,55,327.37632557942857,209.7184938736411,0.0,0.11463464565542517,0.15583229938225365,0.22384835207678278,0.42119479307855046,0.08435951012193713,0.0,500m_25203_7932,11
6924.248297057606,4856.501719842833,0.7012747430162555,1,12,84,31,296.4412306365896,153.17471236648865,0.0,0.018530969940211015,0.3663272438852274,0.19425630383352482,0.40824471692905856,0.006913111948215152,0.005583254309090235,500m_25203_7933,11
5981.3878668371135,2831.519418120723,0.47330923389588686,6,9,73,30,75.57737116549737,288.3997359385915,0.0,0.0,0.1408009214426099,0.2910063230849444,0.3167501862713584,0.049667192667524555,0.19302374532384908,500m_25203_7934,4
8854.884373169829,4168.602434681833,0.4707155444927908,20,46,131,86,163.17397905338134,167.34876725460975,0.0,0.11195473933037235,0.04330878230805,0.18769320744033205,0.4352705546704384,0.10472679850082522,0.11693299847982681,500m_25203_7935,14
8902.912302290531,4381.720103792656,0.4921117768270762,9,28,121,86,99.43044688265023,81.67570742610482,0.0,0.0,0.11107733450960565,0.06416870273514794,0.4966736768668271,0.21284317832263966,0.11512479738503593,500m_25203_7936,24
11592.284325532604,6557.008525059169,0.5655867949877038,11,41,183,166,113.20924779813306,108.61628938723801,0.0,0.0,0.12650847000794466,0.10439850278591338,0.4694712446435721,0.20013000289220814,0.09940552283649781,500m_25203_7937,6
3269.937334530242,3495.6549279119263,1.068701283576855,1,8,53,41,272.19977897879926,197.54459994832092,0.0,0.2785788146093799,0.15055633051983086,0.05544542784727782,0.22450555065169706,0.05937192017335573,0.22539009224703557,500m_25203_7938,2
10811.759652028712,4225.682202789107,0.3908051541676759,11,23,123,57,114.67340261649764,123.00274564223282,0.0,0.1326491661818655,0.05102340782970193,0.16186460713853018,0.28179105296520884,0.14785262092733162,0.0,500m_25203_7939,8
7911.289364650179,3380.285963403467,0.4272197094440969,4,35,100,40,203.46932267787363,116.39629007547686,0.0,0.0,0.17028941287414165,0.0697915020687755,0.3023187326054023,0.4574739667807427,0.0,500m_25203_7940,9
7735.009643932716,4198.252054766423,0.5426896097601267,11,30,100,74,187.98791290354868,11.17038234376408,0.0,0.0,0.17909629495932214,0.019582309283173147,0.2576543787852819,0.5435377513629457,0.0,500m_25203_7941,8
8983.36808634986,2869.0097802050327,0.31933350822569034,15,9,117,49,172.89563620872016,276.7160118122367,0.15764635593286375,0.009258272472146839,0.10156988700290671,0.018539894986107783,0.32507642744449006,0.3877978577280075,0.0,500m_25203_7942,6
7890.293403969993,2253.50559623481,0.2855685983112863,10,5,107,30,128.24415741717362,154.61278784751835,0.0,0.06245809036400461,0.06634798266845929,0.07591325418895847,0.25400550708997577,0.5411484437497756,0.0,500m_25203_7943,4
7613.406312531227,2966.1316079557437,0.3895420714644954,6,10,93,44,257.7721122016376,112.09390486398398,0.0,0.06884601185557164,0.06017018424345097,0.02712866001352729,0.33548593796212894,0.5082378759228284,0.0,500m_25203_7944,4
5978.807577107493,3221.2222375860883,0.5386832596282695,12,14,53,38,278.88408514043493,229.1124912996318,0.0,0.08244384418702845,0.1671609777093898,0.032036514569167306,0.05208105432089621,0.5227539936365623,0.14335638611562268,500m_25203_7945,12
6722.499115097213,4070.4755674391367,0.6054102927297378,19,14,74,57,66.2085340825596,193.47593992391987,0.0,0.07191489304273799,0.21687014692118925,0.237968855353804,0.09034938870601161,0.23553390663465915,0.14721407726282695,500m_25203_7946,8
6876.78331534898,2958.5299214579186,0.43015747746158856,6,11,72,43,371.9583451761653,290.44653579810085,0.0,0.053040760790389996,0.09602917423588674,0.3599697011401158,0.20926096074391284,0.1252317170133845,0.14694987030793402,500m_25203_7947,8
3889.5363965646834,5329.932904745094,1.3699737931899023,6,21,30,25,148.18277823822248,136.3142800867015,0.0,0.0,0.6291243577070613,0.029474981130545336,0.3411436271963618,0.0,0.0,500m_25204_7914,7
4485.227506050052,3384.6857154772924,0.754461451389338,1,17,47,54,200.36897237682865,70.02700382562983,0.0,0.0,0.3008428428619264,0.4344970829296114,0.21252983122880037,0.05190733854633742,0.0,500m_25204_7915,3
6689.858805132467,4081.138952052249,0.6099574166655053,14,37,58,42,122.35052440180571,68.64014411584576,0.2751507906625387,0.0,0.24188546408146766,0.115364779051788,0.027848066824736662,0.12468961907189077,0.0,500m_25204_7916,15
5702.456015524103,4461.698224243133,0.7822797637255273,13,7,38,11,21.18344750305107,153.63450964117033,0.21674879361599353,0.0,0.38936637119319967,0.0,0.11116945036840468,0.0,0.0,500m_25204_7917,4
7411.434935559099,5881.555398514528,0.7934714368013401,10,31,72,59,53.421536030921565,36.78027018133814,0.2872373091186069,0.0,0.18576992884650245,0.2151336404679575,0.17485608497665306,0.017768219651241597,0.0,500m_25204_7918,29
5983.526615941295,7108.8418960694335,1.1878703784411688,11,12,53,24,123.04577124743737,95.4406319484313,0.1604677752232234,0.13203942258074064,0.12407294559248644,0.20554114206875676,0.01936820434811657,0.17992181174380428,0.0,500m_25204_7919,12
5304.015874134012,6810.0394027550055,1.2836982139787985,10,11,57,50,118.74794562033276,95.15828182982975,0.19679116781044806,0.0,0.22245531453707756,0.34570574886494354,0.10897152381582224,0.12588774412199916,0.0,500m_25204_7920,7
8030.7504192714105,4845.523054323012,0.6032960190964907,8,2,125,80,85.27467577351425,74.19011689249379,0.12501503476623457,0.07014211595446597,0.0,0.3765984713704811,0.2738272640804482,0.15429260796753055,0.0,500m_25204_7921,8
8717.417671805842,4487.472106302594,0.5147117602331049,11,27,123,100,61.33028823411811,121.65824806464315,0.16205035629896228,0.0,0.056426710136511786,0.3488875140765475,0.3312413539587188,0.10127936581680763,0.0,500m_25204_7922,13
8947.337961334324,4331.92618780566,0.48410399858877357,8,61,109,74,40.0341300459382,19.938037534275942,0.06062823083895387,0.0,0.20095759612283454,0.32527533701653333,0.18331492170808958,0.17149264214103052,0.0,500m_25204_7923,13
10079.112175973107,3874.8366805934074,0.3844041229848061,14,87,128,80,102.66266489369994,12.641554661223543,0.0493237816932666,0.0,0.05002251736841685,0.4566667716247027,0.15024370058571523,0.19260577529607398,0.10103824818663046,500m_25204_7924,16
9944.799251262908,6237.43165458163,0.6271423238096835,11,65,130,97,54.41763601723863,44.0014661776437,0.14840119160849108,0.0,0.12268340325623894,0.48192056547659373,0.09835921580160964,0.14853507889585,0.0,500m_25204_7925,12
9118.12995303314,7751.052331891935,0.8499771767496125,10,87,108,114,87.36850522731541,42.572949494720625,0.058480027500231915,0.0,0.10695547763934687,0.448799638602738,0.22077532741655972,0.16487986925680453,0.0,500m_25204_7926,8
8371.776844428974,7211.729075508429,0.8613306205941609,9,63,104,89,83.51419830088521,28.060874033608126,0.08453605999031069,0.11980224445300305,0.06278846800580977,0.42680660443572677,0.1413442777473939,0.1646029106785741,0.0,500m_25204_7927,9
6914.20228236795,8656.955170210575,1.2518730207334154,6,34,57,55,114.51559973493399,94.04148033811941,0.04136179433072419,0.08870257680668488,0.09833172527438985,0.4410845441458487,0.015294192695706655,0.037630952792091436,0.10252728408527445,500m_25204_7928,5
4316.514121752722,9139.580827736227,2.1168618260421477,7,32,50,47,140.0865588026644,72.77192890372996,0.1419845307653104,0.04042961991463786,0.1626910896331873,0.4116790570289675,0.08740335536406271,0.07944707627438001,0.0,500m_25204_7929,6
8101.316548867741,11005.839031586154,1.358357077905598,4,59,105,161,93.92693674973496,35.26827914489142,0.0635862184813239,0.0,0.14444166209447218,0.6612864443409283,0.13056225359091983,0.0,0.0,500m_25204_7930,8
9915.06903297767,9473.296970561993,0.9553480254178184,6,56,141,135,115.45633210767622,34.743676531066725,0.12094334653579332,0.0,0.14877267227487123,0.34376597753942856,0.3816181116251887,0.004799045611016757,0.0,500m_25204_7931,11
7954.698523037422,4808.763663413586,0.6044426708087021,6,21,69,49,51.54039344092246,128.88236136428696,0.0,0.0,0.2266064026024011,0.18093082370570623,0.5923370776267255,0.0,0.0,500m_25204_7932,1
6518.155150902706,8061.298411932835,1.2365556924683083,9,31,70,69,62.74305983570407,55.03755936154083,0.0,0.0,0.5481805590973475,0.0,0.451666046793009,0.0,0.0,500m_25204_7933,8
3436.2507193006977,3772.8888781663372,1.0976472728570479,4,18,30,17,77.4520520083763,71.27418804924156,0.0,0.038764965524636555,0.3529593097102039,0.5354637557326711,0.0725210388438975,0.0,0.0,500m_25204_7934,2
8567.844717243486,2748.6777835769562,0.3207757724965728,4,19,114,57,236.20627650207527,141.5714603680338,0.0,0.09679164589080035,0.08717257789463588,0.42243012334466745,0.39348895102349774,0.0,0.0,500m_25204_7935,8
6145.268675391975,6737.050436214964,1.0961203930424197,4,17,93,66,151.99801928589596,81.9683708278186,0.0,0.0,0.16150138356907734,0.2884875099267826,0.4831024993032601,0.06674590686140433,0.0,500m_25204_7936,24
7677.170037166496,5235.559438321278,0.6818759434837128,5,15,111,81,89.73659376346518,18.12946120434662,0.0,0.06644054521608399,0.08515753891421686,0.19233626199162512,0.32067940516575594,0.33525600934601696,0.0,500m_25204_7937,5
3766.4719751595862,3970.6203206231107,1.0539216606793522,1,3,26,12,331.6397061920862,296.72766779840174,0.16793364681693573,0.021810858344485578,0.011874997940171817,0.032858943844200225,0.16517981980631,0.0,0.05498139200729737,500m_25204_7938,3
11308.424672749466,3850.838781235904,0.3404982032830248,14,39,145,66,72.23836112665107,12.73786171598142,0.024759366948728215,0.06010149468807368,0.12226729794986749,0.13845076757357072,0.2771152235196076,0.1611469724978935,0.08874943921903032,500m_25204_7939,17
7072.589555780301,2648.1986253383116,0.37437832722062475,5,21,88,41,173.2933588167496,51.24882445616515,0.0,0.0,0.14412738968411212,0.11268525319103036,0.2815659820506694,0.30390303496596843,0.1408522009107113,500m_25204_7940,13
7319.550328876211,2234.5862134386234,0.30524839158938727,6,13,84,35,143.81769107090298,184.9801596113193,0.0,0.0,0.15314565074673225,0.07153359791696152,0.32938964498898066,0.31149344539804386,0.13430105919735422,500m_25204_7941,13
8743.033431378746,3998.8010973629634,0.4573176816791331,9,24,102,44,25.68191924668168,198.21660341273483,0.16976966266824772,0.0,0.09308568191960795,0.10531178997872391,0.2400226761707648,0.26660122694797,0.1250945986165305,500m_25204_7942,16
7111.977676922186,1429.6215673817326,0.20098777647230512,4,13,80,21,132.60640147362776,216.5346463143814,0.0,0.0,0.10653103686706686,0.1148322686352522,0.18161295359022225,0.47415166648559975,0.12273148632424043,500m_25204_7943,6
7715.195002501362,1420.6084944049417,0.1841073863406021,4,21,120,32,233.32842500992248,117.28636763925094,0.0,0.0,0.0013689575164139943,0.1297911596713671,0.4201820313100425,0.3133784863526832,0.1351497675953012,500m_25204_7944,4
5910.279836133336,3786.223289530949,0.6405082138705819,7,30,52,34,22.76657955605715,15.985966002088906,0.0,0.0,0.36049738046773067,0.5255293962169119,0.040542207921896486,0.04487027451043096,0.02839157277938424,500m_25204_7945,16
6882.22520036568,3103.509143902516,0.4508800821652091,5,0,67,31,25.569376281315634,280.19299409120697,0.0,0.0,0.2645377790469955,0.5681543937313509,0.014304729464602206,0.1528578170244168,0.0,500m_25204_7946,8
8299.246541591834,4592.5116766899655,0.5532982247788999,5,0,100,71,126.74913175064425,380.5331088189932,0.0,0.0,0.19999685390950725,0.17068544932209023,0.07031759169411318,0.558879626725244,0.0,500m_25204_7947,5
6519.038504951477,2828.2570849015456,0.4337791997322865,5,0,71,28,121.26636316659521,364.49569137703446,0.0,0.0,0.2195666822040658,0.015191599702060458,0.0986947176626475,0.6663936271038693,0.0,500m_25204_7948,9
7673.120875816631,7957.909686961056,1.0369799766952752,16,41,52,52,58.651875977120085,50.96456042488819,0.1487481906986148,0.0,0.3014876007901365,0.0,0.3010611898158449,0.0,0.0,500m_25205_7914,6
5192.5135188425165,5849.037169342412,1.1262196869463417,7,27,45,38,50.58708033645599,36.69848495581875,0.2202982790608108,0.0,0.27239848783747955,0.23124130629924616,0.13358820521944204,0.0,0.0,500m_25205_7915,3
4097.0398396107275,2524.067241010366,0.6159206205399231,3,11,33,10,107.6278140727242,80.98844734052332,0.0706341237588262,0.0,0.3630557166585051,0.22048737440082683,0.06938868503579268,0.186847410606784,0.0,500m_25205_7916,2
6766.925614410595,5839.070996439773,0.8627563790014093,11,67,74,70,35.51174151641918,19.54095145660675,0.0,0.0,0.2967329196705342,0.296518929906127,0.38595694223797655,0.020643452424295168,0.0,500m_25205_7917,6
8422.778913177577,7761.526721465677,0.9213830041674148,12,98,98,119,47.843326043754416,29.281262567288998,0.12041410909113254,0.0,0.13881678305556994,0.5138417260064368,0.16791005142235926,0.05889861885688935,0.0,500m_25205_7918,14
5923.984739261298,8380.236729764403,1.4143895889273153,6,51,60,54,57.98329226820061,20.06235766774224,0.0,0.18157518608923434,0.13555821729188772,0.3161388473529954,0.15101874612488894,0.2155402263349741,0.0,500m_25205_7919,9
4963.125579349007,4966.517679643097,1.0004818774738578,3,6,37,10,85.30589746326321,200.2093710747849,0.0,0.04368320883167394,0.5475215731521226,0.3671132950142283,0.041480477654951865,0.0,0.0,500m_25205_7920,4
6731.568868701048,1263.3724566116005,0.18765087758476207,5,18,79,13,40.74897330329568,32.72227692226657,0.0,0.13249973506646934,0.212318407045306,0.44524390190500557,0.10323252144672336,0.1065569028215593,0.0,500m_25205_7921,10
8203.763837264409,3831.08259039642,0.4669339259950912,9,54,115,74,98.71540064739122,37.90256345825984,0.11976997869152041,0.0,0.24011771465645504,0.4120934146355492,0.21672900101856962,0.011168010585522381,0.0,500m_25205_7922,12
8864.75670290335,6237.6246606891045,0.7035637080641308,5,57,95,87,90.41622954087441,48.70074951519336,0.0,0.0,0.2728559773762547,0.11953342020375331,0.14378733206565866,0.22270259582581925,0.0,500m_25205_7923,14
6934.914619389865,11550.065685550166,1.6652548826453397,16,59,112,112,91.28989704043451,45.63957790098022,0.0,0.0,0.2890222235781703,0.36095933028170685,0.10234108154647509,0.10476007329594153,0.14277311420573197,500m_25205_7924,24
10050.110224438577,9102.971200833475,0.9056682294360112,10,62,129,151,77.88198803626372,48.46655192222873,0.10232577098689384,0.0,0.14158897930098158,0.5025955395128854,0.20291350746968173,0.05047671123282997,0.0,500m_25205_7925,11
8668.559523977889,4809.353244886301,0.5547402069949231,7,58,115,81,85.12670694371198,31.25365232847156,0.0,0.0,0.1844322472517645,0.4110411807479796,0.3475486139226179,0.056862611963773284,0.0,500m_25205_7926,6
8965.058774175384,12604.299424744144,1.4057792551001174,16,73,133,100,68.72583966232486,18.02057505722328,0.0,0.1374492161531594,0.1759526468717519,0.31582605900188293,0.2805163742648712,0.0901441719835064,0.0,500m_25205_7927,23
8458.885707537276,4523.113302777546,0.5346541855462313,6,20,104,71,92.94312445971687,70.64635049657846,0.0,0.0,0.19737258304883826,0.6305026523922349,0.1069978760500321,0.035094346120730806,0.02991433748155288,500m_25205_7928,10
10518.813984695946,3200.3394220817413,0.30422015320209495,6,3,164,43,149.8467988058839,171.66754542368818,0.0,0.06887649172733416,0.03716579978624806,0.5545565171689899,0.15236743043414572,0.04385321300759995,0.03647553001043262,500m_25205_7929,10
7802.4390187932,5050.912615498942,0.6472675192738373,4,25,89,44,185.36322195373273,134.36916414908058,0.0,0.12366594906072689,0.020394848971568864,0.4185751126956377,0.1508443731652412,0.012729553120709254,0.0,500m_25205_7930,3
6541.481440229054,8431.609777019803,1.288747985615166,13,29,65,53,65.32418620104892,66.21509143698147,0.2123027730141085,0.1585628201259312,0.019808644274696353,0.11085376739486838,0.22578050851191445,0.06473560491557351,0.0,500m_25205_7931,12
4608.815348866693,9260.186216819797,2.0087976450285328,4,5,26,12,189.26303950045485,193.17932463167077,0.10257495998538506,0.022936916293984158,0.07475699955686838,0.17527594596628124,0.08243306173041032,0.12860517616651612,0.0,500m_25205_7932,2
3294.5643219111194,10278.98383692936,3.1190360232351675,1,16,38,33,134.52507184712545,61.66874103395713,0.2657932180611438,0.0,0.3196183900485927,0.0,0.41428495372237506,0.0,0.0,500m_25205_7933,5
2489.8975465368935,8534.755428821612,3.4263775484011867,3,15,20,23,266.5454861676752,121.67539441091074,0.3800867937782895,0.12152698275753837,0.3023496788761283,0.04105527172554221,0.15457981114787223,0.0,0.0,500m_25205_7934,1
8856.807624338791,2843.1771770139926,0.3209797838916407,2,21,118,47,184.63637516763,10.56349861775091,0.007147864238736715,0.10519173480218079,0.14706320596376932,0.3493457400259041,0.3620832594561405,0.029055300760706067,0.0,500m_25205_7935,7
9783.768806644284,2027.6512282209483,0.20722525675252385,0,17,165,19,492.9629858464982,39.638196357522496,0.0,0.08309426985365861,0.045121757753848905,0.48152142006675114,0.38064452380993613,0.009515828860426498,0.0,500m_25205_7936,5
1998.8729294311822,1718.4942416174952,0.8593017167877167,0,1,24,9,352.69300424697195,160.30308132719523,0.0,0.30658575224023793,0.0,0.31589533795599345,0.24959393500983207,0.127424943024276,0.0,500m_25205_7937,1
8120.834146882996,3586.5993961704467,0.4415996844194257,6,1,81,40,137.26739402455038,199.64606515137422,0.15648654893364036,0.0,0.0,0.2555648528538776,0.29626371075106767,0.0870955581325088,0.0,500m_25205_7938,1
8012.779980845506,2320.741686346496,0.289593886018024,3,25,107,42,136.65801290883596,6.562260183211014,0.0,0.05841062372427868,0.08837851666528457,0.22543396123598491,0.2514053126484639,0.37624680066795274,0.0,500m_25205_7939,14
6967.342514882012,2152.365234498569,0.30887764628415554,1,5,81,32,244.39948878808414,125.70300830236266,0.0,0.0,0.19593786162553944,0.1507786797637813,0.17397284286121142,0.47916710960035686,0.0,500m_25205_7940,25
5688.778392615017,446.7900335947293,0.07852503256974566,6,9,67,3,98.39925492111657,122.69113864875354,0.0,0.0,0.2505115294478006,0.06031467463528571,0.26571622417028606,0.423281817977149,0.0,500m_25205_7941,8
5646.923036317805,2589.932230041482,0.4585636548847172,5,8,49,20,34.11728212589153,166.4956271532235,0.18437551807975341,0.0,0.1389284036199923,0.03538733303606812,0.24004730415766298,0.4010843848694657,0.0,500m_25205_7942,8
7371.421912791869,3471.6635946928973,0.47089865932241665,6,21,62,26,26.958619082893772,21.768320012372172,0.0,0.0,0.20772358168583185,0.031962212069409364,0.08935701201590626,0.670821553592461,0.0,500m_25205_7943,14
8042.035326336313,2450.357309211591,0.30465579346494737,7,22,94,30,26.05549433547038,38.01659455627802,0.0,0.0,0.15273481426584098,0.02888072072626816,0.21937006433627812,0.5988900695006776,0.0,500m_25205_7944,10
6309.371025588644,2377.2611670747315,0.3767228832401302,4,24,63,24,70.53933424675029,63.94494910700808,0.0,0.0,0.3361091222061253,0.2906006217344867,0.11682338646410548,0.2563084003078282,0.0,500m_25205_7945,6
7609.778108900256,1113.1113106363373,0.1462546003456117,2,12,79,14,91.84477046304166,74.78935846543145,0.0,0.0,0.1860542496738765,0.09317912188033393,0.17775544511026123,0.5428797907255096,0.0,500m_25205_7946,7
7961.27215681655,4706.4789207027,0.5910974691656896,6,4,87,60,97.11728177559763,364.71638468055284,0.0,0.0,0.3036986605536451,0.03723533283545945,0.009047333193019733,0.649893081127094,0.0,500m_25205_7947,7
4801.3376885768575,0.0,0.0,0,0,34,0,897.6810153852375,1111.2245888609602,0.0,0.0,0.0,0.0,0.9997917680794546,0.0,0.0,500m_25206_7902,0
6270.289476490665,8144.504430182676,1.2986969363659862,1,3,25,7,51.37952094732784,50.68246090730138,0.0,0.0,0.25967205410408106,0.0,0.17629357119916397,0.0,0.16911961595960784,500m_25206_7913,5
1351.903203447639,6483.0488502417065,4.7919532112281065,1,1,10,7,198.83772547460725,196.68206014585297,0.0,0.0,0.6368496686636893,0.06372935091745334,0.29868182923830633,0.0,0.0,500m_25206_7914,0
3965.55472720463,4857.242177582537,1.2245493915082335,5,25,38,30,187.14551839051336,93.03802899260566,0.0,0.0,0.6101113286852831,0.23025152694217496,0.15938503641771096,0.0,0.0,500m_25206_7915,5
3614.3802010083277,3968.8771348744053,1.0977758670491937,6,35,31,39,73.04799498287088,39.12400834250707,0.0,0.0,0.5222708252939,0.1254512674545738,0.35200131116912253,0.0,0.0,500m_25206_7916,1
3626.9214716009783,4693.782266647608,1.2937937889202082,7,26,17,27,28.00928906944561,21.01143931205144,0.0,0.0,0.4308402783234144,0.2052007229483511,0.3253307648404571,0.038352593963421874,0.0,500m_25206_7917,7
5510.4072245270945,5996.999948457184,1.088106848967553,7,44,50,57,68.24252997216628,27.188255081564964,0.18197051132778017,0.054546713181217246,0.05203743949599583,0.29799358122415415,0.2715319802016862,0.14173833270518083,0.0,500m_25206_7918,11
4569.240652189672,5101.6222168851755,1.1162699308713449,8,37,35,44,58.89238763030829,51.311586199789645,0.0,0.25471334083638897,0.06802555184213104,0.27696085169302065,0.19781428763802,0.20226716113187188,0.0,500m_25206_7919,8
6357.768534405738,5867.489320482977,0.9227398809589357,14,51,66,60,112.66966014585462,56.16823371759397,0.0,0.27580107695884715,0.26680747869834137,0.22225337986488633,0.13981241826420088,0.09516838305898193,0.0,500m_25206_7920,18
9938.73549675763,7332.607434796707,0.7377064950258108,15,125,115,112,77.50473122866637,16.760977344135988,0.0,0.20061487805620176,0.046603773710082924,0.5179959025048759,0.1477513343416327,0.08693350508834363,0.0,500m_25206_7921,14
6297.717260813227,7985.3285782592775,1.267770602744644,8,33,76,51,102.37337035880329,74.59568492167969,0.15917584488982264,0.16494812267084177,0.07953401710278572,0.2956242365743036,0.3005590162779835,0.0,0.0,500m_25206_7922,13
8091.252864868957,7429.396833601218,0.9180875780407941,10,37,95,42,127.68813344136905,64.38217135943465,0.0,0.12704106516819147,0.10252633417560415,0.26756403971863874,0.1853232866292797,0.03849051924141952,0.0,500m_25206_7923,9
8189.752643479546,6544.217024029792,0.7989762734734127,17,77,142,70,13.797625937712475,12.931067108699137,0.0,0.11849124668397414,0.19428236542884703,0.2643262709316398,0.16691378433052861,0.130256334484011,0.11951850426767721,500m_25206_7924,27
6883.478091740406,7925.801492005536,1.151256694609058,14,42,89,82,91.13014458449602,43.99346942195129,0.14454595233675332,0.1488999878762131,0.15706059573404804,0.30877570809039195,0.24057250166928626,0.0,0.0,500m_25206_7925,21
7258.638749394372,5600.090596721036,0.7714007253030624,13,64,87,84,62.906536289969,38.47132664082037,0.0,0.13725217409291757,0.3623608362179176,0.2623053662679716,0.1992123772297499,0.03873149829040823,0.0,500m_25206_7926,8
9650.436219025805,3897.427973459402,0.40381844577457093,9,57,133,70,125.52966815794892,3.54281345530183,0.0,0.10648616010735139,0.1028702995228497,0.5568588241401031,0.0804029646995092,0.15327814000778628,0.0,500m_25206_7927,17
8613.851395151378,2037.0966718176323,0.23646335593950626,4,15,131,49,218.41788816153212,103.93430009378932,0.0,0.05770689417221831,0.11305142667048013,0.7346337059121886,0.06876457143235007,0.02572732319989659,0.0,500m_25206_7928,1
8820.694998471963,3274.134736934379,0.37114576478800315,5,14,126,51,131.2500939523291,105.8848712898544,0.0,0.0,0.1920399390445194,0.6435101169384352,0.08934142002643303,0.03856921106555056,0.03642595602480828,500m_25206_7929,17
8019.62435008597,3791.8987701000187,0.4727685283078212,5,12,112,53,99.88422359766491,89.83160132439374,0.1428140817679085,0.0,0.039697945822027667,0.40644977030017027,0.3410730644830998,0.015558857486825452,0.05428160156678639,500m_25206_7930,3
8299.633669508561,5030.934075303876,0.6060903631712412,0,12,130,45,308.99539494677384,78.36045301099367,0.05757719710923951,0.0,0.1251553047339682,0.4468769713011186,0.37027005412554087,0.0,0.0,500m_25206_7931,3
7768.426740517685,4655.370883049514,0.5991910392528293,5,0,99,57,94.0302640197201,303.3581114387125,0.0,0.22093912750978206,0.09149411866449679,0.3304832101203826,0.3435397312729433,0.009437915411864969,0.0,500m_25206_7932,4
8627.403473319293,5850.467274872846,0.6780474850258953,2,13,92,36,215.85861973078198,110.99838458375625,0.0,0.2942844202859201,0.0007587284531056553,0.13094005868614175,0.2305718130420758,0.0907225687729406,0.0,500m_25206_7933,1
6938.0063875177,2832.6785323096733,0.40822538186522855,0,0,69,24,358.21442566109226,340.85550854816034,0.0,0.19461762115424047,0.052978029395489186,0.2786807184334962,0.20360517891425703,0.04430294563688189,0.0,500m_25206_7934,1
5255.143406900933,3794.9725761557834,0.7220070463019067,4,7,54,39,59.84805159310124,61.62737498463975,0.2584319745564424,0.1535426396186802,0.026895683200971025,0.2686335491282151,0.2612250571554224,0.0310808427793239,0.0,500m_25206_7935,0
752.28351999791,3527.0610555814146,4.682249062864405,0,2,5,5,352.42141557417983,271.17017168603235,0.0,0.4926071759061482,0.0,0.13474935339266877,0.37131594929197603,0.0,0.0,500m_25206_7936,2
6595.208339299883,2977.6156942650396,0.45141322728158123,4,0,65,17,46.96529937913437,536.8105655584416,0.24014429345068067,0.0,0.03619227316222508,0.014531284447647935,0.24546477409894188,0.19847803966510005,0.0,500m_25206_7937,2
4995.668632906919,1020.8302680857171,0.20430217472552853,0,1,49,8,347.12994558577867,300.8610443907805,0.0039012108148682107,0.0,0.07103262520623421,0.21073179721488783,0.5921497082100031,0.12198452521047944,0.0,500m_25206_7938,2
8867.489829049342,2310.9610735358488,0.2605811268978557,2,10,126,45,197.48081115099538,20.833108619592597,0.0,0.08111179843727973,0.027901595083775262,0.29145436244268896,0.18598621770616752,0.41343326756063886,0.0,500m_25206_7939,2
7386.097350768574,2660.167831681233,0.36011002770993156,4,5,101,37,209.5669448679973,29.158993004193725,0.0,0.03259909163167636,0.13628873304745243,0.043989990430843035,0.13422397044660672,0.6527628432749478,0.0,500m_25206_7940,4
7989.250765410685,379.73445514379694,0.047524723102264146,1,1,107,11,108.53242906267391,255.7611648558139,0.0,0.0,0.09279391803923882,0.05181365975770261,0.37307549066546064,0.4821917790199415,0.0,500m_25206_7941,1
7195.207432268436,3105.675686996707,0.4315711735977177,9,17,92,41,84.56869024772186,177.23606147572076,0.13636084200439852,0.0,0.13911478267959257,0.08335142774826583,0.2200348879430162,0.4209990975381819,0.0,500m_25206_7942,4
7482.427276904846,3223.550357106525,0.43075855992547163,8,36,89,33,67.10770512475796,61.71033112488383,0.0,0.0,0.23852514684465798,0.11763540771702141,0.021272941552235528,0.6224328752740876,0.0,500m_25206_7943,11
7822.918125482459,1126.1539902548827,0.14393734343755532,5,17,116,20,42.146648756141396,37.689942039050976,0.0,0.0,0.1817157114575128,0.2812789710100086,0.11535716018198319,0.4215203441520492,0.0,500m_25206_7944,6
5914.8174295235185,1392.2974357572891,0.23535165720444315,4,45,60,14,87.06425485802238,47.58758719039406,0.0,0.0,0.2725390353965844,0.07820797487100457,0.1038034062381418,0.5452805451471747,0.0,500m_25206_7945,6
1261.0697510814675,4980.387969797521,3.9462065908241812,0,0,1,1,332.17693941200605,324.2992891295795,0.6096605530177999,0.0,0.0,0.0,0.004574896878306095,0.38497220087030903,0.0,500m_25207_7914,0
2143.6569030092473,2905.847455024489,1.3549241610381535,2,5,17,10,294.5334064294506,251.70488590879924,0.4334729452332695,0.0,0.3759342919614223,0.0,0.19012648775749155,0.0,0.0,500m_25207_7915,2
2115.525402098217,735.6419376483506,0.34757056868727965,3,3,14,3,276.8466514422653,259.58199017454325,0.48759284228164196,0.0,0.022559940054685982,0.21488773398089586,0.2744870112054751,0.0,0.0,500m_25207_7916,9
3026.404796494613,2465.7956321703905,0.8144915523109095,5,7,20,9,87.29252320308922,90.79951448174282,0.26608911650078226,0.0,0.3977448257336654,0.12831606038403628,0.20751968146170294,0.0,0.0,500m_25207_7917,0
4932.688080677984,4834.227681080906,0.9798405578198998,10,32,48,41,17.55069882996548,17.201527508046766,0.20354957922620712,0.0,0.14981952734952944,0.08162322002026395,0.5054652867692643,0.05933969850697946,0.0,500m_25207_7918,13
5601.961156088419,5815.203509820518,1.0378803899972548,3,34,55,38,269.140969471255,89.81491671948797,0.0,0.07564867827965811,0.19917166231974512,0.2367891672246048,0.4593005709071322,0.02891144421500488,0.0,500m_25207_7919,9
5822.2577470264405,6937.740641382674,1.1913847785503444,12,71,54,66,46.492946121406206,32.78428379671688,0.0,0.20048706386064685,0.2157505401432179,0.32014033451896,0.03770374421169567,0.21223550100218438,0.0,500m_25207_7920,8
6398.182776318589,5250.57227102506,0.8205066888315514,6,54,71,55,112.154040614483,13.151656120077694,0.0,0.14775213033804396,0.16886329880892573,0.3298813762020904,0.17329624943321667,0.18005067526342503,0.0,500m_25207_7921,4
5107.066363688909,6830.271850021441,1.3371540938808009,2,17,46,28,139.33109447111732,82.07909707333901,0.06965756019489805,0.0,0.22493734796538853,0.08468970925277802,0.23797660312218247,0.3825430106691254,0.0,500m_25207_7922,3
7942.099857238755,3687.4432965295296,0.46423227238784687,1,13,79,22,289.7230159090617,170.72795252765334,0.090367234195773,0.0,0.09144525264232631,0.06687594423974899,0.51200549060824,0.1396938530293433,0.0,500m_25207_7923,2
7215.695070571049,2778.759589089866,0.3850460026254076,11,45,85,38,113.44029327518228,54.35115029415657,0.0,0.0,0.22996300117483848,0.20343656429197457,0.10130574965767422,0.32632283192056916,0.13883328537099732,500m_25207_7924,22
7104.772867517111,3297.3390515967253,0.4640366520396362,7,4,88,55,129.58790222504402,275.0388793541826,0.1419033535681294,0.0,0.22145546682249118,0.4717179428146518,0.06327930624925536,0.1015031999003136,0.0,500m_25207_7925,10
8207.792760146289,4899.122662361563,0.5968140268014581,4,8,120,68,149.5696318353815,164.324977942993,0.0,0.056258894110008416,0.10360466098807976,0.6554096845668904,0.0603033779782657,0.12430156176398119,0.0,500m_25207_7926,7
7457.689211989436,2133.8685370480207,0.28609162768411683,2,5,93,19,209.74557903838382,38.62303158665748,0.0,0.011180821424104767,0.11880761571578455,0.37485137563637816,0.3381858584402613,0.15684025696849482,0.0,500m_25207_7927,4
8226.08236476606,3037.862205021641,0.36925146368192746,7,0,94,30,223.37644303830805,445.79852882759604,0.09986427148666557,0.06146854695467025,0.008287274589041129,0.2261095270286487,0.28800751170709277,0.060693399611600245,0.0,500m_25207_7936,3
8168.310448621748,4666.360746512606,0.5712061961483997,6,0,80,36,104.90494841443325,494.11783821099056,0.21240364865468328,0.0,0.05836360871080741,0.07456630306059643,0.18974033350822747,0.163108709953563,0.0,500m_25207_7937,1
8471.764350519692,3279.8049561945677,0.3870997493271951,2,2,102,54,159.32563262760698,761.1077592559504,0.062701079714599,0.0,0.09284581519309983,0.23300070287528302,0.16648440848055324,0.33533127863570766,0.0,500m_25207_7938,4
9390.527990618695,6324.1196643474605,0.6733855950453106,8,29,113,91,74.37871941437534,59.74802519047062,0.050423165960517005,0.05835194707823826,0.1489982342993754,0.30796320201432786,0.10623079486436734,0.2542864338423174,0.0,500m_25207_7939,25
7709.809695639745,3783.0569131169623,0.4906173362385249,6,0,63,50,118.90639697670687,293.469557392019,0.0,0.054464164421253104,0.23147420242814185,0.2820962564644084,0.05328802951767245,0.20161774364790425,0.0,500m_25207_7940,10
7815.112387975988,3049.1827212040052,0.39011500472981336,2,8,68,26,174.99531028415132,174.61891853511406,0.0,0.12308346567039555,0.07990017199943812,0.06773983082916928,0.1635113477228902,0.3392097094705212,0.0,500m_25207_7941,3
10314.225822094571,2334.841499854033,0.22634904364894734,8,8,97,26,116.05661838699581,134.28385942174344,0.09408695702140553,0.12408503519630706,0.08620949488768442,0.06900030549426617,0.08522112720607065,0.20348568413940668,0.0,500m_25207_7942,6
9076.141361439428,457.0330661201936,0.05034988967580853,4,1,121,10,70.24451265656836,278.18026193683806,0.0,0.09208473978563286,0.10499529387883436,0.5574461272776217,0.002782829136072411,0.2425808430796382,0.0,500m_25207_7943,6
1650.250907038949,3783.284308892051,2.2911625924108048,2,2,12,9,304.1123016027564,298.4283638139509,0.1692710803723164,0.0,0.0,0.0,0.823384248755548,0.006739069387989261,0.0,500m_25208_7914,0
49.24735497423558,409.7105559633559,8.15387309786626,0,0,0,0,410.69488258388276,399.8851819412297,0.0,0.0,0.0,0.0,0.9800984549233934,0.0,0.0,500m_25208_7915,0
1319.51676327653,0.0,0.0,0,0,2,0,396.90495605043225,388.7350375090686,0.0,0.0,0.5351931268402405,0.4640495938674324,0.0,0.0,0.0,500m_25208_7916,0
1573.3236643781784,249.72122374010462,0.158621272988829,0,0,3,1,379.81969480737587,357.8556555476398,0.18251622353144256,0.0,0.0,0.03760034479979166,0.56035604904853,0.2188921892209197,0.0,500m_25208_7917,0
5073.607193335836,4037.255537269791,0.7955799106129172,8,22,36,38,69.66524741842089,69.86860315210399,0.40817199292427897,0.0,0.13274359041360448,0.2549802057361266,0.2039071513385381,0.0,0.0,500m_25208_7918,7
5036.196544665359,5901.306903856081,1.1715458889738692,5,19,57,49,105.68988199031321,96.62206353577787,0.16231995567170834,0.03337372819335922,0.15200007842740387,0.20405388150607745,0.44805383307630947,0.0,0.0,500m_25208_7919,14
8317.743839424034,5378.24519748226,0.6465213139505247,4,33,98,65,57.31442257013337,85.51295133325938,0.09563798518088527,0.053278664000892616,0.047638703531939136,0.2052060990474541,0.5409946135066609,0.05712372427500014,0.0,500m_25208_7920,8
6936.677480825589,4361.9040208511715,0.628726837317912,3,23,96,37,97.32140967924417,34.07169696923699,0.0726797083751037,0.0,0.10305698025928602,0.15965522174939598,0.5299116189796127,0.13455233017997686,0.0,500m_25208_7921,9
4893.272934975147,3827.1104264933756,0.7819568866183,7,13,40,29,106.54600499310351,136.53924265954655,0.20186445678855527,0.0,0.05014420919157349,0.2533489786517981,0.2228219814418835,0.2716160534860983,0.0,500m_25208_7922,5
8805.705830237528,2960.522102596783,0.3361667983086173,10,16,99,34,246.90694311051848,171.3765557894592,0.2262627194877724,0.0,0.0,0.25248226122557377,0.3922491310697279,0.04842312299702706,0.0,500m_25208_7923,20
8499.155560513722,4788.682220403351,0.5633640686116971,24,29,104,55,74.24308495589383,68.31952592038088,0.11509032721778945,0.0,0.08195569832823783,0.5062424733653454,0.006734118283369278,0.10260060667165337,0.11139800197450349,500m_25208_7924,13
8813.572883162336,3253.538714615867,0.36910906038689645,12,0,95,68,137.784965036213,325.08261274969294,0.23391802161208522,0.0,0.029008758271714633,0.4251973270561252,0.26190827248775844,0.049854172080454416,0.0,500m_25208_7925,24
7934.589731624607,3972.6535630623753,0.5006122666889783,8,7,83,59,165.23913459423682,58.1756225919539,0.1362299998826159,0.015324393078456277,0.09278724131708527,0.3238732259773627,0.17919491369242505,0.25246421147294773,0.0,500m_25208_7926,6
8305.798999044668,1850.665833483628,0.2227892878708713,5,1,109,32,88.97515267924224,85.21702436254544,0.09665390201167894,0.0,0.06631385142836067,0.18627520142996967,0.3706243979378968,0.2800122638771595,0.0,500m_25208_7937,6
7998.286292742903,3778.0725625408754,0.4723012059173843,2,1,98,44,154.53503277004148,585.1563332687468,0.10712624329327561,0.0,0.07242163002261597,0.223871422821723,0.17490583454234648,0.42154985816736823,0.0,500m_25208_7938,16
6952.785052619444,4709.940165587777,0.677320355741162,3,12,76,61,145.18594930487563,92.50822636297916,0.07164284620331696,0.067960647824871,0.09273168503699344,0.47265657732108757,0.05700587297049688,0.23785856406991732,0.0,500m_25208_7939,17
7435.037089617954,4042.472791523534,0.5436326826781908,15,8,64,55,94.24389451225571,184.02084750311036,0.07004381838560592,0.0,0.2679259697764637,0.3898181180145139,0.049671818126667544,0.21716793673635013,0.0,500m_25208_7940,10
6658.824436197843,3048.5147516443694,0.45774701433192666,5,2,77,35,204.79354097843503,226.65742661327016,0.07148889456426581,0.0,0.07957279339844406,0.3278883412908215,0.01333972941839868,0.5075600872197171,0.0,500m_25208_7941,7
8581.408018314678,3730.850390643114,0.4347090446738908,12,11,78,47,149.5097599592821,60.68241513892961,0.1825746460527104,0.0,0.12869335165451493,0.19226610313264977,0.017055528166784236,0.331851903293902,0.0,500m_25208_7942,21
3634.5326597170174,990.1650007816663,0.27235761398956565,0,0,38,4,499.5460790857192,490.5901692427367,0.0,0.0,0.0,0.0,0.9997249371430271,0.0,0.0,500m_25209_7914,0
1772.2806798817544,464.78652576877676,0.26210544728867713,0,0,10,10,864.104208299564,858.4556442099677,0.0,0.0,0.0,0.0,0.9994360734815728,0.0,0.0,500m_25209_7915,0
2233.6734240108162,600.3687827877521,0.26866063574972116,0,0,9,0,858.6815936884713,849.5276733788589,0.0,0.0,0.1377435608519669,0.0,0.8527427798907418,0.009066166577038444,0.0,500m_25209_7916,0
3834.310980184947,2408.977879842518,0.6281049678340169,3,4,31,11,133.56293951813166,248.50672458852682,0.07241048698908578,0.0,0.3901463575578108,0.0,0.4366958683987189,0.10048655200443216,0.0,500m_25209_7917,1
6326.863760404624,6180.128456495051,0.9766532103876828,12,23,72,46,92.54867332597613,85.48903599620647,0.1257424979104766,0.13993148782771722,0.20265184475702183,0.05209816496443629,0.35377429483995204,0.12564367848514488,0.0,500m_25209_7918,9
6877.241208716017,5456.747016652518,0.7933346405092336,4,16,76,63,28.77562053224063,14.310449144427672,0.07793289846985842,0.1178861030932723,0.11561039982302843,0.2210052621194016,0.4490496058865333,0.018370344604470366,0.0,500m_25209_7919,9
9918.34504390775,2549.3899538306546,0.25701192392701727,6,33,143,53,190.84015557619534,86.23281799766023,0.05039133630537833,0.10329335437929671,0.012544881085976371,0.23286617992463868,0.5021102025666483,0.09869323263038501,0.0,500m_25209_7920,8
6509.118857395212,3245.6018164605302,0.49854724430624914,5,12,79,26,213.8152633586794,201.11419023387919,0.0,0.13139798584241713,0.07651334309525894,0.11833622312545992,0.5379405380198033,0.13565830289053615,0.0,500m_25209_7921,6
6666.427684271063,2776.384530678076,0.4164101452840298,1,4,74,23,277.9527580517452,212.69316367199966,0.0,0.00902917177953143,0.024018003198747757,0.37449203738049197,0.22301106955403596,0.36929973520813497,0.0,500m_25209_7922,6
6577.514023753468,2840.1985938376515,0.43173862419117176,15,27,75,36,169.48455836649117,46.6492554918127,0.1491136848338941,0.16735398929613618,0.000630752370201621,0.31968621828713467,0.33715362687761347,0.02590971832236527,0.0,500m_25209_7923,17
9655.586543103065,3500.8129928867766,0.3625311052990179,14,7,81,35,126.5651804188988,70.11583031651604,0.0,0.10228816514688506,0.05419131757617936,0.4920578887589805,0.0386211615545154,0.06757420487482675,0.11594613708353929,500m_25209_7924,9
8079.33068659597,3783.3182952954176,0.4682132999298361,8,13,90,64,81.79116109185172,24.341339006897257,0.11992919349131358,0.13776170821778397,0.013277388783327314,0.23034104352038795,0.25407117179938576,0.2227962995613682,0.0,500m_25209_7925,9
6689.508082005759,1566.3974060764597,0.23412233972025434,5,13,76,20,150.5887169340905,31.51202144271542,0.023566804776968726,0.1388980159840707,0.0958631673664561,0.21661692680520017,0.2308372259138942,0.2940683936736975,0.0,500m_25209_7926,3
8182.300539646544,278.5219237559505,0.03403540202471661,0,0,101,6,386.05247526311797,521.006388946518,0.0,0.0,0.16306210066513824,0.40249973319774374,0.22292899622102078,0.21138696983372693,0.0,500m_25209_7937,2
8618.792575653653,1752.577337475875,0.20332012888871334,4,1,101,22,103.40713912163417,778.8316219499343,0.0,0.0,0.16810179096172248,0.40600361010016073,0.14409875011065706,0.2816798367551006,0.0,500m_25209_7938,3
7064.238360790943,3157.361226994658,0.44688672423518855,2,0,75,37,163.2032813170645,423.21067746061345,0.0,0.0719287625836914,0.14334640534557427,0.17837701075495477,0.11119992553323456,0.49500635774108986,0.0,500m_25209_7939,8
5453.987294046724,2937.0799638061717,0.5384210458219657,3,0,42,28,219.9144604092794,475.47921949978166,0.0,0.0,0.2624255028043602,0.3606007949795413,0.0648755391249479,0.311914844607331,0.0,500m_25209_7940,5
7017.680382116314,3673.9277667619886,0.5234499317169653,5,0,88,44,125.60000924534054,310.49694425535387,0.0,0.0,0.17372665138578408,0.1325148692033475,0.06455964177734967,0.6290563607082909,0.0,500m_25209_7941,1
7107.374060948519,10093.266258817252,1.4199120885135914,7,26,77,81,56.44388126098718,44.22069874022004,0.14758553948942196,0.0,0.03221484682505676,0.24014744879535793,0.07366461690784955,0.5062468688352372,0.0,500m_25209_7942,24
1336.481678928172,386.06467160646434,0.2886504373770921,0,0,9,0,345.40419788375516,356.339868463122,0.0,0.0,0.0,0.0,0.9992523262069642,0.0,0.0,500m_25210_7914,0
2641.0706545068674,453.3764033152747,0.171598894428467,0,0,22,0,836.0059389487825,841.0200601817554,0.0,0.0,0.0,0.0,0.9996215089864102,0.0,0.0,500m_25210_7915,0
3965.2562389399563,451.5182724882658,0.1138399148434598,0,0,24,0,1334.265879719864,1337.6879378821386,0.0,0.0,0.0,0.0,0.9997478730722987,0.0,0.0,500m_25210_7916,0
5713.589489776075,2604.6540185930353,0.45579022312153833,3,8,34,10,192.38911093565292,184.59636503624546,0.17331738757749665,0.0,0.14416910648254117,0.02693009074244417,0.4684241816931524,0.1062195999291908,0.0,500m_25210_7917,0
7860.417530839903,3216.7245146975274,0.4091786884589829,3,20,98,70,82.11594891103394,52.701236827210764,0.0,0.007048560678063747,0.25541960470147257,0.276483771980246,0.4496570609352157,0.011263798182726438,0.0,500m_25210_7918,4
5774.830597815008,5096.288914891934,0.8823473660775051,4,20,68,52,150.40178123789903,132.51786379207394,0.13923806130478342,0.01688886408125202,0.14213078926403155,0.28835008131748424,0.38675383034666705,0.0101212169676077,0.0,500m_25210_7919,5
8152.738927079029,1556.161945046487,0.19085255966172587,2,2,94,14,288.46161099188305,306.7919078172594,0.023744938162435805,0.0,0.001756292432193484,0.18430950043314978,0.37750322144053056,0.4125634044094438,0.0,500m_25210_7920,8
7624.677093526625,2311.5220367105962,0.30312351393331727,6,21,97,42,233.45808244326736,9.974752371389856,0.0,0.018507022181405316,0.06337659691064904,0.1562024285420783,0.5307821382005777,0.23100067826906323,0.0,500m_25210_7921,7
8833.827307451997,3961.7998235209734,0.4484297978500696,7,11,97,29,97.92024885227913,220.58990409691376,0.0,0.11064309422984765,0.0,0.30261655154182177,0.2864802260804446,0.30014693974417384,0.0,500m_25210_7922,6
8722.505971603698,1486.7973067970083,0.1704357527394093,4,2,105,24,140.14350448467476,134.73642736365025,0.12053449468039946,0.0,0.004945401136950027,0.3803635646673824,0.36438600259141385,0.12965590411414957,0.0,500m_25210_7923,8
6953.790460211832,2655.902176974807,0.3818809771723751,8,0,74,23,135.47963733757408,440.9638770393136,0.0,0.0,0.07617233699674851,0.428933351336282,0.1574500062127183,0.16817606168693133,0.14056922646764639,500m_25210_7924,6
3991.8323108522113,2379.3361970717533,0.5959018590900751,0,2,46,11,297.3472932658492,379.9834225759291,0.0,0.0,0.049610675636394624,0.3467361789618967,0.5207203332325611,0.08268236338438859,0.0,500m_25210_7925,1
8312.658491258906,1990.122880871445,0.2393799171524651,7,8,129,28,50.15693208909415,174.07801744033065,0.14602626428734877,0.0,0.07196277941249181,0.3766876380766171,0.4052030342353268,0.0,0.0,500m_25210_7926,6
7002.25473650788,1462.087672338567,0.2087725960783237,3,0,71,10,465.79522624813626,1018.1893662005123,0.0,0.0,0.21766155660890646,0.6312131720945668,0.10918747061478244,0.041795009931211484,0.0,500m_25210_7937,0
7050.45434788436,432.6525057378185,0.06135649248975522,0,0,64,3,589.5684771486057,1171.2375093521116,0.0,0.0,0.09877531301616495,0.8542629788520347,0.02976580540156355,0.01705408801363149,0.0,500m_25210_7938,1
8779.48462297642,4535.427453709517,0.5165349805227598,5,8,114,75,90.52566369790826,88.25387930667166,0.0,0.09382779174383483,0.17883445731125827,0.2351878304084017,0.08643887253961087,0.40559715906673366,0.0,500m_25210_7939,2
7528.339850997015,3361.278273500532,0.4464240345128585,4,4,79,39,145.90418431224356,556.9841128129499,0.0,0.0,0.13792355117608432,0.11069218669978875,0.0929094386134141,0.6583420097422029,0.0,500m_25210_7940,5
6855.40235063746,2334.5412774830897,0.3404907060721197,5,8,71,24,191.87958532403715,198.83771674521958,0.0,0.0,0.13127804276980656,0.16578115313113512,0.1455611127373829,0.5572338422780208,0.0,500m_25210_7941,7
6239.195113668774,4847.032701162154,0.7767437736914699,6,18,56,55,25.82178790204405,20.125627273392052,0.1582931261567297,0.0,0.17090815435648962,0.10874871576731562,0.05083548230822883,0.4883958115564366,0.0,500m_25210_7942,9
145.97962549395803,0.0,0.0,0,0,0,0,671.010548634402,597.1028217614966,0.0,0.0,0.0,0.0,0.993196335909557,0.0,0.0,500m_25211_7914,0
521.0231054823485,1592.8997086157956,3.0513969437118287,0,0,1,0,623.2957499622604,642.0311445037358,0.0,0.0,0.0,0.0,0.998084375979726,0.0,0.0,500m_25211_7915,0
781.054502825573,1027.5989385902835,1.3139735592309172,0,0,2,0,680.5533366316679,642.5460527748019,0.0,0.0,0.0,0.0,0.9987213167414969,0.0,0.0,500m_25211_7916,2
2733.3771608786624,3970.227994242074,1.4519679475988179,0,1,8,7,472.73550362318576,295.09875668108805,0.6463508538569236,0.08141817737055938,0.003515555964434241,0.0,0.21748841015950468,0.0,0.0,500m_25211_7917,2
2447.8510380026523,2936.8029126184697,1.199257475054017,1,9,19,29,224.3384123973952,143.9510467116623,0.0,0.6230895903744532,0.04916819126700333,0.23887082116404293,0.08846304242547591,0.0,0.0,500m_25211_7918,3
3235.125965444094,4455.466043809219,1.376790054338257,3,9,27,16,185.1231704754718,148.6904857034636,0.29539142234959614,0.28568306398957105,0.0,0.2847857977933336,0.032346893222076005,0.0,0.0,500m_25211_7919,3
3723.4635106599317,2035.4666390655107,0.546512708002031,3,4,37,5,90.53680198869992,120.8781076985065,0.0,0.1405096481004673,0.0,0.46102522499500004,0.24005650636276116,0.15814012549620654,0.0,500m_25211_7920,4
5186.657593414246,1956.5392968651,0.3771527441111255,2,6,67,8,71.83858694493274,229.1522254471175,0.0,0.0955628833150334,0.02352827391939163,0.30912590818752855,0.22987778279863477,0.34171238655117636,0.0,500m_25211_7921,8
6445.36921251015,4959.983424783033,0.7694227961931561,4,9,81,42,85.13143174122636,97.0000693210143,0.0,0.09715168710491856,0.11088990134329234,0.39267692226713174,0.23313290440228074,0.16010337794745827,0.0,500m_25211_7922,5
6842.519679155728,5469.865563125562,0.7992766616549526,10,8,82,41,81.430661442579,107.23383694097218,0.15600664269579725,0.15532790872595878,0.1725302148626848,0.19166281421130482,0.23925533355422762,0.04324735483722785,0.0,500m_25211_7923,7
6538.21255226288,8645.843944078466,1.3221536805814014,11,1,45,51,110.8974253820481,266.4255813047972,0.0,0.13221103923061744,0.2323169001862428,0.18827430887248509,0.02865322482403831,0.039071500873625944,0.1350794428321233,500m_25211_7924,10
7338.6247793047305,3426.1680515974317,0.46680425152769,3,4,115,39,178.18370224338585,461.8949806706943,0.0,0.0,0.15464865007366208,0.4631298665163007,0.2967928329740819,0.012353650406426345,0.023336743242904405,500m_25211_7925,3
7982.124906267308,4234.868449722635,0.5304775384884645,10,34,117,75,70.08027476495377,93.45691532817831,0.0,0.09056011604389796,0.1495118299896012,0.5364598973315798,0.19952618526679727,0.009936786322051406,0.0,500m_25211_7926,31
6459.345447726344,5199.845081294415,0.8048865379365201,4,3,58,49,160.89838481013373,228.69609187066717,0.0,0.0,0.2695046877042736,0.5367029426172134,0.11329976271339355,0.08033781648091154,0.0,500m_25211_7937,4
6646.422905059685,5106.053202920845,0.7681252232401783,8,1,63,64,190.93155529027328,699.7003470724917,0.0,0.0,0.21609892806219042,0.6103273107505057,0.10459823740080618,0.06882508954840529,0.0,500m_25211_7938,1
7417.649673789717,5863.426714540016,0.790363067723181,5,16,85,94,75.78244822888462,45.758595180921226,0.0,0.06791777026190661,0.22587573585977724,0.171777204086324,0.13026411460589377,0.40403037976591144,0.0,500m_25211_7939,10
9201.551123380259,4595.211446928913,0.49934103981820754,8,8,131,77,105.53292805499687,197.97101712702016,0.0,0.0,0.15379894741988567,0.2705723154282665,0.16800057939313703,0.40751949223905226,0.0,500m_25211_7940,17
7493.1102968036585,5099.292279687228,0.6804399825636602,5,33,76,80,85.45975865600553,15.192922423698084,0.10094138416853236,0.0,0.07089240719003574,0.430921664410615,0.017333885659632182,0.34906148428914535,0.0,500m_25211_7941,10
7859.618181792825,6206.500682470194,0.7895690312049523,8,7,100,68,85.54835339579282,78.55622994535086,0.14322992289073944,0.0,0.09531828195304033,0.19007441654221977,0.17834501276267833,0.2966675500356713,0.0,500m_25211_7942,13
4365.262088752131,1546.7014254527132,0.35423925408352147,0,1,12,2,322.3804266440171,97.60795176748724,0.27474015925964607,0.0,0.0585549846875024,0.0,0.24178601879838005,0.0,0.0,500m_25212_7914,0
3022.1023353888595,2260.5126533967655,0.7477459915712702,5,2,17,8,210.40356766537857,217.34231627792528,0.2964727592218528,0.0,0.15681730310774783,0.0,0.22053937949486466,0.0,0.0,500m_25212_7915,1
2675.1258530791442,3043.278724614285,1.1371956670545578,2,6,14,15,322.5605850978297,146.89462641454048,0.35330090118412166,0.0,0.023948545360576143,0.0,0.2562812788534147,0.0,0.0,500m_25212_7916,1
3147.317844716099,3115.1456699431337,0.9894635242027298,0,0,12,5,286.3263841474868,284.5092507363815,0.2054019478668895,0.11780092756899888,0.02486011737176102,0.00284678868226714,0.05095359297785475,0.05506702680008754,0.0,500m_25212_7917,1
4584.380188042914,3124.3600886750246,0.681374272262587,0,2,28,13,454.5780825763848,289.9605301183048,0.04428384460783617,0.12618953249220644,0.03208976694368384,0.15810680614564743,0.11182923719319451,0.08482168962491511,0.0,500m_25212_7918,0
2558.998985445227,2193.937321478288,0.8570071058433352,0,0,12,2,529.9188493152005,334.04945425086055,0.0,0.19444251159300496,0.0,0.29498202625635506,0.1540218250926496,0.03960066895695839,0.0,500m_25212_7919,0
1502.2145293156282,1597.1000928320793,1.0624565301129671,0,0,3,1,563.8344629031459,445.2376166632484,0.0,0.1460489943710706,0.0,0.1379768826153428,0.0254014488777569,0.0,0.0,500m_25212_7920,0
213.26824969164412,831.006692807115,3.8783473239876938,0,0,0,0,497.00494441606537,319.59053806013776,0.0,0.0,0.0,0.0,0.27491029965953007,0.0,0.0,500m_25212_7921,1
1517.8910031066407,6169.867460230042,4.062087040880877,3,11,9,13,19.977639671378487,17.525380198666877,0.0,0.0,0.8844192008809045,0.08299769087726526,0.0319247331524033,0.0,0.0,500m_25212_7922,9
4630.194047335448,7853.59219461601,1.6958028781226657,3,4,50,17,147.27108897739046,228.42396033245296,0.18941658397317707,0.0,0.2654970391417346,0.06976017309944674,0.2981197885665872,0.0,0.0,500m_25212_7923,5
6260.01330317375,8598.94400483747,1.3734109142490736,8,19,36,63,108.85342316643985,107.19787328670348,0.0,0.0,0.5493748057702951,0.1861239960933304,0.059884773639297145,0.0008390357872870866,0.0,500m_25212_7924,3
7722.1687044103555,5931.201045469112,0.7679750724701985,9,0,71,81,246.13305376615534,760.1750127828693,0.0,0.09487974316201406,0.1262986713015705,0.41599909727892953,0.062491006696200065,0.11743186481249894,0.14113969084075476,500m_25212_7925,9
5909.230240074968,3345.7331495327244,0.5660918464473028,0,0,64,39,323.44970672127323,540.4598244405445,0.0,0.1915001658714841,0.09789262647729681,0.5246569191945791,0.17604533440527032,0.009735755905209581,0.0,500m_25212_7926,3
5915.5498121988,4203.847085143863,0.7105233993764964,5,0,40,40,151.8759334818884,485.3401294709755,0.0,0.0,0.2834886006576971,0.511143148176528,0.06798391714195486,0.0,0.13721531660121009,500m_25212_7937,3
6875.51445127355,4186.120660575122,0.6087561787643507,3,1,80,54,189.62958581707005,384.32784600844593,0.007506026909141006,0.0,0.2226388112352715,0.48035995271503246,0.1340907810148955,0.1552590056144308,0.0,500m_25212_7938,4
8737.491140174461,8113.766661723726,0.9285088846083945,8,21,133,137,160.3288137416979,59.78164249718071,0.12835115448676926,0.0590460913564887,0.10015554784667942,0.14403286874945823,0.2792556807647716,0.28904422056377005,0.0,500m_25212_7939,14
9056.186657858743,4649.392439054068,0.5133373766808572,22,29,135,94,59.17384676397561,64.53905766324988,0.11384580724622005,0.0,0.057241228804430305,0.22356741654919898,0.12715685477109143,0.4780782830683679,0.0,500m_25212_7940,16
3971.529925545134,3082.8382538744286,0.7760390259241113,4,1,40,29,157.40657761747437,247.4356280649082,0.10555446949514366,0.0,0.12995986674853782,0.23881951505939406,0.11105096096193595,0.41436345898309884,0.0,500m_25212_7941,4
6771.868606474321,1795.977937877744,0.26517241692256255,0,0,84,25,334.3759235065509,446.5353304175079,0.15632364414044625,0.0,0.030330401030426134,0.11763185332042604,0.4556272697510796,0.23993918383203797,0.0,500m_25212_7942,6
6889.601646950941,3864.774254457028,0.5608761690885399,3,3,31,8,64.42339783544257,41.2897676913797,0.11082760743475446,0.0,0.0,0.0,0.31621407662767526,0.0,0.12878900915815197,500m_25213_7913,0
3700.158982957129,3727.702765805173,1.0071717488954868,0,0,38,7,287.8629132246058,277.5281012354304,0.0,0.0,0.10986798931650195,0.0,0.8898618250458088,0.0,0.0,500m_25213_7914,0
5336.330258202681,8286.188870717886,1.5524969357073697,2,32,49,56,203.6666262394884,22.008529930208134,0.0,0.0,0.5004197337330671,0.038731161020836756,0.3653366964110222,0.09532504924673584,0.0,500m_25213_7915,2
4611.035575098977,7776.899691800204,1.6862184961861029,2,13,43,46,166.3019772160986,153.58468842338812,0.0,0.0,0.3641903401099394,0.01223454734602809,0.6233582885443649,0.0,0.0,500m_25213_7916,7
7909.724523714354,7431.249859414807,0.939389285663759,12,7,69,49,94.88972681915166,234.9886921286872,0.13806360747551663,0.14042736183957064,0.1803237346842133,0.26194935050726914,0.12932239028863862,0.09609570810205904,0.0,500m_25213_7917,13
6033.840226655793,3743.926821486907,0.6203854088713139,5,8,54,27,176.98410494561566,166.38861541061928,0.25079029045541246,0.0,0.23467008030439954,0.3911119670374094,0.07055460945626864,0.05270734827672385,0.0,500m_25213_7918,12
5296.819380170256,2577.905011043092,0.48659737640210865,2,7,48,35,241.81398273197223,27.28353568985362,0.044753803871545345,0.0,0.2253732733404012,0.486883599191479,0.23786404860589744,0.004936518083685647,0.0,500m_25213_7919,4
6559.55303810008,2727.838785266451,0.4157940297753353,0,0,58,24,431.795382023411,342.47314410819325,0.0,0.03979038783527737,0.1427654828912553,0.4030443946678291,0.34356840586330484,0.07067890256816978,0.0,500m_25213_7920,1
4022.179783904793,3317.8433369435834,0.8246818474821852,1,6,28,17,112.19166014483704,191.21475311572857,0.0,0.1891907221788872,0.0,0.2078461745833594,0.3166696939983333,0.03453431290852517,0.0,500m_25213_7921,1
2613.0935206446597,1385.2963383114936,0.5299337331932434,3,0,5,2,272.2162729177409,381.8412376498146,0.09153631853996917,0.0,0.0,0.0745628988722659,0.0,0.0,0.0,500m_25213_7922,1
983.6102608015763,3107.9783424064817,3.1565569303292254,0,0,2,0,271.5280412625205,384.2431086166551,0.8665323266679615,0.0,0.132452043046827,0.0,0.0,0.0,0.0,500m_25213_7923,2
684.7990378647994,3359.5123185947505,4.8986833359440425,1,3,3,3,256.6387979670314,170.40869692438002,0.0,0.0,0.742658584390476,0.194833540535608,0.0,0.0,0.0,500m_25213_7924,3
4071.0290932313437,4107.787355380661,1.0087814358224394,0,0,22,10,707.1896247984705,1189.9078280772787,0.0,0.13175070575872422,0.1004800706919061,0.050984806420165465,0.02687428134478895,0.017846760613703598,0.29330852980820576,500m_25213_7925,6
674.3663949488706,1046.786006023158,1.5499527572768945,0,0,0,0,724.7141297741263,1037.858257591025,0.0,0.1136913509800413,0.0,0.0,0.0,0.0,0.0,500m_25213_7926,1
7443.895682583241,5181.03055727662,0.695917146212974,4,2,74,78,44.049978979283054,220.9726155633921,0.1384960199169417,0.0,0.02956109497661644,0.3009254041607611,0.21890286843268938,0.1873679058404188,0.06885792431363216,500m_25213_7937,3
7125.515407901487,3306.2175483018677,0.46393185997130043,7,4,75,55,184.46286218563972,141.35561156611516,0.14356171493762107,0.0317722492709531,0.0,0.21658214322773142,0.21376561444474865,0.1598031191301871,0.1302864471174443,500m_25213_7938,5
5709.118983422696,3774.712175020472,0.661056658535314,5,6,54,41,75.70986583827062,82.67322756583604,0.0,0.11780666230099861,0.16715084068101999,0.4353065011247783,0.20794264060685508,0.07161822758709857,0.0,500m_25213_7939,8
6158.729150186793,2387.9558755914313,0.3876722202175102,0,0,82,43,508.4233471816359,350.50970831645816,0.0,0.0,0.01049586827386736,0.21247304006852957,0.35849284298940626,0.4183759038677007,0.0,500m_25213_7940,2
4755.326358538263,1517.341887429012,0.31901551177310905,1,0,66,17,109.29228971921884,709.4809269732257,0.0,0.0,0.15525196727631685,0.2217066603777573,0.36535813564152114,0.2574729904082895,0.0,500m_25213_7941,2
7121.490287842566,2037.4620667378279,0.28606035029848864,0,0,95,34,308.553249641515,931.7920338323262,0.0,0.0,0.08772740093110883,0.6553418418945892,0.18170119146500982,0.07508916537744352,0.0,500m_25213_7942,2
9703.323508685286,2730.9443147387583,0.2814152178969082,1,14,57,12,262.85324308913493,170.425464879849,0.0,0.0,0.16054518387791675,0.0,0.3548297720560878,0.0,0.08955511518821269,500m_25214_7913,2
5561.906211915231,2708.178385370169,0.4868279784349952,9,22,56,27,175.10507610251523,122.59536494592403,0.0,0.0,0.3526367883529275,0.0,0.6471834494936399,0.0,0.0,500m_25214_7914,8
5638.447014854065,7048.0113364161325,1.2497699362813355,5,40,45,51,102.32582107328548,33.66175565753242,0.0,0.0,0.6403135078383866,0.14878147630747018,0.17280449323865701,0.037923200265020475,0.0,500m_25214_7915,12
7319.836682345968,4856.656732386537,0.6634018682725508,8,53,66,60,265.3863823854071,64.53952858813723,0.0,0.08584618263860266,0.3354260344685332,0.5384687715521267,0.018226810137692867,0.02189560479427488,0.0,500m_25214_7916,2
7169.951875352524,6622.163557011,0.923470645476261,6,39,66,81,254.33156410000944,35.67140854984775,0.0,0.05722397880934866,0.3835901807662052,0.2715238519268905,0.1043021492692739,0.18322038772764643,0.0,500m_25214_7917,25
5874.514905571817,4462.948258195575,0.7595841947338626,15,23,57,56,61.703532223319314,57.51687871005717,0.1697442437406614,0.0,0.17458073849577868,0.27903898056849435,0.2504226860803892,0.12604315326545412,0.0,500m_25214_7918,19
4310.160015074262,5240.388536960904,1.2155402533511934,4,10,40,35,146.47279930819406,94.61481610443552,0.07564986232351392,0.0,0.173497867942998,0.4765731076119719,0.1244203635432333,0.1496268424466375,0.0,500m_25214_7919,3
7292.80246079255,2898.5774430903884,0.3974027893779052,3,0,80,30,159.01927560849822,459.22782659941345,0.07389603900635874,0.0,0.13818699808722934,0.3060238692514272,0.4632172138055287,0.018538777150914627,0.0,500m_25214_7920,3
7616.234352681353,5953.393689911838,0.7815689283363293,2,43,91,94,160.80880106679885,42.49679338806556,0.05663987856347644,0.0,0.028686683402287822,0.5450027370895928,0.23793776363230432,0.13160165606855562,0.0,500m_25214_7921,5
6714.7552229347775,2865.075570299211,0.4266200114790926,2,2,62,24,368.95751219920277,252.53363033950959,0.16743485898641358,0.06848821604521402,0.08646747531643037,0.4777671789240936,0.08960928077622814,0.11008408637089015,0.0,500m_25214_7922,13
5252.982247847998,2349.344088013128,0.4471549345214111,0,0,52,22,434.39319357051903,553.1090577923133,0.0,0.11640537672534423,0.05681124165828946,0.4432024338839276,0.1692880499114416,0.02226544912756518,0.0,500m_25214_7923,6
5218.341947295308,3169.844638125339,0.6073264925222939,0,0,57,18,643.5110428918763,642.003488448211,0.0,0.09980781096073664,0.0,0.5358115329979345,0.16362552907625583,0.0021518455669508004,0.0,500m_25214_7924,0
8241.93083543439,4208.283581557937,0.5105324387131251,2,0,76,18,123.66061405107561,705.3323796107386,0.0,0.0789132433602925,0.09240444077994008,0.32530450557493,0.050825843145771696,0.0039172397315839986,0.10086705025151453,500m_25214_7925,8
6668.8153104507455,1147.7815644397826,0.17208595905817003,0,0,70,2,349.76469058502136,620.687541223127,0.0,0.067832449862486,0.09418385472558924,0.6994438419779262,0.06541261032123069,0.0,0.0,500m_25214_7926,5
5852.674687613074,1624.8132023778078,0.27757148954930233,1,7,69,28,219.9390888610567,105.78554104146761,0.0,0.0,0.22380555329166266,0.23025132217331204,0.3571165725250922,0.18865571914795023,0.0,500m_25214_7937,1
7356.809670339192,3618.84055447474,0.4918366628948032,5,11,78,52,131.88424386810803,80.06393520981273,0.0,0.0159399974109944,0.19460599063976594,0.4107743809656957,0.15730510823571298,0.1336690151975575,0.08756959753835329,500m_25214_7938,6
7936.7430658512885,3845.1860408008174,0.4844180529529949,13,18,100,65,185.71944158428894,73.88123026894299,0.0,0.012967745016263585,0.1703200189730164,0.37158408199400006,0.2498681242428949,0.12238133425276053,0.07275271512692728,500m_25214_7939,6
4586.512753006027,3922.350612997227,0.8550059311392771,1,0,49,33,214.9675680516256,420.0076124836931,0.0,0.0,0.3664434661663706,0.4023982480913047,0.16994849862017436,0.06099180407690537,0.0,500m_25214_7940,0
2545.6140521124285,5239.5675868882045,2.0574643348653314,1,0,14,38,311.3351632531602,394.15181971787626,0.0,0.0,0.5277739648336416,0.14696376364359462,0.26062680207316663,0.0642427911797308,0.0,500m_25214_7941,1
8469.139826289265,2556.385911724463,0.3018115360728827,2,0,121,60,115.71171435442696,607.9518240043944,0.0,0.0,0.11665244724831986,0.5817745261745575,0.24070131556178975,0.0607536492099173,0.0,500m_25214_7942,5
6477.751915967176,4854.876639762361,0.7493536876751369,7,20,67,61,109.95367566558348,104.12776247376787,0.0,0.0,0.26025080359967045,0.35895500658235696,0.2790646737821594,0.10157516531935276,0.0,500m_25215_7920,4
6572.755385559526,6406.934563733843,0.9746232081905366,10,10,66,73,141.84510772521116,125.9203249298593,0.012210396847719338,0.0,0.2448428626676754,0.5140166890396273,0.07656814656721501,0.15220978482744973,0.0,500m_25215_7921,14
6001.14665495671,2553.8390684276997,0.4254876155547917,5,3,50,32,114.36819006120174,220.08958645621416,0.27779456674800246,0.0,0.029439015459478485,0.5305833047376137,0.12113979538513213,0.040876710611084666,0.0,500m_25215_7922,10
8082.9629522032365,3195.435130812246,0.3952807737622485,1,11,90,59,71.92193309328353,93.61113632330488,0.06251669748818764,0.0,0.029370122708267363,0.768029637196578,0.0936496836743633,0.046310157227646205,0.0,500m_25215_7923,7
8293.753906006072,2985.8661678461544,0.35997043452779787,1,3,106,55,288.99179253049704,202.94416637147006,0.06403186716523185,0.0,0.017207662289383027,0.6442569097968329,0.2660924785972244,0.008290524023705084,0.0,500m_25215_7924,6
11132.68074100849,2881.0237419794325,0.2587665129796482,6,1,138,54,229.5414764922127,355.38480515422236,0.04747866175791934,0.0,0.07699904665902835,0.44053301357383184,0.22373526722226272,0.027613851539387904,0.028799279023111093,500m_25215_7925,15
7457.923654533055,2316.460008902882,0.3105622360801462,4,4,80,42,129.90632794313828,134.02598622968236,0.0029344087853460273,0.0,0.06557523184199296,0.6690894292116464,0.10311738754436865,0.0,0.1591494750157003,500m_25215_7926,22
9255.678365285914,2357.456808709545,0.25467632294003006,4,0,135,45,12.594979128349145,357.10408993741896,0.0,0.013901308829987356,0.0731083483929482,0.41517074369412177,0.3842593615501877,0.11345220742081412,0.0,500m_25215_7937,3
7681.25079527465,2801.6404172018706,0.364690048771274,6,10,108,30,91.65031592569784,56.27401177778929,0.0,0.0,0.28364966788237284,0.4322188300646148,0.2301500901463562,0.05385124172259874,0.0,500m_25215_7938,2
7193.168313201081,2316.974603625483,0.32206288520855214,13,17,64,36,59.99289982528467,69.695306787298,0.0,0.0,0.19056797482445034,0.43193714733631966,0.11915082046735843,0.05714369025195486,0.20106136564588023,500m_25215_7939,5
6400.10790476513,2139.797940183651,0.33428555994044984,3,2,89,23,137.01096317195288,279.56621187132663,0.0,0.0,0.10693306665937496,0.6121603597907234,0.23866611663946435,0.02049047129983391,0.021593762654378106,500m_25215_7940,6
5932.028722703846,5116.553113128987,0.8623846861805233,6,2,57,51,70.79323655669752,184.0795606722275,0.0,0.0,0.36594086503142426,0.5624237963774369,0.06863312492573774,0.002833665686497069,0.0,500m_25215_7941,6
5296.804313709796,3067.168868862466,0.5789509553845102,6,1,60,53,71.85184696460654,237.26328246033742,0.02434155374102577,0.0,0.18327677009321236,0.5122876691886238,0.15741030190631541,0.12249494762702397,0.0,500m_25215_7942,3
8903.141620865237,3850.620887664802,0.43245279013100735,6,11,118,56,189.36631088850396,198.2405684480064,0.11012979702223151,0.0,0.12222664200094902,0.5228101728088953,0.24397688654468788,0.0007441943349444975,0.0,500m_25216_7921,4
8464.237840891245,2607.013757484247,0.30796698291111135,4,4,106,46,134.21755348210633,86.47570823036101,0.007805503392398589,0.0,0.15666398915915358,0.6778990374659463,0.1575133398107565,0.0,0.0,500m_25216_7922,3
7021.913105994301,1510.4695582379368,0.21507735258018476,1,0,67,18,112.97839677157246,342.29720057038685,0.0,0.0,0.10914198484992278,0.8069380045334847,0.0837776195624952,0.0,0.0,500m_25216_7923,6
8534.334225382672,2519.0205283610003,0.2951285165693746,4,8,111,35,107.42317202819997,209.3939756097879,0.0,0.0,0.13485533571201247,0.5760357384732753,0.25055906972611397,0.010645315605993182,0.0,500m_25216_7924,6
9706.02402278051,1564.2100227835163,0.16114207805735492,5,0,99,25,212.81274381406644,416.5385118210714,0.0,0.0,0.07701580339897675,0.634495662091404,0.1405494804478474,0.0459930263656164,0.0,500m_25216_7925,3
6883.316721012167,1652.7913914478859,0.240080672988689,6,16,62,22,159.70923015369135,145.24367667707216,0.0,0.0,0.19474326263014574,0.49946887840337484,0.16047768796230252,0.0,0.14516491330606066,500m_25216_7926,11
6807.671658278127,1012.7046024010921,0.14873747086479408,3,44,64,29,192.52467506337808,45.09443661028922,0.0,0.0,0.2630134377215153,0.48290208689443037,0.15531000585549626,0.07288306419261904,0.025744533809422775,500m_25216_7927,5
7380.343450769736,2714.951697047555,0.36781267734729733,0,8,121,31,333.70812304688303,177.39697531418636,0.0,0.0,0.1235639181476508,0.3427612037556336,0.49732213137421677,0.036217270029581326,0.0,500m_25216_7936,2
8332.258572620322,3291.0694214046307,0.3949318736151712,4,4,103,67,97.67994682463559,94.90762064638605,0.0,0.06527757619236603,0.11456829581872459,0.4649696844008408,0.23982178689325165,0.11524265561825349,0.0,500m_25216_7937,2
7595.415987597998,2110.267498227727,0.2777977801206485,4,9,81,38,168.46876600877206,172.42294210295228,0.0,0.033388125108505105,0.15613783593742847,0.5872266518258329,0.08929209956442104,0.13382364653709292,0.0,500m_25216_7938,2
7680.5865523160555,1908.537118664245,0.24845611068312534,1,23,80,19,97.00472410268341,46.182732230746936,0.0,0.0649792136678323,0.18566447471282063,0.4682073677706993,0.2511856360172758,0.02983312639122346,0.0,500m_25216_7939,2
9626.540295308443,5844.4138389792315,0.6070516102464145,17,28,116,86,44.907901149922914,68.16769288133376,0.0034696658849798123,0.015226600363405418,0.13304312055651657,0.28095899573281014,0.2534453777957515,0.045451737925767254,0.2350537906319669,500m_25216_7940,16
7364.573649064542,5007.7892906991065,0.6798912792536012,6,9,76,75,86.46695632067821,218.32425886107845,0.03947660568820017,0.0,0.14857125760134973,0.6845887257288937,0.03564080362570806,0.09158684060533523,0.0,500m_25216_7941,3
7839.736038043449,4074.811221448925,0.5196975388124072,4,3,100,70,167.2709163991296,95.20174309462688,0.06491003216006666,0.0,0.06396431896663775,0.51137151709523,0.13536241632077434,0.22426417641055593,0.0,500m_25216_7942,3
8131.554833225245,3922.933565179989,0.4823740688661566,5,24,104,52,66.04265568520039,78.66909016583959,0.14333680866454393,0.0,0.07864360782084931,0.5603153260749545,0.1773552150447082,0.0402260798056344,0.0,500m_25217_7921,3
9311.842252542867,3250.1343929395616,0.3489948938039957,4,34,154,69,65.84301622160893,46.53764364002829,0.0,0.0,0.1214349083417377,0.5254863689359351,0.3322397092902422,0.02073163482812235,0.0,500m_25217_7922,13
8423.98726178229,3251.726249872245,0.3859621562423999,3,0,122,47,29.033282476177334,423.19788492148024,0.0,0.0,0.12814643175362128,0.5242067605809062,0.3140872751399362,0.033440837984058655,0.0,500m_25217_7923,7
10298.9765941987,2676.009982139844,0.25980738477086096,2,1,132,61,188.2591488730539,207.24990836256524,0.0,0.0,0.06021802074432334,0.5816919936527755,0.162061522173133,0.04829972447573791,0.0,500m_25217_7924,5
7704.117336218535,786.3884337129692,0.10206053969048415,2,18,94,17,81.96987391454455,24.680463455001828,0.0,0.0,0.06818897614789149,0.7025307709022703,0.19140524351144536,0.0,0.037745225561474714,500m_25217_7925,3
8350.413382603265,1089.3466223525672,0.1304385943368308,8,16,91,13,242.5028663015599,66.76884978859765,0.02045298677864949,0.0,0.09031670864816474,0.5382761343601267,0.1670703520027892,0.09881851586390238,0.08494556213543711,500m_25217_7926,3
9411.285905335113,1411.107604905546,0.14992188073098117,8,40,121,27,180.42195618420155,134.83733253689704,0.11533645300279821,0.0,0.054704222663667104,0.55489333883014,0.18842052366126194,0.06824153924908423,0.0,500m_25217_7927,6
10268.440004943232,637.0023673734875,0.06202892923731616,7,29,127,26,33.2735294086767,32.42537747025591,0.09981312507056993,0.0,0.1001089997502939,0.3571260137109743,0.287083907414726,0.054938966898678894,0.0,500m_25217_7928,5
9015.343844015071,1019.1873639749585,0.11303776581806843,8,0,124,12,75.663887275668,413.6934175065864,0.1157068891868569,0.0,0.026430798135252946,0.3606498528598545,0.2929064782532854,0.023400711365119238,0.06074672731172924,500m_25217_7929,6
7012.733898121428,2215.1208113850676,0.3158261838217686,3,0,93,15,277.1778269477914,862.2871459306031,0.037394817465495785,0.0,0.11817215515345135,0.48444843075403754,0.32991241744903904,0.0,0.021907246879219966,500m_25217_7930,9
7027.486647561587,2843.8414604926747,0.40461647052844535,3,0,90,12,61.03422041637007,374.9999357596758,0.0,0.0,0.18771505852249537,0.5648624810010999,0.2472801823374327,0.0,0.0,500m_25217_7931,3
8894.602026112663,3314.7926186158884,0.372632746933311,6,7,116,64,144.06494010114864,156.67955047013666,0.09418228546503422,0.0,0.0706470821949149,0.5595363264171784,0.19230468102380727,0.08321720979808991,0.0,500m_25217_7932,24
8546.02402541029,3031.8176553535072,0.35472202328435226,11,0,116,51,34.558502220241756,288.9708702657167,0.08146732615490428,0.0,0.13645995982083162,0.4183511063683461,0.211346593100473,0.15225801476732853,0.0,500m_25217_7933,7
8508.456655338663,3833.674907198345,0.45051935305330854,7,6,118,65,15.236863652838379,231.7656449527119,0.0,0.0,0.3066662141055996,0.4676283702795359,0.21052286149814733,0.015065037800399726,0.0,500m_25217_7934,5
8849.53771247204,1682.9998025892698,0.19015791551485203,3,14,124,41,215.7876378334698,29.157810412998014,0.0,0.017006359511962263,0.16420390314216293,0.4436548803049748,0.311598138536639,0.06342373101892536,0.0,500m_25217_7935,1
9569.655688101617,5009.077144640482,0.5233786804040859,6,30,148,77,58.8636006651617,55.236935907651265,0.0,0.05546071546318373,0.16461206940355652,0.4828992206066369,0.2632710886536482,0.03217500386957365,0.0,500m_25217_7936,4
8234.526240906625,3434.522926545428,0.4170374577262389,3,16,110,66,179.0080848117105,130.89931046199808,0.0,0.06335718579668317,0.12268130435785443,0.5100428035883331,0.3037972811082382,0.0,0.0,500m_25217_7937,6
10149.617473253453,5623.373506741933,0.553993244406987,6,26,154,80,50.126768800963795,82.42306325072481,0.09659397765997178,0.0,0.10777776803942671,0.347898198300215,0.2944392765975238,0.05651812513113491,0.0,500m_25218_7922,28
8267.634249440245,4301.1406867299775,0.5201754675533203,9,0,108,71,90.15085856906613,265.39385553579547,0.11780791091908055,0.0,0.05280658984595277,0.46476203861064735,0.2816374411432756,0.03967085006450389,0.0,500m_25218_7923,12
8704.016373550672,2995.6125461611964,0.34412486061060926,4,14,106,46,180.48812311004502,161.53008706064497,0.13007463402440425,0.0,0.0,0.5598412112753112,0.08986974556063344,0.15671710374023032,0.0,500m_25218_7924,2
7741.898609493256,1670.5785382684674,0.21575622031524969,6,11,96,28,220.0875018523343,225.95475981543024,0.11948962183436679,0.0,0.0,0.4053566527034436,0.262564685392673,0.0,0.12687080376364604,500m_25218_7925,4
6695.966308910537,1991.2822942761786,0.2973409455004591,5,11,64,22,198.8964871896213,141.22471734416396,0.13535558442169218,0.0,0.008447556047271789,0.6528814578380205,0.10638681473874168,0.010605940820014436,0.0,500m_25218_7926,5
6240.605651688729,3033.2633634578274,0.48597484889759857,3,22,64,22,269.5237477548737,167.15531208893796,0.0,0.0,0.1294264041903507,0.7496103472072164,0.08778373174170559,0.0330193016763971,0.0,500m_25218_7927,5
6279.651632267196,2611.4749885718993,0.41579682196594087,2,7,73,21,155.16921911738663,222.7738893064779,0.0,0.0,0.23222909345153386,0.6395094421674595,0.11400408885321626,0.014098156380072816,0.0,500m_25218_7928,5
7014.108717986632,2718.191866079585,0.3874767983438635,4,0,96,18,46.14576645826274,299.76178031869114,0.0,0.0,0.15063808023265926,0.5646858880189027,0.14982222169369114,0.13471126058898644,0.0,500m_25218_7929,2
8028.1647457334875,2746.9427730294497,0.34212061403885274,4,0,113,39,130.47942247836585,792.2925980266564,0.0,0.0,0.09112147753381551,0.48969140045529513,0.29958480895730577,0.05595004323594105,0.06352772386153548,500m_25218_7930,11
8303.991187371103,2052.2651574261376,0.2471122619066584,3,0,115,29,102.07369143615702,422.86764667624163,0.0,0.0,0.08954496823507953,0.6170867963897203,0.2594886435268738,0.0,0.03375918232862446,500m_25218_7931,6
8081.537600825318,3699.6873226457783,0.45773833730980706,7,7,98,57,132.78136407145078,127.10267946134526,0.0,0.019381088393886692,0.18590185016410307,0.43179401208399143,0.17041392415320805,0.18971725845245097,0.0,500m_25218_7932,36
7938.2612565083555,5743.653105038238,0.7234493134143649,14,1,83,78,74.07161090580584,242.97734112359177,0.13436394245977268,0.06773931032190059,0.18445994899411514,0.2714187689552,0.15834275308515514,0.18354931988040507,0.0,500m_25218_7933,22
7411.0283288076,5910.853945124185,0.7974678027269609,6,0,78,85,66.51127552995811,691.1230472793445,0.0,0.07216395976234434,0.18104429762749089,0.4958701159454796,0.16058551681616015,0.09020119401231438,0.0,500m_25218_7934,10
8626.743494332319,2850.059406570729,0.3303365947820507,7,0,124,56,205.34914102927345,330.5630993335436,0.0,0.040956363501846636,0.14642615704463918,0.386038826938405,0.3310748447168389,0.09538790263712776,0.0,500m_25218_7935,6
7787.998216664945,1638.9351194421088,0.2104166766832128,3,1,94,38,124.39456955148528,218.81884148109367,0.0,0.03308387900314489,0.1321792381071755,0.5968867444943109,0.19211885774817272,0.04560289443215479,0.0,500m_25218_7936,3
9170.588385886876,2657.0045254877477,0.28969949519063815,5,0,136,35,131.2864317427419,401.9510805416139,0.0,0.0,0.12665800680902556,0.297158513601155,0.5161064500762402,0.05996799714558308,0.0,500m_25219_7922,2
10127.274800265519,3883.1795224515718,0.3833998977150355,2,4,145,71,168.4691182624355,215.37860695305102,0.0,0.0,0.15598852736091806,0.2691004977878995,0.5748122413531562,0.0,0.0,500m_25219_7923,6
9653.714204044405,1022.3659216358551,0.10589292443349398,1,11,112,11,318.8720869099074,34.96494775855429,0.0,0.0,0.10695885180116142,0.29703609554157645,0.3184307047224906,0.11826969062979817,0.0,500m_25219_7924,8
7079.341405226005,119.86449222772607,0.01692919668241619,4,0,72,0,201.53995635131537,548.7840786955759,0.0,0.0,0.13541345918544712,0.6614796211150951,0.05752384099839722,0.0069172124760212925,0.13852463009774446,500m_25219_7925,7
8724.60293383748,28.920685161569327,0.0033144626658882523,1,6,92,1,271.74935792528186,177.44499219556198,0.0,0.0,0.13972017530824282,0.7915385243067603,0.03603826358388255,0.03258843154030004,0.0,500m_25219_7926,5
7443.854509354426,1206.9497441923118,0.16211864754049723,8,22,80,22,86.53222309440864,74.94972028045798,0.0,0.0,0.27946218954677127,0.629919482687588,0.07867855046099606,0.01180545634528304,0.0,500m_25219_7927,7
7761.258320960569,2874.0411278195843,0.3702583718527839,5,50,85,63,138.22789070940462,65.13097749739394,0.0,0.0,0.13991353101100326,0.5960581481460239,0.14574433358676497,0.11815515876858866,0.0,500m_25219_7928,5
9064.315840520903,1406.3174216933082,0.15513165193949818,4,11,125,23,95.18915878035502,68.72041140771026,0.0,0.031353176563576064,0.08129297542707564,0.58954563184862,0.24642277848952515,0.05127512711858687,0.0,500m_25219_7929,5
7866.732082713618,2884.795961977582,0.3666616925499835,1,0,85,36,129.56595646301187,703.9048200461727,0.0,0.07154665714549382,0.12419457245817002,0.6391694664009885,0.12296914738654119,0.041993055178625345,0.0,500m_25219_7930,5
8539.236293084254,3311.546704102234,0.3877582060327618,4,3,104,50,181.83969785737034,226.38192309877715,0.0,0.05527803880958441,0.041359140800514345,0.5923728367633146,0.20105476201043027,0.06257312757700795,0.047245001260250115,500m_25219_7931,13
8579.314569669768,3882.0876564482096,0.45244118090621704,4,0,98,46,150.33975112112103,318.5913644706346,0.0,0.047698950830750174,0.09242637098607584,0.46446092937600647,0.14456801347062026,0.2065571722050656,0.04417201728786658,500m_25219_7932,7
9104.03523250646,2321.011853480226,0.2549151973837328,5,0,100,25,97.06372351363395,287.5778624106228,0.11566073061653082,0.0,0.05410097176899735,0.6104968155532093,0.12382169939008164,0.09580995333230821,0.0,500m_25219_7933,4
7961.43042212369,2929.655205769459,0.36793479508836696,6,1,94,43,31.185293632153506,329.2586862294019,0.0,0.004106374349067373,0.18568742214030765,0.6871921937009848,0.07847181916482554,0.0444166008503694,0.0,500m_25219_7934,5
9706.529184311008,2612.7932741477216,0.269151214952867,0,8,151,58,347.8806577256081,127.92000556198222,0.0,0.0,0.09655305769705923,0.4363964661621398,0.45586741664843045,0.01108004666788873,0.0,500m_25220_7922,7
9980.455792375942,4512.056512045062,0.452043930855404,2,18,170,84,176.16194864769844,94.89796432639878,0.0,0.0,0.2567956741037596,0.45894134604613923,0.2841627940634976,0.0,0.0,500m_25220_7923,7
10052.650875098841,2640.70273665908,0.26266107401835936,1,13,141,32,284.91478591762007,31.839906188167337,0.0,0.0,0.12649900358011687,0.4351970619598261,0.20013803304218422,0.18637522519195682,0.0,500m_25220_7924,8
9323.229611405224,449.7310667585966,0.048232517376930954,2,0,88,8,193.7332783343051,385.54057739681787,0.0,0.0,0.05997492357337157,0.47587455700230685,0.1495308104433207,0.10959522623977497,0.11440257951084967,500m_25220_7925,8
7746.249377979582,731.448855944687,0.094414006863355,1,18,93,12,263.93965863153113,179.08014261359602,0.0,0.05147044561099149,0.14979356590581008,0.6131798977106488,0.11967939016626189,0.06574762253596698,0.0,500m_25220_7926,3
7167.746660944784,4061.5406014097466,0.5665621612124968,6,11,85,39,57.13394987496473,45.91052492031004,0.0,0.07291195033997003,0.14313884949574376,0.4153709821055057,0.21906129754175274,0.14937742611901209,0.0,500m_25220_7927,3
6716.751835180211,4078.1688125871115,0.6070734544301174,4,11,76,51,214.8278582976151,104.5077867716527,0.0,0.08095401494068688,0.048845135576315986,0.6291969201212685,0.14465768409832558,0.09619738593895465,0.0,500m_25220_7928,7
7612.678537084598,2823.571905285045,0.3708551512297283,0,1,93,40,261.9266304136817,170.56130970793566,0.0,0.028560514204047635,0.25541978723442454,0.3307108298999556,0.2523026979602542,0.13287482814526924,0.0,500m_25220_7929,3
8630.874705948858,3445.186606309998,0.39912379681967197,8,3,101,56,83.26563868009143,94.51117243519379,0.07652058529667005,0.059768617094644295,0.006326484746828928,0.41105296960957455,0.23097447500117094,0.13971716488631958,0.061008815621654285,500m_25220_7933,11
7511.939080256865,1837.1737599834296,0.2445346275748874,1,0,92,26,289.77187005225903,353.8163974143116,0.0,0.06659324564228887,0.1235686583438728,0.46402114828507496,0.2054486107052201,0.14023523332213944,0.0,500m_25220_7934,4
9239.03750755043,5962.746950403311,0.6453163145204653,2,17,150,99,186.47556168274275,114.52534452771391,0.0,0.007615765212991835,0.19438510652144383,0.5378086954204494,0.17698864805459766,0.08309356012160424,0.0,500m_25221_7923,27
8261.07189283135,4844.126456394791,0.586308920961803,4,3,103,63,182.4218112558512,285.86244601406787,0.0,0.06870951727944011,0.06485289364253936,0.7100313344680367,0.1358155270582402,0.02046969253619641,0.0,500m_25221_7924,12
8219.494501507777,1927.4274953143256,0.23446612548196497,7,6,75,22,208.73783191574486,473.4559267515122,0.0019524325037023125,0.05934472833745798,0.03083994752481481,0.5688844449429918,0.12168164380390938,0.017503976180637808,0.09686536249937253,500m_25221_7925,11
7726.641376832939,2086.3233342903186,0.269981904251536,2,4,102,23,259.5361067781007,266.2415071834892,0.0,0.01535271272179768,0.09338257922452167,0.12836068842092552,0.26481330840480305,0.4519762048163157,0.025843008057094007,500m_25221_7926,3
7739.854123069885,1313.4245118845806,0.16967436551610146,6,0,83,23,107.96588053689969,415.4606282195493,0.0,0.0,0.32351211766134785,0.14217944331362142,0.1914575206839669,0.3427217336304234,0.0,500m_25221_7927,13
5474.0539127792235,1804.5199538414383,0.3295894401385786,0,1,58,14,487.61487851233505,229.43836288956427,0.0,0.015422408241203162,0.15331745685244014,0.5238193787354386,0.13254341030711053,0.17471469926051697,0.0,500m_25221_7928,2
9652.045024084486,3921.6360611922055,0.40625896299122893,2,0,140,72,29.35297593235674,322.276730182011,0.0,0.0664054294366886,0.09734896681263124,0.4979196627531846,0.3019749041917663,0.03624744255153199,0.0,500m_25222_7923,7
7293.438434760801,2719.7788297762913,0.37285650624117966,0,1,67,27,383.2310096023399,248.05702274981988,0.0,0.0,0.07687432091650785,0.7726489085071973,0.1194256303000591,0.030914049531151015,0.0,500m_25222_7924,5
7327.077756320172,2092.617068631899,0.28556152625797415,0,0,82,24,352.5072279017605,489.4299651174283,0.0,0.0,0.08114225542573522,0.6344036335664825,0.2794676308901262,0.0048500186835316,0.0,500m_25222_7925,5
8817.834281237034,4768.181377972342,0.5406815941781707,6,15,81,65,93.65820918546572,40.47191805181722,0.0,0.0,0.23010983359486575,0.291875974228722,0.028420482383192478,0.19134193486582887,0.12816964819335475,500m_25222_7926,30
8015.952055072716,1366.2915560681868,0.17042531209896256,4,1,103,22,93.48071826545583,219.51193966457592,0.0,0.044673936004199465,0.27305331799426735,0.24707720017544466,0.11122394202559269,0.32384686811626917,0.0,500m_25222_7927,3
5809.470447172985,2291.8037088233878,0.3944265321818197,0,0,71,29,592.7330243631667,581.3486847547285,0.0,0.0,0.13472004756344003,0.49986210806401526,0.34823673081915263,0.0170090104493332,0.0,500m_25223_7924,5
6944.427388595087,2704.0077370596155,0.3893220079587613,0,0,82,27,530.6935809690503,389.0463393066213,0.0,0.0,0.22434573834608446,0.6052324380407641,0.169423095699097,0.0008547482935006809,0.0,500m_25223_7925,8
8465.612303063417,3915.9216290803433,0.46251339838290123,4,8,79,37,193.9082898169847,187.7244939695824,0.0,0.04345039627959995,0.08274474449981445,0.36984464033209413,0.08726609306554078,0.12088689345890605,0.08278921390964368,500m_25223_7926,4
